dataset,random_set_id,genes,HR_int,beta_int,p_value,direction_supportive,notes
IMmotion150,1,IMPA2;PCDHB3;WASF3;AL135905.2;KIF15,1.12620861653876,,0.519965256901729,FALSE,""
IMmotion150,2,CNTNAP3P2;CGREF1;TUB;OR9Q1;CCR1,1.25366764812114,,0.270658605158392,FALSE,""
IMmotion150,3,IFI44L;MFAP2;RHPN1;OR1E2;ADAMTSL1,0.979932785310132,,0.919052123892726,TRUE,""
IMmotion150,4,ALDH1A3;AP002373.1;STAG3;PCSK2;CD28,0.715828158805593,,0.106441515065854,TRUE,""
IMmotion150,5,ABCB4;PTH1R;PDXDC2P;IGHE;IL21R,0.683913131204039,,0.0721185653217909,TRUE,""
IMmotion150,6,HOXA10;PMS2P7;FHAD1;AC069257.3;H3C1,0.703974096702235,,0.117489965595854,TRUE,""
IMmotion150,7,ETV1;BAIAP3;SLC22A15;AC096536.2;AC092068.3,0.787244019644819,,0.179523226976375,TRUE,""
IMmotion150,8,SCARNA4;HMGN5;ASRGL1;TRAV5;PGM5,0.74186136625929,,0.0843441700324443,TRUE,""
IMmotion150,9,DSEL;BMPR1AP2;RAB38;AC112491.1;RBKS,0.787146423246028,,0.167059637162545,TRUE,""
IMmotion150,10,ITGA8;MMP16;VNN2;ARC;ABLIM2,1.13217048853784,,0.54318573186115,FALSE,""
IMmotion150,11,PCDHB16;AMIGO1;GPR75;PCSK9;RDH13,0.920218478774948,,0.656519382907167,TRUE,""
IMmotion150,12,ADAMTSL2;SLC14A1;TEKT4P2;TM4SF4;GMPR,0.91307146259381,,0.630277569035388,TRUE,""
IMmotion150,13,PCSK5;HUNK;PIH1D2;TGM3;FAHD2B,0.597024449424423,,0.00542907628986292,TRUE,""
IMmotion150,14,CDH23;ILDR1;DLGAP5;DUSP5P1;MEGF6,1.14889779371413,,0.475887572563069,FALSE,""
IMmotion150,15,FAP;SLC29A4;PCDHGA8;GALR1;RALGPS1,0.812928752869608,,0.308465135276092,TRUE,""
IMmotion150,16,STEAP3;GNLY;KIF15;SPDYE2B;ABTB2,0.967633466330376,,0.859358452937436,TRUE,""
IMmotion150,17,EHHADH;ECHDC3;RDH13;MUC5AC;TRIB3,1.63494562755411,,0.0137797452081483,FALSE,""
IMmotion150,18,PDGFD;PWP2;KLF4;NLRP2B;THEMIS,0.630149110991089,,0.0170386506275959,TRUE,""
IMmotion150,19,KLF5;F3;FAM160A1;IGHV3OR16-9;SNORA3B,0.709241945486733,,0.0907115762389036,TRUE,""
IMmotion150,20,IFI44L;HUNK;H2AC16;HCN1;PCDHB2,0.790506115547044,,0.273199114192657,TRUE,""
IMmotion150,21,RADX;SCN8A;HOXD8;AL627422.1;VDR,1.23133342813612,,0.25152979487492,FALSE,""
IMmotion150,22,AK4;GRB14;DNALI1;TRBV27;HEYL,0.951395877857209,,0.808555693960639,TRUE,""
IMmotion150,23,CRIP1;XKR9;MAP3K7CL;CCN6;FAM133CP,0.749895859255571,,0.156700008207411,TRUE,""
IMmotion150,24,DSEL;RGS4;OSBP2;POTEG;CD302,1.14798359441016,,0.48070676885565,FALSE,""
IMmotion150,25,GPC4;CD69;TMEM220;DRC1;IFI6,0.701946719292617,,0.0790448200190748,TRUE,""
IMmotion150,26,THSD7A;AMIGO1;KIAA1614;S100A14;CMTM8,0.961820112754801,,0.842685047355215,TRUE,""
IMmotion150,27,IRAG1;PLCH2;RBP1;RSPO2;PDE8B,0.883099781434159,,0.525953946213219,TRUE,""
IMmotion150,28,ADAM22;MANEAL;TRGC2;TMSB4XP1;SNORA59B,0.848736633502467,,0.370925626020383,TRUE,""
IMmotion150,29,DKK3;LYSMD1;IQCC;CEACAM5;GRAP2,0.582504023968266,,0.00629302470652216,TRUE,""
IMmotion150,30,HYDIN2;TRIM45;TMEM150C;LPA;DHFR2,0.748375530190781,,0.133431803878022,TRUE,""
IMmotion150,31,ALDH1L2;HYAL1;ST6GALNAC6;LY6H;SH3BGRL2,0.829739443072139,,0.364442618115408,TRUE,""
IMmotion150,32,TNFRSF11B;Z83840.1;SLC39A4;OR1E1;PPP1R16B,0.70337952672535,,0.0807683385841819,TRUE,""
IMmotion150,33,GCNA;ZNF232;ZNF415;KLB;CDKN3,0.957330441391174,,0.88722876546914,TRUE,""
IMmotion150,34,SCARNA4;AL731577.2;TMEM97;AC234781.2;SNORA14B,1.22917124560234,,0.281236365119471,FALSE,""
IMmotion150,35,AKR1C1;SYBU;CD72;AC123912.3;FBXL7,0.838115506385024,,0.351456816327848,TRUE,""
IMmotion150,36,ALDH1A3;ESCO2;RHPN1;AC006486.2;CHST2,1.18283772192791,,0.417769074163525,FALSE,""
IMmotion150,37,MAP2;EML5;RGS18;AC090517.5;MEGF6,0.84228440010679,,0.359360538657834,TRUE,""
IMmotion150,38,AGAP7P;FAM86B1;GFOD1;IGKV6D-21;COL9A2,0.648067077770651,,0.0360831113229164,TRUE,""
IMmotion150,39,EPHA3;FPGT-TNNI3K;SCARA3;DDX11L10;GADD45B,1.24923914178868,,0.286808100083845,FALSE,""
IMmotion150,40,KIT;PHYHD1;TROAP;MOGAT3;PAPPA,0.920723019398396,,0.680276026985711,TRUE,""
IMmotion150,41,COL5A3;CAPN12;DOK2;ERN2;PRELID3A,0.925186233216729,,0.693483461952766,TRUE,""
IMmotion150,42,FER1L4;CCSAP;TPRG1;C1QTNF9B;NEK10,0.958754379631575,,0.831235639926853,TRUE,""
IMmotion150,43,ANG;LIPC;GALNT3;KRT8P24;MSS51,0.811794500818689,,0.302341638160382,TRUE,""
IMmotion150,44,CRIP1;SPEG;LZTS1;RNU1-4;ANKRD23,0.879706343926829,,0.489661201546034,TRUE,""
IMmotion150,45,EMCN;CX3CR1;SNCA;CPSF1P1;SCD5,1.0975882777241,,0.608359593337267,FALSE,""
IMmotion150,46,RETREG1;COL22A1;WASF3;IGHV3OR16-9;DEPP1,1.02714135477818,,0.891382169728715,FALSE,""
IMmotion150,47,PPFIA4;PMS2P7;PCDHB18P;KISS1;MROH7,0.951570719568907,,0.796862918713888,TRUE,""
IMmotion150,48,LDHAP4;NPHP3-ACAD11;RPPH1;LINC01622;MARCKSL1,1.53330309425548,,0.0349223883410543,FALSE,""
IMmotion150,49,ZFHX4;PTN;PIGAP1;ATP13A5;PDCD1LG2,0.882969171848533,,0.505334434773638,TRUE,""
IMmotion150,50,REPS2;ADGRD1;AC093752.2;ANKRD30B;LY86,1.15086372043214,,0.421249514743736,FALSE,""
IMmotion150,51,TPX2;HUNK;TMEM156;IGSF9;FZD8,0.684132718993406,,0.0586012376573474,TRUE,""
IMmotion150,52,OLFML3;PCDHGA2;UBE2Q2L;GRM7;KCNK1,1.38851973819206,,0.0925643665067201,FALSE,""
IMmotion150,53,PPFIA4;FTH1P5;FEZ1;DMRTC1B;RANBP17,1.12297661232432,,0.564342225042259,FALSE,""
IMmotion150,54,ANKS1B;UGT8;BMP4;ATP12A;SNORA26,0.915413199983913,,0.668942507787035,TRUE,""
IMmotion150,55,ALDH1L2;GDF15;LY86;FAM43B;RAMP2,1.01311765680997,,0.947338276515916,FALSE,""
IMmotion150,56,ZNF395;GJA5;SSPN;TPSD1;SNORD67,1.059523699912,,0.735172736145999,FALSE,""
IMmotion150,57,ALDH1A3;CDCA7;TIAM2;NELL1;SLC39A4,0.849180671678608,,0.443548821563912,TRUE,""
IMmotion150,58,MT-CO3;PPT2-EGFL8;FMOD;MYBPC1;C1orf21,0.764434315945526,,0.175334394371059,TRUE,""
IMmotion150,59,SNORD116-23;NRG3;AC004832.3;PRSS2;GPX7,0.945502910369714,,0.797000652442403,TRUE,""
IMmotion150,60,SLC11A1;SNORD104;TTC25;LINC01139;NEFH,0.706615078290012,,0.0718118172792192,TRUE,""
IMmotion150,61,THSD4;MAP1LC3B2;ATF5;RSPO4;DUSP5,0.978927828958109,,0.915561764363116,TRUE,""
IMmotion150,62,TBX3;ISCA1P1;MTHFS;AC239801.1;AC092068.3,0.688353525289135,,0.128079085583908,TRUE,""
IMmotion150,63,LRP4;AC093668.1;RNLS;PLA2G12B;PDXDC2P,0.814786769712192,,0.246547436626413,TRUE,""
IMmotion150,64,SEZ6L2;CNTN4;SCARNA8;MIR9-1HG;LRRC37A6P,1.0489178921275,,0.806045838976628,FALSE,""
IMmotion150,65,FLG-AS1;DCDC1;RALGPS1;VIT;P2RY13,0.616466967886168,,0.0100632082124275,TRUE,""
IMmotion150,66,HOXA10;SYBU;TBX2;FABP1;SOD3,1.16109674379527,,0.488134024084901,FALSE,""
IMmotion150,67,MAP2;CEP55;Telomerase-vert;IL2;RBP1,1.05381534858117,,0.787416271770612,FALSE,""
IMmotion150,68,PCOLCE;ANKRD33B;NPIPA2;CPN2;PGM5,1.03149380411557,,0.874868562696989,FALSE,""
IMmotion150,69,SRPX2;GREB1;C17orf97;AC099811.2;TTK,0.774748422053156,,0.247748796624898,TRUE,""
IMmotion150,70,IMPA2;ANKRD33B;PTGDR;FGF9;RASIP1,0.995306084632808,,0.978443729582071,TRUE,""
IMmotion150,71,CDCA2;AL591806.2;DRC3;AL162411.1;MLF1,0.855616808255667,,0.429427233849349,TRUE,""
IMmotion150,72,SLC11A1;HTRA3;TLR8;TAT-AS1;CD28,0.749098087867308,,0.128005528079173,TRUE,""
IMmotion150,73,ALDOC;CDHR3;ADAM8;FOXA3;PCDHGA5,0.909799105852268,,0.633609053559261,TRUE,""
IMmotion150,74,NOSTRIN;TRAT1;RGS16;AC079360.1;SNORA59B,0.729851830962279,,0.0912075963966358,TRUE,""
IMmotion150,75,CD3E;CSMD2;LILRA2;AC104389.6;SECTM1,0.685597368102054,,0.0596983904120479,TRUE,""
IMmotion150,76,CD3D;RARRES1;OASL;DUOXA1;RPS20P14,0.746876076451494,,0.106189209396164,TRUE,""
IMmotion150,77,SRPX2;AP002373.1;NBL1;LINC01235;GTSE1,0.86712792620081,,0.509569620313965,TRUE,""
IMmotion150,78,CSRP2;FLT3;NAP1L4P1;WBP1P1;ADRB2,0.804568753308676,,0.246005792313249,TRUE,""
IMmotion150,79,KIF23;APOL4;CA11;AC116351.1;NUPR1,0.970527070242768,,0.87687657273597,TRUE,""
IMmotion150,80,SCIN;C4orf47;MTHFS;ZNF705G;AC004890.2,1.1712192113883,,0.37958714757266,FALSE,""
IMmotion150,81,MAP2;PRRX1;HLA-DOA;EFCAB10;ZNF257,1.08858338527956,,0.621134745820629,FALSE,""
IMmotion150,82,CCL5;STEAP1;LIMS2;UROC1;ZDHHC23,0.920431633202897,,0.662174662163135,TRUE,""
IMmotion150,83,MYOM1;HOMER2;EDA;IL12B;CCR2,0.801602783048156,,0.25942087456237,TRUE,""
IMmotion150,84,PCDHB8;FAM86EP;CASZ1;CHAT;DHFR2,0.825908233463751,,0.497149082351296,TRUE,""
IMmotion150,85,CARD11;CFAP94;ST6GALNAC6;NKAIN4;H3C3,0.753143266026347,,0.174534594079249,TRUE,""
IMmotion150,86,SNORD116-20;AP002373.1;PRELID3A;SYT15;SNORD67,0.944658752001857,,0.756265968715085,TRUE,""
IMmotion150,87,CD163L1;B4GALNT3;PRELID3A;MS4A8;FAM174B,0.995707615387436,,0.984046991361816,TRUE,""
IMmotion150,88,PCDHB9;ZFHX2;ZWINT;AC073261.1;EYA2,0.98462093737711,,0.939481570727579,TRUE,""
IMmotion150,89,MXRA7;ZNF665;ADAMTS5;PSCA;FAHD2B,1.32484652834106,,0.189703212290896,FALSE,""
IMmotion150,90,PLA2G7;ULBP2;FZD7;PIANP;AGBL2,0.966500085502786,,0.866542045717663,TRUE,""
IMmotion150,91,SCARNA4;ABCF2;MROH7;LRRC9;RAG1,0.791752805004112,,0.262630993394096,TRUE,""
IMmotion150,92,PHGDH;DEPDC7;GMPR;SNORD36A;SCD5,0.91127773311637,,0.656362409913589,TRUE,""
IMmotion150,93,TLR7;TBX15;KIAA1614;FO082814.1;MMP19,0.768550569677654,,0.204541401874473,TRUE,""
IMmotion150,94,ETV1;AKR1C2;SLC6A1;PAQR9;LINC02449,0.840884145380389,,0.3662930355181,TRUE,""
IMmotion150,95,MEST;EML5;FGD1;CAGE1;TM7SF2,0.999734505219882,,0.998850211264672,TRUE,""
IMmotion150,96,THSD7A;PLXNB3;NPIPA2;OR52K1;TBX2,1.02488748571161,,0.89973778101799,FALSE,""
IMmotion150,97,POU5F1;ZNF511;KYAT1;AC023043.1;FOXM1,1.01189849567436,,0.956038021741996,FALSE,""
IMmotion150,98,ADAMTSL2;SURF2;SHROOM2;DSC3;TSGA10,0.865549679560055,,0.464980170653495,TRUE,""
IMmotion150,99,SNORA31;SS18L2;RAMP2;AC137932.3;ZNF596,0.879724098581679,,0.491460813594446,TRUE,""
IMmotion150,100,RHOB;C6orf132;MACROD2;NPTX1;ADRB2,0.961869459329396,,0.841427340580508,TRUE,""
IMmotion150,101,PTTG1;SNORA51;CATSPERE;HMGN1P18;Z74021.1,0.916783196362796,,0.691672984907105,TRUE,""
IMmotion150,102,OLR1;GDF15;KLRB1;MKX;PECAM1,0.864414447699831,,0.425742527568567,TRUE,""
IMmotion150,103,STEAP4;FAM241A;LILRA2;ATP5F1CP1;SMAD6,1.0604080048667,,0.756938929071015,FALSE,""
IMmotion150,104,FCGR1B;TLCD4;UBE2Q2L;COBLP1;RGS18,1.04526542108206,,0.809525234212441,FALSE,""
IMmotion150,105,FPR1;DLG2;NXN;IGKV1D-42;ADAM8,0.811061075104602,,0.254225170562318,TRUE,""
IMmotion150,106,IRAG1;ZNF471;MLF1;AC242426.2;GRHL1,0.965973518035004,,0.85580218394748,TRUE,""
IMmotion150,107,PCDHB16;NRN1;HSPA6;AL627422.1;MAD2L1,0.799566188865379,,0.29541649537785,TRUE,""
IMmotion150,108,EMCN;AC093899.2;DEPP1;AC121757.2;RAMP2,0.954351907033138,,0.789905052021499,TRUE,""
IMmotion150,109,TLL1;SRPX;PSORS1C1;KRT8P5;MAGI2,0.858004197431984,,0.407702331379945,TRUE,""
IMmotion150,110,ADAMTSL3;INHBB;RGS16;LINC01139;CD101,0.967956689832888,,0.870117990751856,TRUE,""
IMmotion150,111,NOX4;EVPL;SNORA14A;INHBC;SNORA55,1.00713266849362,,0.972059624564487,FALSE,""
IMmotion150,112,MXRA7;CLEC10A;CD33;PAEP;CMPK2,0.827705577630573,,0.325210251135413,TRUE,""
IMmotion150,113,PCDHGB4;TRPM6;PCDHB2;OR9Q1;PDXDC2P,1.15649589912228,,0.477225302735505,FALSE,""
IMmotion150,114,ABCB4;TNFRSF19;SLC43A1;IGHV3-35;ZFP2,0.746803493812133,,0.127336701663825,TRUE,""
IMmotion150,115,HYDIN2;PADI2;RSAD2;LMX1B;TUB,0.611274823275218,,0.00979204281347729,TRUE,""
IMmotion150,116,MXRA8;FOXL1;CFAP53;CLDN24;MMP11,1.22909305453012,,0.367007295708155,FALSE,""
IMmotion150,117,DLL1;ANKRD33B;ORC1;HEPHL1;SOX5,0.965069495999917,,0.857295104539242,TRUE,""
IMmotion150,118,TTC39A;ZNF565;MLF1;GJA1P1;EMILIN1,1.29841835735069,,0.225343244600057,FALSE,""
IMmotion150,119,PARM1;CKAP2L;TESC;USP17L14P;TPRG1,0.843813821373594,,0.397204861564939,TRUE,""
IMmotion150,120,ALDH1A3;FDXACB1;AC092068.3;GML;SYDE2,0.486844980500952,,0.000504897453646098,TRUE,""
IMmotion150,121,EGR2;ESRP2;SCD5;AC012313.3;LINC02449,1.06203992242498,,0.759447626746282,FALSE,""
IMmotion150,122,PKD1P5;SUSD2;GADD45B;TRPC7;AC112777.1,1.15892144049051,,0.409100660788687,FALSE,""
IMmotion150,123,EDIL3;ZNF713;LOXL4;DLGAP2;SECTM1,0.79631815813139,,0.248804840766951,TRUE,""
IMmotion150,124,CCDC141;PTH1R;TRIM2;RFPL4AL1;CA11,0.911419056549627,,0.630511924103199,TRUE,""
IMmotion150,125,TLR7;CCL14;MILR1;NRTN;H4C6,0.667427801921361,,0.0459901713591991,TRUE,""
IMmotion150,126,GRAMD1B;SNORA40;ADORA3;COL2A1;ABCA10,0.815063696148625,,0.274136425334774,TRUE,""
IMmotion150,127,ANKS1B;SLAMF1;E2F7;ZIC1;SECTM1,0.8841831605745,,0.526947036911851,TRUE,""
IMmotion150,128,CDCP1;ZNF99;DTL;CNTNAP4;GRAPL,1.07928882458837,,0.693105439920953,FALSE,""
IMmotion150,129,DKK3;KIF20A;CYP2D7;CELP;ADAMTS17,1.21843565540316,,0.330512830690599,FALSE,""
IMmotion150,130,GOLGA8M;GNLY;KCNA3;TRIM74;FAM133CP,0.743255766968876,,0.113859950169492,TRUE,""
IMmotion150,131,CAVIN2;MAPT;CEL;HOXC11;PATL2,0.839288510759829,,0.369120828801869,TRUE,""
IMmotion150,132,OLFML2A;ABT1;ZNF483;MMP10;SCARNA8,0.928962534958628,,0.675299758644181,TRUE,""
IMmotion150,133,PDE2A;PLCD4;MFAP3L;PCSK2;GLI2,0.981905666083559,,0.922904872282511,TRUE,""
IMmotion150,134,AK4;RP9P;FBXO17;OR1J2;IER3,1.11080077324825,,0.578414526916664,FALSE,""
IMmotion150,135,DKK3;TRIM16L;CD101;ZNF192P1;SOD3,1.09129837131039,,0.693490114825883,FALSE,""
IMmotion150,136,NFASC;SURF2;LETM2;DPPA3P2;ZWINT,0.952491015035084,,0.844822028679261,TRUE,""
IMmotion150,137,CRIP1;RHEBP2;RAG1;GOLGA6D;TRIM36,0.641390204804331,,0.0243905718912982,TRUE,""
IMmotion150,138,TPX2;CFAP91;B4GALT6;AC004148.1;SNORA16A,1.03732273845441,,0.850012054547729,FALSE,""
IMmotion150,139,ANGPT2;NOVA1;MTHFS;TAGLN3;WDR17,1.14669358275249,,0.456621511361618,FALSE,""
IMmotion150,140,BAIAP2L1;AVPR1A;AS3MT;LINC02249;HOXA4,1.31107812923377,,0.129099816304867,FALSE,""
IMmotion150,141,ANG;SGK2;GINS1;AC011462.1;RNF138P1,1.8487799261399,,0.00312155515519785,FALSE,""
IMmotion150,142,APBA2;COL22A1;CCND2;AC241377.2;SLC9A7P1,0.644568398067392,,0.0356159514949757,TRUE,""
IMmotion150,143,RHOB;CFAP251;SCARNA8;C1QL4;PANK1,1.10433904424875,,0.591159282133813,FALSE,""
IMmotion150,144,MST1;ANK1;ITGA10;MUC2;MBNL3,0.830644108776767,,0.357761203657223,TRUE,""
IMmotion150,145,ABCB4;ZMYND19;RHOF;FAM83F;GRHL1,0.859864134887692,,0.445536711096823,TRUE,""
IMmotion150,146,H2BC17;KIF17;PPM1H;SEMA3F-AS1;AFF2,0.816892195731391,,0.318516941215526,TRUE,""
IMmotion150,147,PCDHB11;IRF4;ZNF578;MYH16;HEY1,0.825218268832298,,0.318406473195301,TRUE,""
IMmotion150,148,NOSTRIN;FDXACB1;TSNAXIP1;ADH4;CD72,0.749901947095982,,0.118153680606256,TRUE,""
IMmotion150,149,APBA2;AL591806.2;IGF1;XGY2;DUSP4,0.934486548131533,,0.738834802835013,TRUE,""
IMmotion150,150,CCL3;ZNF57;NANOGP8;NCCRP1;LPAR1,0.721503719621713,,0.0996939932533711,TRUE,""
IMmotion150,151,POU5F1;TSSC2;HID1;AC113189.4;SYNGR1,0.966191769606758,,0.859880380695179,TRUE,""
IMmotion150,152,MAP3K21;C15orf48;INHBA;TCEAL5;DECR2,0.856516343147768,,0.500425578737473,TRUE,""
IMmotion150,153,COL4A4;DLG2;SCUBE2;TBC1D3K;C1QTNF3,0.857057032175944,,0.441778577361233,TRUE,""
IMmotion150,154,IFI44L;ASS1P1;STK26;PDIA2;VDR,0.635184942878477,,0.0201777879729495,TRUE,""
IMmotion150,155,LEF1;MT-ND4L;ZNF540;AC140504.1;C1QTNF3,0.848521762318994,,0.411170988906883,TRUE,""
IMmotion150,156,ETV1;MDP1;LRP3;SNORD116-29;SCAMP5,1.02514582792777,,0.900131334258208,FALSE,""
IMmotion150,157,NAV3;GIMAP1-GIMAP5;SOX5;AC243829.1;TUB,0.708086020540075,,0.0528268101684301,TRUE,""
IMmotion150,158,KITLG;MST1P2;TSPYL5;EAF1-AS1;TMEM97,1.28522928184232,,0.172622209094072,FALSE,""
IMmotion150,159,KLF5;GPLD1;PCED1B;OR14K1;UBBP4,0.69726253484495,,0.0662737007647097,TRUE,""
IMmotion150,160,PCDHGB4;ZNF215;KIF2C;IGHE;MDGA1,0.922483172102241,,0.664216302509599,TRUE,""
IMmotion150,161,FER1L4;SEC14L6;AC068580.4;ONECUT2;GMPR,1.19694546868539,,0.376206557321167,FALSE,""
IMmotion150,162,IL7R;EPHA1;PCDH18;PANX2;APCDD1,0.940990585420953,,0.750001645640025,TRUE,""
IMmotion150,163,TENM4;WNT2B;ARHGEF37;AL445685.3;HEY2,1.00462521203955,,0.98107819089797,FALSE,""
IMmotion150,164,RGPD3;CST7;LETM2;AC092153.1;MOB4,0.580025560373338,,0.0150210786956377,TRUE,""
IMmotion150,165,ABCA9;LOXL1;C1orf21;GYG1P3;GRHL1,1.03518113643191,,0.855261255982221,FALSE,""
IMmotion150,166,PDGFD;ZNF669;AC136632.1;KRT8P25;CD3G,0.674732618870245,,0.0445526291515498,TRUE,""
IMmotion150,167,RADX;ZNF565;WNK3;TOMM40P2;PMEPA1,1.23754638901935,,0.250325597511539,FALSE,""
IMmotion150,168,TRBC2;AIM2;MCOLN2;TOMM40P2;AFF2,0.635599879243172,,0.022275837310101,TRUE,""
IMmotion150,169,PLAUR;AL731577.2;TRIM2;RPL23AP25;JAM2,0.921287624917673,,0.701361356173217,TRUE,""
IMmotion150,170,PDLIM3;SLC6A16;UBBP4;OR51C1P;ADRB2,0.960473144092898,,0.840211597332902,TRUE,""
IMmotion150,171,TPX2;MMP16;ARNTL2;GAS2L2;WNK3,1.06081858500774,,0.777571988207931,FALSE,""
IMmotion150,172,HOOK1;PWAR5;RASSF7;EGFEM1P;ALS2CL,0.82645960884279,,0.321372021176524,TRUE,""
IMmotion150,173,KITLG;FAM72B;STK26;AC144548.1;TSPAN2,0.866589878315441,,0.512477600592593,TRUE,""
IMmotion150,174,ZNF395;AL022238.3;ZWINT;ALX1;LIMD2,0.918760926891122,,0.696715262451507,TRUE,""
IMmotion150,175,PCDHGB2;DYNC1I1;IL12RB1;C1orf194;ASMTL-AS1,0.722623032267403,,0.0662462312615544,TRUE,""
IMmotion150,176,SCARNA4;CST7;P2RY8;ETNPPL;C1QTNF3,0.756146893487348,,0.156401274800507,TRUE,""
IMmotion150,177,AKR1C1;ZNF57;PLK1;OR7A5;RPS2P46,1.49558123046634,,0.0739952948450937,FALSE,""
IMmotion150,178,CCDC146;STOX1;GAMT;MYH1;SPTBN5,1.10582667528625,,0.599234569039404,FALSE,""
IMmotion150,179,EDIL3;MST1L;GALNT3;PVRIG;H3C3,1.01603140267742,,0.936745660110699,FALSE,""
IMmotion150,180,PCDH17;BEND5;EXOC3L1;KCNG1;CEP295NL,1.25610102759809,,0.255881981980921,FALSE,""
IMmotion150,181,SMAD9;P2RX1;OASL;LINC01139;FBXO16,0.793770487620835,,0.239978633885883,TRUE,""
IMmotion150,182,KDELR3;GRID1;RNFT2;PPIAP13;SSPOP,1.12325268667402,,0.570440362117162,FALSE,""
IMmotion150,183,AGAP7P;CNTN4;HSPB2;AC003002.3;LAT,0.76764237727571,,0.200946394358434,TRUE,""
IMmotion150,184,ITGA11;FTH1P5;PRH1;FUNDC2P4;AC093752.2,1.24344969324633,,0.230293052371201,FALSE,""
IMmotion150,185,ZFHX4;FOXL1;TTK;OTC;HID1,0.840320461847402,,0.411203703252046,TRUE,""
IMmotion150,186,BAIAP2L1;GZMK;TECTA;AL355102.4;HMMR,0.824213184760624,,0.331068804118007,TRUE,""
IMmotion150,187,BAIAP2L1;IL17RD;CCR5;EGFR-AS1;IL2RB,0.686343307658598,,0.061365645499464,TRUE,""
IMmotion150,188,SPNS2;IL1R2;TIGD2;FAM83B;TESPA1,0.70883299482458,,0.0809380203832066,TRUE,""
IMmotion150,189,RETREG1;UNC5CL;DNM1P46;CA1;SNORA44,1.01210249363296,,0.951942773681132,FALSE,""
IMmotion150,190,PCOLCE;KBTBD3;LILRA6;SRRM3;HCST,0.685042038530651,,0.0642080134765657,TRUE,""
IMmotion150,191,PDGFD;AC011497.2;OASL;KIF1A;FAM184A,0.652452347463635,,0.025218047983062,TRUE,""
IMmotion150,192,FAM83H;GCOM1;METRNL;AL050343.2;RFTN2,0.926721628617493,,0.690889478411017,TRUE,""
IMmotion150,193,PPFIA4;ADAMTS14;KIAA1614;KRT1;NPIPB9,0.782231979383874,,0.241697865031936,TRUE,""
IMmotion150,194,KIF26B;CYB5R2;ABLIM2;AC008758.6;DACT1,1.03669491139336,,0.85677653684043,FALSE,""
IMmotion150,195,ANG;MAPT;H1-5;CHRNA4;HK3,1.54198569158468,,0.0641419177974248,FALSE,""
IMmotion150,196,CDH23;ASAH2B;ZNF135;AC010185.1;S1PR2,0.786913817539671,,0.203899598855828,TRUE,""
IMmotion150,197,H2BC17;XRCC3;ADAMTSL1;TRBV7-6;AKR1E2,1.05051804193182,,0.821739154748403,FALSE,""
IMmotion150,198,EDNRB;P2RY10;NUAK2;KPNA7;POLQ,0.832728779443279,,0.349240709667858,TRUE,""
IMmotion150,199,CNTNAP3P2;PWP2;SNORD46;ADCYAP1;PCDHB7,0.974531939287024,,0.887187012903988,TRUE,""
IMmotion150,200,NETO2;GREB1;ACTBP4;AC022784.5;TAS2R5,1.19056295534602,,0.348381368546938,FALSE,""
IMmotion150,201,PDGFD;AC009093.9;TPRN;UGT2B26P;AMIGO2,0.778301922858076,,0.103304883808685,TRUE,""
IMmotion150,202,PDLIM3;AC104452.1;ELAPOR2;SERPINC1;SPTBN5,1.04794781531427,,0.78784830857708,FALSE,""
IMmotion150,203,COL4A4;COL21A1;FEZ1;AC245041.2;CD180,0.759539176727564,,0.140789559272847,TRUE,""
IMmotion150,204,THSD7A;ENPP5;LY96;NYX;PANK1,1.01226273537472,,0.952904658749484,FALSE,""
IMmotion150,205,CCDC146;ADAMTS4;C6orf163;TPSG1;ZNF433,1.0693970849637,,0.701298417418372,FALSE,""
IMmotion150,206,FN3K;MICOS10-NBL1;LYVE1;BIK;GZMA,0.808102276010187,,0.302716391736427,TRUE,""
IMmotion150,207,BICDL1;IGF2BP2;GTSE1;AL450124.1;CX3CL1,0.710802961286627,,0.0753173551291513,TRUE,""
IMmotion150,208,C11orf96;PWAR5;BANK1;EPS8L3;HLA-L,0.848862964648674,,0.36074117096125,TRUE,""
IMmotion150,209,PTTG1;GRB14;PSORS1C1;EGFR-AS1;PFN2,0.82578634625702,,0.371704681761753,TRUE,""
IMmotion150,210,HGF;ZNF713;GGH;ULBP1;SLC25A33,1.27991008122812,,0.273241993308655,FALSE,""
IMmotion150,211,RGS2;CKB;BNIP3P1;FSTL5;NLRC3,0.735649398169266,,0.165569476169674,TRUE,""
IMmotion150,212,SNORA31;INMT-MINDY4;NLRC3;AC244517.11;HSPA6,0.731650146807987,,0.103179574383682,TRUE,""
IMmotion150,213,SNORA31;ADGRB2;CD72;MUC22;MDGA1,0.850220558058802,,0.403593158298137,TRUE,""
IMmotion150,214,PLA2G7;MANEAL;POU2F2;KRT25;RAD51,0.89174484487727,,0.58749329142319,TRUE,""
IMmotion150,215,JAM3;RBP7;EIF5A2;LHFPL1;HMMR,0.850558510186117,,0.456488909484688,TRUE,""
IMmotion150,216,IFI27;AC026150.3;MAP3K9;HNRNPA1P15;ZFP2,0.74086878324264,,0.103982082885751,TRUE,""
IMmotion150,217,SNORD13;MSANTD3-TMEFF1;H3C3;DHX40P1;HLA-DOB,0.832514109892957,,0.332174450467434,TRUE,""
IMmotion150,218,THSD4;AC000093.1;CCR1;IGLV2-5;ADAMTS13,0.85399157293652,,0.481015822459663,TRUE,""
IMmotion150,219,TSPAN13;BMPR1AP2;STK26;KIRREL3;MSC,0.922380234074281,,0.707786966083048,TRUE,""
IMmotion150,220,SNORA31;ZNF471;RNFT2;ARMCX7P;ADAMTS17,1.17326332930636,,0.447999944353498,FALSE,""
IMmotion150,221,FPR1;ADAM23;RNF138P1;RASSF10;CCSER1,0.981173686580513,,0.921309711625838,TRUE,""
IMmotion150,222,ITK;GREB1;MPP7;GRIA2;HOXD4,0.776387639503438,,0.216442856562655,TRUE,""
IMmotion150,223,IRS2;KRTCAP3;GNA15;SRPK3;AL158050.1,0.95444067083672,,0.827020199908,TRUE,""
IMmotion150,224,CNTNAP3;LOXHD1;MMP19;TRPV5;H3C2,1.10588339454244,,0.613945019692285,FALSE,""
IMmotion150,225,MTARC2;RPL9P7;PGAP4;BX088651.1;ZNF596,0.684418012421786,,0.0660596647385776,TRUE,""
IMmotion150,226,BUB1B;RPL9P7;ASTN2;RNF183;SOD3,0.888114286681367,,0.588060266787543,TRUE,""
IMmotion150,227,ADAM22;HOXA6;HHEX;AL356124.2;TMEM132A,0.814937228816891,,0.270314911421315,TRUE,""
IMmotion150,228,FBP1;ADGRD1;PFN2;SNORD1C;HSD17B14,1.11133107585323,,0.595469721817865,FALSE,""
IMmotion150,229,CEACAM1;APOL4;EXOC3L1;IGHV3OR16-8;H2BC3,0.990435917323373,,0.962448341894584,TRUE,""
IMmotion150,230,PARM1;SGK2;ARHGEF15;AL845331.1;TMEM25,1.20338870608989,,0.341383751069439,FALSE,""
IMmotion150,231,RRM2;GIPC3;NR5A2;TULP2;TSGA10,0.938134202650804,,0.757846836669386,TRUE,""
IMmotion150,232,SCIN;GDF15;LRP3;MRPS31P4;SCUBE2,0.906662202302906,,0.626067802552495,TRUE,""
IMmotion150,233,IL2RG;ACKR4;ZAP70;ETNPPL;CMKLR1,0.578293228928017,,0.00740298068251964,TRUE,""
IMmotion150,234,LRP4;MMP24;DOK2;BCAR3-AS1;CCDC9B,0.892636633511529,,0.548381828379701,TRUE,""
IMmotion150,235,NPNT;GCOM1;RPS2P46;FGF5;PDCD1LG2,0.964808465571162,,0.85216781065407,TRUE,""
IMmotion150,236,PPFIA4;NOVA1;AC093752.2;TLR9;RPSAP15,1.07824366204885,,0.687328937499143,FALSE,""
IMmotion150,237,MATN2;MFAP2;CCDC74A;AC012531.2;HOXB6,0.70730995733634,,0.0895293034114261,TRUE,""
IMmotion150,238,BOC;Z83840.1;ZNF483;CDC42EP2;AC092068.3,0.733307737078283,,0.0881719671326209,TRUE,""
IMmotion150,239,LDLR;ECHDC3;KIF14;TRBV10-2;CCSER1,0.950841001291051,,0.79773559775108,TRUE,""
IMmotion150,240,RADX;PNPLA3;SPOCK2;SNAP91;SIGLEC7,0.99307733682642,,0.971621778710584,TRUE,""
IMmotion150,241,RRM2;ADAM1A;TLE2;AL450124.1;ALS2CL,1.09943035688727,,0.641432382428146,FALSE,""
IMmotion150,242,ALDH1A3;F2RL1;TNFRSF11A;ACKR4P1;TEKT4P2,0.746239743868148,,0.118210699631592,TRUE,""
IMmotion150,243,LMOD1;CFAP43;ORC1;SPOCK3;SLC39A4,0.81136145548802,,0.325876792757005,TRUE,""
IMmotion150,244,ADAM12;ADAM23;NUAK2;AC073325.2;SLC9A7P1,1.23429507190374,,0.33128026896166,FALSE,""
IMmotion150,245,TRO;EPHB1;ASTN2;TRBV4-1;SPN,0.597310175032806,,0.0143375133856975,TRUE,""
IMmotion150,246,OR2A7;ZMYND19;GPT2;AP003396.3;CCNF,1.12598972034454,,0.582243192957431,FALSE,""
IMmotion150,247,TMEM37;NELL2;RNF125;SNORD105;HID1,0.702862351024878,,0.0618373021710801,TRUE,""
IMmotion150,248,AK4;RRAD;MICU3;AC008758.1;AC124944.2,1.00406670071318,,0.983427011145417,FALSE,""
IMmotion150,249,STEAP3;EFR3B;HLA-DOA;CADM3-AS1;MLF1,1.03320193642642,,0.858961655234094,FALSE,""
IMmotion150,250,PLEKHA7;GNLY;KLHL13;BEND2;GPT2,1.06432736975168,,0.76029696187424,FALSE,""
IMmotion150,251,SLCO2A1;GOLGA8IP;CFAP53;AL031681.2;SPOCK2,1.00262568988754,,0.989347737624946,FALSE,""
IMmotion150,252,ZFHX4;CD27;OPLAH;MAN1A2P1;AC112777.1,0.763584492783925,,0.131634287873658,TRUE,""
IMmotion150,253,TRPC6;RERG;TRIM6;MIR194-2HG;MFAP3L,1.29806020865228,,0.165978139206799,FALSE,""
IMmotion150,254,TRIM9;AC008878.1;SHE;AC008750.1;PDXDC2P,0.818463930840181,,0.27105770071649,TRUE,""
IMmotion150,255,STC1;DCDC1;CATSPERG;VPS35P1;GADD45B,1.79568123438142,,0.00453810473229822,FALSE,""
IMmotion150,256,PLEKHA7;IGFBP2;RSAD2;AC121757.2;SLC9A7P1,0.701314599592776,,0.0904915273008557,TRUE,""
IMmotion150,257,PKD1P5;PLCD4;SCHIP1;KIR3DL1;LY86,0.884554851939007,,0.530675212089821,TRUE,""
IMmotion150,258,BAIAP2L1;CDC45;SPN;FAM138F;PAFAH1B3,1.02661615327029,,0.899313431289321,FALSE,""
IMmotion150,259,FBN2;EGF;LAT;PLP1;CASS4,0.991936979915472,,0.967623061503047,TRUE,""
IMmotion150,260,ADM;METTL7B;NLGN3;RNU1-3;CDK1,0.926390417557303,,0.697295983793629,TRUE,""
IMmotion150,261,SGPP2;MICOS10-NBL1;SYDE2;RAD51AP2;KLHL13,1.31914599229812,,0.231550056332499,FALSE,""
IMmotion150,262,BOC;PYCR1;AXIN2;HEPHL1;TXK,0.823049318423556,,0.331456391545109,TRUE,""
IMmotion150,263,CCL4;UGT8;RFTN2;AP000356.2;ABCG2,0.803497258624686,,0.224240290048952,TRUE,""
IMmotion150,264,IFI44L;EXPH5;DGKI;LINC01605;GJA4,0.97392861544785,,0.890823782015485,TRUE,""
IMmotion150,265,MXRA7;USP2;AKR1E2;TRBV25-1;TRIB3,1.50396744385713,,0.0402126213096272,FALSE,""
IMmotion150,266,TENM4;CCSAP;FCMR;LIX1;TSNAXIP1,0.645952682706101,,0.0366131888948084,TRUE,""
IMmotion150,267,CTAGE6;AF241726.1;SPATA6L;MIR9-1HG;DTL,0.86999389411041,,0.470771616539906,TRUE,""
IMmotion150,268,ADAM12;DEPDC7;MT-ND3;SLC30A2;ZNF793,0.893156780177205,,0.58931584558507,TRUE,""
IMmotion150,269,ALDH1L2;FTH1P5;CCDC74B;CHRNA3;IER2,0.947254681460993,,0.773786915247068,TRUE,""
IMmotion150,270,TNFRSF11B;LYSMD1;MAFB;ENPP7;WDR17,0.647276216111297,,0.0514581786293776,TRUE,""
IMmotion150,271,HYDIN2;GPR174;RAMP2;HSFY1;CCDC110,0.714301259652132,,0.0889494316574269,TRUE,""
IMmotion150,272,MT-ND2;IL1RL2;MMP11;LINC02694;PPM1H,0.857872890102783,,0.409782117491351,TRUE,""
IMmotion150,273,KLF5;ZNF726;FEZ1;AL117348.2;IL2RB,0.816929954378229,,0.297286131209661,TRUE,""
IMmotion150,274,ALOX5AP;ZSWIM5;ZNF257;CELF5;AGBL2,0.77832459561799,,0.209543671185348,TRUE,""
IMmotion150,275,TTC39A;LY75;PCDHGB3;TWIST2;ABLIM2,0.64568341009072,,0.0270068852585357,TRUE,""
IMmotion150,276,LDLR;FNDC4;THEMIS;AC015911.7;LILRA1,0.628268226729573,,0.0205368834092534,TRUE,""
IMmotion150,277,PCDHB9;TMEM184A;FHDC1;SLCO1B1;HOXD4,1.21242996928562,,0.329088900742549,FALSE,""
IMmotion150,278,EIF2S2P4;MAP1LC3B2;CCDC110;PPIAL4D;LRATD1,0.939248758424706,,0.814774342243405,TRUE,""
IMmotion150,279,SLCO2A1;TLCD4;IL4I1;FAM43B;TRPC4,1.08974294770845,,0.672167739804211,FALSE,""
IMmotion150,280,SSC5D;IGF2BP2;CX3CL1;ANAPC1P6;SNORA46,0.788153381858784,,0.243735858990556,TRUE,""
IMmotion150,281,ZNF90;CD69;FAM227A;IGKV1-13;ABCB9,0.937230202959027,,0.735715669034529,TRUE,""
IMmotion150,282,LMOD1;CST7;FAAH2;SVOPL;LAT,0.66094915752251,,0.0406953670427542,TRUE,""
IMmotion150,283,ANOS1;ITIH4;SNORD9;LINC02249;CD180,0.8319857186717,,0.327392028988652,TRUE,""
IMmotion150,284,GULP1;HTRA3;TBXA2R;MAGEC1;SNHG17,0.998394123856631,,0.993289936785319,TRUE,""
IMmotion150,285,H2BC17;ELAPOR1;C5AR1;SPDYE2;CEP295NL,0.734585928541116,,0.118188346444276,TRUE,""
IMmotion150,286,AFF3;HSD11B2;PRELID3A;MARCHF10;MEGF6,1.15927045893231,,0.452384870121505,FALSE,""
IMmotion150,287,FBP1;SPTB;ZWINT;PPIAP14;ZNF214,1.14505264889591,,0.492044458856895,FALSE,""
IMmotion150,288,ANOS1;RBM20;HJURP;ARL14;ABCG2,1.04906535717365,,0.798454786986946,FALSE,""
IMmotion150,289,LRP4;PDE6B;ZNF578;KIR2DL3;RNF125,0.632973817924391,,0.0228124631130938,TRUE,""
IMmotion150,290,THSD7A;ZNF565;PYROXD2;LINC02694;NOL3,0.847033522497797,,0.372164495750443,TRUE,""
IMmotion150,291,PARD6B;INMT-MINDY4;CFAP70;AC012441.2;AXIN2,0.729335300245277,,0.105745750897993,TRUE,""
IMmotion150,292,FOLR2;NAPSB;UBE2Q2L;SBSN;CCRL2,0.860802970952594,,0.430587246601028,TRUE,""
IMmotion150,293,FAT3;KBTBD3;AK7;WFDC10B;AC004832.3,0.726613666860294,,0.0820234492070565,TRUE,""
IMmotion150,294,HRH2;SLC29A4;SNORA14B;AC026464.1;AK1,1.15793288536022,,0.457517888582655,FALSE,""
IMmotion150,295,SNORD13;IGLV5-52;MMP11;RNASE3;KLHL3,1.37007008335565,,0.125397300932516,FALSE,""
IMmotion150,296,BOC;IQCA1;SIK1;MIR194-2HG;TRIM34,0.926044334343741,,0.649056640743695,TRUE,""
IMmotion150,297,TSC22D3;HUNK;GAL3ST4;TRIM74;ZNF816-ZNF321P,0.791186797284585,,0.227046432817535,TRUE,""
IMmotion150,298,STEAP3;GRID1;MSC;AC103591.2;KLF2,1.55630180534966,,0.0299427461855572,FALSE,""
IMmotion150,299,H2BC17;MYOM2;SNORA59A;MUC15;NEK10,1.06274939790681,,0.768360911298723,FALSE,""
IMmotion150,300,NQO1;TBX15;OPLAH;GPAT2P1;MBD3,1.2956534111411,,0.190048140113216,FALSE,""
IMmotion150,301,CNTNAP3;PAQR5;HEYL;AL390198.2;TROAP,1.38390130233675,,0.142358269288297,FALSE,""
IMmotion150,302,RETREG1;CCN3;P2RY6;ZIC5;GFOD1,0.798479234334207,,0.23221822212207,TRUE,""
IMmotion150,303,MAP2;PWAR5;PDE7B;CKLF-CMTM1;AC015818.10,0.862435180870644,,0.414846730029137,TRUE,""
IMmotion150,304,PCDHB12;BEND5;PDE8B;DOK7;SLC6A9,1.08287063270623,,0.677839796650475,FALSE,""
IMmotion150,305,SRPX2;SLC19A3;CMTM8;FAM155B;PYROXD2,0.968726485807708,,0.869276019637922,TRUE,""
IMmotion150,306,TRO;DEPDC7;RAB38;AC073261.1;NRXN3,1.25000416424514,,0.282637719960972,FALSE,""
IMmotion150,307,NOX4;TRBC1;ZDHHC23;GOLGA2P2Y;MOB4,0.726068539451424,,0.132947266747154,TRUE,""
IMmotion150,308,PLAUR;ADGRD1;SYT17;TNMD;PPP1R16B,0.968995650249951,,0.870072103431871,TRUE,""
IMmotion150,309,PCDHB8;SNORA62;STX11;FOXA2;IER2,0.960660119013865,,0.84448762563827,TRUE,""
IMmotion150,310,ALOX5AP;PROM2;TSHZ2;KDF1;TPPP3,0.943238473660418,,0.757889890656086,TRUE,""
IMmotion150,311,BUB1B;AMIGO1;TM7SF2;OOEP;SOX5,1.2810536691865,,0.229006230177835,FALSE,""
IMmotion150,312,C5;SCN8A;RNLS;AC015818.5;TESC,1.39828957820434,,0.121056462457518,FALSE,""
IMmotion150,313,SLC2A10;SPDYE18;ZNF540;OR1J2;AC093752.2,0.797799665898338,,0.212890175864971,TRUE,""
IMmotion150,314,MT-CO3;GJA5;TRIB3;UBE2F-SCLY;ZAP70,0.877009214654743,,0.49600081083665,TRUE,""
IMmotion150,315,RHOB;PCDH7;SCHIP1;SNORA11D;B4GALT6,0.893897449067869,,0.560627006954213,TRUE,""
IMmotion150,316,TRAC;PTN;HSPD1P4;OR14J1;SLFN12L,0.710577753501764,,0.0685929888688663,TRUE,""
IMmotion150,317,PLAUR;TMEM184A;CCR5;IQCJ;ABTB2,0.709449983497648,,0.0668122611179595,TRUE,""
IMmotion150,318,IL2RG;PEG10;CPNE5;SLC13A5;HLX,0.934049442778309,,0.751284594522938,TRUE,""
IMmotion150,319,AGAP7P;AL162417.1;ELAPOR2;AC006486.2;WNK3,0.800430128977199,,0.232028940942851,TRUE,""
IMmotion150,320,PLCH1;SLC29A4;CD180;GOLGA6L22;GNAZ,0.81943649169434,,0.338594576945977,TRUE,""
IMmotion150,321,DLL4;TENT5C;HMMR;RAET1L;PRAM1,0.679628860929133,,0.0472342033154085,TRUE,""
IMmotion150,322,EPHA3;MICOS10-NBL1;GMPR;ENTPD8;INHBA,1.24852581111473,,0.291232450774534,FALSE,""
IMmotion150,323,KRBA1;PRLR;TRIM73;HMGCLL1;GNA15,0.844139889527598,,0.418362741090489,TRUE,""
IMmotion150,324,ADAMTSL2;ZNF711;GPR75;HNRNPA1P67;DUSP4,0.880806668908569,,0.532145934506423,TRUE,""
IMmotion150,325,OR2A7;TCIM;PCDHB4;AC106865.1;H3C3,1.06678895136391,,0.761673653873252,FALSE,""
IMmotion150,326,CSRP2;PCDHGA1;PTGDR;SLAMF9;TROAP,1.1450851601945,,0.49560983984503,FALSE,""
IMmotion150,327,THSD4;SLAMF1;TBX2;TSPAN19;WASF3,0.951227292943848,,0.7980977393383,TRUE,""
IMmotion150,328,KIF26B;AC104452.1;ASRGL1;ZNF716;STMN3,0.748235365551032,,0.0967674313635617,TRUE,""
IMmotion150,329,FLG-AS1;EBF2;FAM86DP;AC092666.2;IFI6,0.937895274189242,,0.752602359598259,TRUE,""
IMmotion150,330,ZNF521;CFAP251;SLC2A3P2;SDHDP6;ABCG2,1.00020149795883,,0.999171588698899,FALSE,""
IMmotion150,331,SRPX2;INAVA;NAALADL2;PAX5;SLAMF8,0.828536626552406,,0.320398404028216,TRUE,""
IMmotion150,332,PCDHGB4;STRIP2;CCR2;OOEP;BASP1,0.742639351194756,,0.130105346217637,TRUE,""
IMmotion150,333,GHR;LOXL1;NLGN3;UPK3BL1;KCNK5,0.904755855121404,,0.583064910292209,TRUE,""
IMmotion150,334,GULP1;CAPN12;DNAJC6;AC114324.1;LILRA1,0.70010327675313,,0.039671547713267,TRUE,""
IMmotion150,335,DLL1;SORCS2;ADAMTS3;USP44;VWA1,1.00309211779561,,0.98987187824033,FALSE,""
IMmotion150,336,CD2;TSSC2;ELAPOR2;UPP2;GGH,1.02408363958792,,0.897485321845463,FALSE,""
IMmotion150,337,LDLR;AL627309.6;GRAPL;IGLV2-5;H4C6,0.944725854193581,,0.771802430939229,TRUE,""
IMmotion150,338,PC;PAQR5;HEYL;LMX1B;ENO3,1.10739656955656,,0.610944162514108,FALSE,""
IMmotion150,339,PTPN3;ELAPOR1;MOB4;SMCO3;KIF15,0.709485458420796,,0.100071307361789,TRUE,""
IMmotion150,340,ADAM12;PNPLA3;GAMT;SYT14;LINC01138,1.27498894230961,,0.220673498653465,FALSE,""
IMmotion150,341,TBX3;CXADR;EXOC3L1;FXYD3;AK1,0.742169832043906,,0.153104841009215,TRUE,""
IMmotion150,342,ZNF90;PCDHB3;MCM10;RNU1-1;SNORA55,1.11329539091704,,0.569292365506702,FALSE,""
IMmotion150,343,CTAGE6;CCN3;ID1;KCNK15;ACOX2,1.12113005636726,,0.565491771575821,FALSE,""
IMmotion150,344,PCDHGB4;GPR160;MPP3;AC090517.5;HSPB2,0.848067793778606,,0.361950325183307,TRUE,""
IMmotion150,345,ABCA9;ESCO2;KLF4;AC009060.1;LINGO1,1.01982912845005,,0.926947240513904,FALSE,""
IMmotion150,346,RHOB;CARMIL2;SIK1;PTGER1;ST6GALNAC6,0.867887019663964,,0.474529865412821,TRUE,""
IMmotion150,347,PDGFD;USP2;RAD51AP1;TSACC;HBEGF,1.13141746912083,,0.535927991722414,FALSE,""
IMmotion150,348,ACP5;FPGT-TNNI3K;LCK;CWH43;RNF144A,0.584185733710937,,0.00546043150908281,TRUE,""
IMmotion150,349,SELENBP1;FDXACB1;SNCA;ARL14;PIH1D2,1.07565896886382,,0.72789265802924,FALSE,""
IMmotion150,350,CNTNAP3;MST1L;HLA-L;AC009955.4;VWA1,1.4806308425116,,0.0409526818489157,FALSE,""
IMmotion150,351,GCNA;EGF;MAGI2;ADGRG7;HIC1,0.978306807438442,,0.904211037095345,TRUE,""
IMmotion150,352,PKD1P5;ANK1;PPP1R16B;C1QL3;CEBPD,0.976046500876544,,0.898892127763387,TRUE,""
IMmotion150,353,TNFRSF11B;TCIM;GOLGA6L3;SLC36A2;RUNX3,0.932116424242715,,0.756815880729412,TRUE,""
IMmotion150,354,CD3E;PTGS2;ELMO3;CALB2;DECR2,0.875104649249831,,0.496200345572664,TRUE,""
IMmotion150,355,FN3K;LIPC;ACOX2;KRT8P7;EPHB3,1.32082163263609,,0.179638484542004,FALSE,""
IMmotion150,356,TRIM9;COL22A1;GOLGA8K;TERF1P7;ZDHHC11,0.800075985578544,,0.26808812578868,TRUE,""
IMmotion150,357,ADAM12;PCOLCE2;EGFLAM;KLB;NPIPB9,1.42609847633718,,0.101132920570049,FALSE,""
IMmotion150,358,NQO1;NANOGP4;SARDH;AL162457.1;DRC3,0.865367702933953,,0.471628057861128,TRUE,""
IMmotion150,359,SNAI2;AL162417.1;ANKRD23;RPS26P31;TCF7,0.665308100767566,,0.031195102443237,TRUE,""
IMmotion150,360,ZNF90;PNPLA3;CEL;NIPAL4;CKS2,1.0443847649609,,0.816229599403291,FALSE,""
IMmotion150,361,MT-CO2;GBP1P1;STK26;UNC5D;UHRF1,0.668211038447229,,0.0323800462892739,TRUE,""
IMmotion150,362,SPATA18;HLA-H;EMP2;AC145676.1;SH3BGRL2,0.883725713504358,,0.507589046530805,TRUE,""
IMmotion150,363,SGPP2;PAK3;MPP7;RFPL4AL1;PRH1,0.903281496085126,,0.599711504293251,TRUE,""
IMmotion150,364,NCF1C;EFR3B;EGFLAM;SNORA11D;SNORD16,0.962598228008606,,0.842990154151003,TRUE,""
IMmotion150,365,CSPG4;PLAC8;NLRC3;TBX5;H3C8,0.774413516416113,,0.203252155288612,TRUE,""
IMmotion150,366,TENM4;LAMP3;RHPN1;AC123768.4;GGH,1.00228263343824,,0.990499147535257,FALSE,""
IMmotion150,367,SSC5D;PYGO1;RAB38;SYT3;AXIN2,0.885664444363493,,0.509813105078415,TRUE,""
IMmotion150,368,TTC39A;AC233699.1;ZNF660;ANKRD34B;AC021078.1,0.77755077676654,,0.28505250807463,TRUE,""
IMmotion150,369,SGIP1;EGR3;SNORD116-14;AC007383.2;SIRPB2,1.03971693183523,,0.846174605236431,FALSE,""
IMmotion150,370,PCDHB11;HOMER2;TSGA10;KCNV1;HOMER1,0.676207583358161,,0.0538251177282599,TRUE,""
IMmotion150,371,HRH2;SUSD2;TM7SF2;AL451062.2;THRB,1.56939866988713,,0.0265388444175634,FALSE,""
IMmotion150,372,RNASE1;FPGT-TNNI3K;DUSP5;RBFOX1;PCDHGA7,0.798398642168944,,0.17462057853911,TRUE,""
IMmotion150,373,NQO1;COX7A1;DUSP4;SNORD115-44;SNORA50A,1.0983324791977,,0.644707706967847,FALSE,""
IMmotion150,374,AR;TSPAN7;OSBP2;GATA1;KBTBD8,0.76375065040373,,0.163068094715463,TRUE,""
IMmotion150,375,PC;C4orf47;LINC01002;CSAG3;NAP1L4P1,0.813707462970435,,0.300920470325501,TRUE,""
IMmotion150,376,KIF26B;IL1B;SNORD9;MYL12BP2;RAD54L,0.847357862415999,,0.397169944900588,TRUE,""
IMmotion150,377,LEF1;ABT1;CD72;MYBPH;HSPB2,0.828486964092792,,0.389692307165405,TRUE,""
IMmotion150,378,EHHADH;GREB1;ADCY1;ZSCAN4;DRC3,1.18547958842929,,0.389448136289242,FALSE,""
IMmotion150,379,CEACAM1;NCR3LG1;TLR8;ANKRD30A;SLC19A2,0.762974566497054,,0.157200828732184,TRUE,""
IMmotion150,380,NFASC;SLC9A3;KCTD15;GPR182;RFLNB,1.2336558470792,,0.300018503434502,FALSE,""
IMmotion150,381,PTTG1;GBP1P1;SLC22A4;AC008554.1;FAM13C,0.740420119461663,,0.100595084472685,TRUE,""
IMmotion150,382,PLAUR;DEPDC7;SNORA46;OR14K1;GPAT3,0.979611232043608,,0.915390714452778,TRUE,""
IMmotion150,383,DLL1;C15orf48;SHROOM2;OTX1;GJA4,1.11111316265711,,0.627746739712297,FALSE,""
IMmotion150,384,CCL4;FNDC4;SLC19A2;FBN3;P2RY1,0.800731221249399,,0.275672961874939,TRUE,""
IMmotion150,385,PCDHB16;CD38;PRTFDC1;SSBP3P2;FAXDC2,0.65315466821167,,0.0345411843930074,TRUE,""
IMmotion150,386,GXYLT2;PRLR;CD28;KRT23;PANK1,1.16056906229815,,0.485155774546253,FALSE,""
IMmotion150,387,TLL1;ZP3;SCAMP5;SLC4A9;PAFAH1B3,0.939122634525346,,0.75945907681844,TRUE,""
IMmotion150,388,SNORD116-22;PLGLB2;CCDC74B;ENTPD3;KIF14,0.951463758551666,,0.8137500578869,TRUE,""
IMmotion150,389,CCL4;CEP170P1;PPP1R16B;STXBP5L;DOK2,0.512798833155255,,0.00127950988633191,TRUE,""
IMmotion150,390,RGPD3;SORCS2;NUAK2;AL359273.2;RAI2,0.846783040072071,,0.387772468803695,TRUE,""
IMmotion150,391,OLFML3;METTL15P1;PPM1H;BCAN;AC124944.2,0.952128251379726,,0.806789534641192,TRUE,""
IMmotion150,392,BUB1B;EVPL;CEL;KIR3DL2;OXER1,0.833975490951731,,0.348883314393545,TRUE,""
IMmotion150,393,PCDHB12;NME5;TIGD2;FFAR2;PRTG,0.899937317250055,,0.5982381230354,TRUE,""
IMmotion150,394,BCAT1;SPATA17;FAM86DP;AC121757.2;TM9SF1,1.04362482113577,,0.850917728361622,FALSE,""
IMmotion150,395,RHOB;PPIAP2;SLC16A5;AMY1C;PCDHB2,1.05937121738551,,0.757522482967792,FALSE,""
IMmotion150,396,FBLN2;IGFBP2;SLC17A9;PTPRCAP;CLEC14A,1.12424803159217,,0.55066357043977,FALSE,""
IMmotion150,397,ANLN;MT1L;SLC16A6;AC009163.3;LIMS2,1.18496388255709,,0.402813997468254,FALSE,""
IMmotion150,398,FN3K;CFD;BRSK1;C1QTNF1-AS1;C1orf21,0.960915387843824,,0.833423511420569,TRUE,""
IMmotion150,399,HYDIN;CARMIL2;TRGC2;AC106865.1;H4C9,0.480651358797029,,0.000326776449136671,TRUE,""
IMmotion150,400,TSC22D3;NCR3LG1;LILRB5;HNRNPA3P1;IGF1,1.1072579339896,,0.608010858474273,FALSE,""
IMmotion150,401,BICDL1;GPR171;GFOD1;EFCAB3;ADAM32,0.702512780010861,,0.066434478684621,TRUE,""
IMmotion150,402,TTC39A;CD38;SLC35G2;SNORD36A;ADAMTS5,1.0291103446294,,0.891067942809451,FALSE,""
IMmotion150,403,PHGDH;RNF152;LETM2;DUOXA1;AGER,0.901161335826867,,0.596703506157642,TRUE,""
IMmotion150,404,THSD7A;GABRD;TESC;EHMT2-AS1;UNC5C,1.13990652497293,,0.495276257457536,FALSE,""
IMmotion150,405,SNORA71D;MXRA7P1;FMOD;SERINC4;NLGN3,0.948000544930106,,0.776135988023882,TRUE,""
IMmotion150,406,SLC2A10;COL8A2;LYVE1;AL121845.3;STK26,0.817188069810464,,0.315667921764247,TRUE,""
IMmotion150,407,ANKS1B;FDXACB1;SLC6A1;TNNI3;CCDC113,0.959937383651963,,0.818220008812253,TRUE,""
IMmotion150,408,RGPD3;GJA5;GAL3ST4;FAM74A3;TESC,1.09280142565899,,0.652800647245595,FALSE,""
IMmotion150,409,CSRP2;TRIM16L;ADAMTS5;SRRM3;FCMR,0.911699483424571,,0.666075197373529,TRUE,""
IMmotion150,410,PBLD;ENPP5;TCF7;MYPN;GZMA,0.643178149372414,,0.0265863268674503,TRUE,""
IMmotion150,411,SEZ6L2;ABHD14A-ACY1;KIAA1755;LDHC;PCED1B,1.08659302582496,,0.644756786866445,FALSE,""
IMmotion150,412,BUB1B;GPR174;SNORA71A;SULT2B1;SAMD3,0.730477302039381,,0.121235726655419,TRUE,""
IMmotion150,413,ETV1;KLRC4-KLRK1;MMP19;PCSK1N;IL15RA,0.615753130798238,,0.0260935365234628,TRUE,""
IMmotion150,414,FOLR2;HOXA5;STRC;GRK7;MPP3,0.918215959679864,,0.625857165601389,TRUE,""
IMmotion150,415,PCDHB16;ICA1L;TONSL;OR13C9;AC124944.2,0.851242664767591,,0.393136495338969,TRUE,""
IMmotion150,416,SDHAP2;AC093668.1;SOCS2;RAD21L1;CLEC14A,0.773508151706303,,0.193679679158428,TRUE,""
IMmotion150,417,DSEL;SORCS2;CCDC74B;OIT3;AC015818.10,0.925765398068408,,0.681774495150273,TRUE,""
IMmotion150,418,CDCA2;PHKA1P1;ZNF502;AL355312.5;PLEK2,0.713117542949213,,0.0624655950151031,TRUE,""
IMmotion150,419,KIT;RPL9P7;SNORA16A;SERPINI2;H3C7,0.756812442255177,,0.170124965415358,TRUE,""
IMmotion150,420,HYDIN2;SCN8A;LY86;GAGE10;CCR5,0.925705125379681,,0.681887811184612,TRUE,""
IMmotion150,421,IFI44L;SNCAIP;FHDC1;NEU4;RDH5,0.637806069064899,,0.0253337872878064,TRUE,""
IMmotion150,422,MAP3K21;SLC7A9;ZFP2;HNRNPCL1;RDH13,1.09315390005142,,0.638256508216764,FALSE,""
IMmotion150,423,NAV3;OSBPL6;TSPOAP1;PP7080;GTSE1,0.767803397749338,,0.168980358125012,TRUE,""
IMmotion150,424,CDH23;TK1;DIPK2B;PAEP;FAM160A1,1.19760654525724,,0.341967539166027,FALSE,""
IMmotion150,425,PCDHB9;SLAMF1;RGS16;OR7E29P;FGD1,0.848405222876506,,0.39588731236469,TRUE,""
IMmotion150,426,MOCOS;SLC5A4;TPRG1;IFNE;SPSB1,1.1743031986765,,0.379249421807666,FALSE,""
IMmotion150,427,MT-CYB;CCL14;SEMA4G;VWA5B1;CCNF,0.717497707317981,,0.0884012507441387,TRUE,""
IMmotion150,428,PKD1P5;AL591806.2;SEPTIN1;FAM71A;SNORA6,0.901232181603783,,0.568439872993946,TRUE,""
IMmotion150,429,TMEM200A;USP2;FZD8;NRAP;SNORD9,1.12520145546426,,0.532933680065635,FALSE,""
IMmotion150,430,DNAH6;ASAH2B;RDH5;KLF17;TLR8,0.698665624154946,,0.0602947636151951,TRUE,""
IMmotion150,431,AK4;ZNF391;TUB;KRT8P5;RFLNB,1.03900272123239,,0.847000885658928,FALSE,""
IMmotion150,432,PKD1P5;MFAP2;AS3MT;TMEM179;CCNJL,1.47790063287011,,0.0477331203375115,FALSE,""
IMmotion150,433,CDH23;AIM2;CIDEB;SEC22B2P;ZNF816-ZNF321P,0.933077449800697,,0.693512654431821,TRUE,""
IMmotion150,434,ANLN;FOXL1;SNORD9;AGTR2;SLC15A2,0.781122178235142,,0.184862032531783,TRUE,""
IMmotion150,435,AFF3;GLB1L2;ARRDC5;TMSB4XP1;MPP7,0.768971690197512,,0.194473654255908,TRUE,""
IMmotion150,436,ITGA11;OSBPL6;AC124944.2;OR4F14P;KIF2C,1.00448898663838,,0.982783950996897,FALSE,""
IMmotion150,437,MTARC2;ZMYND19;BPTFP1;HMGCLL1;BCL2,0.623883100007133,,0.00900966340333578,TRUE,""
IMmotion150,438,KRBA1;AC000093.1;NEURL1B;UNC45B;PRKAR2B,0.919090580097461,,0.647717064742769,TRUE,""
IMmotion150,439,ABCA9;CLEC10A;TBX2;TEKT4;ZNF610,0.966941598121902,,0.85684297578568,TRUE,""
IMmotion150,440,ZNF521;SLAMF1;HSPD1P4;SEC22B2P;NEFH,0.776879753557952,,0.170688485942933,TRUE,""
IMmotion150,441,MDK;TSSC2;LILRB5;IGFL2;RBKS,1.07532460519408,,0.719070486594674,FALSE,""
IMmotion150,442,FAM149A;POM121L9P;TUB;HNRNPA1P52;E2F8,1.04141349538197,,0.834637371643242,FALSE,""
IMmotion150,443,ANGPT2;LRCH2;CD247;CRHR2;TLK2P2,0.782158216200666,,0.180305836582989,TRUE,""
IMmotion150,444,HRH2;SLC14A1;FCN1;AC078899.4;SNORD116-14,1.29776019431637,,0.185375479390863,FALSE,""
IMmotion150,445,TRO;PNMA2;MEFV;TMEM179;SLC25A33,1.03042692976579,,0.875936704563956,FALSE,""
IMmotion150,446,MOCOS;MST1P2;TRIP13;UQCRFS1P1;PDXDC2P,1.04967138086731,,0.807045737638986,FALSE,""
IMmotion150,447,MT-ND1;KCNJ15;TMEM26;SLCO1A2;NANOGP8,0.919372272514524,,0.690851176785685,TRUE,""
IMmotion150,448,IFI44L;TMEM236;COL9A2;IGLV3-12;STX11,0.581766244945869,,0.00794367133008488,TRUE,""
IMmotion150,449,TTC39A;AC008878.1;COL11A2;KRT8P25;CCDC110,0.831726309658829,,0.334190064426572,TRUE,""
IMmotion150,450,HILPDA;CEP55;CCDC9B;ARSF;FOXM1,1.30361360401284,,0.209261795618697,FALSE,""
IMmotion150,451,PLA2G7;TENT5C;SNORA18;PENK;ZNF135,1.01674423577094,,0.932910060710721,FALSE,""
IMmotion150,452,TRAC;FCGR3B;EPHB3;TMEM74;TSPAN5,0.951928961872398,,0.803699043607832,TRUE,""
IMmotion150,453,SNAI2;CFAP221;MTFP1;LY6H;BPTFP1,0.953873979844202,,0.800093966434142,TRUE,""
IMmotion150,454,PDLIM3;PYCR1;STEAP2;AC113189.4;NXN,1.0117477590169,,0.949894119329741,FALSE,""
IMmotion150,455,LAMB3;ZNF286B;RASIP1;AC005829.2;MARCKSL1,1.28026178349477,,0.191858011391165,FALSE,""
IMmotion150,456,POU5F1;OSBPL6;ESR1;CKM;P2RY1,0.883128772455943,,0.532449545600081,TRUE,""
IMmotion150,457,EDIL3;CST7;LIMS2;AC103702.1;ZNF433,1.01549383101883,,0.930055322457963,FALSE,""
IMmotion150,458,ABCA6;FAM86C2P;SCARF2;AC073896.1;CATSPERG,1.00817513856624,,0.965310584200868,FALSE,""
IMmotion150,459,KIF23;SLC6A16;CASS4;AC004148.1;GMPR,0.868679459897575,,0.481030288489029,TRUE,""
IMmotion150,460,NPNT;RNF213-AS1;PCDHB7;AC079360.1;MT-ND3,0.863616030327935,,0.410849460527766,TRUE,""
IMmotion150,461,MTARC2;PYCR1;RUNX1T1;ZFAND6P1;VWA1,1.05515350341017,,0.785239777018743,FALSE,""
IMmotion150,462,ACP5;PRRX1;SARDH;AC132872.3;DNAJC6,0.980200488118238,,0.921993381945621,TRUE,""
IMmotion150,463,ZNF395;ADAM23;GATD3A;AC113189.4;RGS16,1.03865517657645,,0.849098803836829,FALSE,""
IMmotion150,464,MAP2;TRAT1;LIMS2;SLC14A2;DAPP1,0.858843996382878,,0.435045268027682,TRUE,""
IMmotion150,465,CCL3;FAM86C2P;CA11;LINC01558;FMOD,0.897859797000614,,0.580160444807648,TRUE,""
IMmotion150,466,ANG;ARHGEF16;Telomerase-vert;AC239859.5;ATL1,0.975538218476092,,0.897983334155622,TRUE,""
IMmotion150,467,PC;GBP1P1;GPAT3;RPL32P20;SNORA72,1.21200607664905,,0.330561676953751,FALSE,""
IMmotion150,468,EGR2;LIPC;C1orf21;CAMK2N2;FAM184A,0.884717486746154,,0.558055086863776,TRUE,""
IMmotion150,469,LRP4;ZNF511;ACOX2;NCAN;KIF2C,1.20101793827974,,0.425339568774466,FALSE,""
IMmotion150,470,BAIAP2L1;PLGRKT;SSPOP;LINC00266-1;ADAMTS5,0.990690403781422,,0.96611181073441,TRUE,""
IMmotion150,471,SNORD116-1;MAGEE1;RAD51AP1;USP17L14P;ANKRD23,0.673945515109513,,0.0566293398736145,TRUE,""
IMmotion150,472,CSRP2;WSCD1;SEMA7A;RPL32P20;MSC,1.43589138120775,,0.0798883342262664,FALSE,""
IMmotion150,473,POU5F1;CDA;DRC3;HTR3A;TM7SF2,1.11292459440201,,0.573596154771382,FALSE,""
IMmotion150,474,MTARC2;ISCA1P1;P2RY6;INHBC;STK26,0.806971840598126,,0.366375512081935,TRUE,""
IMmotion150,475,BUB1B;IKBKG;AC021078.1;DBH;CNRIP1,1.19727038254843,,0.427335117871077,FALSE,""
IMmotion150,476,SNORD116-23;AC048382.2;LILRA6;KRT222;SNORA50A,0.905982803940183,,0.610786144859842,TRUE,""
IMmotion150,477,PTGS1;CCSAP;SEMA7A;GJA1P1;MTFP1,1.2649791802331,,0.258036655155859,FALSE,""
IMmotion150,478,PCDHB11;CEP55;TPRN;BCAR3-AS1;ORC1,0.86989998005804,,0.509523033269607,TRUE,""
IMmotion150,479,TTC39A;AL627309.6;SPAG4;AC103809.1;SCIMP,0.930420188149328,,0.703473345658031,TRUE,""
IMmotion150,480,SNAI2;NAPSB;AFF2;RIMBP2;MPP7,0.711473478087144,,0.0682800424660348,TRUE,""
IMmotion150,481,SCIN;LAMP3;FAM160A1;RAET1E;TMEM150C,0.789904626336032,,0.25311792502492,TRUE,""
IMmotion150,482,SNORD116-1;PLGRKT;GSTM3;PVRIG;ASRGL1,0.66224732361082,,0.0278599440563354,TRUE,""
IMmotion150,483,SNORD116-23;MT1F;STAC3;DMRTC1B;CMTM8,0.842198043566652,,0.405590716861165,TRUE,""
IMmotion150,484,CCL5;AC026150.3;RAMP3;FAM90A25P;WASF3,0.780173788002882,,0.181720621035405,TRUE,""
IMmotion150,485,MAP7;SCN8A;CISH;KCNK10;SEPTIN1,0.910393489840441,,0.647056757285878,TRUE,""
IMmotion150,486,HOOK1;CYB5R2;GRHL1;PLA2G1B;NEIL1,1.1212784513238,,0.56317919338898,FALSE,""
IMmotion150,487,TLL1;SGK2;MBD3;CTAGE14P;TRIP13,1.4023909028589,,0.0977070468197536,FALSE,""
IMmotion150,488,ZNF395;ZNF713;WNK3;GLRA4;ADAMTS17,0.944397743588076,,0.768191620387094,TRUE,""
IMmotion150,489,AOC3;SLAMF1;PYHIN1;TRAV20;GPAT3,0.793006091395948,,0.246733405821367,TRUE,""
IMmotion150,490,PLVAP;PTH1R;PRELID3A;CYP2C19;SIRPB2,0.946863840185487,,0.772763723614173,TRUE,""
IMmotion150,491,EMCN;IGLV5-52;FZD8;IGHE;EVA1C,0.938760208235189,,0.753144080766046,TRUE,""
IMmotion150,492,CAVIN2;RPP14;SARDH;ERN2;MICU3,0.886870066075731,,0.555836655572137,TRUE,""
IMmotion150,493,SGPP2;P2RY12;SEMA6D;MALLP1;PLEK2,1.03499320909648,,0.862907704233559,FALSE,""
IMmotion150,494,TTC39A;ADGRB1;SLC15A2;AC090517.5;P2RY1,0.697005511502906,,0.0604804253876196,TRUE,""
IMmotion150,495,BAIAP2L1;NTRK3;HLA-DOA;LRRC37A16P;RASIP1,1.06373962735576,,0.742950370383854,FALSE,""
IMmotion150,496,SNORD116-6;TBCEL-TECTA;ADORA3;AC091812.1;NEK10,0.912030285094724,,0.649332129652471,TRUE,""
IMmotion150,497,RRM2;FAM133DP;PCDHGC5;KRT79;AD000090.1,0.802711439295308,,0.299841820864766,TRUE,""
IMmotion150,498,GPC4;MXRA7P1;ATP8B3;AC007384.1;AMIGO2,0.752602953143382,,0.156708284900695,TRUE,""
IMmotion150,499,CRIP1;SLITRK4;HBEGF;NPAP1;SEMA7A,0.82698631666876,,0.308152226678226,TRUE,""
IMmotion150,500,SGPP2;AC004691.2;METRNL;NCMAP;PRELID3A,0.896327130869086,,0.546942851555157,TRUE,""
IMmotion150,501,ZFPM2;OSBPL6;KLF4;GPA33;GAL3ST4,0.938789977363085,,0.743281053938542,TRUE,""
IMmotion150,502,PLAU;TRABD2B;EID3;APOL5;SEC63P1,0.893837804997483,,0.563813006248464,TRUE,""
IMmotion150,503,ALDH1A3;SNCAIP;GJA4;AC012531.2;DACT1,1.05302359473868,,0.799186510374381,FALSE,""
IMmotion150,504,RASL11A;PLGRKT;NLRC4;TAT;KYAT1,0.839781859343293,,0.422058275202955,TRUE,""
IMmotion150,505,SCIN;BTNL9;PCDHB2;KRT8P31;HIC1,0.958051123569527,,0.830925016759758,TRUE,""
IMmotion150,506,CD3E;RIPK3;IL21R;RORB;AD000090.1,0.55740593914299,,0.00296948360334909,TRUE,""
IMmotion150,507,ABCA6;CDCA7;TRIM6;SHISA2;CENPI,1.04009512484399,,0.840376175954951,FALSE,""
IMmotion150,508,SNAI2;HSD11B2;P2RY8;C1QTNF1-AS1;CEBPD,1.31960534318992,,0.15127395097028,FALSE,""
IMmotion150,509,KIF26B;PSMG4;MAD2L1;GDF10;HOXA2,0.75194666972719,,0.185854275603956,TRUE,""
IMmotion150,510,CCL3;LIN7A;RAG1;STEAP3-AS1;MAGI2,0.641169060910921,,0.0214106386140322,TRUE,""
IMmotion150,511,MAP2;AC011497.2;JAM2;GFI1B;PTPN7,0.811576458472285,,0.245903066373237,TRUE,""
IMmotion150,512,ZNF90;RARRES1;STRC;CCR6;MYCT1,1.12466967626557,,0.543661130312886,FALSE,""
IMmotion150,513,AKR1C1;PPFIA2;SLC15A2;GPR37L1;TLK2P2,0.865734340767633,,0.436609565705195,TRUE,""
IMmotion150,514,ITK;ABHD14A-ACY1;EGFLAM;GLP2R;KCNA3,1.05020571736553,,0.79885060088382,FALSE,""
IMmotion150,515,ADAMTSL2;DLG2;MAFB;THEGL;ADAM32,0.859988611639663,,0.434784183227142,TRUE,""
IMmotion150,516,CD163L1;RASSF6;C2orf27A;EIF4A1P7;PLK1,1.22150920144602,,0.3167537508142,FALSE,""
IMmotion150,517,KIF23;NEIL3;SUGCT;SSUH2;ANKRD23,0.957875501507787,,0.846627617814799,TRUE,""
IMmotion150,518,FBLN2;CCN4;MPP3;WIF1;GOLGA8K,0.840107949003486,,0.340565525914744,TRUE,""
IMmotion150,519,TBX3;DCDC1;PCDHB7;RAET1E;PTPN7,0.779610109655001,,0.193464233364572,TRUE,""
IMmotion150,520,FHL2;F2RL1;SLC25A33;SCTR;FRMD3,0.926975440346132,,0.701900291639563,TRUE,""
IMmotion150,521,DENND2A;METTL15P1;AC004890.2;NPM1P8;TMEM54,1.07335652059592,,0.70915202132557,FALSE,""
IMmotion150,522,SEZ6L2;HMGB3;ALS2CL;HSPB3;TRPC4,1.27031593736395,,0.221052256237984,FALSE,""
IMmotion150,523,OLFML3;ADGRB2;KCNK5;EREG;H3C7,1.16136905194666,,0.479645766094235,FALSE,""
IMmotion150,524,RADX;GPR174;AGBL2;TPSD1;TM9SF1,1.12289744586821,,0.542184450481229,FALSE,""
IMmotion150,525,C5;SS18L2;CD200R1;SLC30A2;PSTPIP1,0.553615886556717,,0.0196726719169178,TRUE,""
IMmotion150,526,MXRA7;HRC;APOBEC3B;PPP1R1C;CAMK2N1,1.20293302126505,,0.377388721379736,FALSE,""
IMmotion150,527,LMOD1;AC093668.1;MPP7;FCN2;TSPAN5,0.80485776840693,,0.286272935084684,TRUE,""
IMmotion150,528,LDHAP4;PITPNM3;CFAP53;ZNF192P1;RPPH1,1.04683354748602,,0.809876987347518,FALSE,""
IMmotion150,529,ADAMTSL2;WDR53;SPAG4;CDC27P1;SSPN,0.969844198215744,,0.878918878583965,TRUE,""
IMmotion150,530,TRIM9;SYBU;RAMP3;OR3A1;AC068580.4,1.21282271683813,,0.312890236347781,FALSE,""
IMmotion150,531,PCDHB9;AP002373.1;SEMA6D;AF001548.2;ELAPOR2,0.783930684834187,,0.214177005806427,TRUE,""
IMmotion150,532,ARFGEF3;SGK2;CETP;DQX1;SOX18,1.48030130619194,,0.0839762955716567,FALSE,""
IMmotion150,533,CD3E;DNAJC22;POLQ;SNORD35A;EYA2,0.944260751952854,,0.781157853622515,TRUE,""
IMmotion150,534,RADX;ISCA1P1;GRIP1;AP000346.1;CKS2,1.03617665426174,,0.866173558415233,FALSE,""
IMmotion150,535,PCDHGB5;BORCS8-MEF2B;TNFRSF11A;ADAMTS7P1;SNORA10,0.88352827028356,,0.492939698653393,TRUE,""
IMmotion150,536,FLG-AS1;NEK5;SNORD116-14;G6PC2;BMP2,1.11854926073344,,0.59734854477842,FALSE,""
IMmotion150,537,OLFML2A;ACTG1P14;C2orf27A;DLL3;MCM10,1.16376584716165,,0.486704367762277,FALSE,""
IMmotion150,538,MTARC2;BCL2A1;HSPA6;OR7E125P;ARMH4,1.01420605150575,,0.94503191175954,FALSE,""
IMmotion150,539,ZNF521;PADI2;HHEX;TTC6;SUGCT,0.880683138184173,,0.510033672128922,TRUE,""
IMmotion150,540,OLFML3;ZNF726;SNORD46;CREG2;CCRL2,0.734270553126004,,0.0937137424878355,TRUE,""
IMmotion150,541,HSPA7;ZNF57;AGBL2;SHISA6;ATF5,0.82469700561976,,0.326788361389413,TRUE,""
IMmotion150,542,AOC3;TRAT1;AMIGO2;NAT2;LPAR1,0.904613086746706,,0.585774695760796,TRUE,""
IMmotion150,543,ADM;CDS1;RAI2;FAM133A;AD000090.1,0.826551979256512,,0.371755569025476,TRUE,""
IMmotion150,544,DKK3;TPTEP2;CASS4;COL2A1;SNORA3A,1.02321774902457,,0.899465913925159,FALSE,""
IMmotion150,545,SNORD116-23;ABT1;FZD8;ZNF705G;PCDHGB8P,1.01929750002494,,0.92092504863316,FALSE,""
IMmotion150,546,LRP4;C11orf98;RANBP17;AC020765.6;EID3,1.22160745177506,,0.333463092766166,FALSE,""
IMmotion150,547,EHHADH;FAM122A;LRRC37A6P;GOLGA8DP;H1-5,0.755633748527017,,0.156695387552807,TRUE,""
IMmotion150,548,SERPINI1;ASAH2B;FZD7;AMIGO3;ZNF793,0.734452770031099,,0.132755148090538,TRUE,""
IMmotion150,549,DENND2A;TCIM;LRRC17;OR14K1;LILRA5,1.27417109455214,,0.245229536807965,FALSE,""
IMmotion150,550,ADAMTSL3;ACTG1P14;NEIL1;HNRNPCP8;ID1,0.801642847938797,,0.211869617387943,TRUE,""
IMmotion150,551,PLAUR;NELL2;TRIP13;DIRAS1;CD6,0.712757763764828,,0.0849971140891474,TRUE,""
IMmotion150,552,TMEM91;STEAP1;NEURL1B;RERGL;RGS9,1.0138512422295,,0.943666361400963,FALSE,""
IMmotion150,553,IL2RG;AL591806.2;MCM10;AC008554.1;COL9A2,0.607890034483066,,0.0217165525426976,TRUE,""
IMmotion150,554,PPFIA4;MT1F;PIM2;CHRNA3;CIART,0.992715715072854,,0.971358234969214,TRUE,""
IMmotion150,555,PLEKHA6;SNORA51;PAFAH1B3;SLC13A5;KIFC1,1.31600088945257,,0.161540602849985,FALSE,""
IMmotion150,556,TSKU;ADGRB2;MAP3K9;GPAT2P1;RPSAP15,1.23945423831667,,0.309289661812465,FALSE,""
IMmotion150,557,MEIS1;OLFM2;ADAMTSL1;GRP;CFAP53,1.15776888098509,,0.446723535109487,FALSE,""
IMmotion150,558,PCDHB15;GIPC3;ACOX2;ACTBL2;COL9A2,0.992203957453471,,0.966793714385907,TRUE,""
IMmotion150,559,ZFPM2;PYGM;VWA1;AC004947.2;SNORA3A,1.25310837326489,,0.264980046943201,FALSE,""
IMmotion150,560,IMPA2;AC093668.1;SNHG17;B3GALT1;RHPN1,1.27731732532537,,0.213514939998295,FALSE,""
IMmotion150,561,CCL5;TMEM236;KLHL3;TREX2;LINC02449,0.744630741705125,,0.135886390135831,TRUE,""
IMmotion150,562,GULP1;CYB5R2;IFI6;PAEP;C1orf21,0.793169636947262,,0.23372116729857,TRUE,""
IMmotion150,563,RNASE1;EXPH5;PHEX;OOEP;EVA1C,0.897638792948505,,0.589717643032806,TRUE,""
IMmotion150,564,BCAT1;CBS;UST;TRBV23-1;SPN,0.786249720390067,,0.21946247159771,TRUE,""
IMmotion150,565,COL5A3;NSUN7;AC092068.3;HMGN2P7;NXN,0.89866310587092,,0.551231402292854,TRUE,""
IMmotion150,566,CD248;AC036108.2;ZNF334;AGBL1;H2BC3,1.33906029645164,,0.168777218851626,FALSE,""
IMmotion150,567,SCIN;AF241726.1;RANBP17;RPH3A;TPRN,0.645361009900383,,0.033496447982837,TRUE,""
IMmotion150,568,RRM2;RIMBP3;DTX2P1;STEAP3-AS1;FOXM1,0.813877917838861,,0.308215774632292,TRUE,""
IMmotion150,569,CTAGE6;AP000654.1;MPP7;RPSAP41;ZNF454,0.733016745180169,,0.0722656606034817,TRUE,""
IMmotion150,570,MOCOS;SYBU;LRP8;NTS;STEAP2,1.2126262700661,,0.344022477928417,FALSE,""
IMmotion150,571,PCDHB15;PTH1R;POLQ;OPN4;ADAMTS13,1.05122866757505,,0.810799549994534,FALSE,""
IMmotion150,572,TRAC;AC008878.1;H3C2;AC005020.2;TSGA10,0.744756588336307,,0.114682772514432,TRUE,""
IMmotion150,573,IRS2;ITIH4;TMEM97;AC008758.4;STMN3,1.48894942274348,,0.0378202520473831,FALSE,""
IMmotion150,574,CNTNAP3P2;GBP1P1;FRMD3;MYH16;PRTFDC1,0.660969229588249,,0.0361094011826409,TRUE,""
IMmotion150,575,PTGIS;AL731577.2;CCDC157;BFSP2;HLA-DOB,0.752597488905612,,0.136045166847118,TRUE,""
IMmotion150,576,IMPA2;GCOM1;SCIMP;LINC01159;NEIL1,0.945072283125585,,0.761157328664766,TRUE,""
IMmotion150,577,PBLD;NME1-NME2;MSS51;NRN1L;BCL2,0.713243818823158,,0.0822672836092165,TRUE,""
IMmotion150,578,SNORD116-22;FLRT2;WNK3;PCP2;SCARNA8,1.07680669671516,,0.710110732652205,FALSE,""
IMmotion150,579,CCL4;AC104452.1;SLC22A4;HBD;ADAM32,0.809705069177161,,0.245634676816937,TRUE,""
IMmotion150,580,PTPN3;AC004691.2;TP53INP2;HNF1A-AS1;SLC22A4,1.21187399574658,,0.29753526682649,FALSE,""
IMmotion150,581,SGIP1;ROR2;PRTG;XKR3;TONSL,1.14513124366875,,0.470951976680116,FALSE,""
IMmotion150,582,FBLN2;SYBU;NEFH;AC011530.1;NCAPH,0.838659439692153,,0.359388733358465,TRUE,""
IMmotion150,583,PCDHGB2;PNMA2;HBEGF;TYRP1;PRKCQ,0.687501899608121,,0.0498303980796479,TRUE,""
IMmotion150,584,SNORA21;CHDH;CCDC113;MT3;POLQ,0.982216349132714,,0.931107821390165,TRUE,""
IMmotion150,585,FLG-AS1;ESCO2;UBE2Q2L;IFNE;RHOD,1.00871221573509,,0.960259605361492,FALSE,""
IMmotion150,586,SELL;PDE6B;CMKLR1;MYPN;TMEM26,0.690315025836324,,0.0551133230545031,TRUE,""
IMmotion150,587,REPS2;SLC14A1;SLC39A4;TNFRSF6B;SHE,1.03923860458734,,0.841837476059374,FALSE,""
IMmotion150,588,NAV3;IRF4;CATSPERE;IL27;GTSE1,0.669447237055565,,0.0521162828690195,TRUE,""
IMmotion150,589,CDCA2;AGBL3;SIRPB2;ENPP7;MELK,0.68085116856593,,0.0421304595475917,TRUE,""
IMmotion150,590,TRIM9;AL022238.3;PGM5;AC124067.4;CLEC4A,0.903339841178056,,0.616894195275508,TRUE,""
IMmotion150,591,PTTG1;ICOS;IER3;AC073648.1;PYROXD2,0.823242829907542,,0.337889688270662,TRUE,""
IMmotion150,592,CAVIN2;AC009078.3;SMAGP;TBC1D3P1-DHX40P1;ADAM8,0.585021061781075,,0.00641129064226449,TRUE,""
IMmotion150,593,HYDIN2;ZNF391;SNORA50A;RPL21P39;NBL1,0.780596292842455,,0.205403909990658,TRUE,""
IMmotion150,594,HYDIN2;AC022415.2;FZD8;KISS1;HSPA6,0.921803830689457,,0.741825006726091,TRUE,""
IMmotion150,595,DENND2A;POM121L9P;TMEM97;PCP2;HID1,1.3482209929172,,0.12219549318999,FALSE,""
IMmotion150,596,ZFPM2;RP9P;SNCA;SSUH2;SNORA14B,1.16194062762599,,0.449437111815027,FALSE,""
IMmotion150,597,FOLR2;CCN4;FAM160A1;AC119673.2;RAB37,1.06418436368644,,0.750330227307393,FALSE,""
IMmotion150,598,AKR1C1;AP000654.1;ITGA10;IL27;SYT17,1.01090414755515,,0.955678400767898,FALSE,""
IMmotion150,599,SDK1;KLHL4;CCDC74A;AC012640.4;FGF2,0.68675496141162,,0.0443025054514592,TRUE,""
IMmotion150,600,PHGDH;COL24A1;CCDC157;KLC3;SIRPB2,0.927120764214611,,0.695116059558407,TRUE,""
IMmotion150,601,NTN4;CDA;KBTBD8;KIAA1210;TMEM97,1.02178240604517,,0.91421103344317,FALSE,""
IMmotion150,602,SLC2A10;CFAP251;MCM10;AC023968.1;ADRB2,1.24097019810581,,0.27134674005039,FALSE,""
IMmotion150,603,PLVAP;MAGEE1;CD33;RGS7;TTK,0.643043753358792,,0.0364667488881436,TRUE,""
IMmotion150,604,HOOK1;AC010655.3;KYAT1;INTS4P2;BANK1,0.86289373768983,,0.427014909050098,TRUE,""
IMmotion150,605,FTH1P20;PRLR;DIPK2B;LIX1;COL11A2,0.999244986655036,,0.996877097746462,TRUE,""
IMmotion150,606,PCDHB16;ADAM23;EML6;EDAR;HID1,0.851571423523356,,0.40462054746845,TRUE,""
IMmotion150,607,SNORA71D;ABHD14A-ACY1;CD3G;PAQR9;SLC7A8,0.695033823030773,,0.0713792190170345,TRUE,""
IMmotion150,608,PCDHB11;NME5;STX11;HOXD13;HSPB2,0.937698019435308,,0.749999406507085,TRUE,""
IMmotion150,609,CSRP2;NSUN7;SNORA10;TRIM50;STEAP2,1.19518284563761,,0.388199113141107,FALSE,""
IMmotion150,610,SPNS2;HMGN1P3;SLC6A9;IGSF9;RCAN3,0.783590744982678,,0.188991696146468,TRUE,""
IMmotion150,611,EDNRB;ZNF471;VWA1;FAM9B;SNORA59B,0.947934091832825,,0.768623915537104,TRUE,""
IMmotion150,612,FHL2;CCN3;CHRD;PLA2G12B;CPNE5,1.27135994624431,,0.205722826547928,FALSE,""
IMmotion150,613,PTER;SNORA75;GJA4;GUCY2C;SNORA14B,1.28538853777949,,0.205973791782099,FALSE,""
IMmotion150,614,SMAD9;RPSAP12;KIF15;VWA3B;WNK3,0.935044855978204,,0.77247292513853,TRUE,""
IMmotion150,615,MDK;ACTG2;BNIP3P1;HNRNPA1P40;PRRG4,1.30253494793967,,0.15680281576447,FALSE,""
IMmotion150,616,MST1;CCNB2;AC093752.2;ZBED2;GPR34,0.827855754787353,,0.326766994121109,TRUE,""
IMmotion150,617,RGPD3;GIPC3;SLC43A1;ZNF33BP1;HLX,0.81061268373159,,0.32933966935818,TRUE,""
IMmotion150,618,H2BC9;HSD17B3;PCDHB7;AC073896.1;HLA-L,1.00311108466873,,0.986861137898916,FALSE,""
IMmotion150,619,ADAMTSL2;CXCR6;GADD45B;KIR3DL2;CYP2S1,0.875902322729683,,0.487288686177551,TRUE,""
IMmotion150,620,PCSK5;DNAJC19P9;VWA1;BCYRN1;SNORD16,0.887860821040021,,0.546328168111543,TRUE,""
IMmotion150,621,DENND2A;KIF20A;ZSCAN31;AC023968.1;CSTA,1.12744558346004,,0.540473926493481,FALSE,""
IMmotion150,622,ADAM22;AL022238.3;IGSF9B;GOLGA6L7;FCMR,0.772641534422495,,0.164325824686427,TRUE,""
IMmotion150,623,PCDHB15;TLCD4;HSD17B14;TMEM191B;CD200R1,1.19553973504853,,0.329232023548352,FALSE,""
IMmotion150,624,LIF;USP18;MARCKSL1;SNORD1C;NEIL1,1.3095561358726,,0.180306768744124,FALSE,""
IMmotion150,625,HOOK1;NDC80;ZDHHC11;AC025279.2;NCAPH,0.831619551421183,,0.427802822028705,TRUE,""
IMmotion150,626,MT-CO2;EXO1;SHROOM2;XKR3;SLC22A15,0.818819894264844,,0.288862524697632,TRUE,""
IMmotion150,627,TRO;KBTBD3;SYNGR1;TRPV6;FHDC1,0.9205675606387,,0.655686433857841,TRUE,""
IMmotion150,628,NCF1C;MT1F;NUPR1;TMPRSS4;SLC22A15,0.920637552135726,,0.679727031755786,TRUE,""
IMmotion150,629,PTER;HOXA5;AL158050.1;LINC00887;EMP2,0.628287995270422,,0.0161273368867839,TRUE,""
IMmotion150,630,PKD1P5;GPER1;SECTM1;ANGPTL5;SARDH,0.998265145703,,0.992921262980085,TRUE,""
IMmotion150,631,CNTNAP3P2;NDC80;SHROOM2;USP44;INHBA,0.835573670642442,,0.412518206201549,TRUE,""
IMmotion150,632,OR2A7;LIPG;PRTFDC1;SLC27A6;SPATA6L,0.883078251310449,,0.552146305568857,TRUE,""
IMmotion150,633,MOCOS;DEPDC7;BNIP3P1;AC135178.3;DAPK2,1.05648858199729,,0.769745427356589,FALSE,""
IMmotion150,634,HSPA7;ZNF831;TECTA;NUDT10;LINC01002,0.702653338042761,,0.0605842886068341,TRUE,""
IMmotion150,635,COL5A3;CST7;GRAP2;ASB4;WNK3,0.828198816376289,,0.373487345119168,TRUE,""
IMmotion150,636,CAVIN2;GPLD1;FAHD2B;AC106886.2;NOVA2,1.07090101102034,,0.693146642049216,FALSE,""
IMmotion150,637,SNORD116-20;SNORA64;TMEM273;SERPINC1;PIH1D2,0.898986863984693,,0.56965589825939,TRUE,""
IMmotion150,638,HRH2;EVPL;RNLS;NDP;PRAM1,0.871650536972417,,0.497603741681283,TRUE,""
IMmotion150,639,MEST;CHMP4BP1;BCL2;AVPR2;SPOCK2,0.777537172251785,,0.131027670472659,TRUE,""
IMmotion150,640,FPR1;TRGC1;DET1;NR0B1;SOCS2,1.0243908965688,,0.909337280014328,FALSE,""
IMmotion150,641,PCDHB15;SEC14L6;SLC22A15;OR13C4;DUSP5,1.00330751696174,,0.986007576696221,FALSE,""
IMmotion150,642,SNORD116-22;RCAN2;TMEM132A;AC009244.1;UHRF1,1.05855934993386,,0.772572045964114,FALSE,""
IMmotion150,643,RNASE1;LYSMD1;ACTBP4;NUTM2G;IL12RB1,0.801709600342271,,0.219100171449008,TRUE,""
IMmotion150,644,CDCA2;P2RX1;DUSP4;VPREB3;OPLAH,1.01719211125559,,0.932924471460639,FALSE,""
IMmotion150,645,SLC11A1;ADAMTS14;IQCC;CFHR4;TMEM150C,0.983451232786175,,0.93642083517735,TRUE,""
IMmotion150,646,DLL4;CFAP251;CASS4;PCDH15;TRGC2,0.826046431992695,,0.336518852849976,TRUE,""
IMmotion150,647,ALDH1A3;USP2;CCDC9B;PRSS44P;AD000090.1,0.747144333843345,,0.128837144058584,TRUE,""
IMmotion150,648,SNORD116-20;RPP14;LSR;LHFPL5;CCR2,0.750922766997992,,0.19163201064901,TRUE,""
IMmotion150,649,NETO2;ERV3-1;MCOLN2;PRSS45P;NOL3,0.794529099914082,,0.204027042076983,TRUE,""
IMmotion150,650,AK4;GLB1L2;AC092068.3;AL033384.1;ACAP1,0.831479991367781,,0.340944638754579,TRUE,""
IMmotion150,651,KLF5;NAPSB;FBXO16;EHMT2-AS1;SPAG4,0.842233872972333,,0.380509174737785,TRUE,""
IMmotion150,652,PCSK5;KCNQ1OT1;KCTD15;TNFRSF6B;MAP3K9,1.02502444786325,,0.904619849057525,FALSE,""
IMmotion150,653,CD163L1;HSD11B2;H2BC14;CLVS2;SCARNA8,1.3053661333768,,0.215156102059578,FALSE,""
IMmotion150,654,MT-CO2;CCDC68;CMTM8;TTLL10-AS1;SNORA72,0.941638596489724,,0.777426656236631,TRUE,""
IMmotion150,655,LDLR;TK1;SOX18;PLA2G12B;SNORA14B,1.37772036375832,,0.108558688951788,FALSE,""
IMmotion150,656,TMEM200A;FAM86B1;SDC1;KCNA4;CMTM8,0.981282690950651,,0.920973759588875,TRUE,""
IMmotion150,657,RHOB;TBKBP1;PCDHGA7;AC135068.5;CACNB2,0.807297769361007,,0.233802427706615,TRUE,""
IMmotion150,658,ADAM22;PPT2-EGFL8;E2F8;RPL3P5;EXOC3L1,0.851062222268756,,0.344252765202774,TRUE,""
IMmotion150,659,CCL4;ABCF2;CLEC4A;PRRX2;ALDH7A1P1,0.770553970408488,,0.163574007190972,TRUE,""
IMmotion150,660,SDK1;SLAMF7;CCR5;AC008758.5;FAM86DP,0.783540524511101,,0.235089078414321,TRUE,""
IMmotion150,661,ZFHX4;ZBP1;CETP;RAD21L1;CEP295NL,0.567863006655389,,0.00593390006119268,TRUE,""
IMmotion150,662,FAP;NANOGP4;NPIPB9;AL050343.2;LPAL2,0.91985959011233,,0.634638468986822,TRUE,""
IMmotion150,663,BUB1;MST1L;STAC3;OR2A4;LIMS2,0.944217682575173,,0.749136421583749,TRUE,""
IMmotion150,664,MDK;KCNJ15;RAMP2;AC012236.1;BTG2,0.94593491819868,,0.784616054928797,TRUE,""
IMmotion150,665,SPATA18;CXADR;CLEC14A;C2orf16;PDE7B,1.0044718871917,,0.981706882102915,FALSE,""
IMmotion150,666,CDCP1;JPH2;NOL3;AC015802.6;FAM83D,1.26692944432877,,0.247955832039565,FALSE,""
IMmotion150,667,MAP2;PYCR1;MAP3K7CL;ART5;SNORA18,1.43567124613499,,0.055686961046607,FALSE,""
IMmotion150,668,PCDHB12;PDZRN3;PTGDR;KRT36;ELOVL6,0.813810838506514,,0.26880270066554,TRUE,""
IMmotion150,669,STEAP4;WDR53;NBL1;AC142381.1;SMAD6,0.909610388981551,,0.621841643988625,TRUE,""
IMmotion150,670,BICDL1;IKBKG;EML6;IGHV3OR16-9;TRIM36,0.702224302680113,,0.0717783655618135,TRUE,""
IMmotion150,671,EGR2;MSANTD3-TMEFF1;MMP11;TSIX;CEL,0.955275772097764,,0.818856966153852,TRUE,""
IMmotion150,672,AFF3;PPCDC;LZTS1;SNORD26;ZNF433,1.06055041272081,,0.728651054260095,FALSE,""
IMmotion150,673,PCDHGB2;CCL14;FAM83D;DGKK;PIGAP1,1.14195563272257,,0.50087736321774,FALSE,""
IMmotion150,674,PCDHB11;HOXA5;LINC02449;LINC00242;TPPP3,1.0416880810271,,0.823270356324244,FALSE,""
IMmotion150,675,LDLR;PCDHGA2;SARDH;EFCAB10;LINC02449,1.25837139564755,,0.22682923866299,FALSE,""
IMmotion150,676,PPFIA4;IGF2BP2;HCST;LHCGR;ZSCAN18,0.803475928609203,,0.288309258223774,TRUE,""
IMmotion150,677,JAM3;LAMP3;PPP1R16B;XKR3;CISH,0.675866432733307,,0.0637720863888912,TRUE,""
IMmotion150,678,ABCA6;SLC5A4;ZWINT;GATA5;CENPK,1.12280985925077,,0.583350990886982,FALSE,""
IMmotion150,679,ITGA8;AC009093.9;RALGPS1;TUBB8B;PLEK2,0.962193818374081,,0.813444805141221,TRUE,""
IMmotion150,680,IRS2;TSSC2;MOB4;AC021146.1;DECR2,0.995556824892135,,0.981631161193409,TRUE,""
IMmotion150,681,MST1;NRG1;RDH5;AHSP;DNM1P46,1.10925726386316,,0.593308698307824,FALSE,""
IMmotion150,682,BUB1;OSGIN1;SNORA6;SNORD116-29;CCNJL,1.18764762917627,,0.390977052722776,FALSE,""
IMmotion150,683,APOC1;CCDC68;KCNS3;AC104411.1;CLEC4A,0.711165745256438,,0.0954138306151513,TRUE,""
IMmotion150,684,SNAI2;GATA3;AC138696.1;SHISAL1;HOXB6,0.841275453240992,,0.412797087568174,TRUE,""
IMmotion150,685,HGF;KBTBD3;GAL3ST4;KLF17;TP53INP2,0.868490502074204,,0.46950731328886,TRUE,""
IMmotion150,686,CAVIN2;UBE2T;GFOD1;CPB2;PDCD1LG2,0.790399504276416,,0.271229889676771,TRUE,""
IMmotion150,687,HYDIN2;LIPC;MACROH2A2;CWH43;SNORA59B,0.678610772110186,,0.043697469481864,TRUE,""
IMmotion150,688,CD248;EXO1;CPNE5;TDGF1;CSTA,1.07451245153749,,0.721765178491284,FALSE,""
IMmotion150,689,THSD4;FLRT2;AD000090.1;FAM151A;GZMA,0.726482851040151,,0.101674047350968,TRUE,""
IMmotion150,690,NETO2;PDZRN3;C1QTNF3;SH3GL2;GPT2,1.33589843886203,,0.171273004039918,FALSE,""
IMmotion150,691,CD3E;LRCH2;TSPAN2;CNTN2;SPSB1,0.857143233448728,,0.431280029975784,TRUE,""
IMmotion150,692,SNORA21;ILDR1;SPSB1;SCN2B;CD28,0.995492976378151,,0.981929182022546,TRUE,""
IMmotion150,693,DENND2A;CGREF1;IL21R;GATA5;CYP2S1,0.831572167553005,,0.372577544545727,TRUE,""
IMmotion150,694,BAIAP2L1;GPR160;GZMA;PEBP4;CETP,0.745558111496081,,0.117276899263514,TRUE,""
IMmotion150,695,PTER;MT-ND4L;TSPOAP1;GOLGA6L6;DUSP7,0.718496010732096,,0.0724488898571462,TRUE,""
IMmotion150,696,GBP5;LAG3;MFAP3L;KIR2DL1;PATL2,0.548166236329825,,0.00235201253410475,TRUE,""
IMmotion150,697,KLF5;HOXA6;HCST;SERPINA7;AL590399.1,0.780097504766538,,0.197080623526045,TRUE,""
IMmotion150,698,CCL2;CX3CR1;CENPU;RPL36AP33;RPS2P46,0.934913190103747,,0.711422364359264,TRUE,""
IMmotion150,699,CD163L1;TBCEL-TECTA;LINC01138;CACNG4;RPS20P14,1.23387837140604,,0.348811797699751,FALSE,""
IMmotion150,700,DLL1;GRM8;PLEK2;FCRLA;HSPD1P4,0.858458631198344,,0.41971839322239,TRUE,""
IMmotion150,701,PHGDH;CCN3;P2RY8;SLC34A3;SNORD16,1.09632639929164,,0.633412726416147,FALSE,""
IMmotion150,702,TBX3;MSANTD3-TMEFF1;TEKT4P2;NBEAP6;RAD51,0.846542491949079,,0.50590289939879,TRUE,""
IMmotion150,703,TSPAN13;CDCA7;GADD45B;AL136982.7;HAPLN3,0.950606203707046,,0.807395798667777,TRUE,""
IMmotion150,704,ADAMTSL3;CCN3;C17orf97;ZNF355P;EBF4,0.842491956613121,,0.395680448808619,TRUE,""
IMmotion150,705,ZNF704;SLC29A4;C1QTNF3;BIK;PRELID2,1.23839768330587,,0.307904904960353,FALSE,""
IMmotion150,706,KIF26B;MT1L;CEBPA;COL2A1;AC112777.1,0.918112731436658,,0.640949556050346,TRUE,""
IMmotion150,707,MAP3K21;HSD11B2;MILR1;ART3;NAALADL2,1.02817313423802,,0.890844343974666,FALSE,""
IMmotion150,708,CCL4;RIMBP3;ADORA3;NKAIN4;RSAD2,0.541553272034612,,0.00169894788665523,TRUE,""
IMmotion150,709,TSPAN13;PYGM;THSD1;LHX4;SNORA3A,1.21866874093712,,0.31090963854224,FALSE,""
IMmotion150,710,FAM149A;MARVELD2;KLRD1;KRT72;ADCY1,1.00143261390444,,0.994526754046688,FALSE,""
IMmotion150,711,PSD3;CST7;AKR1E2;USP41;FSTL3,0.861529453134717,,0.441151567244664,TRUE,""
IMmotion150,712,H2BC17;PMS2P7;SEPTIN1;SYT14;FSTL3,0.630312170378706,,0.0230732527369842,TRUE,""
IMmotion150,713,DENND2A;GPR174;MTFP1;AC012531.2;TMC4,1.17307018175113,,0.439189948185934,FALSE,""
IMmotion150,714,LAMB3;CGREF1;AGBL2;CLDN19;TNFRSF10C,1.08005798654282,,0.716573467209128,FALSE,""
IMmotion150,715,FER1L4;TPD52L1;MAN1C1;UBTFL5;KLF4,1.07955144765539,,0.687677746570133,FALSE,""
IMmotion150,716,TRIM9;FLT3;E2F7;OR52N1;MACROD2,0.805067729376234,,0.256111223030111,TRUE,""
IMmotion150,717,PLEKHA6;PPFIA2;AL158050.1;VWA5B1;PCDHB4,0.768279913001396,,0.169951195093065,TRUE,""
IMmotion150,718,GCNA;IL17RD;MAD2L1;ARX;IL2RB,0.695148187257666,,0.0658989345939135,TRUE,""
IMmotion150,719,ALOX5AP;PPFIA2;RASSF7;PAOX;PCDHGB8P,0.898751230002645,,0.571847936131109,TRUE,""
IMmotion150,720,EGR2;PPFIA2;APCDD1;P2RX3;PPP1R16B,0.811210919947953,,0.311775534542687,TRUE,""
IMmotion150,721,CCL4;EBF2;WASF3;AL445665.1;NRXN2,0.869628685037759,,0.47384578598266,TRUE,""
IMmotion150,722,SCARNA4;TBKBP1;NEIL1;ZG16B;CEBPA,0.911585988045292,,0.636481458561229,TRUE,""
IMmotion150,723,MT-ND1;XRCC3;HEYL;GOLGA6L7;PRAM1,0.740925523282806,,0.145689581689688,TRUE,""
IMmotion150,724,FER1L4;TGFB2;ST6GALNAC6;AC023590.1;LINGO1,1.13776160798114,,0.498412678060834,FALSE,""
IMmotion150,725,ABCA6;AP000654.1;SSPOP;AACSP1;STON1,0.750539705297332,,0.120637142967349,TRUE,""
IMmotion150,726,ABCB4;SLC12A8;SCUBE2;CTNNA2;DTX2P1,0.719845363958394,,0.0880408932626576,TRUE,""
IMmotion150,727,KDELR3;TBX15;RAB38;NYX;ADCY1,1.35819073167171,,0.116540311027194,FALSE,""
IMmotion150,728,PDGFD;METTL7B;DEPP1;INSRR;ZNF415,1.03171358656253,,0.862540301624819,FALSE,""
IMmotion150,729,MAP7;NPIPB8;ZDHHC11;DRC1;SNORA71A,0.860754655691273,,0.44798333430968,TRUE,""
IMmotion150,730,ANGPT2;GRM8;RTP4;PTPRT;GFOD1,0.731834580381531,,0.0864744335325763,TRUE,""
IMmotion150,731,GOLGA8M;CXADR;MCM10;STH;PTCH2,1.47430366429475,,0.0662113590659866,FALSE,""
IMmotion150,732,CDH23;AC048382.2;MAP3K7CL;PKP4P1;HSPD1P4,0.952772917024432,,0.775119158077145,TRUE,""
IMmotion150,733,MDK;SIRPG;PSORS1C1;HSPB3;PCED1B,0.58504015446823,,0.0052225975250002,TRUE,""
IMmotion150,734,PCDHB12;TBKBP1;RDH13;HNRNPA3P1;H2BC3,1.11066754776939,,0.587950919194982,FALSE,""
IMmotion150,735,KIT;DPY19L2P2;GOLGA8K;KIF1A;PTPN7,0.666441572205603,,0.0548103325761415,TRUE,""
IMmotion150,736,FBP1;CTSW;LRATD1;C4orf54;CEBPA,0.636722289677985,,0.0243356643229743,TRUE,""
IMmotion150,737,CCL2;SLC6A16;MTHFS;TRAV36DV7;UST,0.745504058872428,,0.134273845662271,TRUE,""
IMmotion150,738,MAP3K21;GPR160;IL4I1;AC091564.3;FEZ1,0.809980916585516,,0.302369213467552,TRUE,""
IMmotion150,739,ANGPT2;NELL2;COL9A2;MND1;ZNF483,0.728964024382617,,0.0989977532806605,TRUE,""
IMmotion150,740,OLFML3;FAM86C2P;ANGPT1;IGKV2D-40;SLAMF6,0.717551009483524,,0.0907932067993942,TRUE,""
IMmotion150,741,ZFPM2;SPEG;AC068580.4;FOLR3;LSR,1.0859879278377,,0.681304922636176,FALSE,""
IMmotion150,742,PTTG1;RTKN2;ZSCAN18;SYT14;SEMA7A,0.947548848425105,,0.784121869101862,TRUE,""
IMmotion150,743,ACP5;FNDC4;RDH13;RNASE10;ZDHHC11,0.860493201308361,,0.448736886014061,TRUE,""
IMmotion150,744,PBLD;KIF17;MARCHF3;RPS4XP5;PAFAH1B3,1.08031090208156,,0.732124462716765,FALSE,""
IMmotion150,745,PCDH17;PWP2;MAP3K9;LGI1;LRP8,1.16171323917022,,0.45584528523878,FALSE,""
IMmotion150,746,SDHAP2;TRPM6;LYVE1;CHGA;IQCC,1.05186303164699,,0.794402143294693,FALSE,""
IMmotion150,747,TLR7;AC009078.3;RBKS;ONECUT2;SCHIP1,0.863490125409027,,0.411511804327264,TRUE,""
IMmotion150,748,ADAMTSL3;CREB3L1;FAM174B;AC005225.2;P2RY8,0.972101260674583,,0.877397576422185,TRUE,""
IMmotion150,749,IFI27;NDC80;HLA-DOB;SERPINB2;SAMD3,0.533233754455536,,0.00129462596056016,TRUE,""
IMmotion150,750,FILIP1;XRCC3;ASTN2;TM4SF4;MEFV,0.761451142172726,,0.107149878472594,TRUE,""
IMmotion150,751,GBP5;PIP5K1B;ABTB2;TUBAP8;P2RY13,0.555492167957632,,0.00180840295623539,TRUE,""
IMmotion150,752,ALDH1L2;PET117;SNORA72;SLC12A5-AS1;LILRB5,0.942961136087957,,0.775386978002325,TRUE,""
IMmotion150,753,C11orf96;RNF152;TTC25;LEMD1;PCDHGA5,1.15248826262696,,0.489095790488821,FALSE,""
IMmotion150,754,PDLIM3;EPHB1;ST6GALNAC6;AC106017.1;TLR8,1.02046936443834,,0.91656693813409,FALSE,""
IMmotion150,755,RRM2;PCOLCE2;BRSK1;AGKP1;ENO3,1.02362917023669,,0.913602177915772,FALSE,""
IMmotion150,756,RETREG1;CATSPER3;RPL23AP32;TRAV6;KIFC1,0.585630465394987,,0.0150506509580446,TRUE,""
IMmotion150,757,CSRP2;AC104452.1;PRTFDC1;PRSS3;JAM2,1.04070663831993,,0.842625001983677,FALSE,""
IMmotion150,758,CD3D;RCAN2;PRTG;CLCN1;PANK1,0.921022342305034,,0.679711342850614,TRUE,""
IMmotion150,759,NAV3;ZSWIM5;SNORA6;UGT2B17;AC136632.1,0.79889511550343,,0.230392183112759,TRUE,""
IMmotion150,760,GOLGA8M;AL162417.1;PGM5;SNORD116-18;SLC22A4,0.675610081720928,,0.0382158531509141,TRUE,""
IMmotion150,761,HYDIN;ADGRD1;PSORS1C1;AC096536.2;SECTM1,0.670549295039496,,0.0319071580929648,TRUE,""
IMmotion150,762,FILIP1;FAM72B;MSS51;TRBV25-1;CYGB,0.783846557179856,,0.225561253130951,TRUE,""
IMmotion150,763,SNORA31;LAG3;SHE;AC092587.1;FAM184A,0.718891309765362,,0.0912479358435638,TRUE,""
IMmotion150,764,SGIP1;GZMB;ARHGEF15;MUC6;KLF2,0.955869974708342,,0.818736727387306,TRUE,""
IMmotion150,765,PC;HUNK;H3C2;RPL21P39;WASF3,1.19135190898354,,0.355648415845584,FALSE,""
IMmotion150,766,BCAT1;CDA;SNORA14A;TFAP2C;BMERB1,1.15561814344978,,0.474107855034255,FALSE,""
IMmotion150,767,SDK1;FAM241A;SEMA7A;ITLN1;CDK1,0.841378563338022,,0.39788431134014,TRUE,""
IMmotion150,768,MT-ATP6;FAM72B;HLA-DOB;SNORD63;SIK1,0.622889678651514,,0.0195669988956607,TRUE,""
IMmotion150,769,BAIAP2L1;QPCT;SNORD116-14;SNORD115-30;LRP8,0.900588485970668,,0.590199214123769,TRUE,""
IMmotion150,770,ZNF521;SNCAIP;FHAD1;KERA;CCNJL,0.739911780570931,,0.181660560510119,TRUE,""
IMmotion150,771,AKAP6;PLXNB3;FCN1;TRAV10;STAC3,0.736851265398113,,0.116828117161689,TRUE,""
IMmotion150,772,MT-CO3;BCL2A1;RFTN2;DHX40P1;SMAD6,0.868108098599934,,0.469093418787014,TRUE,""
IMmotion150,773,TRPC6;TCIM;SNORA16A;RNU1-3;ENO3,1.07359140669245,,0.718969435045427,FALSE,""
IMmotion150,774,SPNS2;ERV3-1;ZDHHC23;AC124067.4;TMC7,1.12189516547325,,0.528268807558203,FALSE,""
IMmotion150,775,DKK3;ICOS;CSTA;HTR4;HEY1,0.924475499973848,,0.718276920923814,TRUE,""
IMmotion150,776,ACP5;CARMIL2;HLA-DOA;CHGA;GRAP2,0.574600303301199,,0.00591465208603408,TRUE,""
IMmotion150,777,ETV1;DYNC1I1;H2BC14;SH3GL1P2;NLRC4,0.764894435057675,,0.173445180734041,TRUE,""
IMmotion150,778,PLAUR;FKBP14;AGER;TERF1P7;RAI2,0.598132700034161,,0.014351728037735,TRUE,""
IMmotion150,779,RRM2;CTAGE3P;TSPAN5;NTS;TRIM36,1.19904991485638,,0.396794521688838,FALSE,""
IMmotion150,780,MEIS1;MFAP2;CDH24;AC078899.4;ST6GALNAC6,1.12773666070305,,0.533207925580274,FALSE,""
IMmotion150,781,APBA2;ZMYND19;RHOD;KRT19P1;MREG,0.855588424087053,,0.415007700974423,TRUE,""
IMmotion150,782,ANLN;SIRPG;ZFP2;AC005540.1;SLC6A9,0.808321730155043,,0.250273481237821,TRUE,""
IMmotion150,783,SNORD116-6;AC079594.1;TREM2;PCP2;UST,0.73032250602849,,0.106755835961958,TRUE,""
IMmotion150,784,KLF5;ROR2;CATSPERG;UROC1;RDH13,1.08318048444342,,0.692554494454506,FALSE,""
IMmotion150,785,CD163L1;DYNC1I1;ZSCAN31;DCLRE1CP1;ZNF502,0.779812306698273,,0.212424717438719,TRUE,""
IMmotion150,786,EIF2S2P4;MXRA7P1;HSPB2;GPRIN2;RAB37,0.945745265512243,,0.780328865924714,TRUE,""
IMmotion150,787,PLA2G7;PCDHB5;NRXN3;LUZP2;HLA-DOB,0.770771492839702,,0.177548115200958,TRUE,""
IMmotion150,788,ANKS1B;SRR;OPLAH;ANGPTL5;EMILIN1,1.08701992238833,,0.637754032378706,FALSE,""
IMmotion150,789,MYOM1;P2RY10;HOMER1;FGF7P3;DNAJC6,0.851473126557436,,0.388956469447334,TRUE,""
IMmotion150,790,SEZ6L2;CNTN4;PRELID3A;XKR4;TM7SF2,1.17765092684054,,0.385069059881896,FALSE,""
IMmotion150,791,MT-ATP6;EML5;TMC4;KLC3;GPT2,0.844053726113155,,0.403321955130445,TRUE,""
IMmotion150,792,IL7R;USP18;MICU3;UGT2B15;FAM13C,0.65875899029343,,0.0353032186577448,TRUE,""
IMmotion150,793,PCDHGB4;DYNC1I1;AL590399.1;KRT19P1;EMILIN1,0.932774892036095,,0.710379737360028,TRUE,""
IMmotion150,794,MOCOS;COL24A1;ENO3;AC015911.9;PRTG,0.864625791556595,,0.484296897657993,TRUE,""
IMmotion150,795,SCIN;CLEC12A;HOXA4;AGGF1P2;NBL1,0.719751665177781,,0.0738974972215823,TRUE,""
IMmotion150,796,KLF5;ACP3;NEURL1B;GYPB;KIF15,1.02262229310414,,0.908633233564029,FALSE,""
IMmotion150,797,IFI44L;MFAP2;PCDHB7;TFAP2C;CCDC9B,0.889626989330297,,0.539566629433098,TRUE,""
IMmotion150,798,HYDIN;PLCD4;ARHGEF15;CPN2;CETP,1.15112815546307,,0.480803401571626,FALSE,""
IMmotion150,799,SELL;DNAJC19P9;H3C7;CRP;TM9SF1,0.99022108819416,,0.963330479786926,TRUE,""
IMmotion150,800,IQGAP3;EGF;CDKN3;NPY4R2;CD180,0.719927795071617,,0.0967865835108014,TRUE,""
IMmotion150,801,CCDC146;TRBC1;RDH5;HBD;ZNF334,1.17899698003773,,0.401962634070597,FALSE,""
IMmotion150,802,PLAU;BAIAP3;SEC14L2;IGKV1D-17;ZSCAN31,0.896950827414428,,0.573624987295488,TRUE,""
IMmotion150,803,MT-CYB;CCL14;TRIB3;SLC6A15;RUNX1T1,1.16033504279504,,0.435531860828861,FALSE,""
IMmotion150,804,STEAP4;SLC19A3;RPL23AP32;GDF5;KIAA1614,1.02122056042871,,0.916016814086012,FALSE,""
IMmotion150,805,PCDHB12;ZNF727;CISH;PGM5P2;NEURL1B,0.83689915617728,,0.374152332837074,TRUE,""
IMmotion150,806,THSD4;RPP14;CD247;DUSP5P1;E2F8,0.698295884105825,,0.0749337149951831,TRUE,""
IMmotion150,807,ALPK3;MYOM2;RASSF7;PEX5L;NBL1,0.716118753096793,,0.107277351216136,TRUE,""
IMmotion150,808,PLVAP;PRLR;MEFV;MMP3;C1orf131,0.777516207507133,,0.198385971214502,TRUE,""
IMmotion150,809,ADAM22;PEG10;ZNF214;MKRN7P;BMP4,1.43597707616275,,0.0679134463064955,FALSE,""
IMmotion150,810,TRO;AC009078.3;PTPN7;AC074386.1;CPNE5,0.7926806784352,,0.170587889338788,TRUE,""
IMmotion150,811,HKDC1;FDXACB1;POLQ;HNRNPA1P15;SNORA59A,0.951191904196292,,0.80716273380475,TRUE,""
IMmotion150,812,SMOC2;GRM8;HOXA3;HPDL;DIPK2B,1.3806082764688,,0.10766611945192,FALSE,""
IMmotion150,813,MATN2;PAQR5;ORC1;NBPF7;SLC39A4,1.22854800138663,,0.301874237837049,FALSE,""
IMmotion150,814,ZFPM2;ZFYVE21;ZNF662;ZIC5;TSGA10,1.12006045361673,,0.593465992235408,FALSE,""
IMmotion150,815,FBP1;TBCEL-TECTA;MAFB;AKR1C5P;TBXA2R,0.923352553061335,,0.710697113059608,TRUE,""
IMmotion150,816,VEPH1;ADAM1A;CLCN4;HMGA1P3;CYYR1,1.28947843593383,,0.199994088765016,FALSE,""
IMmotion150,817,PCOLCE;EPHB1;ZNF816-ZNF321P;TUBB8;PDCD1LG2,0.799012808428196,,0.289685388200993,TRUE,""
IMmotion150,818,MTARC2;RNF152;EMILIN1;DHX40P1;KYAT1,1.38790082571048,,0.111331946116613,FALSE,""
IMmotion150,819,TSPAN13;AL627309.6;GJA4;GPRIN2;SNORD67,1.11336281494264,,0.554479981992751,FALSE,""
IMmotion150,820,FBP1;PWAR5;PRKAR2B;AC093583.1;SHCBP1,0.678001574657819,,0.0741637513990642,TRUE,""
IMmotion150,821,BAIAP2L1;AL731577.2;FAM111B;PCDHA1;SLC6A9,1.00285765347851,,0.988244081563749,FALSE,""
IMmotion150,822,PTTG1;CCSAP;GRAP2;OR1S1;LIMS2,0.791231910806431,,0.23404856601814,TRUE,""
IMmotion150,823,ADAMTSL3;ISCA1P1;LSR;PGAM1P4;PIM2,0.888191845305019,,0.54482763996584,TRUE,""
IMmotion150,824,ZNF521;SNCAIP;CFAP70;PMCH;TICRR,0.881229250632755,,0.504181223182682,TRUE,""
IMmotion150,825,HSPA7;DPY19L2P2;TNFRSF11A;RERGL;MCM10,0.833727401709349,,0.327097287104981,TRUE,""
IMmotion150,826,TPX2;CDS1;TSHZ2;WSCD2;KLF4,0.812813221066769,,0.290249143531904,TRUE,""
IMmotion150,827,ANKS1B;AC002470.2;CASS4;ZNF192P1;CACNB2,0.726522236934986,,0.0966374310706744,TRUE,""
IMmotion150,828,TTC39A;SLC9A3;RPL32P3;PPIAP40;DOK2,0.738523782989393,,0.116643746449443,TRUE,""
IMmotion150,829,FAM83H;CATSPER3;HSPB2;AC019294.1;TECTA,0.985584686543424,,0.947328818947148,TRUE,""
IMmotion150,830,EDNRB;SLC29A4;AL031727.1;CDC27P1;BTG2,0.991949409638373,,0.968747374805175,TRUE,""
IMmotion150,831,ADM;CHMP4BP1;CDH24;TPSG1;S1PR2,1.11480148515872,,0.619692852732143,FALSE,""
IMmotion150,832,NOSTRIN;LIN7A;KIF15;CHODL;RFLNB,0.817386848780119,,0.291855388144549,TRUE,""
IMmotion150,833,PCDHB16;ASS1P1;SLC2A3P2;CCR9;TIGD2,0.711855323905984,,0.0687296386880872,TRUE,""
IMmotion150,834,NFASC;ENPP5;TSPOAP1;GALNT9;PTPN7,0.731632558082073,,0.120386212898999,TRUE,""
IMmotion150,835,FILIP1;CXADR;VWA1;AC007663.1;HEY2,1.59850327810048,,0.0236347061754753,FALSE,""
IMmotion150,836,SNORD116-6;SNORA64;LOXL4;LINC01159;PRTFDC1,0.875876433539848,,0.504473923934915,TRUE,""
IMmotion150,837,APOC1;AC138894.1;KCNK5;AC025279.2;LETM2,0.690519258349186,,0.107615299612833,TRUE,""
IMmotion150,838,TPX2;EPHA1;ACOX2;AC091390.1;CACNB2,1.00279110787455,,0.989571200686215,FALSE,""
IMmotion150,839,GBP5;PCDHB19P;CYYR1;AC008758.5;LRATD1,1.02272784475138,,0.904885345174198,FALSE,""
IMmotion150,840,PLCH1;FAM133DP;RCAN3;RPL23AP60;SLC6A1,0.535403519409346,,0.00108589177817772,TRUE,""
IMmotion150,841,CCDC146;VANGL2;P2RY6;AC022494.1;AC004997.1,0.813964464051295,,0.293874694730567,TRUE,""
IMmotion150,842,FHL2;MARVELD2;FAM133CP;CRHR1;RAI2,1.09873765536139,,0.670980876199101,FALSE,""
IMmotion150,843,THSD4;B4GALNT3;SNHG17;AC010422.7;CIDEB,1.04703902952365,,0.80344550628072,FALSE,""
IMmotion150,844,PLEKHA6;MT1F;FBXO17;SHROOM3-AS1;GNA15,1.1460869241939,,0.529637894359217,FALSE,""
IMmotion150,845,NR3C2;PPT2-EGFL8;ZNF433;ALOX12B;TSHZ2,0.748640584213675,,0.0864463572035274,TRUE,""
IMmotion150,846,FLG-AS1;NPHP3-ACAD11;CLCN4;SNORA74C-2;HSPB2,1.1852388210506,,0.372918307111318,FALSE,""
IMmotion150,847,NTN4;NTRK3;CELSR3;IGLV3-27;TPRG1,1.04507329484236,,0.817432610629281,FALSE,""
IMmotion150,848,HKDC1;MXRA7P1;AL096711.2;AC004148.1;MSC,1.25031623655921,,0.242681183845834,FALSE,""
IMmotion150,849,HYDIN2;KCP;NBL1;GOLGA6L11P;GRAP2,0.725449406594893,,0.108795748251768,TRUE,""
IMmotion150,850,PDE2A;CAPN12;HJURP;TMSB4Y;HENMT1,1.03981292431941,,0.844012715986671,FALSE,""
IMmotion150,851,ETV1;SNORA33;ENO3;AP005018.2;LRATD1,0.717373866286916,,0.108423763861385,TRUE,""
IMmotion150,852,CD209;WDR53;ADCY1;FAM90A2P;RSAD2,1.00357597818586,,0.986257210453496,FALSE,""
IMmotion150,853,ACSS3;PCDHB19P;ADAM8;OPN4;SLC22A15,0.787039371514488,,0.239198976924975,TRUE,""
IMmotion150,854,FAM149A;RRAD;SNORA72;VWA5B1;C1orf21,0.845952771541299,,0.454206224507158,TRUE,""
IMmotion150,855,IFI44L;RPL12P4;RDH5;PRSS21;ID1,0.569184045026498,,0.00301382235869248,TRUE,""
IMmotion150,856,PCDHB8;TRIM16L;ITGA10;AC012640.4;RCAN3,0.652518437174437,,0.0162227269217367,TRUE,""
IMmotion150,857,CEACAM1;AC022415.2;ZDHHC11;OR7E47P;IL15RA,0.70130810327857,,0.0715184828478481,TRUE,""
IMmotion150,858,FAT3;FAM86C2P;FHAD1;BCORP1;CAMK4,0.721039400167223,,0.120841826506736,TRUE,""
IMmotion150,859,FTH1P20;XKR9;ZWINT;RAB25;GOLGA8K,0.929245308045795,,0.697498459185386,TRUE,""
IMmotion150,860,RHOB;CNTN4;TTK;HMSD;NEFH,0.987885773901693,,0.950811998727231,TRUE,""
IMmotion150,861,ALDH1L2;IL1RL2;STAC3;CIB4;DIPK2B,0.789803964197363,,0.284581702061685,TRUE,""
IMmotion150,862,RETREG1;SRR;ANGPT1;MUSTN1;CATSPERE,0.741292160363996,,0.157774449749712,TRUE,""
IMmotion150,863,EMCN;S100A9;LRATD1;NRXN1;CCNJL,1.07051853009322,,0.719486213665473,FALSE,""
IMmotion150,864,NQO1;NCR3LG1;RGCC;RPL23AP47;ARMH4,0.920021717712993,,0.677008842668074,TRUE,""
IMmotion150,865,CCL5;INAVA;PLEK2;OR3A1;THRB,0.810803018815698,,0.230183997109922,TRUE,""
IMmotion150,866,PCDHB8;ZNF711;KLHL13;SOX2;SNORA72,1.30895909623335,,0.218761002049697,FALSE,""
IMmotion150,867,TRPC6;NELL2;JAM2;SMARCE1P2;SLC22A4,0.866293813338936,,0.43666053905436,TRUE,""
IMmotion150,868,HSPA7;PCDHA7;CETP;AC007952.3;KIF15,0.739009028092708,,0.12155473646251,TRUE,""
IMmotion150,869,PLEKHA7;EVPL;KLRD1;TRAV10;PTPN7,0.610807734746308,,0.0196820483012885,TRUE,""
IMmotion150,870,SNORA31;TNFRSF19;DAPK2;NEDD8-MDP1;THSD1,0.944064692653366,,0.785357237660007,TRUE,""
IMmotion150,871,SNAI2;CFAP94;IGFBP6;AC233968.1;TESC,0.893472487810546,,0.585403882230053,TRUE,""
IMmotion150,872,JAM3;AKR1C2;P2RY13;RPL17P34;H2BC3,1.02867056448105,,0.896778103900357,FALSE,""
IMmotion150,873,CD209;SRPX;KLRB1;KPNA7;FAM72A,1.10337979734862,,0.631015514251328,FALSE,""
IMmotion150,874,AKAP6;SRR;AGBL2;TRIM54;SOCS2,0.887510073887764,,0.509810450745785,TRUE,""
IMmotion150,875,LAMB3;MANEAL;LY86;KCNF1;CMKLR1,1.0246693003632,,0.90026939588607,FALSE,""
IMmotion150,876,CDH23;IGFBP2;BMP2;TBC1D26;HID1,1.1934446989527,,0.349911422227906,FALSE,""
IMmotion150,877,ZNF521;NDC80;CD33;SNORD116-27;SOCS3,0.914357830285975,,0.660774366087541,TRUE,""
IMmotion150,878,KLF5;AIM2;CMPK2;AVPR2;DNALI1,0.588297686370408,,0.00725888200183486,TRUE,""
IMmotion150,879,ITK;LAMP3;SPOCK2;AC132872.3;SYDE2,0.738385197000626,,0.135641559762068,TRUE,""
IMmotion150,880,CD209;ACTG2;ZNF334;GMNC;EML6,1.47875161617966,,0.0440487398072196,FALSE,""
IMmotion150,881,SCIN;ACTG1P14;SIRPB2;AL137798.3;ZNF491,0.716774143098249,,0.0638504562215575,TRUE,""
IMmotion150,882,BAIAP2L1;AL162417.1;TRGC2;GRID2;P2RY1,0.726864187965174,,0.101868311989643,TRUE,""
IMmotion150,883,NAV3;NELL2;EMP2;SLC5A8;CCR5,0.607711682237755,,0.00862570283053618,TRUE,""
IMmotion150,884,EIF2S2P4;PTN;HSPA6;TRIM74;VWA1,1.09096537455477,,0.692816983959259,FALSE,""
IMmotion150,885,PLCH1;AC233699.1;BANK1;AC010422.7;LIMS2,0.573692865798158,,0.0036844911223286,TRUE,""
IMmotion150,886,SMIM3;RHEBP2;CEBPD;MDGA2;SCHIP1,1.00955017765934,,0.960430578452715,FALSE,""
IMmotion150,887,TSKU;CHI3L2;CYYR1;COL20A1;OASL,1.28543147339438,,0.229667531576655,FALSE,""
IMmotion150,888,MDK;BCL2A1;GRAP2;AL160236.1;SNORD9,0.880568404180501,,0.527563954256384,TRUE,""
IMmotion150,889,TMEM91;BTNL9;SOCS3;AC106017.1;TM9SF1,1.45477999376417,,0.0569329130636631,FALSE,""
IMmotion150,890,ADAMTSL3;MAGEE1;FAM86DP;SNTG2;MAP3K7CL,0.87377010772966,,0.47178481520634,TRUE,""
IMmotion150,891,NPNT;AC093668.1;SNORA6;NLRP7;DNM1P46,0.772400963437108,,0.175322072776599,TRUE,""
IMmotion150,892,ANG;S100A9;TSHZ2;MUC2;DEPP1,1.0698767079229,,0.763853436442514,FALSE,""
IMmotion150,893,FN3K;PPFIA2;STK26;SRPK3;STAG3,0.86116165679029,,0.448746897197328,TRUE,""
IMmotion150,894,RRM2;SIDT1;FAHD2B;ASTN1;P2RY1,0.7472924696527,,0.138162560383481,TRUE,""
IMmotion150,895,TRBC2;PPCDC;PCDHGA8;F7;KBTBD8,0.523897033578943,,0.00325444157847754,TRUE,""
IMmotion150,896,PCDHGB2;RP9P;PAFAH1B3;SNORD115-32;COL9A2,0.717677791266813,,0.0995466735170611,TRUE,""
IMmotion150,897,NAV3;CBS;SNORA59B;LINC01597;CSTA,0.790294447745614,,0.21845909344654,TRUE,""
IMmotion150,898,STC1;CDC42BPG;RFLNB;C12orf50;PCDHGB3,1.15530402467788,,0.45875471577796,FALSE,""
IMmotion150,899,SGIP1;TENT5C;ADAMTS6;TNFRSF6B;AC015818.10,0.76554673892404,,0.181511738166197,TRUE,""
IMmotion150,900,H2BC9;CLDN7;P2RY13;AC106865.1;GINS1,0.693707787275757,,0.0811647686297487,TRUE,""
IMmotion150,901,CTAGE6;CST7;ATL1;RPL7P19;HLA-DOA,0.759675842438538,,0.135109823288634,TRUE,""
IMmotion150,902,H2BC17;CFAP43;MACROD2;KRT18P48;KCNK1,1.06552251404904,,0.735378229445037,FALSE,""
IMmotion150,903,FAT3;LOXHD1;MDGA1;OR4F8P;TSPAN2,1.28941286823988,,0.200949102407708,FALSE,""
IMmotion150,904,PTER;ENPP5;CCDC150;TRPM1;AS3MT,0.980573745908252,,0.919938132252773,TRUE,""
IMmotion150,905,ZNF704;RHEBP2;MARCHF3;AC109583.4;SCARNA8,1.07591058501392,,0.682218076331563,FALSE,""
IMmotion150,906,HOOK1;FAM86C2P;UHRF1;IGHV3-64D;PANK1,1.02554096607312,,0.906118972026083,FALSE,""
IMmotion150,907,GHR;CDC45;CD226;RNU1-2;BCL2,0.824274238501504,,0.320030508377101,TRUE,""
IMmotion150,908,MAP2;TBKBP1;SNORA16A;Z98751.2;ORC6,1.1913578870298,,0.344751064020364,FALSE,""
IMmotion150,909,REPS2;SNORA75;DGCR6;AC133065.2;HENMT1,0.991322337686647,,0.966083309968592,TRUE,""
IMmotion150,910,MXRA7;F3;CD33;CLCA2;C1QTNF3,0.977218013906648,,0.907587634114232,TRUE,""
IMmotion150,911,SSC5D;PPIAP2;SOX5;OR2L6P;TMEM132A,0.926319103880018,,0.689835739289749,TRUE,""
IMmotion150,912,NPNT;SPTB;RNF138P1;IGHV3-64;GLI2,0.921271057875762,,0.672484823401531,TRUE,""
IMmotion150,913,EPHX2;ZNF471;NR5A2;AC006486.2;MAN1C1,1.14542051004912,,0.495148555177713,FALSE,""
IMmotion150,914,TTC39A;IQCA1;RAB38;SEPTIN14P12;ZNF214,1.05576584863927,,0.788217302859646,FALSE,""
IMmotion150,915,SMOC2;P2RX1;C1QTNF3;GRP;RGCC,1.16132591552076,,0.439301346797527,FALSE,""
IMmotion150,916,SNORA31;ZNF665;ENO3;APOA1;SNORA50A,0.945808154868171,,0.793708529550541,TRUE,""
IMmotion150,917,AR;AP002373.1;PTCH2;TBC1D3P1;KIF2C,0.872758904646692,,0.514872238140503,TRUE,""
IMmotion150,918,FN3K;MDP1;PGAP4;XIRP2;FRMD3,0.801874479415241,,0.216449632032984,TRUE,""
IMmotion150,919,GCNA;USP18;AC004997.1;CYP4Z1;ABLIM2,0.902443720814356,,0.61947996459849,TRUE,""
IMmotion150,920,KIF4A;IRX3;CCNJL;SNORA36A;SLC2A3P2,0.974166329042903,,0.892494135588908,TRUE,""
IMmotion150,921,CSPG4;MT1L;IKZF3;GRHL2;EMP2,0.844512928961314,,0.403920605599732,TRUE,""
IMmotion150,922,ACP5;ZIK1;LRP8;AC087203.3;TMEM220,0.687645553616094,,0.0553545752145223,TRUE,""
IMmotion150,923,PC;GREB1;TSGA10;FBN3;GNA15,0.804671501054812,,0.286611689681952,TRUE,""
IMmotion150,924,MDK;HOXA5;HHEX;ART3;PCDHB4,0.816847446434245,,0.300079274003297,TRUE,""
IMmotion150,925,PARD6B;NAPSB;LOXL4;TTLL10-AS1;GGH,0.83593724298058,,0.373576625002374,TRUE,""
IMmotion150,926,EGR2;P2RY12;CIART;AC098935.1;SCAMP5,0.915145217309735,,0.640681207901073,TRUE,""
IMmotion150,927,PLA2G7;TPTEP2;IL4I1;NMBR;H2AC16,0.897658224430255,,0.60118809148184,TRUE,""
IMmotion150,928,SPATA18;MAGEE1;CLEC4A;LGSN;DUSP5,0.710464802813287,,0.0939171237279495,TRUE,""
IMmotion150,929,NQO1;SLC12A8;CIART;ANKRD2;FAM133CP,0.990146885835306,,0.961064731984043,TRUE,""
IMmotion150,930,ALOX5AP;RNF150;PCDHB7;AC078899.4;RAI2,0.854218827992162,,0.420837520008084,TRUE,""
IMmotion150,931,SERPINI1;CDC42BPG;NUAK2;OR2W3;RHOF,0.863408879913256,,0.472251014523176,TRUE,""
IMmotion150,932,STC1;GPR39;POLQ;AC008554.1;NEFH,0.904989831387155,,0.607140223285796,TRUE,""
IMmotion150,933,IL2RG;TSPAN7;TPPP3;TCF23;AL590399.1,0.915090943164973,,0.644416865451423,TRUE,""
IMmotion150,934,MXRA7;ZNF665;H3C13;AQP7P1;ZWINT,1.46704439141459,,0.102510445308935,FALSE,""
IMmotion150,935,OLR1;MAGEE1;SNCA;AC239801.1;TSHZ2,0.699197489479003,,0.0993030223291287,TRUE,""
IMmotion150,936,LRP4;SNORD104;CCR2;OR13C4;H1-5,0.887789747522541,,0.561043529966497,TRUE,""
IMmotion150,937,CSPG4;TRGC1;ENO3;AC109583.4;KLF4,0.848972298906236,,0.432373508345937,TRUE,""
IMmotion150,938,SNORA31;CACNA2D3;RGS18;FO082814.1;IGF1,0.991626090407187,,0.9632610609197,TRUE,""
IMmotion150,939,CCL4;MMP16;EMP2;SEPTIN7P9;PCDHGA4,0.982133971859419,,0.930939908959001,TRUE,""
IMmotion150,940,BCAT1;NRG1;ZDHHC23;CSDC2;HEYL,1.21540350060129,,0.336424602931752,FALSE,""
IMmotion150,941,CDCA2;MMP24;FAM83D;TWIST2;STK26,0.794146932065767,,0.263377752684978,TRUE,""
IMmotion150,942,CEACAM1;KLHL4;HOXD4;C2orf16;PCDHGA7,0.919025218044952,,0.681327600833801,TRUE,""
IMmotion150,943,ANLN;MXRA7P1;SYDE2;VPREB3;GRAP2,0.786927751441923,,0.250366741121502,TRUE,""
IMmotion150,944,SNORA61;SCN8A;NPIPA2;FAM3D;TEF,1.22864919274651,,0.269458516559626,FALSE,""
IMmotion150,945,SNORD116-1;SNORA33;CETP;AL450992.1;SNORA18,1.20737462646241,,0.363224461104704,FALSE,""
IMmotion150,946,RADX;USP18;IGFBP6;TRIM17;SLC6A1,0.772101217580523,,0.177321611416765,TRUE,""
IMmotion150,947,SNORA61;BEND5;ABCA10;SLC25A48;PCDH18,1.22311616615797,,0.315065582486911,FALSE,""
IMmotion150,948,RASL11A;UBE2T;RTL5;RPS14P4;ADAMTS3,0.857428433722047,,0.461729918303106,TRUE,""
IMmotion150,949,DLL4;MFSD2A;SLC17A9;IGHV3OR16-8;RAD54L,1.07420868321217,,0.720693646672195,FALSE,""
IMmotion150,950,BUB1;ZNF727;SLAMF6;HSFY1;AC004997.1,0.766160171923606,,0.16983802434189,TRUE,""
IMmotion150,951,PCDH17;GPR174;PIK3R6;PAX9;ZNF300,0.638842208870209,,0.0210771045658453,TRUE,""
IMmotion150,952,GOLGA8M;IGF2BP2;AC112777.1;TMEM61;GOLGA2P5,0.903530028301605,,0.581422660257803,TRUE,""
IMmotion150,953,MAP3K21;SLC19A3;RNLS;AC007537.1;GNA15,1.16467429631944,,0.466076200484284,FALSE,""
IMmotion150,954,CCL5;HOMER2;PYHIN1;ELANE;SNORA60,0.618574426467701,,0.015858188449934,TRUE,""
IMmotion150,955,EIF2S2P4;PCDHGB1;FAM72A;URAHP;HOXA3,0.762006505179051,,0.288325591692637,TRUE,""
IMmotion150,956,LIF;HYAL1;FAHD2B;SYT10;H3C2,1.14982094652398,,0.490170356344729,FALSE,""
IMmotion150,957,AK4;MST1P2;SNORA14A;RHO;PAFAH1B3,1.22753735777421,,0.316138190055424,FALSE,""
IMmotion150,958,BUB1B;GLB1L2;CC2D2B;VXN;Telomerase-vert,0.880671097389618,,0.526709076409639,TRUE,""
IMmotion150,959,CCL3;ADRA1B;FAM160A1;EDN3;GALNT3,0.931371538464268,,0.715748040815254,TRUE,""
IMmotion150,960,DLL4;CCDC136;CD52;HHATL;IGSF9B,0.845810986360713,,0.357090728027937,TRUE,""
IMmotion150,961,ALDH1L2;MAGEE1;BAMBI;RPL7L1P11;AS3MT,0.792539303140203,,0.218817495160489,TRUE,""
IMmotion150,962,SNORA61;COL24A1;KLRB1;RPL17P34;MEFV,0.872852245012216,,0.500996842945866,TRUE,""
IMmotion150,963,PKD1P5;PLAC8;SNORA59B;AC099811.2;CD83,0.906278682527072,,0.588949039075307,TRUE,""
IMmotion150,964,SSC5D;PDZRN3;TREM2;UGT1A11P;PRAM1,0.759708755171359,,0.136417932432358,TRUE,""
IMmotion150,965,HKDC1;SLC9A3;CELSR3;SLFN14;RTP4,1.0209656912422,,0.919074443319239,FALSE,""
IMmotion150,966,SMIM3;BORCS8-MEF2B;RHOD;KRT8P34;SNORA6,1.01568426071434,,0.933825565324547,FALSE,""
IMmotion150,967,FBLN2;ECHDC3;ENO3;MYLPF;B4GALT6,0.966852079896252,,0.870197768701133,TRUE,""
IMmotion150,968,SNORD118;DCDC1;LINC01002;AL139260.3;PPM1H,0.911737481224483,,0.652960461648584,TRUE,""
IMmotion150,969,CD2;IL1R2;RTP4;MUSTN1;ZNF660,0.704286223483293,,0.0572194128010175,TRUE,""
IMmotion150,970,PSD3;SURF2;ZNF470;AL033384.1;LRP8,0.920003813461815,,0.712815100233931,TRUE,""
IMmotion150,971,MOCOS;FLT3;AC021078.1;RPL10P1;DACT1,1.2099196687352,,0.31411258121939,FALSE,""
IMmotion150,972,MOCOS;PCOLCE2;GRAP2;A4GNT;HEY2,1.03859427129485,,0.843018725487464,FALSE,""
IMmotion150,973,MXRA8;USP18;ZNF662;TP53TG3;P2RY6,0.935866935919096,,0.73880958256817,TRUE,""
IMmotion150,974,EMCN;EPHA1;GPAT3;PVRIG;GOLGA6L3,0.874678447647486,,0.515707958738105,TRUE,""
IMmotion150,975,ZNF395;STEAP1;CASZ1;AC007952.3;SLAMF8,0.861817806036708,,0.418496124664304,TRUE,""
IMmotion150,976,CD248;AL731577.2;ATP8B3;AL355303.2;SECTM1,0.826284564432913,,0.327238442608582,TRUE,""
IMmotion150,977,SERPINI1;CLEC3B;GAL3ST4;BCAN;PGM5,1.03187378503499,,0.877693436701787,FALSE,""
IMmotion150,978,GRAMD1B;TRIM45;CHRD;KCNA1;THEMIS,0.742673499080386,,0.13854746028852,TRUE,""
IMmotion150,979,BUB1B;KIF17;KIFC1;DSC3;EMP2,1.04835096668204,,0.825106383844958,FALSE,""
IMmotion150,980,SGPP2;PYCR1;GRIP1;NDST3;RNF144A,0.818567108145362,,0.320902251327297,TRUE,""
IMmotion150,981,ABCA9;CFAP251;KCNK1;TSLP;SNORA10,1.20560835837688,,0.37189805011456,FALSE,""
IMmotion150,982,FPR1;TRIM16L;DNALI1;PANX2;OPLAH,1.03578507819395,,0.8613508648671,FALSE,""
IMmotion150,983,COL4A4;AC023055.1;AGBL2;IGHV3-64;STEAP2,0.709244033253363,,0.13140509302254,TRUE,""
IMmotion150,984,OLFML2A;MYBL2;CDH24;RXRG;GRAPL,1.30777734124544,,0.178428470718324,FALSE,""
IMmotion150,985,CDCP1;GOLGA8H;CMKLR1;AC015688.4;DIPK2B,0.727081264337134,,0.105689891848165,TRUE,""
IMmotion150,986,NTN4;KBTBD3;GRHL1;ANAPC1P4;SPOCK2,0.879271570487562,,0.450386092260167,TRUE,""
IMmotion150,987,SMOC2;NSUN7;LINC01138;TYRP1;SNORA16A,0.82026695013248,,0.351661727504002,TRUE,""
IMmotion150,988,EPHX2;UBE2T;GPR34;CYP2B6;MSS51,0.762978687964536,,0.206706839702044,TRUE,""
IMmotion150,989,CCL4;PWAR5;HEYL;STMN2;ARHGEF15,0.844125988801513,,0.365435716834946,TRUE,""
IMmotion150,990,KIF23;CFAP43;CCDC110;RIIAD1;RSAD2,0.720000462609308,,0.104694825003315,TRUE,""
IMmotion150,991,ALPK3;KIF17;LRP3;AC091167.2;DRC3,0.762837150640978,,0.136162673793571,TRUE,""
IMmotion150,992,ABCA9;ZNF215;AGER;AC013717.1;ANKRD23,1.01161019439586,,0.95088934784755,FALSE,""
IMmotion150,993,PDLIM3;TRIM45;MAD2L1;LGALS9C;ZNF578,1.11099023109676,,0.604187460925752,FALSE,""
IMmotion150,994,ZNF90;IQCA1;GADD45B;GDF10;RANBP17,0.97099119748752,,0.876626064031938,TRUE,""
IMmotion150,995,RGPD3;COX7A1;SNORD116-14;SYCE3;MAN1C1,0.92867200711317,,0.699760149748225,TRUE,""
IMmotion150,996,BOC;ACTG2;TREM2;CRHR1;ARVCF,0.999026216282427,,0.996217140597451,TRUE,""
IMmotion150,997,EPHA3;SLC6A16;SCARA3;RXFP2;SNORA13,1.02256938693327,,0.910062161647682,FALSE,""
IMmotion150,998,SNORA71D;SNCAIP;BCL2;CBLC;CD180,0.70230190291049,,0.0880837408616093,TRUE,""
IMmotion150,999,APBA2;KLHL4;HMMR;TUBA3E;RGCC,0.774085874371259,,0.202480237674588,TRUE,""
IMmotion150,1000,HOXA10;GRM8;PRH1;AC159540.2;LOXL4,1.02597624346179,,0.890605601276175,FALSE,""
IMmotion150,1001,SLCO2A1;ZNF630;STON1;IGKV1-13;CLEC14A,0.844009663747289,,0.3381827495223,TRUE,""
IMmotion150,1002,ABCB4;SUMO1P3;PRKCQ;POM121L2;SEMA7A,0.860911341682081,,0.436769119309085,TRUE,""
IMmotion150,1003,SNORD13;FAM86EP;STMN3;CEACAM5;AC092068.3,0.583791917655488,,0.00395155523951954,TRUE,""
IMmotion150,1004,HRH2;METTL15P1;FOXM1;AGGF1P2;KIAA1614,0.732409653186018,,0.110040508449685,TRUE,""
IMmotion150,1005,GCNA;XKR9;CENPK;GOLGA6L22;RNLS,0.894871104053627,,0.571030000803403,TRUE,""
IMmotion150,1006,SELENBP1;ZFYVE21;FGF2;ANKRD62;P3H3,1.21595944735495,,0.317952689263564,FALSE,""
IMmotion150,1007,SGIP1;PRLR;CCDC150;BET1P1;MAD2L1,1.02412526986275,,0.906912093102492,FALSE,""
IMmotion150,1008,RASL11A;AP000654.1;MARCKSL1;PDCD6IPP1;ADAMTS5,1.36172867639895,,0.104703956037593,FALSE,""
IMmotion150,1009,IL2RG;SCN8A;SLC22A4;ANAPC1P4;ZNF660,1.06352542834598,,0.719693005821151,FALSE,""
IMmotion150,1010,STEAP3;ETNK2;PCDHB18P;PLPPR1;CASS4,1.23740374848466,,0.271232580220596,FALSE,""
IMmotion150,1011,SGPP2;SEMA3A;SUGCT;DACT2;ARVCF,0.998234264433396,,0.993328403870145,TRUE,""
IMmotion150,1012,SLC2A10;STRIP2;SLC16A5;APOC3;SH3TC2,1.20729090162592,,0.391390273282337,FALSE,""
IMmotion150,1013,SNAI2;NAPSB;MOB4;SNORD65;H4C6,0.856771982863174,,0.443997230306709,TRUE,""
IMmotion150,1014,CRIP1;PADI2;MICU3;PCP4;SECTM1,0.73650483093755,,0.108799271760896,TRUE,""
IMmotion150,1015,IFI44L;MYBL2;GLI2;MOGAT1;H3C13,0.811572010137391,,0.310721375803803,TRUE,""
IMmotion150,1016,SELENBP1;GPR160;TTC25;AC112504.2;TMC7,1.20615446737482,,0.337078024683045,FALSE,""
IMmotion150,1017,CDCP1;MMP24;PRELID2;ANKRD30A;PCDHB18P,1.05416396743876,,0.786096992636866,FALSE,""
IMmotion150,1018,PPFIA4;FAM72B;EDA;BEND2;PAFAH1B3,1.21535352057983,,0.307745998908296,FALSE,""
IMmotion150,1019,EHHADH;HRC;ACOX2;AC008758.6;ADAMTS17,1.32927825692857,,0.123481427440838,FALSE,""
IMmotion150,1020,ACSM3;DNAJC22;PCDHGA4;HSPB3;ABTB2,0.991552671129771,,0.96805480572435,TRUE,""
IMmotion150,1021,STEAP4;FAM86C2P;AGER;CNTNAP4;IL15RA,0.778970702380451,,0.24387914551548,TRUE,""
IMmotion150,1022,ABCB4;AC034102.1;RDH5;SERPINI2;HLA-DOB,0.680389140167886,,0.0326193102907858,TRUE,""
IMmotion150,1023,DCLK1;LOXL1;AC124944.2;CSAG3;EIF5A2,0.911395947119369,,0.619331028853617,TRUE,""
IMmotion150,1024,EDNRB;LOXL1;APCDD1;AC098935.1;EDA,1.12913615941147,,0.535702973599654,FALSE,""
IMmotion150,1025,SGPP2;NR2F1;CIART;TOMM40P2;CPNE5,1.15807488841161,,0.471212405023709,FALSE,""
IMmotion150,1026,PCDHB12;VANGL2;DRC3;AC004223.3;ID1,0.98709533661359,,0.947895024163844,TRUE,""
IMmotion150,1027,CCL2;PCDHB3;AGER;DUSP9;KCNJ5,1.21161513108028,,0.307928212744729,FALSE,""
IMmotion150,1028,CCL2;TBCEL-TECTA;ST6GALNAC6;TUBAP8;IGFBP6,0.762019726878231,,0.149631707104318,TRUE,""
IMmotion150,1029,MT-ND2;AC093668.1;PCDHB7;TBX20;GOLGA8K,0.735156172917457,,0.110729501263988,TRUE,""
IMmotion150,1030,PKD1P5;TRIM16L;HLA-DOB;MYZAP;FAM13C,0.863159718724879,,0.427270511805175,TRUE,""
IMmotion150,1031,TTC39A;CDA;TM7SF2;USP44;FZD8,1.02573048877659,,0.895851216188617,FALSE,""
IMmotion150,1032,GOLGA8M;AF241726.1;PIH1D2;IGLV3-12;AK7,1.01171069825514,,0.949980052397124,FALSE,""
IMmotion150,1033,CTAGE6;RCAN2;GNAZ;POU6F2;B4GALT6,1.35634590449079,,0.103130871151859,FALSE,""
IMmotion150,1034,THSD4;ESCO2;KIF2C;HNRNPA3P1;SNORA14B,1.07929328068484,,0.728641697020407,FALSE,""
IMmotion150,1035,STEAP4;METTL15P1;CIART;AC009065.6;SUGCT,1.24584002526741,,0.188229647691512,FALSE,""
IMmotion150,1036,TBX3;SPTB;ZNF334;ZMAT4;ADAMTS5,1.51123741135742,,0.0358831199165133,FALSE,""
IMmotion150,1037,KDELR3;SLC29A4;NOL3;RSPO4;AC015818.10,1.32534456177721,,0.175639293849119,FALSE,""
IMmotion150,1038,PCDHB9;TM4SF18;C5AR1;PGAM1P4;KLRD1,1.01453839519573,,0.934796654533703,FALSE,""
IMmotion150,1039,SPATA18;WSCD1;TLK2P2;ZNF571-AS1;CD28,0.712425001980124,,0.0858666255728394,TRUE,""
IMmotion150,1040,DLL4;FCGR3B;THEMIS;TRBV10-2;CIDEB,0.776066043532059,,0.170559573237119,TRUE,""
IMmotion150,1041,IRS2;RTKN2;HOXD4;NAT2;DNM1P46,0.96510943029433,,0.852596915413895,TRUE,""
IMmotion150,1042,MAP3K21;SLC14A1;GPR75;AL135905.2;CCDC74A,0.764101109338272,,0.207917144150703,TRUE,""
IMmotion150,1043,ADAM12;NANOGP4;IQCC;ADAMTS19;GPX7,1.09347908929202,,0.67922450217726,FALSE,""
IMmotion150,1044,MYOM1;BTBD11;PHEX;RPSAP53;SLC2A3P2,0.93926280068818,,0.760054613083143,TRUE,""
IMmotion150,1045,BCAT1;XKR9;AC015818.10;GLRA4;HAPLN3,0.863746273321804,,0.461145249178173,TRUE,""
IMmotion150,1046,SNORA21;IRF4;AXIN2;C1QTNF1-AS1;ACAP1,0.650559990630829,,0.026366125090778,TRUE,""
IMmotion150,1047,ALPK3;AC010655.3;EBF4;OR7E47P;DAPK2,0.938068912128508,,0.747813168643705,TRUE,""
IMmotion150,1048,FAM149A;TRGC1;TMEM54;RHO;SNORA26,0.886101139852309,,0.540418228698988,TRUE,""
IMmotion150,1049,APBA2;CREB3L1;IL2RB;GMNC;CETP,0.773956756301471,,0.210410841297652,TRUE,""
IMmotion150,1050,PCDHB9;ZFHX2;EYA2;GALNT9;SH3TC2,0.831871256356284,,0.316719178730465,TRUE,""
IMmotion150,1051,NCKAP5;LAG3;CDKN3;AC106782.6;LRRC17,0.717691693371533,,0.101753090882664,TRUE,""
IMmotion150,1052,RRAGD;EBF2;RNLS;TMEFF1;FZD8,1.19061692241075,,0.365349895241394,FALSE,""
IMmotion150,1053,PDLIM3;PRCD;AL031727.1;MOGAT1;PSTPIP1,0.717368878152179,,0.0754207006301093,TRUE,""
IMmotion150,1054,MAP2;AL162417.1;EGFLAM;KCNK10;ADAMTS3,0.920374915281661,,0.677127151965033,TRUE,""
IMmotion150,1055,CSPG4;GOLGA8H;CATSPERE;AC073150.1;ADAMTS17,0.621593915041774,,0.0229438496117582,TRUE,""
IMmotion150,1056,FAM83H;LIPG;TPRN;ZP1;LYVE1,1.1539017601117,,0.511816086814782,FALSE,""
IMmotion150,1057,ITGA8;AL512356.1;MAFB;AC116348.4;AL096711.2,0.773100891199636,,0.15194538243272,TRUE,""
IMmotion150,1058,IQGAP3;SRPX;H3C7;MKX;CYYR1,1.20500736862385,,0.376363243988622,FALSE,""
IMmotion150,1059,BICDL1;GPR39;RDH5;SLITRK6;TRIM2,0.987518248819248,,0.949568112368692,TRUE,""
IMmotion150,1060,MT-ATP6;BCL2A1;CENPU;SNORD45C;GOLGA2P5,0.727736517980083,,0.11489326064276,TRUE,""
IMmotion150,1061,RNASE1;GLB1L2;TTC25;OR2T11;SIK1,0.997928374433729,,0.991436041173402,TRUE,""
IMmotion150,1062,FAP;NLGN4X;CETP;SMARCE1P2;FAXDC2,1.12135410785837,,0.57234568871134,FALSE,""
IMmotion150,1063,MOCOS;NEIL3;ARHGEF37;DMRT3;SFXN2,1.51631647268636,,0.0529872476020971,FALSE,""
IMmotion150,1064,PLVAP;SHC2;C6orf163;AC022414.1;FGF2,1.04903094304931,,0.796130461185378,FALSE,""
IMmotion150,1065,ZFPM2;AL591806.2;TESPA1;GPR27;SIGLEC7,0.573913975712037,,0.0117029193684478,TRUE,""
IMmotion150,1066,CCDC146;ADRA1B;NUAK2;EPS8L3;KATNAL2,1.0896314783775,,0.662369773205338,FALSE,""
IMmotion150,1067,COL5A3;METTL7B;STAG3;CDH9;MTFP1,1.40316074202691,,0.0744974760140298,FALSE,""
IMmotion150,1068,CNTNAP3;ADAMTS4;FAM160A1;ARL14;CHST2,1.564131129642,,0.0393964986586725,FALSE,""
IMmotion150,1069,IL7R;FCGR3B;NXN;RPS14P8;ZDHHC11,0.711772363853577,,0.0732508317135777,TRUE,""
IMmotion150,1070,CD163L1;QPCT;ANO2;CHRNB4;PRELID2,1.03846696940499,,0.861005730752748,FALSE,""
IMmotion150,1071,IRAG1;NRG3;CENPK;FP236383.5;CEBPD,1.04497971544633,,0.83358172031143,FALSE,""
IMmotion150,1072,RADX;AC104452.1;SEMA7A;C1QL3;H3C11,0.926055565104803,,0.687080750043887,TRUE,""
IMmotion150,1073,ETV1;EVPL;TBX2;RPL10P1;PCDH18,1.36246812323018,,0.103239139725663,FALSE,""
IMmotion150,1074,APOC1;NPHP3-ACAD11;EGFLAM;DLX6;E2F7,1.16697524503425,,0.431172504011678,FALSE,""
IMmotion150,1075,KIF4A;TM4SF18;METRNL;IGLV3-12;BMERB1,1.08580305462798,,0.69114818016135,FALSE,""
IMmotion150,1076,GBP5;SPDYE18;BMERB1;USP17L14P;BANK1,0.577365107940727,,0.001334776360952,TRUE,""
IMmotion150,1077,CEACAM1;CHI3L2;DGKI;GUCY2D;ASRGL1,0.7281061860671,,0.114738970026721,TRUE,""
IMmotion150,1078,ABCA9;RBP7;PRELID2;RPS27P29;CD302,1.17499217478997,,0.399817292123076,FALSE,""
IMmotion150,1079,BCAT1;KIAA1143P1;TRGC2;AC009951.4;CISH,0.581527633389416,,0.00734026898909371,TRUE,""
IMmotion150,1080,ADAM12;CYB5R2;SNORA3B;TBC1D26;TBXA2R,1.11878963219759,,0.560691602094691,FALSE,""
IMmotion150,1081,SNORD13;GPER1;EPHB2;SNAP91;ARHGEF15,0.906326523141796,,0.593398411801327,TRUE,""
IMmotion150,1082,CNTNAP3;MST1P2;TICRR;KIAA2012;ABLIM2,1.06228254048676,,0.765517468277611,FALSE,""
IMmotion150,1083,ALDOC;BCL2A1;PCDHGA8;KRT8P4;SYT17,0.941092695106893,,0.748438352102686,TRUE,""
IMmotion150,1084,PBLD;CHI3L2;GCSHP5;LINC02694;MBNL3,1.10954549198998,,0.616335601441286,FALSE,""
IMmotion150,1085,FILIP1;AC079594.1;EXOC3L1;AC007326.1;LINC01138,1.05152530818738,,0.779012868791745,FALSE,""
IMmotion150,1086,REPS2;ZNF565;FAXDC2;OR1Q1;CCNF,1.02196985107054,,0.915047341575618,FALSE,""
IMmotion150,1087,GBP5;ITIH4;NLRC3;UGT2B26P;THSD1,0.701320665854691,,0.0604166171213507,TRUE,""
IMmotion150,1088,HILPDA;KCNJ15;UBE2Q2L;AL031681.2;LILRA6,1.04388349642811,,0.818056843236136,FALSE,""
IMmotion150,1089,PBLD;PCDHA7;MAFB;IGHV3-64D;TMEM54,0.889244759886143,,0.568223299476022,TRUE,""
IMmotion150,1090,ALPK3;TMEM184A;RHPN1;CPN2;CEP295NL,1.00552329934575,,0.977663967438729,FALSE,""
IMmotion150,1091,C5;AC009078.3;CCDC113;PGC;KBTBD8,0.878740442746772,,0.498391053976633,TRUE,""
IMmotion150,1092,PHGDH;FCGR3B;PRAM1;NBPF7;LSR,1.16133437547904,,0.420095814034184,FALSE,""
IMmotion150,1093,CCDC146;GZMK;HEY2;DEFB131E;STK26,0.782473552742137,,0.175108931592769,TRUE,""
IMmotion150,1094,LRP4;SNORA75;GATD3A;SNX32;RGS9,1.18212348068363,,0.40458845936333,FALSE,""
IMmotion150,1095,ARFGEF3;FAM157C;CMTM8;PMS2P11;ZNF454,0.860255350470416,,0.405924133047503,TRUE,""
IMmotion150,1096,REPS2;CD69;SLC6A9;AC018362.3;SNHG17,1.34917110090179,,0.086643140944041,FALSE,""
IMmotion150,1097,SNORD116-1;PEG10;AGBL2;SLC6A19;PPP1R16B,0.853276743514039,,0.440206717588246,TRUE,""
IMmotion150,1098,LDLR;INHBB;STK26;FAM138F;SLC19A2,1.01805293635798,,0.929650229351474,FALSE,""
IMmotion150,1099,PTER;PMS2P7;MBD3;HPCAL4;LRP3,0.947421423137247,,0.765750443173717,TRUE,""
IMmotion150,1100,SEZ6L2;CDHR3;TM9SF1;VWA2;CSRNP3,1.1449355590688,,0.529660819775538,FALSE,""
IMmotion150,1101,NOX4;METTL15P1;RSAD2;ST6GALNAC1;MAPK12,0.626403817781238,,0.0191024043372332,TRUE,""
IMmotion150,1102,TBX3;FCGR3B;VDR;OLAH;PDCD1LG2,0.768401264178687,,0.173801599225917,TRUE,""
IMmotion150,1103,AKR1C1;RASSF6;ADAMTS13;AD000091.1;PRELID2,0.674617004244988,,0.0374008120209882,TRUE,""
IMmotion150,1104,ANOS1;NANOGP4;HJURP;KRT8P4;ADORA3,0.732697046653334,,0.0972372637402714,TRUE,""
IMmotion150,1105,TLR7;AL162417.1;WDR17;OR2T35;SPATA6L,0.610795404460951,,0.00403995904085128,TRUE,""
IMmotion150,1106,RNASE1;ANK1;H3C2;SLC6A19;MARK1,1.12632429487705,,0.549015350694817,FALSE,""
IMmotion150,1107,POU5F1;AC009093.9;SPOCK2;TERF1P2;STAG3,1.14319218655447,,0.455694029142454,FALSE,""
IMmotion150,1108,THSD4;NRN1;MACROD2;TNFRSF6B;TAS2R5,0.831530967821048,,0.335127004766649,TRUE,""
IMmotion150,1109,GXYLT2;KIAA1143P1;ADAMTS13;SNORD61;ACOX2,1.14225094850636,,0.536503996162576,FALSE,""
IMmotion150,1110,RHOB;SEMA3A;H3C7;HMGN1P18;GAMT,0.891839315037539,,0.561726665141887,TRUE,""
IMmotion150,1111,FCGR1B;RRAD;TIGD2;FAM182A;CD3G,0.615319565117123,,0.00649382699732366,TRUE,""
IMmotion150,1112,DLL1;AC138894.1;ADAM32;AC091564.3;PRELID3A,0.996055129066007,,0.986028019939262,TRUE,""
IMmotion150,1113,KDELR3;ZNF471;SLC15A2;GRID2;FGD1,0.858503270631131,,0.446659628408299,TRUE,""
IMmotion150,1114,COL5A3;TRAT1;FBXL7;NXF2B;GOLGA2P5,0.861914505730262,,0.428246021856417,TRUE,""
IMmotion150,1115,CD209;LY9;CCDC74B;PPIAL4A;PCED1B,0.836320556296973,,0.371351650245625,TRUE,""
IMmotion150,1116,JAM3;PCDHA7;SLC19A2;FAM9B;ELMO3,0.882122495582128,,0.559619845925424,TRUE,""
IMmotion150,1117,DKK3;AL512356.1;THEMIS;PPP1R1C;TICRR,0.801055586670138,,0.2675923894266,TRUE,""
IMmotion150,1118,SDK1;CFAP91;KCNJ5;TPO;AC136632.1,1.13616722323617,,0.525790153633681,FALSE,""
IMmotion150,1119,FAM83H;TM4SF18;STK32B;UROC1;CMPK2,0.932965320574188,,0.718749434307472,TRUE,""
IMmotion150,1120,KLF5;SLC6A16;RTL5;TRAV36DV7;LY96,0.68173135737039,,0.0564273792513379,TRUE,""
IMmotion150,1121,SNAI2;CEP55;PLK1;IGKV6D-21;PDCD1LG2,0.987688244906676,,0.954889819942719,TRUE,""
IMmotion150,1122,GULP1;ASAH2B;FBXO17;ADH4;GRAP2,0.781954133873729,,0.195312081097502,TRUE,""
IMmotion150,1123,STEAP3;CDS1;ACOX2;ZNF280A;DNM1P46,0.949410590825528,,0.798226352668516,TRUE,""
IMmotion150,1124,SNORD116-6;SIRPG;SH3TC2;AHSG;PRKCQ,0.820242241978827,,0.316768731555614,TRUE,""
IMmotion150,1125,ZNF90;PCDHA7;AK1;TRBV5-6;CCR2,0.658094296138639,,0.0246934121454121,TRUE,""
IMmotion150,1126,GPC4;KRTCAP3;CCDC74B;IL1A;ASTN2,0.607952873939396,,0.0284317560584769,TRUE,""
IMmotion150,1127,PLVAP;RIPK3;CIART;AL136419.1;KATNAL2,0.902304722389499,,0.561944405811254,TRUE,""
IMmotion150,1128,THSD4;NPHP3-ACAD11;PDE1C;AC009275.1;CENPU,1.12311149919925,,0.553386319690276,FALSE,""
IMmotion150,1129,SERPINI1;RPP14;PDCD1LG2;SHISA6;TUB,0.720508966399827,,0.0898859789154493,TRUE,""
IMmotion150,1130,TSPAN13;ROR2;SNORA46;CDRT15P4;CEP295NL,1.19375807416977,,0.317685331557157,FALSE,""
IMmotion150,1131,SELL;LAMP3;AC112777.1;ANGPT4;RGL3,0.701774890384012,,0.092404547684477,TRUE,""
IMmotion150,1132,PTTG1;MST1L;TM7SF2;SPAG6;ZSCAN31,1.0784028401581,,0.704622820362371,FALSE,""
IMmotion150,1133,PCDHB9;IL1RL2;TM7SF2;ERVV-1;DGCR6,1.35192237733512,,0.13435482202628,FALSE,""
IMmotion150,1134,SCIN;ITIH4;STK26;OLAH;PCDHGA8,0.807529739581728,,0.303078677368986,TRUE,""
IMmotion150,1135,PDGFD;AP000654.1;C6orf163;RGSL1;FEZ1,0.659618732763791,,0.0197808814957888,TRUE,""
IMmotion150,1136,SNAI2;C15orf48;DHFR2;KRT18P38;RAMP3,1.10879313788847,,0.595431412736306,FALSE,""
IMmotion150,1137,KCNN3;COL8A2;C6orf163;GPX2;STAC3,0.759440428062796,,0.15160241705232,TRUE,""
IMmotion150,1138,PCDHB9;LIPG;MMP11;DIRAS1;MROH7,1.01406882965444,,0.942914959448371,FALSE,""
IMmotion150,1139,RETREG1;FNDC4;SCARNA8;RHBG;DHFR2,0.888081859401397,,0.567676171072274,TRUE,""
IMmotion150,1140,ITGA11;EML5;ARHGEF37;TACR1;RPS2P46,1.21961264233734,,0.322810086465781,FALSE,""
IMmotion150,1141,PDE2A;KLRC4-KLRK1;ADRB2;GOLGA8DP;ZNF578,0.879922220712227,,0.496201596887806,TRUE,""
IMmotion150,1142,MXRA8;TBCEL-TECTA;TRIM2;CHRNB4;TM7SF2,1.22854678919315,,0.307795053336172,FALSE,""
IMmotion150,1143,PLAU;KBTBD3;MAP3K7CL;IGLV9-49;TMEM132A,0.819394777194793,,0.330951819988348,TRUE,""
IMmotion150,1144,ACSM3;CFAP221;FEZ1;CHRNA4;SHE,1.02340362737272,,0.909830573149233,FALSE,""
IMmotion150,1145,SMAD9;KRTCAP3;PECAM1;PTPRCAP;SNORD116-14,1.0694539185859,,0.717341331618313,FALSE,""
IMmotion150,1146,IFI27;IL17RD;ZNF660;AC135068.5;KBTBD8,0.59103092095036,,0.012368197095289,TRUE,""
IMmotion150,1147,MT-ATP6;SUMO1P3;GALNT3;NIPAL4;CCDC113,0.824587827606905,,0.359651097419206,TRUE,""
IMmotion150,1148,SMOC2;BCL2A1;RAI2;SLC7A10;EPHB3,1.13250828494267,,0.552936016109761,FALSE,""
IMmotion150,1149,PARM1;RP1;ZNF415;IFITM3P1;HLA-DOB,0.746625679868756,,0.160043885496702,TRUE,""
IMmotion150,1150,CSRP2;SNORA75;ASRGL1;OR4F14P;H3C13,1.01798416243182,,0.932750783055189,FALSE,""
IMmotion150,1151,GXYLT2;HOMER2;GATD3A;COL6A5;EVI2A,0.961589027096164,,0.83724007578956,TRUE,""
IMmotion150,1152,AKR1C1;ZP3;CD80;EPN3;DAPK2,1.11106438019409,,0.600481934659844,FALSE,""
IMmotion150,1153,HGF;SPEG;PRRG4;TNMD;WASF3,0.925894045797732,,0.688918240383615,TRUE,""
IMmotion150,1154,PLVAP;IRF4;C1orf131;GPC5;SNORA72,0.894574415459604,,0.569057090459453,TRUE,""
IMmotion150,1155,THSD4;CNTN4;RPS2P46;AC106865.1;STEAP2,0.920383786085637,,0.681048966860257,TRUE,""
IMmotion150,1156,TSKU;NUF2;ANKRD23;TMEM72;ACTBP4,1.06360007387144,,0.744025852683523,FALSE,""
IMmotion150,1157,EIF2S2P4;GIPC2;KLF4;KRT18P48;DOK2,0.693501088512785,,0.0563292398526758,TRUE,""
IMmotion150,1158,RGS2;GLB1L2;MLF1;CSAG1;BASP1,0.81798808137337,,0.374262851337306,TRUE,""
IMmotion150,1159,ITGA8;SEMA3B;SLC6A9;IGHV3-64D;ADAMTS5,1.29532714776807,,0.15601534474816,FALSE,""
IMmotion150,1160,SDK1;ZBP1;CYYR1;NMBR;RAB37,0.905899751925481,,0.588753565981047,TRUE,""
IMmotion150,1161,DENND2A;INHBB;CACNB2;NOG;EPHB2,1.09266899257411,,0.648656680698255,FALSE,""
IMmotion150,1162,CD248;YBX1P10;STK32B;PGM5P2;PIGAP1,0.838597970689682,,0.375858592073401,TRUE,""
IMmotion150,1163,FN3K;TOX;MACROH2A2;FSHR;PRH1,0.905408455626714,,0.629623967494036,TRUE,""
IMmotion150,1164,TPX2;KIAA1143P1;HEY1;DLX3;CENPU,0.967328793106894,,0.867486850556301,TRUE,""
IMmotion150,1165,PDGFD;GOLGA8H;GAMT;TUBB8P7;TWF1P1,0.751279465694095,,0.201374775471371,TRUE,""
IMmotion150,1166,SDK1;AC009093.9;ELAPOR2;AC011330.3;LILRA5,1.05281601319885,,0.772812141359127,FALSE,""
IMmotion150,1167,STEAP4;FCGR3B;ZSCAN31;SPATA20P1;HHEX,0.998672451292259,,0.994740402535527,TRUE,""
IMmotion150,1168,ABCA9;PCDHB3;TECTA;AC025279.2;RAD54L,1.09568828823484,,0.625611681468167,FALSE,""
IMmotion150,1169,NPNT;NEIL3;DGCR6;OR52N1;H4C9,0.835236421063893,,0.38749958874776,TRUE,""
IMmotion150,1170,MYRF;UBE2C;DUSP4;BMP3;FBXL7,0.883196274368642,,0.506811175913017,TRUE,""
IMmotion150,1171,NAV3;SLAMF7;AXIN2;RPL23AP24;BNIP3P1,0.718271021390578,,0.0745242944117664,TRUE,""
IMmotion150,1172,PLVAP;YBX1P10;TRGC2;REG3G;AC092068.3,0.678061998437288,,0.0414270945674199,TRUE,""
IMmotion150,1173,ALDOC;CARMIL2;LIMD2;AC120036.4;GOLGA2P5,0.738187146123258,,0.1202860448457,TRUE,""
IMmotion150,1174,OLFML2A;KLRC4-KLRK1;TMEM97;AL590627.1;PPP1R16B,0.889677961696014,,0.567063068291475,TRUE,""
IMmotion150,1175,SNORD116-22;CDA;INHBA;TRBV7-2;PRTG,1.09279302481409,,0.636873598730383,FALSE,""
IMmotion150,1176,SNORD118;AL512356.1;HOXA3;AL355102.4;ZNF366,1.07524906276212,,0.726121131977888,FALSE,""
IMmotion150,1177,SDHAP2;STRIP2;IL12RB1;ANGPTL7;MYCT1,1.08916072148811,,0.656247147627509,FALSE,""
IMmotion150,1178,APBA2;CHMP4BP1;IL12RB1;GATA5;CLEC14A,0.716406360067819,,0.084886686883579,TRUE,""
IMmotion150,1179,KIT;FOXL1;TMEM26;OR10AB1P;ASMTL-AS1,1.03914834621037,,0.846135101744903,FALSE,""
IMmotion150,1180,BAIAP2L1;ZNF511;ZSCAN31;FCRLA;CDH24,0.942685170300775,,0.79677471026139,TRUE,""
IMmotion150,1181,CCDC141;PRLR;CCNF;SLC22A24;RNF125,0.617740275344297,,0.0109315360100139,TRUE,""
IMmotion150,1182,FHL2;GRID1;RFTN2;BAGE2;ORC6,1.16241208049607,,0.421372198891554,FALSE,""
IMmotion150,1183,FBLN2;CNTN4;BMP2;FSHR;OSBP2,1.09416254991847,,0.679179365126518,FALSE,""
IMmotion150,1184,RRM2;TNFRSF19;POU2F2;MMEL1;PRELID2,0.643231947229117,,0.0220719865924577,TRUE,""
IMmotion150,1185,TSKU;YBX1P10;GNAZ;AGGF1P2;LINGO1,1.38745120364612,,0.100800309074273,FALSE,""
IMmotion150,1186,OLFML2A;GRID1;IER2;GATA5;PCDH18,1.34195315184977,,0.122687334542135,FALSE,""
IMmotion150,1187,TBX3;PPT2-EGFL8;TESPA1;LINC02384;WNK3,0.622130343117406,,0.0150104086627518,TRUE,""
IMmotion150,1188,SERPINI1;CXADR;IER3;RIIAD1;SPTBN5,1.18500688529914,,0.389638678543215,FALSE,""
IMmotion150,1189,SEZ6L2;FTH1P5;FRMD3;AC015911.7;GZMA,0.835655642709771,,0.330599162861953,TRUE,""
IMmotion150,1190,TRAC;PCDH7;MCOLN2;C2CD4C;AFF2,0.782473737812017,,0.190965092787007,TRUE,""
IMmotion150,1191,CEACAM1;SCN8A;MYCT1;IGHV3OR16-9;RHOD,1.36132275041185,,0.124746292060877,FALSE,""
IMmotion150,1192,EPHA3;ULBP2;SLC15A2;SNORD57;TNFRSF11A,0.942471912815606,,0.761247717569239,TRUE,""
IMmotion150,1193,ALPK3;RPP14;SLC16A6;GRM5-AS1;PYROXD2,0.818370053174352,,0.356299509566222,TRUE,""
IMmotion150,1194,MTARC2;ROR2;PECAM1;SPATA31C2;CD180,0.838196731505753,,0.333330552048245,TRUE,""
IMmotion150,1195,CRIP1;KIAA1143P1;EDA;KCNV1;SPOCK2,0.619101544874953,,0.00852538988092433,TRUE,""
IMmotion150,1196,PTPN3;RNF152;ZNF214;UGT2B15;SNORA55,1.32562778938375,,0.160846289639877,FALSE,""
IMmotion150,1197,TNFRSF11B;LOXL1;FBXL7;AC093311.1;FHDC1,0.715841327979964,,0.0820447068763425,TRUE,""
IMmotion150,1198,IMPA2;RPL12P4;RAG1;SOWAHA;NPIPA2,0.908045470567013,,0.593160412065102,TRUE,""
IMmotion150,1199,PTPN3;SLITRK4;BRSK1;RERGL;HOXA4,0.802832034212768,,0.245345695710672,TRUE,""
IMmotion150,1200,CCL3;AGBL3;SDC1;OR13C2;INHBA,0.816249553802452,,0.266829363909625,TRUE,""
IMmotion150,1201,ADM;AC026150.3;ADAM32;BCYRN1;AC004890.2,0.9528547342132,,0.820656165026842,TRUE,""
IMmotion150,1202,TMEM37;RPSAP12;PIGAP1;ATP13A5;RNU4ATAC,0.963244675519692,,0.845549934718995,TRUE,""
IMmotion150,1203,CCDC141;ZNF831;SCARA3;EGLN1P1;ABCA10,0.786882985827327,,0.226898074734119,TRUE,""
IMmotion150,1204,TPX2;QPCT;PCDHGA7;AC018804.1;UBE2Q2L,1.22525700706811,,0.255764518517493,FALSE,""
IMmotion150,1205,NCKAP5;USP2;NLGN3;GGT8P;P2RY1,0.763478304320178,,0.183991623709449,TRUE,""
IMmotion150,1206,DKK3;CDC42BPG;CMPK2;OR9Q1;HSPD1P4,0.847024242430507,,0.37582647028496,TRUE,""
IMmotion150,1207,RRM2;ACP3;PCDHGA7;TRBV27;AC136632.1,0.791826785051989,,0.195765258387409,TRUE,""
IMmotion150,1208,BUB1B;EFR3B;SYDE2;UPK3BL1;ARMH4,0.913087965022535,,0.654937252423776,TRUE,""
IMmotion150,1209,POU5F1;SYBU;LILRA6;SPIB;ARMH4,0.788870503047,,0.246202663741986,TRUE,""
IMmotion150,1210,DENND2A;OLFM2;DECR2;TBC1D26;TRIM6,1.21450422379016,,0.30818838453596,FALSE,""
IMmotion150,1211,CARD11;ASS1P1;C1QTNF3;CARD17;PCDHGC5,0.650015101792528,,0.0253046088281316,TRUE,""
IMmotion150,1212,RGS2;PCDHB19P;SCUBE2;PSG4;SIRPB2,0.798264330371638,,0.2508581530721,TRUE,""
IMmotion150,1213,AK4;TMEM232;IKZF3;HMGA1P3;TBX2,0.727057699970977,,0.0933215810126215,TRUE,""
IMmotion150,1214,LDLR;TRIM45;TSPOAP1;PKP4P1;LILRB5,1.0435176272226,,0.807679394483782,FALSE,""
IMmotion150,1215,GHR;ZNF726;MARCHF3;CHRNA3;ASTN2,0.748645486059061,,0.154900146859008,TRUE,""
IMmotion150,1216,TMEM200A;HMGN5;RNFT2;TTPA;CA11,0.938045525050621,,0.758744739123668,TRUE,""
IMmotion150,1217,CSRP2;AC233699.1;SNORD16;GAL;RGCC,0.919891057688718,,0.651860158593843,TRUE,""
IMmotion150,1218,TPX2;TRAT1;DUSP5;GATA5;TSPAN5,0.951012508988831,,0.811917172138824,TRUE,""
IMmotion150,1219,OLR1;TM4SF18;AXIN2;AVPR1B;GNA15,0.741631406178991,,0.117054081205644,TRUE,""
IMmotion150,1220,PARM1;PMS2P7;SLC35G2;SNX31;PRELID3A,1.00537125759313,,0.981459010117914,FALSE,""
IMmotion150,1221,ALPK3;SLITRK4;ARVCF;EIF3LP2;PCDHB2,0.922025350699366,,0.6872039806934,TRUE,""
IMmotion150,1222,HKDC1;LIPC;SLC17A9;MIA;MBNL3,1.16646873944287,,0.473486365141159,FALSE,""
IMmotion150,1223,ALDOC;CLEC10A;CISH;IGHV3-35;PCDHGA4,0.856479096466461,,0.404842657680105,TRUE,""
IMmotion150,1224,AMACR;TSSC2;ZNF660;DUX4L27;NBL1,0.788571121713363,,0.220635949672399,TRUE,""
IMmotion150,1225,MXRA7;OSBPL6;S1PR2;DPPA2P4;HEYL,1.42356525408655,,0.08766216144709,FALSE,""
IMmotion150,1226,KITLG;FNDC4;EVA1C;GJB4;ZNF491,0.828271982312814,,0.306880476612443,TRUE,""
IMmotion150,1227,MXRA8;CLDN7;FMOD;SNORD63;H4C9,0.935475816425733,,0.736277764904318,TRUE,""
IMmotion150,1228,SNORA71D;MICOS10-NBL1;SNORA46;RFPL4AL1;VNN2,1.31530770111653,,0.167057047589202,FALSE,""
IMmotion150,1229,FER1L4;PCDHB3;FAM174B;CCL7;GGH,1.18644947761573,,0.407958709986784,FALSE,""
IMmotion150,1230,SNORD116-6;STOX1;FCMR;NLRP2B;NRXN3,1.12752285341022,,0.531690742828949,FALSE,""
IMmotion150,1231,MOCOS;JPH2;THEMIS;GPAT2P1;SNORA59B,0.826680682553722,,0.314981997496631,TRUE,""
IMmotion150,1232,PCOLCE;KRTCAP3;SH3BGRL2;SERPINA9;UST,1.35659290803977,,0.13619977035369,FALSE,""
IMmotion150,1233,IQGAP3;CDC45;MEFV;GABRR1;GFOD1,1.25300649781312,,0.302010902303565,FALSE,""
IMmotion150,1234,ZNF704;MT1L;NRXN2;CHST6;LZTS1,1.09653146408426,,0.63173819552469,FALSE,""
IMmotion150,1235,RRAGD;ASS1P1;SEPTIN1;BIRC7;ALS2CL,0.668831405953241,,0.0498976754299756,TRUE,""
IMmotion150,1236,CD3D;JPH2;ABCA10;AC004076.1;MPP7,0.829965263679573,,0.316680045667461,TRUE,""
IMmotion150,1237,EPHX2;INHBB;BCL2;SFTA2;MARCHF3,1.22820787291412,,0.28881422214589,FALSE,""
IMmotion150,1238,SELENBP1;CDC45;ELOVL6;TCEAL5;PECAM1,1.30854323793575,,0.19241355828151,FALSE,""
IMmotion150,1239,MDK;PHYHD1;ARHGEF15;AC074386.1;KCNK5,1.29602560249017,,0.171878039055611,FALSE,""
IMmotion150,1240,RNASE1;EPHB1;SOCS2;AC073325.2;LYVE1,1.32237853567761,,0.157819005083708,FALSE,""
IMmotion150,1241,ANGPT2;OLFM2;SLC35G2;SPATA31C2;TPPP3,1.1630093673155,,0.426448873148477,FALSE,""
IMmotion150,1242,MT-CO3;COL24A1;SHE;MICOS10P2;STX11,0.721109884166081,,0.0685095589207578,TRUE,""
IMmotion150,1243,ITGA11;ADGRB2;TRIP13;HS6ST2;GPR75,1.04022724210043,,0.848635842026106,FALSE,""
IMmotion150,1244,KIF4A;GRB7;SLC25A33;FBXL16;SPSB1,1.24579383850215,,0.25934123976654,FALSE,""
IMmotion150,1245,PARD6B;BCL2A1;NOVA2;C16orf74;FZD7,0.989729473650299,,0.958408170995444,TRUE,""
IMmotion150,1246,KIF23;MSANTD3-TMEFF1;SLC9A7P1;AC125611.3;MAP3K7CL,1.03713679751908,,0.854960078410915,FALSE,""
IMmotion150,1247,CAVIN2;CHI3L2;SLC19A2;SPDYE1;C2orf27A,1.33899149328735,,0.139771738253128,FALSE,""
IMmotion150,1248,CNTNAP3;ADAM23;PCDHGA5;CLCN1;AC093752.2,1.03479816081288,,0.861755384240262,FALSE,""
IMmotion150,1249,ITK;INMT-MINDY4;LRP3;LRRC3B;PCDHGB8P,0.909214009979898,,0.612895835711382,TRUE,""
IMmotion150,1250,CCDC146;HLF;RBKS;SIX2;ACTBP4,0.937632820412521,,0.739853465165275,TRUE,""
IMmotion150,1251,MT-ATP6;LYSMD1;SIRPB2;LINC00092;SLFN12L,0.454831666143714,,6.50603099206921e-05,TRUE,""
IMmotion150,1252,SSC5D;OLFML1;PCDHGB8P;FAM83B;PSTPIP1,0.66159057796702,,0.0307066872433048,TRUE,""
IMmotion150,1253,PTPN3;FAM133DP;FAM111B;CCN6;SLC16A5,0.88087604754403,,0.580263765848479,TRUE,""
IMmotion150,1254,PCOLCE;ACTG1P14;ANKRD29;FOXB2;RUNX3,0.497776214795583,,0.000212521353048678,TRUE,""
IMmotion150,1255,CRIP1;PTGS2;LILRB5;LINC00552;CX3CL1,0.912073598339144,,0.622725091804278,TRUE,""
IMmotion150,1256,CCL4;ZFHX2;CD72;ANAPC1P3;P2RY1,0.658731985031224,,0.030619665172209,TRUE,""
IMmotion150,1257,OR2A7;TBX15;ZNF540;RAB44;FAM184A,0.771199254242269,,0.160994805548173,TRUE,""
IMmotion150,1258,PDLIM3;ADGRB2;RPS2P46;STMN2;RGS18,1.22310997659542,,0.305732392137819,FALSE,""
IMmotion150,1259,FTH1P20;ZSWIM5;SCD5;UGT2B4;ZNF470,0.793784078514766,,0.227022444515673,TRUE,""
IMmotion150,1260,AKR1C1;PAQR5;BRSK1;AP000346.1;CD33,0.966328984362542,,0.858166710235915,TRUE,""
IMmotion150,1261,CCL2;AL731577.2;FAXDC2;HNF1A-AS1;RNF138P1,0.790353399817328,,0.228644207595698,TRUE,""
IMmotion150,1262,GXYLT2;PCDHB3;SRRM5;RNU1-2;ID1,1.23357916520726,,0.242513331238547,FALSE,""
IMmotion150,1263,RRM2;APOL4;PATL2;GDF5;RGS18,0.770165210155732,,0.181625263619534,TRUE,""
IMmotion150,1264,HGF;SLC14A1;EGFL7;NAT2;CCNJL,1.07760569441566,,0.717399965282899,FALSE,""
IMmotion150,1265,GRAMD1B;NRG3;EYA2;AC007384.1;GADD45B,0.826812159495627,,0.346883237908449,TRUE,""
IMmotion150,1266,PCOLCE;P2RY10;TMEM150C;RPL12P35;PRRG4,0.865698291929844,,0.512236969491093,TRUE,""
IMmotion150,1267,CDCP1;ZFHX2;AL590399.1;AL669942.1;TPRN,0.779801289164033,,0.260682859022779,TRUE,""
IMmotion150,1268,OLFML3;HOXA5;IGSF9B;DCLRE1CP1;TIAM2,0.815392415634701,,0.252394041339529,TRUE,""
IMmotion150,1269,GCNA;CKAP2L;PATL2;CCL7;CYGB,0.653305586901486,,0.0509540965667494,TRUE,""
IMmotion150,1270,PLAUR;KLHL4;SMAD6;FDCSP;JAM2,0.840414514681462,,0.368948325457845,TRUE,""
IMmotion150,1271,DCLK1;RBP7;BAMBI;HS6ST2;FGF2,0.876858625594158,,0.510362396393504,TRUE,""
IMmotion150,1272,IQGAP3;CKAP2L;H3C13;AL451062.2;LILRA6,1.05410320913176,,0.797875188506078,FALSE,""
IMmotion150,1273,HRH2;KLRC4-KLRK1;FAXDC2;IGLV4-60;MPP7,0.779231461386273,,0.211379610205651,TRUE,""
IMmotion150,1274,NR3C2;SLITRK4;TMEM273;CHGA;BMP4,0.811816248879559,,0.316470186629628,TRUE,""
IMmotion150,1275,THSD4;NRG3;PCDHGA3;CFAP126;BMP4,0.888036812153906,,0.579363659563715,TRUE,""
IMmotion150,1276,PTER;ITGA2B;TMEM26;SNORA15B-2;CSRNP3,1.03220605878299,,0.878154237996043,FALSE,""
IMmotion150,1277,SMOC2;TCIM;PSORS1C1;HTR6;PDE7B,1.17668874097954,,0.371721318197173,FALSE,""
IMmotion150,1278,CNTNAP3;PCDHB6;FAM83D;AC113189.2;RAMP3,1.25624423294446,,0.285340204598659,FALSE,""
IMmotion150,1279,PCDH17;PTH1R;SNORA50A;AC007342.3;CX3CL1,1.21011638479175,,0.351691334164319,FALSE,""
IMmotion150,1280,MXRA7;ZNF286B;AC015818.10;VPREB3;ZNF662,0.997380237605945,,0.988932509669024,TRUE,""
IMmotion150,1281,MATN2;AP002373.1;SCHIP1;AC104389.6;SAMD3,0.723975569537261,,0.0664510598460041,TRUE,""
IMmotion150,1282,ACP5;CEP170P1;ASMTL-AS1;IGLV4-60;AC068580.4,0.752747179970382,,0.156679478544363,TRUE,""
IMmotion150,1283,ALDH1L2;CREB3L1;ABCA10;RSPO2;TLE2,1.03241387884494,,0.86129789846052,FALSE,""
IMmotion150,1284,TMEM91;UGT8;HOXD4;AP000317.2;ZAP70,1.06893840696588,,0.725057613186453,FALSE,""
IMmotion150,1285,MAP2;OSBPL6;LNX1;KRT36;CD83,1.12494870737055,,0.589975645008292,FALSE,""
IMmotion150,1286,RASL11A;CLEC10A;PCDHB18P;ADAMTS7P1;CMPK2,0.955016416895021,,0.820168389021385,TRUE,""
IMmotion150,1287,ITK;MDP1;FAM86DP;AC103740.1;LINC02449,1.00978388263843,,0.960866276907001,FALSE,""
IMmotion150,1288,NR3C2;NALCN;ABLIM2;C21orf62;RAB37,1.08463294092232,,0.683789953095486,FALSE,""
IMmotion150,1289,PDGFD;CNTN4;HOXA3;CLCN1;GAMT,1.11078215947803,,0.600832031334015,FALSE,""
IMmotion150,1290,IL7R;MFAP2;SNORA59A;AC138749.1;SEC63P1,1.00248801526362,,0.989167363321269,FALSE,""
IMmotion150,1291,PCDHB9;RIPK4;SLC22A4;IGLV3-12;PRRG4,0.914966991771502,,0.616683686561572,TRUE,""
IMmotion150,1292,C5;RHEBP2;DUSP5;HCG4B;CYGB,1.21320216965156,,0.377153179405795,FALSE,""
IMmotion150,1293,CD3D;MAPT;KCNK1;CTSLP2;THSD1,1.04870707565133,,0.813219303521239,FALSE,""
IMmotion150,1294,NPNT;NRN1;BMP4;HOXA11-AS;RHOF,0.889246474500961,,0.542230616916932,TRUE,""
IMmotion150,1295,ARFGEF3;GREB1;SLC4A11;KLK4;CCR1,0.858963426335202,,0.423014605146111,TRUE,""
IMmotion150,1296,KRBA1;LY9;HLA-DOB;UPP2;H3C8,0.664522455164831,,0.0407368498777134,TRUE,""
IMmotion150,1297,FTH1P20;ACKR4;ELAPOR2;AC123912.3;HK3,0.86598583431492,,0.437695742812582,TRUE,""
IMmotion150,1298,MDK;HRC;P2RY13;AC007878.1;CEBPA,0.75691585401801,,0.169770499942986,TRUE,""
IMmotion150,1299,RGS2;CDHR3;THSD1;TSIX;SHE,1.00414985297772,,0.982674814386577,FALSE,""
IMmotion150,1300,RADX;PHKA1P1;RUNX3;MTMR7;NXN,0.707488578103084,,0.0744826855157498,TRUE,""
IMmotion150,1301,PPFIA4;RPP14;CENPK;C5orf60;NPIPA2,0.878683552334585,,0.522216249292192,TRUE,""
IMmotion150,1302,CRIP1;CDC42BPG;ALDH7A1P1;CIB4;HBEGF,0.778204875064109,,0.179377625415657,TRUE,""
IMmotion150,1303,ITK;FDXACB1;PDE7B;SHISA2;PPM1H,0.644850235377533,,0.0312283730385565,TRUE,""
IMmotion150,1304,PTTG1;NDC80;ABCA10;AC135983.4;ENO3,1.03651050128395,,0.861664353387234,FALSE,""
IMmotion150,1305,RRAGD;RIPK4;CD5;ARPP21;NLGN3,0.604225485420364,,0.0149422259011321,TRUE,""
IMmotion150,1306,CAVIN2;AC002470.2;IL15RA;CPSF1P1;KLRD1,0.787264178479367,,0.226681506785715,TRUE,""
IMmotion150,1307,TRPC6;SNORA62;MCM10;AC012417.1;IL12RB1,1.16890554326891,,0.402908209607025,FALSE,""
IMmotion150,1308,MT-CO2;VANGL2;MLF1;AC097658.1;AC092068.3,0.813014734949412,,0.260886483849928,TRUE,""
IMmotion150,1309,RRM2;PCDHA7;LOXL4;DSC3;PAFAH1B3,1.06486676369373,,0.749380637256533,FALSE,""
IMmotion150,1310,PARM1;GPR171;SYDE2;CDRT15P6;AC093752.2,0.954077456594477,,0.812607232883547,TRUE,""
IMmotion150,1311,TENM4;ANO9;LPAR1;BCAN;GRIP1,0.766017310507389,,0.201089488850898,TRUE,""
IMmotion150,1312,OLFML2A;UBE2T;PKDCC;RHO;LRP8,0.908914133490769,,0.635622085714329,TRUE,""
IMmotion150,1313,SNORD118;DPY19L2P2;CCDC74B;FAM133A;ADAMTS13,0.755135347285777,,0.176537050115649,TRUE,""
IMmotion150,1314,NTN4;TBKBP1;TCF7;AGGF1P2;CD180,0.543229549078252,,0.0042057164654598,TRUE,""
IMmotion150,1315,FBN2;AP000654.1;IER2;KRT79;NAALADL2,1.13590132736744,,0.523869718574547,FALSE,""
IMmotion150,1316,NTN4;EML5;UHRF1;ANAPC1P4;ZNF578,1.12044619705759,,0.574232056740611,FALSE,""
IMmotion150,1317,OLFML2A;TSSC2;SOCS3;RETN;EBF4,1.11001226053245,,0.641400058985676,FALSE,""
IMmotion150,1318,NFASC;FOXL1;PSTPIP1;FAM205BP;FAM184A,0.66964439546117,,0.0376234821228379,TRUE,""
IMmotion150,1319,FPR1;GRB7;TESC;AC093512.2;FZD8,1.01217402483809,,0.951585131506975,FALSE,""
IMmotion150,1320,NCKAP5;RARRES1;CFAP70;KCNE1;BMERB1,0.721631141055073,,0.111960097886163,TRUE,""
IMmotion150,1321,PTPN3;CTAGE3P;CHRD;ELOVL3;PANK1,1.19455839405633,,0.385476144427328,FALSE,""
IMmotion150,1322,SERPINI1;CXCR6;POLQ;ADIPOQ;RAD51,0.897538637681059,,0.59931132662065,TRUE,""
IMmotion150,1323,IFI44L;RBP7;PCED1B;SULT4A1;SPAG4,0.751819333736588,,0.12616369535312,TRUE,""
IMmotion150,1324,PLAU;FAM122A;SLC2A3P2;SFTPA2;IGSF9B,0.725269034426344,,0.0767250524408599,TRUE,""
IMmotion150,1325,ABCA9;MT1F;TMEM54;CAGE1;NOL3,1.40118837104105,,0.0914912630334117,FALSE,""
IMmotion150,1326,GULP1;PMS2P7;PATL2;CHODL;CPNE5,0.569687200008339,,0.00611028766032985,TRUE,""
IMmotion150,1327,PPFIA4;PHKA1P1;STAC3;PSG1;AL096711.2,0.826608510599405,,0.343561098604103,TRUE,""
IMmotion150,1328,LIF;SNORD104;LILRA5;INTS4P2;TBX2,1.068735766492,,0.730181635183922,FALSE,""
IMmotion150,1329,KITLG;HYLS1;SCUBE2;AF001548.2;TRIB3,1.08404229216474,,0.697522449262023,FALSE,""
IMmotion150,1330,CARD11;ABHD14A-ACY1;BANK1;GJA3;SNCA,0.864261662546203,,0.395248049036677,TRUE,""
IMmotion150,1331,RRAGD;SNORA40;MAP3K9;AC125611.4;TMEM26,1.42968817336161,,0.0822047512480385,FALSE,""
IMmotion150,1332,TRPC6;WNT2B;TONSL;PRH2;CD52,0.945146318672621,,0.764669014042094,TRUE,""
IMmotion150,1333,ANG;AC036108.2;KBTBD8;CNGB1;LILRA1,0.763626229199573,,0.150066053418428,TRUE,""
IMmotion150,1334,RRAGD;FCGR3B;GRHL1;IYD;HOXA2,0.88837326887491,,0.541582698166914,TRUE,""
IMmotion150,1335,ALPK3;KCP;B4GALT6;AC093583.1;CKS2,0.782866537723097,,0.233699846283248,TRUE,""
IMmotion150,1336,RRM2;SLAMF7;THSD1;UGT2B10;CLEC4A,0.868950382104215,,0.472222322393446,TRUE,""
IMmotion150,1337,CDCA2;C6orf132;IQCN;NANOS3;UST,1.09312298542232,,0.648330964315899,FALSE,""
IMmotion150,1338,PTTG1;AL627309.6;BTG2;TRBV7-6;STAC3,0.73475995702917,,0.119327128271548,TRUE,""
IMmotion150,1339,GBP5;GOLGA8H;SNORA10;MAN1A2P1;RGL3,0.516024310980126,,0.00129877281098977,TRUE,""
IMmotion150,1340,PKD1P5;PRLR;TRIB3;RPS14P8;EGFLAM,1.39565170191501,,0.0747937665437206,FALSE,""
IMmotion150,1341,ZNF704;LIPC;SNORA44;CHAD;SNORA59B,1.12751989845403,,0.554846488365715,FALSE,""
IMmotion150,1342,EPHA3;RARRES1;EIF5A2;TCEAL2;GRIP1,0.86704418375145,,0.476661089143926,TRUE,""
IMmotion150,1343,CDCA2;AC004691.2;MACROH2A2;TBC1D26;TSPOAP1,0.88447390058577,,0.417667503841526,TRUE,""
IMmotion150,1344,PHGDH;CDHR3;FSTL3;ANKRD33;CEL,1.07656977423532,,0.713768323149655,FALSE,""
IMmotion150,1345,STEAP4;ZP3;PECAM1;HHATL;KCNK1,1.08490080580996,,0.710756170901158,FALSE,""
IMmotion150,1346,SLC11A1;RPSAP12;ADCY1;MYOC;MYCT1,1.03292795623536,,0.874628273223402,FALSE,""
IMmotion150,1347,BUB1;FLRT2;POU2F2;PDCD6IPP1;AC092068.3,0.792582933507784,,0.222093941035038,TRUE,""
IMmotion150,1348,SNORA71D;LAMP3;DUSP5;KCNJ10;OPLAH,0.929813847225429,,0.703644234113016,TRUE,""
IMmotion150,1349,IMPA2;ZP3;HOMER1;PSG4;TMEM220,1.06759098808143,,0.727870246807778,FALSE,""
IMmotion150,1350,NFASC;NTRK3;CD28;RPE65;GPAT3,1.15599815886194,,0.451056178328774,FALSE,""
IMmotion150,1351,MEST;AC036108.2;STEAP2;TAT;ANO2,1.18355599420909,,0.404194033262924,FALSE,""
IMmotion150,1352,DNAH6;MT-ND4L;RSAD2;OR2T10;NUPR1,0.999748155898707,,0.998985154179214,TRUE,""
IMmotion150,1353,STEAP3;BEND5;HOXA2;LRRC9;CASZ1,0.981085835551455,,0.923490390829416,TRUE,""
IMmotion150,1354,ADAMTSL3;AF241726.1;CENPU;TBC1D3I;SCIMP,0.977507773213041,,0.913099088261794,TRUE,""
IMmotion150,1355,SNORD118;CX3CR1;CMPK2;GFAP;RPPH1,0.830038044109666,,0.326204592860188,TRUE,""
IMmotion150,1356,KRBA1;AP002373.1;SOX18;TBX5;NLRC4,0.830400179759662,,0.269707288177735,TRUE,""
IMmotion150,1357,HGF;DEPDC7;EPHB2;ABCG8;VDR,0.651346494675847,,0.0433597684876106,TRUE,""
IMmotion150,1358,IMPA2;IGLV5-52;IL12RB1;SNORA15B-1;NR5A2,0.913132784482005,,0.640453006796574,TRUE,""
IMmotion150,1359,PKD1P5;MST1L;ALS2CL;MUC15;GTSE1,1.0480563085991,,0.807744360019996,FALSE,""
IMmotion150,1360,SNORD116-1;TRIM45;THRB;MYLPF;ARMH4,1.0333111822716,,0.862717324816985,FALSE,""
IMmotion150,1361,PLAUR;FAM86EP;TSHZ2;OR9Q1;APOBEC3B,0.939094626152693,,0.724151970159889,TRUE,""
IMmotion150,1362,ZFHX4;CLEC10A;STARD5;ATP2A1-AS1;NEURL1B,0.990902614439224,,0.963705737322704,TRUE,""
IMmotion150,1363,MEIS1;NRG3;HOXD8;AC112491.1;CCDC110,0.899583261746257,,0.610000138167805,TRUE,""
IMmotion150,1364,FOLR2;LOXL1;KCTD15;GSDMC;PSTPIP1,1.00114376975547,,0.995580587750818,FALSE,""
IMmotion150,1365,CD248;ZNF311;ZNF257;NXF2B;PDCD1LG2,0.770023274713396,,0.250587951304792,TRUE,""
IMmotion150,1366,ANLN;ULBP2;CFAP70;AC073261.1;MSS51,0.903689360672136,,0.61358611115391,TRUE,""
IMmotion150,1367,EGR2;CLEC3B;HHEX;C1orf194;GAL3ST4,0.958676697093259,,0.835118731270296,TRUE,""
IMmotion150,1368,RGPD3;GATA2;RAG1;MYOC;LOXL4,0.748495786418801,,0.116497060645639,TRUE,""
IMmotion150,1369,HILPDA;SLAIN1;RAD51AP1;OR9A3P;SIGLEC7,0.759026686610447,,0.121332669226258,TRUE,""
IMmotion150,1370,CCDC141;PDZRN3;MELK;UGT2B24P;STX11,0.726662705811796,,0.100201000985473,TRUE,""
IMmotion150,1371,SGIP1;FLT3;NOL3;USP44;SH3BGRL2,0.873688308252636,,0.506368366866886,TRUE,""
IMmotion150,1372,AKAP6;ZNF831;IL2RB;VIT;IL12RB1,0.640776932354178,,0.0237423407056555,TRUE,""
IMmotion150,1373,APBA2;TPTEP2;RNFT2;LINC01504;PECAM1,0.744900535694179,,0.108496954837498,TRUE,""
IMmotion150,1374,HSPA7;HLA-H;PIK3R6;OR2A1-AS1;GOLGA6L3,0.667684021911732,,0.0423184573286436,TRUE,""
IMmotion150,1375,PCDHB8;HUNK;ZNF483;AC027309.2;CD5,0.756985825614052,,0.127123468256906,TRUE,""
IMmotion150,1376,PCSK5;ESCO2;SEMA4G;OR11H2;TSGA10,0.826271061366356,,0.38198175063053,TRUE,""
IMmotion150,1377,MT-CO2;HLF;RNU4ATAC;AIDAP1;RPL23AP32,0.924970289935468,,0.694407177323255,TRUE,""
IMmotion150,1378,TRPC6;UNC5CL;IL2RB;AC022217.1;RAMP3,0.996170922129209,,0.984989019022514,TRUE,""
IMmotion150,1379,HYDIN2;MMP24;H4C6;RGSL1;LNX1,0.756301699542422,,0.130021225597981,TRUE,""
IMmotion150,1380,HKDC1;ZP3;FAM184A;GFI1B;FHDC1,1.01874552672303,,0.917476717029404,FALSE,""
IMmotion150,1381,CDCA2;PLGLB2;TMEM132A;TARDBPP2;SNORA60,0.820636576288751,,0.331488248912935,TRUE,""
IMmotion150,1382,DLL4;FAM122A;MTARC1;TCEAL5;TSNAXIP1,0.982265096932988,,0.919723732924517,TRUE,""
IMmotion150,1383,ABCA6;NANOGP4;PCED1B;MMEL1;AMIGO2,0.717417965919429,,0.0678465411886214,TRUE,""
IMmotion150,1384,KITLG;HTRA3;CCDC110;AC007326.1;FBXO16,0.906131172890052,,0.620867560843591,TRUE,""
IMmotion150,1385,ALDH1A3;CDS1;RAD51;RBFOX1;SMAGP,0.506674988412828,,0.00188390245627271,TRUE,""
IMmotion150,1386,ZNF395;AC068831.6;EVA1C;AC103702.1;AC092068.3,0.655330253342129,,0.013278735427318,TRUE,""
IMmotion150,1387,PKD1P5;RNF157;AK1;AC112504.2;MARK1,0.80658820038118,,0.260316626653085,TRUE,""
IMmotion150,1388,TMEM91;MT1L;GOLGA6L3;PIK3C2G;PANK1,1.37629004665892,,0.115623144980967,FALSE,""
IMmotion150,1389,SDK1;PYGO1;PCDHB2;CPSF1P1;TRIM73,1.16916780452558,,0.422568086262774,FALSE,""
IMmotion150,1390,NAV3;QPCT;GATD3A;AL450992.1;SECTM1,0.896668916646141,,0.558025569187658,TRUE,""
IMmotion150,1391,TNFRSF11B;COL24A1;ITGA10;MIR9-1HG;NCAPH,0.842455106637182,,0.379942855921315,TRUE,""
IMmotion150,1392,CCDC141;S100A9;CMPK2;AC087289.3;KCTD15,0.789891617918116,,0.247052696622834,TRUE,""
IMmotion150,1393,ACSS3;FAM86EP;SHE;CREG2;EXOC3L1,0.76791201340126,,0.131664332267736,TRUE,""
IMmotion150,1394,FAM83H;CXADR;SLC22A15;AC015818.5;NRXN3,0.958718225744223,,0.820484194346172,TRUE,""
IMmotion150,1395,KCNN3;EGF;ADAMTSL1;AC008758.1;SHE,1.1711723224833,,0.342791158036028,FALSE,""
IMmotion150,1396,STEAP4;GIPC3;SLAMF6;AP001372.4;SNORA59A,0.861629719649256,,0.440900946924262,TRUE,""
IMmotion150,1397,ZFHX4;ZNF711;TBX2;CHAD;DECR2,1.11559520105259,,0.574101080497267,FALSE,""
IMmotion150,1398,MOCOS;ZNF727;NUPR1;AC133555.5;PFN2,1.35776548996281,,0.13321083515912,FALSE,""
IMmotion150,1399,ACSS3;ZNF215;PCDH18;AKR1D1;CATSPERG,0.978031385301222,,0.914842020369252,TRUE,""
IMmotion150,1400,AOC3;ZMYND19;ESR1;GATA4;CSRNP3,1.11056561231447,,0.574339139245249,FALSE,""
IMmotion150,1401,BUB1B;CDC42BPG;CD80;ENTPD3;DHFR2,0.901385884325714,,0.606146182668835,TRUE,""
IMmotion150,1402,OLR1;PET117;FAAH2;EPYC;SLC19A2,0.45237784900012,,0.00138836741421979,TRUE,""
IMmotion150,1403,PLAU;DMRTA1;STARD5;AC111000.1;APCDD1,0.950681564955615,,0.78959051933181,TRUE,""
IMmotion150,1404,EPHX2;NALCN;SPSB1;LRRC3B;IL21R,1.22026854895713,,0.328842710625505,FALSE,""
IMmotion150,1405,IFI27;UGT8;THRB;RPE65;GADD45B,1.21883552721384,,0.35562766069264,FALSE,""
IMmotion150,1406,PLAU;ZIK1;CD6;BEND4;SNCA,0.671471790121536,,0.0455745273947041,TRUE,""
IMmotion150,1407,PLAU;PROM2;RNLS;AC012417.1;FCMR,0.978361403697946,,0.911558273203746,TRUE,""
IMmotion150,1408,SNORD116-23;HMGN5;ARHGEF15;CRB2;ARHGEF37,0.932926632278518,,0.671547434883002,TRUE,""
IMmotion150,1409,IMPA2;ZNF511;HSPD1P4;PDXP;SLC6A9,1.10552183775066,,0.563955332318152,FALSE,""
IMmotion150,1410,MT-ND1;ALDH4A1;RGS9;EPHA5;RGS16,1.03919185031244,,0.83800065376161,FALSE,""
IMmotion150,1411,ADAMTSL3;SNORA64;SLC43A1;INTS4P2;SLC2A3P2,0.763277376249704,,0.153683207485753,TRUE,""
IMmotion150,1412,SNORD116-22;CXCR6;ZNF662;KCNIP1;DOK2,0.729026709933843,,0.118391176985645,TRUE,""
IMmotion150,1413,NCF1C;PPCDC;IL12RB1;IYD;TP53INP2,0.699316350245773,,0.0774084820644635,TRUE,""
IMmotion150,1414,GABRE;PTH1R;MAD2L1;SLC9A4;CCRL2,0.79988095077239,,0.277447819096821,TRUE,""
IMmotion150,1415,PDLIM3;SPATA17;AK7;SLC5A5;PCDHGB3,0.69075193581705,,0.0865101599875439,TRUE,""
IMmotion150,1416,JAM3;SNRPEP4;STRC;SNORA36A;PANK1,1.10718842113883,,0.554202893536481,FALSE,""
IMmotion150,1417,FAM27E3;KIAA1143P1;GPR34;OIT3;ZNF491,0.784546257329536,,0.171043754730475,TRUE,""
IMmotion150,1418,OR2A7;SLAMF1;MTARC1;MTNR1A;GSKIP,0.844160946400676,,0.421691435291845,TRUE,""
IMmotion150,1419,SEZ6L2;SUMO1P3;CELSR3;AC025165.6;TESC,1.15696413102739,,0.416653171947588,FALSE,""
IMmotion150,1420,CRIP1;EFNA5;CCDC113;CLEC4C;FRMD3,0.851198020689174,,0.419448396201833,TRUE,""
IMmotion150,1421,TTC39A;EPHB1;FAM86DP;CADM2;CD302,1.24201750022558,,0.244976632504579,FALSE,""
IMmotion150,1422,PCDHGB2;FAM86B1;CASS4;BIRC7;RBP1,0.909413099549575,,0.631925090963716,TRUE,""
IMmotion150,1423,CD3E;DMRTA1;ELOVL6;OR13C9;ALDH7A1P1,0.659561736928355,,0.0398653869233784,TRUE,""
IMmotion150,1424,SPNS2;DCDC1;KCNS3;OR2L1P;E2F8,1.13360604080083,,0.514397071634324,FALSE,""
IMmotion150,1425,HGF;MSANTD3-TMEFF1;H3C11;CRYGN;SAMD3,0.659623136018394,,0.0494364753815642,TRUE,""
IMmotion150,1426,MST1;KBTBD3;CDH24;THEGL;AL158050.1,0.858317237076222,,0.489399121083792,TRUE,""
IMmotion150,1427,AGAP7P;AL162417.1;ORC6;AL138963.3;PCDHGA4,0.707922117810111,,0.115110620083427,TRUE,""
IMmotion150,1428,SELL;ADAMTS4;IL21R;PF4V1;KCNK5,0.891625526913835,,0.55393137345648,TRUE,""
IMmotion150,1429,FHL2;NTRK3;RAB38;AIRE;ADCY1,1.26059339360019,,0.22611961471078,FALSE,""
IMmotion150,1430,AK4;ADRA1B;UST;LYPD6;TPPP3,1.57973329568975,,0.0300553481756555,FALSE,""
IMmotion150,1431,SNORA71D;FAM86C2P;SCHIP1;ZNF648;DACT1,1.16709651433423,,0.471731174313044,FALSE,""
IMmotion150,1432,RASL11A;DNAJC19P9;E2F8;CST1;CPNE5,0.745185687550715,,0.175344831348316,TRUE,""
IMmotion150,1433,GPC4;ZNF669;PRTG;AC113385.3;SHROOM2,0.791204228034311,,0.251828065034929,TRUE,""
IMmotion150,1434,ANGPT2;IGFBP2;CCRL2;WBP1P2;ZWINT,1.05704659462204,,0.782887939254549,FALSE,""
IMmotion150,1435,GBP5;JPH2;LRRC75B;CERNA2;TSPOAP1,0.774018757609949,,0.179627166556392,TRUE,""
IMmotion150,1436,SDK1;ADAM1A;PYROXD2;AL162457.1;CCRL2,0.545850786916085,,0.00266797110760534,TRUE,""
IMmotion150,1437,HYDIN2;HOXA6;TTK;C6orf141;TONSL,0.866527949396856,,0.4821007889738,TRUE,""
IMmotion150,1438,SRPX2;GIPC3;ARMH4;DHRS2;RTL5,1.00375636985342,,0.985737987227248,FALSE,""
IMmotion150,1439,NR3C2;INHBB;IL4I1;AC007182.1;PCDHGB8P,0.956143469102664,,0.830731672487562,TRUE,""
IMmotion150,1440,AMACR;ZNF311;MSC;TRPV6;SNORA14B,1.04836121547779,,0.849994094076838,FALSE,""
IMmotion150,1441,ANOS1;FDXACB1;CCSER1;SIM2;SLC9A7P1,0.629930096406184,,0.0150051970091022,TRUE,""
IMmotion150,1442,CD2;UGT8;RFLNB;POU6F2;MAPK12,0.859502944679285,,0.44924631154842,TRUE,""
IMmotion150,1443,DNAH6;GIPC3;LNX1;TPSD1;H4C9,1.04458505780351,,0.805295304985766,FALSE,""
IMmotion150,1444,PTER;LOXL1;PMEPA1;RPS4XP5;TEF,0.952348798937872,,0.79819295749981,TRUE,""
IMmotion150,1445,OLFML3;SNRPEP4;PCDHB4;IGKV1D-17;GRHL1,0.982894867856024,,0.930834897935569,TRUE,""
IMmotion150,1446,PDLIM3;IQCA1;PDXDC2P;TMEM74;AL096711.2,0.8983111372992,,0.542923318080719,TRUE,""
IMmotion150,1447,LMOD1;P2RY10;LAT;ERN2;IGFBP6,0.617221226045364,,0.0150326442614636,TRUE,""
IMmotion150,1448,ITGA8;GABRD;ADAM32;MYH16;EYA2,1.09863959750613,,0.649482316010661,FALSE,""
IMmotion150,1449,SERPINI1;KCNE4;MEFV;CST6;TESPA1,0.874977329867575,,0.506872255851406,TRUE,""
IMmotion150,1450,CD248;TMEM232;CEP295NL;KLK1;OXER1,0.867236213507611,,0.494320576459809,TRUE,""
IMmotion150,1451,MTARC2;OSGIN1;E2F7;LNCOC1;C1QTNF1,1.30105741104239,,0.199370798843169,FALSE,""
IMmotion150,1452,COL4A4;POM121L9P;GRAPL;LACTB2-AS1;ADAM32,0.964333713312,,0.855971910010881,TRUE,""
IMmotion150,1453,MOCOS;ZNF232;HOXD4;RNU1-27P;GPR34,0.999689250335796,,0.998611966096747,TRUE,""
IMmotion150,1454,SPATA18;AKR7A3;SSPN;AC012531.2;ADGRE4P,0.89368796635568,,0.540614554654902,TRUE,""
IMmotion150,1455,SRPX2;FPGT-TNNI3K;CCR1;NOG;SCD5,0.784866807392248,,0.207522546471738,TRUE,""
IMmotion150,1456,KCNN3;IRX3;FAM133CP;AMYH02020865.1;FGD1,0.78129253853537,,0.201752864278473,TRUE,""
IMmotion150,1457,IL2RG;DEPDC7;HMMR;ATP10B;PFN2,0.738670462472104,,0.134744311420136,TRUE,""
IMmotion150,1458,ARFGEF3;CFD;RGS16;AC007383.2;MACROH2A2,0.891745842693658,,0.547010190083469,TRUE,""
IMmotion150,1459,MXRA7;SYBU;GLI2;KRT8P34;IGSF9B,0.953512959116286,,0.814752865048458,TRUE,""
IMmotion150,1460,LMOD1;ZNF311;SNORA3B;AC133065.2;IQCN,1.13126178386537,,0.548502593034392,FALSE,""
IMmotion150,1461,SNORD116-22;ZNF726;SYT17;AC131392.1;RHOD,1.07535518634524,,0.719378040318349,FALSE,""
IMmotion150,1462,CD248;EXO5;TSPAN5;AGGF1P2;RNF144A,0.783506430220791,,0.280786361001323,TRUE,""
IMmotion150,1463,GPR183;SNCAIP;AC004997.1;IGLV10-54;RAG1,0.966183251586307,,0.858715997581251,TRUE,""
IMmotion150,1464,IL2RG;EFNA5;TPRN;EIF3LP2;MCM10,0.760096567175882,,0.153424317061274,TRUE,""
IMmotion150,1465,NCF1C;FLT3;CASZ1;TMEM132C;ZNF454,0.556224730164668,,0.00280231543983285,TRUE,""
IMmotion150,1466,NAV3;FKBP14;PCDHB18P;TTTY14;PCDHB2,0.927435166707699,,0.695940095518415,TRUE,""
IMmotion150,1467,SLC11A1;GOLGA8H;SPN;TRAV41;DET1,0.513570660352819,,0.00429954540415989,TRUE,""
IMmotion150,1468,KRBA1;METTL7B;EIF5A2;AL390860.1;DNAJC6,0.931771474886324,,0.694966627936687,TRUE,""
IMmotion150,1469,RGPD3;TNFRSF9;TESPA1;HMGN1P4;EPHB2,0.619968167255444,,0.0140126469357071,TRUE,""
IMmotion150,1470,FAM27E3;COL21A1;HOXD4;COL2A1;BMP2,1.46792805447513,,0.064342910030796,FALSE,""
IMmotion150,1471,EGR2;AL512356.1;ANKRD23;SNORD115-44;KLHL3,0.907047474513327,,0.648879298759635,TRUE,""
IMmotion150,1472,APBA2;GBP1P1;RFTN2;FAM90A2P;BANK1,0.680942621188146,,0.0331064483181379,TRUE,""
IMmotion150,1473,CNTNAP3P2;FAM122A;TBX2;AL139260.3;H2AC16,0.832268979625699,,0.347640562858732,TRUE,""
IMmotion150,1474,GPC4;HMGN1P3;GJA4;ZPLD1;NOVA2,0.731268252431013,,0.104969235746621,TRUE,""
IMmotion150,1475,CCL5;PPFIA2;TCF7;CFHR2;EGFLAM,0.786932028510187,,0.254829517227345,TRUE,""
IMmotion150,1476,GPR183;PCDHB6;AGER;TMEM82;PSORS1C1,0.74855946043062,,0.134017312923909,TRUE,""
IMmotion150,1477,LDHAP4;TPTEP2;EIF5A2;AC092042.3;AC004997.1,0.967274897265258,,0.862755754411414,TRUE,""
IMmotion150,1478,AR;AC093899.2;HOXD8;KRT8P25;ZSCAN31,0.712527404370931,,0.0708171446583334,TRUE,""
IMmotion150,1479,ZNF90;MARVELD2;OXER1;LINC01460;BTG2,1.03273378778448,,0.88012724071468,FALSE,""
IMmotion150,1480,TMEM91;HUNK;RANBP17;AC012236.1;PAFAH1B3,0.994625254347459,,0.976862625948083,TRUE,""
IMmotion150,1481,ANGPT2;VANGL2;RTL5;SPATA20P1;CCDC157,0.938770822800939,,0.747230213215065,TRUE,""
IMmotion150,1482,NOX4;PDCL3P4;GZMA;ANKRD2;FAM111B,0.629583689975511,,0.0283583070046641,TRUE,""
IMmotion150,1483,MT-ATP6;ZNF311;TLE2;ZNF833P;AC138696.1,0.873579262925011,,0.474739311284259,TRUE,""
IMmotion150,1484,GGT5;CXADR;EID3;PLPPR1;PMEPA1,1.29980730739835,,0.178174419869923,FALSE,""
IMmotion150,1485,STEAP4;FAM86C2P;PCDHB18P;OR2T10;GALNT3,0.898315045524996,,0.552510322087698,TRUE,""
IMmotion150,1486,FAM83H;PRRX1;TRIM73;GYPB;C1orf21,1.28208162533401,,0.188432465367872,FALSE,""
IMmotion150,1487,ALPK3;NANOGP4;DACT1;CTBP2P10;AC004832.3,0.976592658199048,,0.912920624827029,TRUE,""
IMmotion150,1488,SNORD118;AC093668.1;SARDH;AL355303.2;ZNF610,0.815966231276876,,0.33355541424118,TRUE,""
IMmotion150,1489,PDE2A;AVPR1A;LY86;TARID;STK26,1.1282721098502,,0.54221800054737,FALSE,""
IMmotion150,1490,TRPC6;RPSAP12;EGFL7;TMEM74;HEY1,0.896526470425921,,0.577129415772579,TRUE,""
IMmotion150,1491,PCDHGB2;RTKN2;ABTB2;RAET1E;ZNF366,0.886861840199074,,0.536061337845322,TRUE,""
IMmotion150,1492,PHGDH;MDP1;RHPN1;AC092587.1;MAN1C1,1.20287447126642,,0.403463145605935,FALSE,""
IMmotion150,1493,SRPX2;DYNC1I1;HENMT1;OTX1;SSPOP,0.89280153392466,,0.576401995833365,TRUE,""
IMmotion150,1494,ZFHX4;NPIPB8;GPR34;RPL23AP60;NANOGP8,0.789179553858461,,0.203541834546153,TRUE,""
IMmotion150,1495,CCL5;F2RL1;EGFL7;TRAV27;DGCR6,0.683412315272208,,0.0612386666850497,TRUE,""
IMmotion150,1496,LDLR;ZNF511;HLA-L;AC011979.1;NEURL1B,1.21028137013766,,0.260434290648394,FALSE,""
IMmotion150,1497,ADAM12;COL21A1;EPHB2;OTX1;MARK1,1.2681263478776,,0.249936620212992,FALSE,""
IMmotion150,1498,PTER;ESRP2;CLEC14A;AC118942.1;SIRPB2,1.12244479321185,,0.56179765221837,FALSE,""
IMmotion150,1499,RETREG1;NPIPB8;TEKT4P2;FAM149B1P1;SUGCT,0.943826878765399,,0.740341822053554,TRUE,""
IMmotion150,1500,SRPX2;DNAJC19P9;EVA1C;UMOD;TTC25,0.514535348482795,,0.00101333447765856,TRUE,""
IMmotion150,1501,PCDHB12;SPEG;SUGCT;MAPK4;FAM111B,1.03207974409011,,0.872000816381673,FALSE,""
IMmotion150,1502,MATN2;PPT2-EGFL8;MAN1C1;IL27;PDXDC2P,0.779899772114677,,0.2208036186546,TRUE,""
IMmotion150,1503,KCNN3;MST1L;MAP3K7CL;RGS7;PCDHGA5,1.32057417438499,,0.179215036743476,FALSE,""
IMmotion150,1504,ABCA6;TNFRSF19;RAG1;CELF5;SCHIP1,0.703059530389146,,0.0835104804350087,TRUE,""
IMmotion150,1505,CCL3;SEMA3A;HENMT1;RPSAP74;ZNF662,0.822887859985429,,0.357736830963034,TRUE,""
IMmotion150,1506,IFI44L;SNORA64;TMEM220;AC142381.1;SNORA18,0.861692207763415,,0.433811119354805,TRUE,""
IMmotion150,1507,GRAMD1B;ZNF831;LILRA5;AL450992.1;RUNX3,0.563288673520151,,0.00691580846912761,TRUE,""
IMmotion150,1508,OLFML2A;INHBB;IFI6;AC244517.11;JAM2,1.1130857090078,,0.564469355314142,FALSE,""
IMmotion150,1509,CEACAM1;SLC29A4;PRH1;DLX1;CD33,1.06824382259911,,0.722925182349113,FALSE,""
IMmotion150,1510,KRBA1;SLC6A16;PRTG;SNORD87;PDE8B,1.11119554798369,,0.594077007417286,FALSE,""
IMmotion150,1511,TNFRSF11B;ZNF232;H3C8;AC005062.1;HSPB2,0.892554905046381,,0.584588641494584,TRUE,""
IMmotion150,1512,GGT5;TOX;SNORA6;KISS1;CD33,0.76719581799697,,0.194069903775811,TRUE,""
IMmotion150,1513,SRPX2;KIF5C;DGCR6;RPL21P7;JAM2,0.850261260283559,,0.387415462561401,TRUE,""
IMmotion150,1514,VEPH1;MT-ND4L;TRIM36;AL031681.2;MMP19,0.870640820072127,,0.46653224450186,TRUE,""
IMmotion150,1515,PC;GRB14;ADAM32;CLVS1;H3C2,1.3672078894689,,0.130080110547963,FALSE,""
IMmotion150,1516,PCDH17;INAVA;LRRC75B;NKAIN4;RHPN1,1.24265256111907,,0.314735104416856,FALSE,""
IMmotion150,1517,GRAMD1B;PTGS2;ZNF876P;LINC02872;PDCD1LG2,0.848133199854838,,0.391413174774299,TRUE,""
IMmotion150,1518,COL4A4;TOX;STON1;SPINK2;TRIP13,0.665005554380307,,0.0491216029976555,TRUE,""
IMmotion150,1519,CCL5;SLAMF7;CD28;KRT19P1;SNORD46,0.773945435895115,,0.185226666896228,TRUE,""
IMmotion150,1520,ADAMTSL2;SCN8A;RPPH1;AC004687.2;ACOX2,1.54050648799936,,0.0337210354034429,FALSE,""
IMmotion150,1521,KLF5;METTL7B;SLC25A33;GCSAML;LINC02449,1.03001595341171,,0.875896106520367,FALSE,""
IMmotion150,1522,AOC3;ABHD14A-ACY1;SIK1;MMP10;ARRDC5,0.890740133536117,,0.539077779882361,TRUE,""
IMmotion150,1523,H2BC9;TMEM184A;FGD1;ZFAND6P1;SHROOM2,0.790713785758384,,0.230902638996379,TRUE,""
IMmotion150,1524,FCGR1B;NRG3;FCMR;OR2W3;SLC16A6,0.614784489239025,,0.0187278030509085,TRUE,""
IMmotion150,1525,RNASE1;OLFM2;ZNF334;TPSD1;FGF2,1.26961485859523,,0.18497170483998,FALSE,""
IMmotion150,1526,ANG;IL1RL2;MOB4;KIAA1210;IFI6,1.06626401869107,,0.747154192517624,FALSE,""
IMmotion150,1527,PARM1;PCDHB6;KCNK1;GDF5;EXOC3L1,1.20342250771876,,0.383459463464353,FALSE,""
IMmotion150,1528,NPNT;CAPN12;PCDHGC5;DUSP26;TRPC4,0.982186885461275,,0.918276283940977,TRUE,""
IMmotion150,1529,ABCB4;ACTG2;PTGDR;FAM184B;MICU3,0.701513262073928,,0.068673148768085,TRUE,""
IMmotion150,1530,EPHX2;ASAH2B;RGL3;INSC;COL11A2,0.842623708315591,,0.345229096800875,TRUE,""
IMmotion150,1531,ALPK3;NR2F1;PCED1B;TRIM54;GSKIP,0.785122579418152,,0.203669800272812,TRUE,""
IMmotion150,1532,EPHX2;CCDC148;GALNT3;AC112504.2;PDE8B,1.24901368877879,,0.288551724385701,FALSE,""
IMmotion150,1533,SNORD118;ESCO2;LPAL2;PLA2G4F;FOXM1,0.933187623108895,,0.743834909007914,TRUE,""
IMmotion150,1534,CARD11;ABCF2;SNORD46;RPS14P5;ZNF300,0.750662188152736,,0.146121736165933,TRUE,""
IMmotion150,1535,CCL3;GNLY;P2RY1;GYPE;PATL2,0.681324380215372,,0.0578825651172774,TRUE,""
IMmotion150,1536,KIF4A;OSBPL6;SDC1;ADARB2;P2RY8,0.677252283259018,,0.0542246089702804,TRUE,""
IMmotion150,1537,PCSK5;CTAGE3P;ANKRD29;PVRIG;FAHD2B,0.565501613975104,,0.00154777606965418,TRUE,""
IMmotion150,1538,TRBC2;SNCAIP;EPHB2;PPIAP51;TSNAXIP1,0.766251586101431,,0.162467480860936,TRUE,""
IMmotion150,1539,ADAMTSL2;LIPG;LILRB5;CLCN1;LNX1,1.16320637909941,,0.470353371167497,FALSE,""
IMmotion150,1540,RHOB;ZNF229;FCMR;SAP25;SHCBP1,0.791757983253242,,0.235936593543711,TRUE,""
IMmotion150,1541,MOCOS;GPR174;MBD3;AC092666.2;BASP1,0.741569137781947,,0.129292480530696,TRUE,""
IMmotion150,1542,AKAP6;AC008878.1;LY96;PPP1R1C;EPHB3,0.940013694564471,,0.736405144792928,TRUE,""
IMmotion150,1543,MT-CO3;SNORD104;KIF2C;OR2L5;GTSE1,0.738006603669906,,0.148608327843399,TRUE,""
IMmotion150,1544,FAP;MT1L;IL12RB1;HS6ST2;C1QTNF3,0.896522730646144,,0.602269179818737,TRUE,""
IMmotion150,1545,KIF4A;KCP;PRELID3A;MYL12BP2;FAM160A1,1.1750139421406,,0.413566160439397,FALSE,""
IMmotion150,1546,SNORA71D;CTAGE3P;LRP3;PIP5KL1;RDH5,1.19385360194314,,0.39510791341978,FALSE,""
IMmotion150,1547,ITGA11;AC093899.2;RGS16;BNIP5;CCNJL,0.849683495960453,,0.445725353850441,TRUE,""
IMmotion150,1548,EPHX2;ZNF831;ZNF662;AL590132.1;CCNF,0.905337296084699,,0.625675982545843,TRUE,""
IMmotion150,1549,FILIP1;RPL9P7;CC2D2B;AL451062.2;GFOD1,0.789197154291289,,0.205226252754103,TRUE,""
IMmotion150,1550,KDELR3;PCOLCE2;H3C8;ASB9P1;SCAMP5,1.30773171828669,,0.186284514051985,FALSE,""
IMmotion150,1551,ANKS1B;CBS;BMERB1;AC009065.9;FBXO16,1.05540726692202,,0.78951825895557,FALSE,""
IMmotion150,1552,IFI27;KCP;PRKAR2B;PRH2;EMP2,0.838362030315814,,0.377834949575737,TRUE,""
IMmotion150,1553,TPX2;GRM8;OSBP2;SLC27A6;GOLGA2P5,0.970131925111577,,0.873144281756049,TRUE,""
IMmotion150,1554,PTER;ZNF669;NCAPG;GLTPD2;RAI2,0.590942943288923,,0.0105269978454444,TRUE,""
IMmotion150,1555,EIF2S2P4;AC048382.2;RUNX1T1;OLFM4;ELMO3,0.714939869257706,,0.137401712973865,TRUE,""
IMmotion150,1556,TRBC2;CHMP4BP1;NPIPB9;TERT;HOXA4,0.687971488439188,,0.0480709241990251,TRUE,""
IMmotion150,1557,CEACAM1;RIPK3;ATF5;ARG1;ABCG2,0.962243310071129,,0.855848374774085,TRUE,""
IMmotion150,1558,PCDHB12;ZNF511;CD101;IGHV3-64D;CACNB2,0.766292809089541,,0.144363035593809,TRUE,""
IMmotion150,1559,FLG-AS1;RNF152;LINC02449;GDNF;KCNK5,1.06374354412189,,0.74731188547796,FALSE,""
IMmotion150,1560,FAM83H;HLA-H;ALS2CL;AL353608.4;CATSPERG,0.932443475283157,,0.724598511078166,TRUE,""
IMmotion150,1561,FTH1P20;SNORD104;Telomerase-vert;NAIPP3;RDH13,0.966076624663547,,0.848594004130634,TRUE,""
IMmotion150,1562,FOLR2;RPSAP12;TBXA2R;HGFAC;CD28,1.14825192075398,,0.576290624066802,FALSE,""
IMmotion150,1563,SMOC2;NOVA1;BMP2;CCL7;PCDHB7,1.02241726376406,,0.908825632227075,FALSE,""
IMmotion150,1564,TPX2;SNORA62;PAPPA;OR52N1;LILRA1,0.643039874189827,,0.0308834207382101,TRUE,""
IMmotion150,1565,VEPH1;ZNF630;VNN2;C1QTNF9;ABCA10,0.807272372432379,,0.227237365679281,TRUE,""
IMmotion150,1566,LDHAP4;KCNQ1OT1;ARHGEF37;WNT7B;AGBL2,1.19582346111781,,0.3819024969729,FALSE,""
IMmotion150,1567,ACSM3;NPIPB8;AC004997.1;MIA-RAB4B;RHPN1,1.10425935674818,,0.615454854623807,FALSE,""
IMmotion150,1568,APBA2;KLHL4;ADAM8;MKX;LNX1,0.74906640054017,,0.161808764937882,TRUE,""
IMmotion150,1569,SCARNA4;GPR171;SLAMF6;AC093908.1;AFF2,0.763055831124723,,0.179323045521447,TRUE,""
IMmotion150,1570,CD2;RPL9P7;GPX7;OR10AB1P;NUPR1,0.990955105309239,,0.96693775590598,TRUE,""
IMmotion150,1571,OLFML2A;CKB;EML6;HMGN2P7;ANKRD29,1.02414598498752,,0.902852895098185,FALSE,""
IMmotion150,1572,ADAM12;ADAM1A;LINC02449;CERS1;GOLGA8K,0.903768157727452,,0.626486731243687,TRUE,""
IMmotion150,1573,SNORA21;MMP16;SLC22A15;C9orf24;ID1,1.13595966072922,,0.501176730949945,FALSE,""
IMmotion150,1574,EMCN;CDHR3;HLX;SNORD24;SPOCK2,1.220126339843,,0.314338089013634,FALSE,""
IMmotion150,1575,ADAM12;IQCA1;RPL23AP32;MROH9;FAM72A,1.06186625894372,,0.756521529685576,FALSE,""
IMmotion150,1576,SGPP2;GPER1;TESC;AL669942.1;TICRR,0.831959567193171,,0.386574214492255,TRUE,""
IMmotion150,1577,BCAT1;SCN8A;PCDHB4;MTCO1P12;GPT2,1.36214467150872,,0.146133863076954,FALSE,""
IMmotion150,1578,OR2A7;TNFRSF19;AD000090.1;CYP27C1;CIDEB,0.820991988733925,,0.298479641933815,TRUE,""
IMmotion150,1579,FLG-AS1;NANOGP4;SMAD6;FMO6P;SNORA44,0.631891440641871,,0.0111291783927537,TRUE,""
IMmotion150,1580,AMACR;PTH1R;RAB38;CDSN;LPAR1,0.820791688629712,,0.36150858961878,TRUE,""
IMmotion150,1581,STC1;ELAPOR1;H3C13;AC021146.1;TNFRSF11A,0.845939582286204,,0.356655078566655,TRUE,""
IMmotion150,1582,PARD6B;PCDHGA1;HOXC6;OR4F8P;TWF1P1,0.983280354586381,,0.930539855630744,TRUE,""
IMmotion150,1583,PCDHB11;AC004691.2;LRRC37A6P;OR9A1P;AL158050.1,0.821790842145741,,0.246806094450254,TRUE,""
IMmotion150,1584,CRIP1;OLFM2;HCST;CCL13;TRGC2,0.753131196730695,,0.144369246941271,TRUE,""
IMmotion150,1585,PDE2A;FLT3;KYAT1;MUC5AC;FAM86DP,1.02550632144424,,0.9047971059284,FALSE,""
IMmotion150,1586,CD2;RPP14;ADORA3;B3GALT5-AS1;SEC14L2,0.683482903385376,,0.0404555500163494,TRUE,""
IMmotion150,1587,FAT3;KRTCAP3;LETM2;IGHV2-26;CHST2,0.84078800031771,,0.395044214751397,TRUE,""
IMmotion150,1588,SNORA21;CKB;GRIP1;ARL14;CKS2,0.894258665095188,,0.588426294179016,TRUE,""
IMmotion150,1589,TRAC;SUSD2;CEBPA;HNRNPCP8;CCDC150,0.835198364406232,,0.307952960820942,TRUE,""
IMmotion150,1590,SNAI2;GPR39;CASZ1;IGKV1D-33;LINC01138,1.041398264169,,0.835236283570291,FALSE,""
IMmotion150,1591,PDE2A;UGT8;GPR75;AC003002.3;GRHL1,0.978220466756037,,0.9065150257296,TRUE,""
IMmotion150,1592,CEACAM1;EPHA1;SNORA60;MAST1;RNF144A,0.910226955520335,,0.650275659663641,TRUE,""
IMmotion150,1593,EDNRB;CCNB2;TMEM132A;AC025165.3;FEZ1,1.06561621118486,,0.771615672870455,FALSE,""
IMmotion150,1594,PTGS1;SUMO1P3;VNN2;Y_RNA;TM9SF1,0.842534047473976,,0.391439465795024,TRUE,""
IMmotion150,1595,CEACAM1;BMPR1AP2;APCDD1;RALYL;EIF5A2,0.797892484994903,,0.27306518717622,TRUE,""
IMmotion150,1596,ALOX5AP;ELAPOR1;CD101;IGHV3-35;SIK1,0.768472126858352,,0.164603521953054,TRUE,""
IMmotion150,1597,GPR183;ZNF831;PYROXD2;KIAA2012;C17orf97,0.700001724247673,,0.0767111947898593,TRUE,""
IMmotion150,1598,FAT3;SIDT1;CELSR3;FOXJ1;CX3CL1,0.813708392493045,,0.308647599412116,TRUE,""
IMmotion150,1599,AFF3;IRF4;NLRC3;PMS2P11;ZNF876P,0.686170254580199,,0.0694446392997094,TRUE,""
IMmotion150,1600,THSD4;ANK1;GRAPL;LRRC3B;TIGD2,0.940483402715534,,0.735576545407552,TRUE,""
IMmotion150,1601,AOC3;C15orf48;CLEC4A;TBX4;STK32B,0.858106472469915,,0.450862154883659,TRUE,""
IMmotion150,1602,FBLN2;FDXACB1;E2F8;FAM25BP;SCARF2,1.12964739874041,,0.574612258199633,FALSE,""
IMmotion150,1603,KIF26B;PHKA1P1;WASF3;C10orf90;NLRC4,0.859232101861545,,0.533847638751891,TRUE,""
IMmotion150,1604,TRO;GREB1;GPAT3;IGKV6-21;LRP8,0.807862434725614,,0.30581250265379,TRUE,""
IMmotion150,1605,CDCP1;RARRES1;ARMH4;AMY1C;TM7SF2,1.02230858797622,,0.909453880112612,FALSE,""
IMmotion150,1606,PLVAP;ZNF57;PTPN7;KRTAP5-10;FAM184A,0.638571232984465,,0.0106903130735102,TRUE,""
IMmotion150,1607,NCKAP5;TRPM6;CMKLR1;BX571818.1;MFAP3L,0.762268441682326,,0.140597055863251,TRUE,""
IMmotion150,1608,APOC1;EXO1;H3C8;FOXD4L3;HOXA2,0.814881203115561,,0.311102873883557,TRUE,""
IMmotion150,1609,SNORD116-6;AKR7A3;IQCN;RBMXL2;RHOF,0.97984552305873,,0.917234402296105,TRUE,""
IMmotion150,1610,FAP;NCR3LG1;P2RY13;TIFAB;ANKRD23,0.666409515861233,,0.0505491445620812,TRUE,""
IMmotion150,1611,MT-CO3;FAM133DP;EBF4;AC244394.2;PCDHGC5,0.472573552754554,,0.000813499614179519,TRUE,""
IMmotion150,1612,PLVAP;FAM86EP;ST6GALNAC6;LINC00621;GJA4,0.875939837002434,,0.457265584285554,TRUE,""
IMmotion150,1613,BOC;EFNA5;ALS2CL;GALR1;CCNJL,0.882309887429299,,0.552858395438379,TRUE,""
IMmotion150,1614,DNAH6;BTNL9;CENPI;IGSF5;KLHL13,1.3232175666456,,0.209101847983672,FALSE,""
IMmotion150,1615,ABCA9;PWP2;KIF2C;AC011979.1;ADRB2,1.10428303279836,,0.603124634522545,FALSE,""
IMmotion150,1616,DSEL;ASS1P1;SLC15A2;C14orf39;CCNJL,0.797820741237891,,0.234336280304017,TRUE,""
IMmotion150,1617,SNAI2;KCNE4;FGD1;KBTBD12;RASIP1,1.22357836716791,,0.29654513696848,FALSE,""
IMmotion150,1618,SDHAP2;OLFM2;MACROH2A2;RPSAP20;BRSK1,0.87201419545709,,0.507267588079258,TRUE,""
IMmotion150,1619,CCL2;PCDHGA1;KCTD15;TRGV5P;HOXD8,0.926615122302216,,0.682736292440681,TRUE,""
IMmotion150,1620,DCLK1;EGR3;POU2F2;PPP1R42;MSC,1.06363613737938,,0.756636915120155,FALSE,""
IMmotion150,1621,HOXA10;ZNF229;HOMER1;AC008758.5;FAM174B,1.06912752046063,,0.744773235024629,FALSE,""
IMmotion150,1622,LDHAP4;PDE6B;HHEX;DPP10;TSPAN2,0.885996793363282,,0.547843393172902,TRUE,""
IMmotion150,1623,STEAP3;S100A9;LRP8;SERPINA10;TMEM273,1.30336468215521,,0.18558336518271,FALSE,""
IMmotion150,1624,STEAP4;SLC29A4;CD101;AC025165.3;ZNF610,0.952833507890033,,0.822441900448119,TRUE,""
IMmotion150,1625,FOLR2;AC022415.2;UHRF1;CDH10;TMEM156,0.74798577254346,,0.16416954222535,TRUE,""
IMmotion150,1626,MEIS1;PCDHGB1;MACROD2;ADCYAP1;WASF3,1.02880207991425,,0.878507756182806,FALSE,""
IMmotion150,1627,FBLN2;IL1R2;ABLIM2;AC103740.1;CENPI,1.32845407537035,,0.138063543935467,FALSE,""
IMmotion150,1628,ALOX5AP;EFR3B;SNORA59A;CIB4;KCNS3,0.716725145348138,,0.108597022865081,TRUE,""
IMmotion150,1629,ZNF521;RIPK3;IGSF9B;AC133555.2;SECTM1,0.744766244273472,,0.103105632096787,TRUE,""
IMmotion150,1630,ZNF704;GLB1L2;PGAP4;LINC00923;TM7SF2,1.12407975762498,,0.563118669617748,FALSE,""
IMmotion150,1631,GXYLT2;GRM8;HHEX;KCNJ6;ZNF334,1.47617549700557,,0.0619083240600487,FALSE,""
IMmotion150,1632,PCDHB11;MYBL2;CSTA;ERN2;MARK1,0.875329402294702,,0.469803900878218,TRUE,""
IMmotion150,1633,ZNF704;ISCA1P1;POLQ;FAM163A;CEBPA,0.840446886442355,,0.387825004612003,TRUE,""
IMmotion150,1634,TLR7;AC006254.1;HID1;TBC1D3F;OXER1,0.847945973514472,,0.396094012557519,TRUE,""
IMmotion150,1635,SNORD116-1;FAM86EP;MAP3K9;AL136982.6;Z74021.1,0.836549961884913,,0.427164215903915,TRUE,""
IMmotion150,1636,PLS1;C15orf48;ZNF135;IGLV5-37;AC004832.3,0.75825049902372,,0.175494326900537,TRUE,""
IMmotion150,1637,SEZ6L2;C15orf48;HOXD4;AC023968.1;SNHG17,1.32895620829222,,0.140478976315705,FALSE,""
IMmotion150,1638,NR3C2;ISCA1P1;DHFR2;ARMCX7P;ADAMTS17,0.862510445311791,,0.494167719169695,TRUE,""
IMmotion150,1639,KLF5;ZNF286B;ZNF540;RPS6P22;FAM86DP,0.908904310923546,,0.600029292192273,TRUE,""
IMmotion150,1640,RRM2;RNF157;SCUBE2;UPK3A;LPAR1,0.769024708241989,,0.17175282325757,TRUE,""
IMmotion150,1641,SNORD116-20;PET117;ZNF214;KBTBD12;ZAP70,0.947091236064901,,0.749130208699404,TRUE,""
IMmotion150,1642,PLVAP;CAPN12;SNORA71A;ALX1;H3C11,1.11873887210125,,0.556545952608185,FALSE,""
IMmotion150,1643,IFI44L;SPEG;JAM2;CD1A;ZNF366,0.736611436177898,,0.112580646164018,TRUE,""
IMmotion150,1644,PHGDH;CDC42BPG;H3C3;TUBB7P;CSTA,1.29558817530121,,0.213210237373348,FALSE,""
IMmotion150,1645,TLL1;TGFB2;CD3G;AL445665.1;TEKT4P2,0.757078443405425,,0.133411225464787,TRUE,""
IMmotion150,1646,IMPA2;GOLGA8H;ZNF454;DDX25;FCMR,0.710646196821951,,0.0681353663602767,TRUE,""
IMmotion150,1647,PCDHB15;TBKBP1;RFLNB;ANGPTL8;ZNF491,0.9996663053816,,0.99850495666963,TRUE,""
IMmotion150,1648,ABCB4;EFNA5;HOXA3;HMGN1P18;NCAPH,0.774256153370493,,0.212147218704394,TRUE,""
IMmotion150,1649,GCNA;TMEM236;IL15RA;SLC22A10;RNFT2,0.932415522684167,,0.737384969571783,TRUE,""
IMmotion150,1650,CSPG4;TBX15;MSS51;AC025580.2;TSPAN5,0.851586075056789,,0.468488382181184,TRUE,""
IMmotion150,1651,SELENBP1;SPDYE18;DTL;CEACAM5;HCST,0.878307967325233,,0.527518775981486,TRUE,""
IMmotion150,1652,MYRF;ACKR4;TRIM2;LGALS9C;EVI2A,0.706790019637598,,0.0810914445979362,TRUE,""
IMmotion150,1653,ABCB4;CD27;BMERB1;ISL2;CCR1,0.703792978470393,,0.0681398594097682,TRUE,""
IMmotion150,1654,AOC3;PPT2-EGFL8;MAN1C1;UPK3BL1;KCNK5,1.03852490286986,,0.838518846385519,FALSE,""
IMmotion150,1655,OR2A7;CARMIL2;AGER;ENTHD1;RFTN2,0.766060168339983,,0.167743448505666,TRUE,""
IMmotion150,1656,CCL2;MSANTD3-TMEFF1;SLC9A7P1;TACR1;NLGN3,0.744072690799023,,0.173737212236038,TRUE,""
IMmotion150,1657,DSEL;GPR39;H3C3;TBX5;KCNJ5,1.05459911426902,,0.774909333325287,FALSE,""
IMmotion150,1658,ITK;CACNA2D3;MAD2L1;MMP8;NXN,0.660713392636553,,0.0377481207296613,TRUE,""
IMmotion150,1659,ZNF395;SRPX;CAMK4;TRBV24-1;SCARA3,0.860239603429189,,0.436618001275109,TRUE,""
IMmotion150,1660,SCARNA4;HYLS1;LAT;GATA5;CKS2,0.753843898431158,,0.190682138804102,TRUE,""
IMmotion150,1661,PDGFD;CXADR;TMEM26;ZNF716;IFI6,1.03173447023736,,0.878070336882231,FALSE,""
IMmotion150,1662,H2BC17;AC004691.2;FCMR;ULK4P1;NLRC4,0.708665370788498,,0.0788261786333438,TRUE,""
IMmotion150,1663,KIF26B;IGLV5-52;CKS2;AP002784.1;H3C11,0.817062913939964,,0.312799793789853,TRUE,""
IMmotion150,1664,SGPP2;SLAMF1;SCIMP;AL355987.3;PCDH18,0.825606624573645,,0.304213378040017,TRUE,""
IMmotion150,1665,PKD1P5;UBE2T;PDCD1LG2;FABP1;PFN2,0.954557536965833,,0.835917394560905,TRUE,""
IMmotion150,1666,EPHX2;PDE6B;ZSCAN18;AC008763.2;NCAPH,0.886779421083695,,0.523450742977954,TRUE,""
IMmotion150,1667,SERPINI1;ERV3-1;DUSP7;AC241377.2;ZWINT,0.930660160904404,,0.774122745754358,TRUE,""
IMmotion150,1668,ALDH1A3;SORCS2;TLK2P2;STH;AFF2,0.837847386234095,,0.376393602606094,TRUE,""
IMmotion150,1669,SNORD13;PRCD;SCHIP1;TFAP2B;IKZF3,0.842493216515085,,0.372381944409567,TRUE,""
IMmotion150,1670,MOCOS;CDA;CYGB;C1GALT1P2;GAMT,1.18191627243567,,0.431793028200951,FALSE,""
IMmotion150,1671,ZNF521;KLHL4;AL096711.2;ACKR4P1;GPT2,0.983141243829891,,0.930001507301083,TRUE,""
IMmotion150,1672,BCAT1;RCAN2;NR5A2;GUCA2B;NUPR1,1.24117249149002,,0.311472603545883,FALSE,""
IMmotion150,1673,FPR1;AC010655.3;SNORA60;TMEM139-AS1;FGF2,1.16414700984949,,0.418252297932756,FALSE,""
IMmotion150,1674,NQO1;ACTG1P14;SEPTIN1;VXN;UBBP4,0.532249161207018,,0.0157271915031523,TRUE,""
IMmotion150,1675,DENND2A;F3;LRRC17;AC037459.1;RDH5,1.33118329830672,,0.154369348932945,FALSE,""
IMmotion150,1676,IMPA2;EXO5;SNHG17;POU5F1P3;SOCS2,1.16604950485176,,0.399880823972369,FALSE,""
IMmotion150,1677,SNORD116-22;RNF152;EYA2;DACT2;NEFH,1.02374876831308,,0.908555723871079,FALSE,""
IMmotion150,1678,PLVAP;SORCS2;CD3G;KCNK10;CYGB,0.906181449888939,,0.628050856362427,TRUE,""
IMmotion150,1679,ZNF521;TRAT1;SNORA14A;EPO;SLC16A6,1.00855250105107,,0.965083998299641,FALSE,""
IMmotion150,1680,PARD6B;UNC5CL;SSPOP;SIM2;SLAMF6,0.628245142086603,,0.0244886631142691,TRUE,""
IMmotion150,1681,ZFPM2;GPER1;CNRIP1;AC013489.1;HLA-DOB,0.903351902728359,,0.59631757728098,TRUE,""
IMmotion150,1682,NCKAP5;PHYHD1;UST;CCL15;NAP1L4P1,0.852370652935174,,0.381529941376343,TRUE,""
IMmotion150,1683,SERPINI1;GPR171;ZNF578;LHFPL1;SPSB1,0.816327415607808,,0.290725635770779,TRUE,""
IMmotion150,1684,RHOB;EPHB1;CCDC74A;AC022784.5;PRRG4,1.03558735829005,,0.854107053597358,FALSE,""
IMmotion150,1685,ABCB4;PYGM;NXN;LRRC9;KYAT1,0.890319283938805,,0.557964443415241,TRUE,""
IMmotion150,1686,COL4A4;MST1P2;HSD17B14;KIR2DL1;AC004997.1,1.16286829895263,,0.473840659444346,FALSE,""
IMmotion150,1687,APBA2;PNPLA3;ACOX2;TMPRSS4;EVI2A,1.00354510651263,,0.986358291714641,FALSE,""
IMmotion150,1688,SNORD116-20;CARMIL2;FAM133CP;TRBV7-2;H2BC14,0.803652929899662,,0.300114960355759,TRUE,""
IMmotion150,1689,HYDIN2;HMGN1P3;SLC35G2;TWIST2;PFN2,1.04177415264284,,0.854384052063679,FALSE,""
IMmotion150,1690,APOC1;ZNF711;PCDHGA5;FGF7P3;IGFBP6,0.612630368457704,,0.0188730607355051,TRUE,""
IMmotion150,1691,CD248;NSUN7;TNFRSF11A;EGLN1P1;ABTB2,0.888132425907856,,0.542643868341607,TRUE,""
IMmotion150,1692,TTC39A;WSCD1;SMAD6;IVL;EYA2,0.878316985574656,,0.515723541625842,TRUE,""
IMmotion150,1693,MYRF;CXADR;TMEM132A;AC012414.6;SYNGR1,0.892233743937562,,0.578476571071319,TRUE,""
IMmotion150,1694,KDELR3;EGF;TECTA;IGKV1-13;AC092068.3,1.01052260609942,,0.95804039579013,FALSE,""
IMmotion150,1695,OLFML3;NSUN7;H3C3;AC008760.2;RFLNB,1.0051799688133,,0.97954024266013,FALSE,""
IMmotion150,1696,HOOK1;GIPC2;CDKN3;RPS26P31;TMEM220,0.913336499009589,,0.650878621115427,TRUE,""
IMmotion150,1697,VEPH1;AP002373.1;NRXN2;AP000926.1;POLQ,0.886772112446753,,0.583296295335906,TRUE,""
IMmotion150,1698,NFASC;STOX1;ZAP70;HTR6;GPR34,1.0531675968316,,0.797629897475566,FALSE,""
IMmotion150,1699,FAM149A;ROR2;P2RY1;TBC1D3P2;EGFL7,1.21715304641989,,0.33616658556644,FALSE,""
IMmotion150,1700,C11orf96;CCSAP;C1orf21;SPDYE7P;ADAM32,1.03773460918138,,0.867274446809572,FALSE,""
IMmotion150,1701,TSKU;UBE2C;SSPOP;WFDC10B;RDH5,1.03239328279875,,0.868380475712772,FALSE,""
IMmotion150,1702,PBLD;BORCS8-MEF2B;ARNTL2;GAL;TSPOAP1,0.56800766185227,,0.0151644411974502,TRUE,""
IMmotion150,1703,DLL4;BORCS8-MEF2B;ABCA10;AC139426.1;WASF3,0.982927186545944,,0.919085930258632,TRUE,""
IMmotion150,1704,SNORA31;MST1P2;CCND2;SPATA31C2;STARD5,0.792085325445234,,0.261344649052328,TRUE,""
IMmotion150,1705,CCL4;ZNF727;LILRB5;AC069287.1;CATSPERE,0.730853222288663,,0.0917345470026781,TRUE,""
IMmotion150,1706,GHR;BORCS8-MEF2B;PCDHB7;PHBP3;NRXN2,0.773694934230525,,0.20731462104582,TRUE,""
IMmotion150,1707,SLC2A10;C4orf47;KIAA1755;AC126544.2;LRRC75B,1.39526867425385,,0.119763107286128,FALSE,""
IMmotion150,1708,ANGPT2;CLEC10A;SLC9A7P1;S100A14;SNORD67,1.10065629358968,,0.600270095169604,FALSE,""
IMmotion150,1709,CCDC146;EXO5;EPHB3;AC026471.3;RCAN3,0.723258863514766,,0.0836249350033443,TRUE,""
IMmotion150,1710,PARD6B;KIF20A;DTL;CYP2U1-AS1;LRRC37A6P,1.13909155631794,,0.549687264908058,FALSE,""
IMmotion150,1711,STEAP3;LIPG;PTCH2;CKM;ZNF578,1.03717676073359,,0.851911359280679,FALSE,""
IMmotion150,1712,RRAGD;SHB;LINC01002;ADCYAP1R1;CDK1,1.0520530749038,,0.826633463461053,FALSE,""
IMmotion150,1713,PCDHB9;SLC12A8;MTFP1;OR3A1;H3C2,1.23095133774783,,0.293552290490134,FALSE,""
IMmotion150,1714,GHR;LIPC;PCED1B;AC092666.2;LZTS1,1.04166631911731,,0.830831586723246,FALSE,""
IMmotion150,1715,PTTG1;FMO5;PIM2;KCNB2;STRC,0.793451828315488,,0.230017846475864,TRUE,""
IMmotion150,1716,CTAGE6;COL24A1;CFAP70;IGKV1D-17;TRGC2,0.675013529294929,,0.0325304762692384,TRUE,""
IMmotion150,1717,SMOC2;RIPK4;CCNF;C2orf91;LETM2,0.789793996589574,,0.248096016272942,TRUE,""
IMmotion150,1718,GABRE;TRGC1;LINC01550;IGKV5-2;ZFP2,0.759057235416283,,0.1627697273837,TRUE,""
IMmotion150,1719,SEZ6L2;GJA5;AKR1E2;AC011979.1;SNORD46,1.6161569429189,,0.00729604605841153,FALSE,""
IMmotion150,1720,CD3D;AP002373.1;SNORD46;GPAT2P1;MYCT1,0.771893274805161,,0.128721486561613,TRUE,""
IMmotion150,1721,ACP5;USP2;UST;AL136982.6;SLC9A7P1,0.662822886336713,,0.0563001814180196,TRUE,""
IMmotion150,1722,RNASE1;PCDH7;PTGDR;AL136982.7;RPS2P46,1.04061419969638,,0.862687257049043,FALSE,""
IMmotion150,1723,SDHAP2;INMT-MINDY4;TSNAXIP1;LRRC37A16P;GNA15,0.920951394685764,,0.679676460262946,TRUE,""
IMmotion150,1724,APBA2;CLEC12A;SNORA59A;OR6Q1;TNFRSF10C,0.93177527342036,,0.727289830130296,TRUE,""
IMmotion150,1725,NOX4;CTSW;AD000090.1;RFPL2;ADAM32,1.05617570488237,,0.78023679486376,FALSE,""
IMmotion150,1726,BOC;TNFRSF9;TMC7;TRPC7;CYP2S1,0.655053943798783,,0.02471771073508,TRUE,""
IMmotion150,1727,IFI44L;CLDN7;SNORA72;SYT10;EMP2,0.907214147683955,,0.631296077017881,TRUE,""
IMmotion150,1728,MT-ND1;GNLY;PIH1D2;FAM90A2P;DGCR6,1.04540086295693,,0.82210421988522,FALSE,""
IMmotion150,1729,PPFIA4;MST1L;SEMA6D;AL591926.7;SMAD6,1.17101305119696,,0.437945694742997,FALSE,""
IMmotion150,1730,NAV3;F2RL1;EPHB2;GRID2;TBXA2R,0.842811313058154,,0.384591207687395,TRUE,""
IMmotion150,1731,NQO1;IL1RL2;SPSB1;NDP;MT-ND3,1.03255378833695,,0.868106699110762,FALSE,""
IMmotion150,1732,SMOC2;AC011497.2;LILRB5;SEMA3F-AS1;ENO3,1.01520458810711,,0.937611066243477,FALSE,""
IMmotion150,1733,MT-ND2;CCDC68;RALGPS1;AC138749.1;CD247,0.582007712217013,,0.00599433861893256,TRUE,""
IMmotion150,1734,ADAMTSL2;AC233699.1;PDE8B;VSNL1;LILRA2,0.727902801978986,,0.11162451620755,TRUE,""
IMmotion150,1735,BOC;ROR2;MPP3;LINC02249;ADAMTS6,0.988052152562652,,0.948330070431871,TRUE,""
IMmotion150,1736,HILPDA;ANKRD33B;SNORA14B;INO80B-WBP1;ADCY1,1.28638735616899,,0.201526913137211,FALSE,""
IMmotion150,1737,ADAMTSL3;BEND5;NCAPG;AC092666.2;TM7SF2,0.962178289119931,,0.853251105930672,TRUE,""
IMmotion150,1738,THSD4;MSANTD3-TMEFF1;GMPR;CHRNB4;EID3,0.780490511502357,,0.291851761146297,TRUE,""
IMmotion150,1739,SNORD118;AP002373.1;STK32B;SERPIND1;LILRB5,0.942867487972346,,0.75976524159955,TRUE,""
IMmotion150,1740,CD3D;PHYHD1;TEF;MAST1;HAPLN3,0.826377153251547,,0.323955048298408,TRUE,""
IMmotion150,1741,CCL4;CD27;RAG1;TUBA4B;CASZ1,0.564916023778539,,0.00337707825872562,TRUE,""
IMmotion150,1742,FBLN2;CDC42BPG;THRB;GPC5;EYA2,1.24076464650776,,0.285720011298927,FALSE,""
IMmotion150,1743,ABCA6;COL8A2;ARHGEF37;AP000356.2;NBL1,0.916712161817375,,0.656992410238118,TRUE,""
IMmotion150,1744,KLF5;RHEBP2;SLC39A4;KRT72;CD83,0.948347922659792,,0.798760776953813,TRUE,""
IMmotion150,1745,CDCP1;MT-ND4L;TRIM2;KRT19P1;SLAMF8,0.944882318490394,,0.760968684904519,TRUE,""
IMmotion150,1746,CTAGE6;GLB1L2;MOB4;RAD51AP2;SNORA18,1.08960345372666,,0.677795304428245,FALSE,""
IMmotion150,1747,ITK;P2RX1;PGAP4;LEMD1;MICU3,0.708053475682992,,0.0609317196101125,TRUE,""
IMmotion150,1748,CTAGE6;CKB;SNORA16A;OACYLP;IKZF3,0.901397834170457,,0.617515341741994,TRUE,""
IMmotion150,1749,SNORA61;DNAJC22;ZNF433;DUX4L27;TLE2,1.33037834604412,,0.14738816927304,FALSE,""
IMmotion150,1750,ZFPM2;PADI2;LNX1;ST13P20;CCNJL,1.16375678210483,,0.456815490415975,FALSE,""
IMmotion150,1751,BICDL1;SLC6A16;EMILIN1;CTAGE14P;ABLIM2,0.818235778931434,,0.308111787063845,TRUE,""
IMmotion150,1752,SMAD9;HUNK;DLGAP5;SNORD105;ZNF300,0.741347390232016,,0.15677586030375,TRUE,""
IMmotion150,1753,ZFPM2;VANGL2;KLHL3;TRAV24;AS3MT,1.02156077640514,,0.912607513182142,FALSE,""
IMmotion150,1754,SNORA31;CDA;DGKI;AD000091.1;MELK,0.861277697575433,,0.446870453845602,TRUE,""
IMmotion150,1755,CCL4;MMP24;GGH;NEDD8-MDP1;AL590399.1,0.94591141179203,,0.76150579666716,TRUE,""
IMmotion150,1756,FER1L4;MICOS10-NBL1;AGBL2;NYAP2;PKDCC,1.05702084520638,,0.777857564237417,FALSE,""
IMmotion150,1757,TNFRSF11B;RP9P;CYP2D7;LYPD6;GRAPL,0.88743677261265,,0.579702439505989,TRUE,""
IMmotion150,1758,NR3C2;ZNF711;H2BC3;GUCY2EP;TM7SF2,1.15028095491375,,0.501113790110047,FALSE,""
IMmotion150,1759,TSPAN13;IGFBP2;EML6;CLDN19;C17orf97,1.27129171105426,,0.227033544371586,FALSE,""
IMmotion150,1760,ALOX5AP;GBP1P1;P2RY13;HNRNPA1P30;PRKAR2B,0.662028175782756,,0.0341364790301597,TRUE,""
IMmotion150,1761,FAM27E3;ADAM1A;ADAM32;RNASE10;KIF15,0.936677309000623,,0.755301392391897,TRUE,""
IMmotion150,1762,GBP5;AL731577.2;SLC22A15;MAG;IER3,0.686853562472317,,0.05541185676475,TRUE,""
IMmotion150,1763,SGPP2;GOLGA8IP;UHRF1;NBPF13P;SHE,0.950049645878634,,0.779926930011052,TRUE,""
IMmotion150,1764,SNORD116-6;EBF2;FAM174B;TYRP1;SNCA,1.03576602737967,,0.8622970350479,FALSE,""
IMmotion150,1765,KCNN3;OLFM2;FGF2;STAR;H2BC3,0.958844814795776,,0.8116356515788,TRUE,""
IMmotion150,1766,ZNF521;CD38;SH3TC2;NDUFC2-KCTD14;FAM86DP,0.944850599403176,,0.764231655332339,TRUE,""
IMmotion150,1767,MT-CO3;MMP16;CD6;PDIA2;SLC2A3P2,0.90379848465706,,0.603493418057622,TRUE,""
IMmotion150,1768,SMAD9;PTN;P2RY8;FGF9;AC015818.10,0.948224820850077,,0.793780360994205,TRUE,""
IMmotion150,1769,ADAMTSL3;RIPK3;BMP4;HJV;TPRG1,0.908784685673461,,0.632889796368537,TRUE,""
IMmotion150,1770,SGPP2;RGN;P2RY8;OR6Q1;NXN,1.0477068567222,,0.810680045556066,FALSE,""
IMmotion150,1771,PCDHGB2;FAM86EP;ZNF610;C6orf58;SLC16A5,0.862248383307677,,0.474308217953883,TRUE,""
IMmotion150,1772,HOOK1;CLDN7;ACOX2;HMSD;TMEM26,1.23576737536489,,0.322489655908245,FALSE,""
IMmotion150,1773,JAM3;COL21A1;SCUBE2;TUBB8B;ZNF596,1.06211733496814,,0.762264786280187,FALSE,""
IMmotion150,1774,MATN2;INMT-MINDY4;PDE7B;ADGRF2;BNIP3P1,0.908504048718384,,0.595949415443236,TRUE,""
IMmotion150,1775,TBX3;GIMAP1-GIMAP5;SNORA59B;RGSL1;SNORD116-14,0.704214185997473,,0.0518495708277492,TRUE,""
IMmotion150,1776,CD2;CATSPER3;CCDC110;ANGPT4;SLC35G2,0.58345154881805,,0.00644206236838335,TRUE,""
IMmotion150,1777,DLL1;HMGN5;DIPK2B;IGHV1-45;CETP,1.08344262845373,,0.668617925615417,FALSE,""
IMmotion150,1778,ANKS1B;NCR3LG1;DGKI;CNTN5;SEC63P1,0.826284633868572,,0.323201464299063,TRUE,""
IMmotion150,1779,COL5A3;TRGC1;NXN;NUTM2F;TLK2P2,0.86064105426122,,0.418736305410475,TRUE,""
IMmotion150,1780,ACP5;PIP5K1B;P2RY6;AMY1C;TLR8,0.612021689862238,,0.00971379248138042,TRUE,""
IMmotion150,1781,CSRP2;COLEC12;TRIM73;AC126544.2;TPPP3,1.31266337010417,,0.143437273932677,FALSE,""
IMmotion150,1782,COL4A4;PRRX1;MAD2L1;ZMAT4;SMAGP,0.870993678625829,,0.508129411667939,TRUE,""
IMmotion150,1783,KCNN3;PCDHGA1;DGKG;YWHAEP7;SNORA59B,0.997345672363559,,0.987968572846769,TRUE,""
IMmotion150,1784,NOSTRIN;LYSMD1;PPM1H;AC098935.1;CAMK2N1,0.82906406327694,,0.36667974811682,TRUE,""
IMmotion150,1785,ABCA6;IGLV5-52;SARDH;IGLV5-37;PTCH2,1.21144594181026,,0.325753747485715,FALSE,""
IMmotion150,1786,NCKAP5;LRCH2;RDH13;CERNA1;SLC6A9,0.81397257801244,,0.284406779135788,TRUE,""
IMmotion150,1787,LMOD1;MARVELD2;SOCS2;FAM3D;EMP2,1.05794748242359,,0.782535798966132,FALSE,""
IMmotion150,1788,GPR183;MFAP2;ORC6;CSAG3;CD33,0.773280313845555,,0.189353833795872,TRUE,""
IMmotion150,1789,KLF5;PCDHB3;TXK;VWA5B1;VDR,0.669205363298393,,0.0408010851227604,TRUE,""
IMmotion150,1790,GCNA;GJA5;TEKT4P2;RPS26P31;MAD2L1,0.715152457075036,,0.104219461490503,TRUE,""
IMmotion150,1791,AGAP7P;IGLV5-52;FZD8;CFAP99;H3C11,0.858856988150078,,0.498224978273527,TRUE,""
IMmotion150,1792,PLVAP;RNF152;RPL32P3;TSPEAR;TESC,0.816212198623204,,0.301149457399093,TRUE,""
IMmotion150,1793,IMPA2;ACTG1P14;CD5;AC005609.3;DECR2,0.786235229508312,,0.176376466946265,TRUE,""
IMmotion150,1794,FPR1;GALNT15;TICRR;UQCRFS1P1;ZSCAN18,1.03689862066448,,0.853330116310739,FALSE,""
IMmotion150,1795,SNORD116-22;INMT-MINDY4;H3C13;OR2W3;MOB4,0.934548860724034,,0.742834440027665,TRUE,""
IMmotion150,1796,MEST;GPLD1;SPTBN5;CWH43;DNM1P46,1.0372268359965,,0.844785862946153,FALSE,""
IMmotion150,1797,MAP2;CNTN4;TESC;NPAP1;SYDE2,1.06560543979358,,0.751972762461725,FALSE,""
IMmotion150,1798,SNORD116-23;BMPR1AP2;FBXO16;CEACAM5;HBEGF,0.704288218289928,,0.0542842987060516,TRUE,""
IMmotion150,1799,KIF4A;PCDHB6;RSAD2;GAL;LRRC17,0.749567102518036,,0.153025696114609,TRUE,""
IMmotion150,1800,IRAG1;TRIM16L;PPM1H;TPSG1;SCHIP1,0.735816233157488,,0.105335142488355,TRUE,""
IMmotion150,1801,IQGAP3;CST7;LCK;TREX2;SEC63P1,0.54493930004473,,0.00241332690703878,TRUE,""
IMmotion150,1802,PTPN3;HOXA6;MCOLN2;AC090151.1;LILRA5,0.696036890829813,,0.0652602305984088,TRUE,""
IMmotion150,1803,ITGA8;ACTG1P14;AC021078.1;SCRG1;TSHZ2,0.862798186454294,,0.45737582495047,TRUE,""
IMmotion150,1804,SGPP2;ECHDC3;RAB37;CTAGE14P;BMERB1,1.15605079239003,,0.463857420797703,FALSE,""
IMmotion150,1805,PCDHGB2;PAQR5;UHRF1;CAMP;LRATD1,1.10531829212871,,0.636242057591745,FALSE,""
IMmotion150,1806,THSD4;FMO5;LNX1;AGKP1;ATP8B3,0.995235681365572,,0.981097619815076,TRUE,""
IMmotion150,1807,PCDHB8;PWP2;TLE2;TRBV7-9;C5AR1,0.942183049413707,,0.770401776512326,TRUE,""
IMmotion150,1808,ITK;ICOS;KIF14;AC135178.3;TSPOAP1,0.669807674798116,,0.0404162417872793,TRUE,""
IMmotion150,1809,PCDHGB2;FLT3;TRIM36;AL031666.2;PKDCC,0.869315945024461,,0.480368899930804,TRUE,""
IMmotion150,1810,NOX4;LAMP3;LINC01002;CALR3;H1-5,0.903726789700532,,0.598379236998806,TRUE,""
IMmotion150,1811,PDGFD;ASAH2B;CACNB2;HOXB-AS3;SSPOP,0.578391749317225,,0.0059104492988988,TRUE,""
IMmotion150,1812,SSC5D;RBP7;SLC15A2;AL590132.1;S1PR2,0.876984646077852,,0.499084038972313,TRUE,""
IMmotion150,1813,SNORD116-20;FAM157C;TPRG1;CUBNP3;SCIMP,0.89120818152926,,0.566708338532823,TRUE,""
IMmotion150,1814,CD209;LY75;GNAZ;SYCE1;ENO3,1.13530228423548,,0.513904728373506,FALSE,""
IMmotion150,1815,GGT5;ADAM23;IL15RA;PF4V1;DNALI1,0.897833045848735,,0.616790587187512,TRUE,""
IMmotion150,1816,AR;STOX1;CD83;AC011330.3;RAI2,0.929578401787704,,0.700722289918901,TRUE,""
IMmotion150,1817,PTGS1;AL022238.3;RTL5;SLC30A2;RUNX1T1,0.869996614478133,,0.523598437780843,TRUE,""
IMmotion150,1818,LIF;RBM20;RUNX1T1;RPS14P4;GOLGA8K,1.11169001504157,,0.580745359102736,FALSE,""
IMmotion150,1819,HRH2;ANO9;ATL1;DSG1;ADAMTSL1,0.947306741330929,,0.779946177373529,TRUE,""
IMmotion150,1820,JAM3;CFAP91;SNORA6;GABRB1;CELSR3,1.27454343696547,,0.211072664244047,FALSE,""
IMmotion150,1821,ANOS1;NEIL3;SNCA;PLAC4;TRIP13,0.948588162178404,,0.779028664503893,TRUE,""
IMmotion150,1822,CCDC146;GLB1L2;CFAP70;CYP4B1;FAM227A,0.973122623100085,,0.8927132549,TRUE,""
IMmotion150,1823,PTGIS;ZNF565;PCDHB7;AL359091.2;HLA-DOB,0.839602260522218,,0.357794920489933,TRUE,""
IMmotion150,1824,SRPX2;RNF152;TSGA10;TRIM50;PYROXD2,1.12254078538225,,0.539739568247972,FALSE,""
IMmotion150,1825,CCL3;VANGL2;CCNF;OR7E158P;IQCN,1.05932823213395,,0.774586148030524,FALSE,""
IMmotion150,1826,TPX2;CAPN12;HJURP;CA1;LIMD2,1.12710405598548,,0.545118722290404,FALSE,""
IMmotion150,1827,FER1L4;CFAP43;LINC02449;TRIM54;KIF2C,1.21815755187299,,0.333220703776902,FALSE,""
IMmotion150,1828,FAM27E3;COX7A1;SAMD3;CNTFR;ASRGL1,0.767709600504479,,0.152554912132818,TRUE,""
IMmotion150,1829,PARM1;SHB;ELAPOR2;POU6F2;ANGPT1,0.896514756216869,,0.57029780779774,TRUE,""
IMmotion150,1830,HGF;SUSD2;RGCC;AC005829.2;PPM1H,0.936649502566825,,0.725817398893325,TRUE,""
IMmotion150,1831,PCDHB9;MFSD2A;EPHB3;AL359091.2;CACNB2,1.30544983517801,,0.200675571137497,FALSE,""
IMmotion150,1832,TRO;SLC19A3;SLC6A1;CWH43;SNHG17,1.54945565926343,,0.0376935557611909,FALSE,""
IMmotion150,1833,DENND2A;TSSC2;TESPA1;PPP1R1B;PCDHGA4,0.841817947324118,,0.379582098730205,TRUE,""
IMmotion150,1834,CSRP2;AL512356.1;EPHB3;SH3GL1P2;DGKI,1.32200710879242,,0.187556850620964,FALSE,""
IMmotion150,1835,CSRP2;ESCO2;MEFV;AGTR2;TBXA2R,1.17492738420987,,0.422751885761994,FALSE,""
IMmotion150,1836,KDELR3;IL1RL2;KCNA3;HSPB3;PECAM1,1.01785022041046,,0.924359698815872,FALSE,""
IMmotion150,1837,FAM83H;ZNF286B;SNORA3B;NTS;FAM83D,1.27435704837697,,0.215776368166386,FALSE,""
IMmotion150,1838,NOSTRIN;SLC7A11;ABCA10;AC007383.2;CPNE5,0.916853144669015,,0.653725585704461,TRUE,""
IMmotion150,1839,PLS1;CFAP91;TRPC4;CYP26A1;SLC16A6,0.956163104255777,,0.838160784336551,TRUE,""
IMmotion150,1840,TBX3;AC002470.2;PANK1;ZNF192P1;KLF2,0.893791102646473,,0.537249419111328,TRUE,""
IMmotion150,1841,SMIM3;AL162417.1;HLA-L;CAMP;ZNF816-ZNF321P,0.922444335773835,,0.611582328008718,TRUE,""
IMmotion150,1842,ADAMTSL3;COL8A2;EMILIN1;TNNI3K;BNIP3P1,0.873631255961611,,0.505387677486479,TRUE,""
IMmotion150,1843,PDGFD;PODN;FGD1;SERHL;HOXA3,0.92683149860458,,0.695316403160629,TRUE,""
IMmotion150,1844,SGPP2;KIF20A;TMEM150C;AD000091.1;H2AC16,0.739152296304373,,0.120686509765715,TRUE,""
IMmotion150,1845,TRIM9;KIF20A;TM7SF2;NPM1P8;SPTBN5,1.32013173964391,,0.143193179365908,FALSE,""
IMmotion150,1846,ITK;SIRPG;TMEM273;PPP1R1C;RGS9,0.613031496751901,,0.0122634893954081,TRUE,""
IMmotion150,1847,AKAP6;AC010655.3;AMIGO2;SPDYE10P;LY86,0.942914968248523,,0.759174091946426,TRUE,""
IMmotion150,1848,SMAD9;IL1B;ABCB9;RPL23AP25;FHDC1,0.942795692199087,,0.754954546181281,TRUE,""
IMmotion150,1849,PARM1;KLRC4-KLRK1;OPLAH;CFHR4;H1-5,0.925206466670826,,0.713343420918097,TRUE,""
IMmotion150,1850,SNORD116-1;GZMK;KATNAL2;FAM184B;KCTD15,0.737124267371165,,0.121001614189019,TRUE,""
IMmotion150,1851,IL2RG;EGF;EMP2;RFPL2;ZNF334,1.42534127041668,,0.0645648623423862,FALSE,""
IMmotion150,1852,FILIP1;P2RX1;IL4I1;F7;MLF1,1.07651016748165,,0.684143266355749,FALSE,""
IMmotion150,1853,FER1L4;PROM2;TNFRSF10C;KRT25;MPP3,0.949309211930201,,0.797685391660435,TRUE,""
IMmotion150,1854,GABRE;CYB5R2;CSTA;RPTN;EML6,1.00960234034918,,0.959904249189749,FALSE,""
IMmotion150,1855,CD3D;SNORA75;FOXM1;PRSS22;C1orf131,0.708760577286738,,0.0750835634930345,TRUE,""
IMmotion150,1856,TPX2;SPATA17;RUNX1T1;SLAMF9;SNORA14B,1.18160670195615,,0.422084502488399,FALSE,""
IMmotion150,1857,MXRA8;PCOLCE2;PRELID3A;AC093311.1;MEFV,0.944138504259998,,0.774478437695963,TRUE,""
IMmotion150,1858,SLC2A10;DLG2;TLE2;LHX1;UNC5C,1.13946072814457,,0.500728937184851,FALSE,""
IMmotion150,1859,H2BC9;BEND5;ITGA10;TMEM35A;PTGDR,0.817998618341502,,0.300031650716659,TRUE,""
IMmotion150,1860,LAMB3;NCR3LG1;SOCS2;TRBV24-1;HBEGF,0.93972543327854,,0.758388882841321,TRUE,""
IMmotion150,1861,TPX2;CFAP94;SNORA18;AL122008.2;CAMK2N1,1.2217682927434,,0.339524454013453,FALSE,""
IMmotion150,1862,PCDHB12;DLG2;UBE2Q2L;RPTN;PRELID3A,1.06677972774912,,0.713265096988797,FALSE,""
IMmotion150,1863,GCNA;GJA5;H4C6;PRSS22;RUNX1T1,0.761356908204314,,0.176607495065765,TRUE,""
IMmotion150,1864,REPS2;SPEG;NUPR1;NCCRP1;MBD3,1.09303021321776,,0.64141002013353,FALSE,""
IMmotion150,1865,NTN4;PPT2-EGFL8;SNORA14B;AP000926.1;H3C1,0.851459303593186,,0.45803800975892,TRUE,""
IMmotion150,1866,TBX3;NLGN4X;ABLIM2;SLC27A6;HJURP,0.849393431127891,,0.380401670348315,TRUE,""
IMmotion150,1867,C5;SGK2;TESC;AC093827.5;CKS2,1.10266930168986,,0.649098712631339,FALSE,""
IMmotion150,1868,TMEM200A;TSSC2;ABTB2;WNT11;DOK2,1.02973997769562,,0.873331214201688,FALSE,""
IMmotion150,1869,MTARC2;LRCH2;FRMD3;CAVIN2-AS1;PCED1B,0.809387845925155,,0.242276589897028,TRUE,""
IMmotion150,1870,PLA2G7;GPR171;RAD54L;ZG16B;CD247,0.714853996862689,,0.0993868012366826,TRUE,""
IMmotion150,1871,PTTG1;AC002470.2;RBP1;EFCAB10;CENPI,1.03618233282278,,0.866954593776431,FALSE,""
IMmotion150,1872,PTPN3;POM121L9P;RNF138P1;CHAT;CCDC74A,0.830287236348999,,0.396155654986987,TRUE,""
IMmotion150,1873,NTN4;DLG2;ZNF876P;LGI3;EGFL7,0.93081988454348,,0.73273266435038,TRUE,""
IMmotion150,1874,CCL3;GJA5;GAL3ST4;AC005062.1;KBTBD8,0.831485753979055,,0.355102452907415,TRUE,""
IMmotion150,1875,IMPA2;MICOS10-NBL1;SNORA6;AC092667.1;ADCY1,1.39418247195409,,0.114959720023244,FALSE,""
IMmotion150,1876,PCOLCE;GRID1;ZNF300;OR13C2;CMTM8,0.931531168402573,,0.71689992318827,TRUE,""
IMmotion150,1877,GHR;TPTEP2;AC068580.4;FCN2;SOX5,1.15161443383424,,0.510624747742492,FALSE,""
IMmotion150,1878,RNASE1;AL512356.1;TSPAN5;AC132803.1;IL2RB,0.703016731352163,,0.0772512803845277,TRUE,""
IMmotion150,1879,TMEM37;LLPH;ASMTL-AS1;SCG3;RAB38,0.762957840784069,,0.120658990584207,TRUE,""
IMmotion150,1880,SCARNA4;MFAP2;FSTL3;MYLPF;GZMA,0.757955542728482,,0.137855476063222,TRUE,""
IMmotion150,1881,CD163L1;AL162417.1;IL2RB;HCG4B;MAD2L1,0.772187278458568,,0.224855330988049,TRUE,""
IMmotion150,1882,CCL3;AL021368.4;APCDD1;FCER2;SNORA60,0.816682799838384,,0.261009730683889,TRUE,""
IMmotion150,1883,C11orf96;COX7A1;TSPYL5;TERF1P7;IL21R,0.96599718059269,,0.859442764761202,TRUE,""
IMmotion150,1884,PLA2G7;ZNF232;UBBP4;MIR194-2HG;SLC6A1,0.813168596317256,,0.374503786239126,TRUE,""
IMmotion150,1885,FBN2;ZNF831;RNLS;UNGP1;SHROOM2,0.801660807578942,,0.263181152631705,TRUE,""
IMmotion150,1886,EMCN;SNORA75;GSTM3;RGSL1;NUPR1,1.05285664239819,,0.809928587828848,FALSE,""
IMmotion150,1887,TRO;COL22A1;FAM133CP;AKR1B1P7;FSTL3,0.896861512476697,,0.579980285050013,TRUE,""
IMmotion150,1888,ABCA6;PPT2-EGFL8;SYT17;GPAT2P1;FMOD,0.989268527513129,,0.955654874083096,TRUE,""
IMmotion150,1889,PCDHGB2;TRPM6;MREG;MKRN7P;HENMT1,0.973341416900274,,0.89188119934893,TRUE,""
IMmotion150,1890,ZNF90;RGN;LCK;IL20RA;NEIL1,0.881754118209646,,0.520526567221798,TRUE,""
IMmotion150,1891,MT-CO2;AC233699.1;DTX2P1;KCNA4;PEG3,0.63242785083801,,0.0194808837856485,TRUE,""
IMmotion150,1892,NTN4;CEP170P1;POLQ;HCG4B;PAFAH1B3,0.925574013898788,,0.7625254947361,TRUE,""
IMmotion150,1893,LEF1;SNORA64;CDKN3;KRT18P48;CCDC110,0.97893671848134,,0.922551495143586,TRUE,""
IMmotion150,1894,PCDHB12;AC048382.2;PTGDR;SCEL;CYP2S1,0.575463587500892,,0.00319287340964272,TRUE,""
IMmotion150,1895,TNFRSF11B;GRID1;RAG1;C12orf50;TRIM2,0.866168351742231,,0.462398486891401,TRUE,""
IMmotion150,1896,FN3K;EFR3B;KLF4;AC135983.5;KIF14,0.894195702089633,,0.589906227845113,TRUE,""
IMmotion150,1897,NCF1C;RRAD;BAMBI;ST13P20;SLC22A15,0.699162864994363,,0.0520995914726459,TRUE,""
IMmotion150,1898,PLEKHA6;HSD17B3;S1PR2;KRT19P1;CETP,1.06859212651108,,0.741781406404391,FALSE,""
IMmotion150,1899,CD2;TBX15;RPS2P46;IGFL2;NAALADL2,0.907152865356473,,0.619935215389585,TRUE,""
IMmotion150,1900,BOC;BAIAP3;PYHIN1;AC010834.1;NRXN3,0.763579452609584,,0.13272642804805,TRUE,""
IMmotion150,1901,PCDHB9;GIPC2;TPPP3;PF4V1;RAB38,1.18228666257829,,0.353846242762085,FALSE,""
IMmotion150,1902,STEAP4;TGFB2;RPS2P46;CRB2;FGD1,1.1101730181169,,0.658708494077215,FALSE,""
IMmotion150,1903,MT-CYB;IQCA1;GPT2;AC015911.9;TSPAN5,0.991870891072508,,0.967476976635155,TRUE,""
IMmotion150,1904,ARFGEF3;AC026150.3;CD226;CUX2;FAM227A,0.849915253183716,,0.415499638388644,TRUE,""
IMmotion150,1905,PLEKHA7;C11orf98;BAMBI;KRT4;STRC,0.594669920973057,,0.00906853836628808,TRUE,""
IMmotion150,1906,RETREG1;AC008878.1;P2RY13;OACYLP;DOK2,0.562478845598436,,0.00229461233619978,TRUE,""
IMmotion150,1907,SEZ6L2;F3;ARHGEF15;AC009275.1;SSPOP,1.02804923151184,,0.892181004958147,FALSE,""
IMmotion150,1908,EDIL3;CHDH;SLC39A4;SLC30A2;GPAT3,1.14354702421266,,0.467790729646403,FALSE,""
IMmotion150,1909,SNORA61;KIF20A;TPRN;IGLV4-60;TSPAN5,0.82348881233516,,0.351488270893969,TRUE,""
IMmotion150,1910,SLC2A10;WNT2B;RPPH1;RPL23AP47;PIK3R6,0.857676087267742,,0.428975482283916,TRUE,""
IMmotion150,1911,GHR;PLCH2;SNCA;FAM205BP;ALS2CL,1.19841679793197,,0.382675443162065,FALSE,""
IMmotion150,1912,LDLR;ZBP1;SUGCT;AFP;ZNF334,1.08815973854151,,0.646870741149493,FALSE,""
IMmotion150,1913,DNAH6;CLEC12A;MMP19;TTLL10-AS1;CCDC110,0.746834353054176,,0.142629277410994,TRUE,""
IMmotion150,1914,SGPP2;FAM86C2P;ASRGL1;IGKV1D-17;APCDD1,0.652563375564304,,0.00794897325075951,TRUE,""
IMmotion150,1915,ITK;SCN8A;SRRM5;GLRA4;STX11,0.908295108367317,,0.609979846469838,TRUE,""
IMmotion150,1916,ALDOC;ICOS;ADAMTS13;TAGLN3;CASZ1,0.724652376446687,,0.122672113523717,TRUE,""
IMmotion150,1917,AGAP7P;ATP2A1;NEIL1;AL138963.3;PGAP4,0.768724633596581,,0.183916252168258,TRUE,""
IMmotion150,1918,PSD3;SPON2;LRP8;UBA52P6;FBXL7,1.01851557814818,,0.92865741154146,FALSE,""
IMmotion150,1919,TRAC;TRAT1;UBE2Q2L;CNTN2;SEPTIN1,0.655505885754162,,0.0346366003852325,TRUE,""
IMmotion150,1920,TRBC2;LAG3;CYP2S1;ANXA8L1;ST6GALNAC6,0.566044502157333,,0.0023951660850455,TRUE,""
IMmotion150,1921,PLS1;GRID1;C6orf163;TRAV8-3;SNORA16A,0.838056278391616,,0.373409356268269,TRUE,""
IMmotion150,1922,HOXA10;CST7;RCAN3;SEPTIN14P12;RANBP17,0.608171983916896,,0.0074779918989303,TRUE,""
IMmotion150,1923,SNORA21;RP9P;MCM10;NANOGP1;SLC22A15,0.779067935067136,,0.190039638001896,TRUE,""
IMmotion150,1924,NAV3;GRM8;SLC19A2;STX19;SUGCT,0.903901401075178,,0.591728778733194,TRUE,""
IMmotion150,1925,FAP;CFAP94;KIF15;TUBB8;FBXL7,0.798962747961128,,0.253933133645918,TRUE,""
IMmotion150,1926,PLA2G7;EGF;LNX1;CNTN2;HSPA6,1.01791452865863,,0.933093812876477,FALSE,""
IMmotion150,1927,ADAMTSL2;UBE2T;SNORA44;TARDBPP2;MEFV,0.744106795748547,,0.125764218271663,TRUE,""
IMmotion150,1928,RGPD3;TENT5C;ASMTL-AS1;TTC4P1;SNORA14A,0.856697843952047,,0.397943712504483,TRUE,""
IMmotion150,1929,EIF2S2P4;HYLS1;TICRR;CNTFR;SLC16A5,1.41263268004655,,0.203288087780566,FALSE,""
IMmotion150,1930,ARFGEF3;ASS1P1;HHEX;AL353608.4;RNF125,0.713539738758821,,0.0990165385306906,TRUE,""
IMmotion150,1931,DSEL;DNAJC19P9;RUNX1T1;AGGF1P1;SCARNA8,0.730325681201734,,0.0995077393805316,TRUE,""
IMmotion150,1932,PTTG1;PCDHGA2;PDCD1LG2;HMGB1P35;KCNS3,0.880449452959853,,0.537915718300428,TRUE,""
IMmotion150,1933,OLFML3;PAK3;SCUBE2;NCAN;HLA-L,0.950583553099772,,0.775898743514778,TRUE,""
IMmotion150,1934,ALOX5AP;BMPR1AP2;HEYL;FOXB2;PDCD1LG2,0.526700031740491,,0.00219792616906698,TRUE,""
IMmotion150,1935,FILIP1;ADGRB1;MPP3;TBC1D3;HOXA4,0.997074887593489,,0.987481518781104,TRUE,""
IMmotion150,1936,AK4;CNTN4;GSKIP;SH3GL3;AC112777.1,1.16459396269441,,0.492902042936179,FALSE,""
IMmotion150,1937,ZFHX4;ACTG1P14;RANBP17;AL512590.2;AMIGO2,0.786640622217496,,0.238719741942746,TRUE,""
IMmotion150,1938,SSC5D;ZMYND19;HENMT1;AFAP1-AS1;UBBP4,0.786454455918279,,0.276200885485989,TRUE,""
IMmotion150,1939,EMCN;RP1;TRPC4;AC022784.5;IL15RA,1.0183032724413,,0.920084796320273,FALSE,""
IMmotion150,1940,ALDH1A3;UBE2C;TRPC4;CD1B;CLCN4,1.242362955871,,0.323599796130977,FALSE,""
IMmotion150,1941,FPR1;RPL7L1P9;PAPPA;SLC22A7;TROAP,0.973175833010104,,0.89619348632313,TRUE,""
IMmotion150,1942,SPATA18;BMPR1AP2;FAM160A1;LGSN;RFTN2,0.691981218557774,,0.0512690201705508,TRUE,""
IMmotion150,1943,PCDHB9;TPTEP2;GRHL1;AC009065.9;LY86,0.888031418839742,,0.504557229296595,TRUE,""
IMmotion150,1944,RNASE1;ELAPOR1;EID3;DPP10;MSC,0.909371060052053,,0.616827089104643,TRUE,""
IMmotion150,1945,EHHADH;RARRES1;C1orf131;AC005020.2;ELOVL6,0.915097690653255,,0.639656402764687,TRUE,""
IMmotion150,1946,REPS2;CSMD2;PCDHB7;IQCJ;RDH5,0.9773377380189,,0.909500870650015,TRUE,""
IMmotion150,1947,PTER;TMEM236;TRIM73;RNVU1-29;GGH,0.965386402765377,,0.857901410602578,TRUE,""
IMmotion150,1948,LIF;Z83840.1;GPX7;TRPC7;CDH24,1.02879305805345,,0.898881527265145,FALSE,""
IMmotion150,1949,ANLN;UBE2C;TMC7;C10orf90;FAHD2B,1.103954787912,,0.637660557111537,FALSE,""
IMmotion150,1950,TENM4;OSBPL6;BASP1;UBA52P6;KLF4,0.710411873386675,,0.0951709757077564,TRUE,""
IMmotion150,1951,CEACAM1;ADAM1A;NANOGP8;EPB42;CD101,0.946141074588777,,0.785328520326328,TRUE,""
IMmotion150,1952,PCDHB16;RGN;TRPC4;ZNF705D;CENPI,1.43010329480912,,0.0784788008532598,FALSE,""
IMmotion150,1953,PCDH17;LY9;ANKRD29;RNASE10;PDE1C,1.11086424614122,,0.588471319087273,FALSE,""
IMmotion150,1954,FILIP1;CCSAP;ANGPT1;DDX11L9;IL2RB,0.841794466591608,,0.352837049706505,TRUE,""
IMmotion150,1955,SPATA18;GIMAP1-GIMAP5;TMC7;MESTP1;CEBPD,1.18850123817263,,0.355325329918122,FALSE,""
IMmotion150,1956,FBP1;CACNA2D3;ZNF135;DIRAS1;AKR1E2,0.881034894787322,,0.491610270088966,TRUE,""
IMmotion150,1957,EHHADH;ZNF565;CENPK;TREX2;HAPLN3,0.62100509247704,,0.0119382595134556,TRUE,""
IMmotion150,1958,MTARC2;PYCR1;PCDHB4;AMIGO3;ZNF876P,1.342007794798,,0.13980787030978,FALSE,""
IMmotion150,1959,IMPA2;MMP16;SNORA26;MYH1;LILRA6,1.26908546098769,,0.249020100186685,FALSE,""
IMmotion150,1960,HKDC1;NRG3;CMTM8;NKAIN1;CAMK2N1,1.1265191645805,,0.569313856954432,FALSE,""
IMmotion150,1961,PKD1P5;RARRES1;GPX7;HTR1D;PANK1,0.844820049980362,,0.438171243854649,TRUE,""
IMmotion150,1962,H2BC17;PODN;TRIM36;FGF9;C5AR1,1.13982311463705,,0.49352850650827,FALSE,""
IMmotion150,1963,SERPINI1;C6orf132;ATL1;RPL7P19;ZNF578,0.858698161979049,,0.442472383836672,TRUE,""
IMmotion150,1964,HYDIN;EGF;FAM111B;MT1H;LINC02449,1.05415764993155,,0.79388962314066,FALSE,""
IMmotion150,1965,TRAC;PAK3;EPHB2;RPSAP29;KCNS3,0.759723862190426,,0.134787053868684,TRUE,""
IMmotion150,1966,BOC;PLGLB2;TCF7;AC073261.1;AL158050.1,0.816346680293833,,0.292430375937996,TRUE,""
IMmotion150,1967,RGPD3;LRCH2;HSPA6;LINC02872;KIF15,0.816064540228788,,0.356392215208926,TRUE,""
IMmotion150,1968,APBA2;PLCD4;SPAG4;SNORD65;AGER,0.872532693851301,,0.494447929480535,TRUE,""
IMmotion150,1969,PCDHGB5;COL22A1;RHPN1;CARD17;TIAM2,0.638959434508353,,0.0314782461445751,TRUE,""
IMmotion150,1970,PHGDH;IL1B;DACT1;ALX1;CD28,1.21694033356791,,0.324122504924754,FALSE,""
IMmotion150,1971,H2BC17;TRIM45;TPRN;PLCZ1;H4C6,0.935049161922072,,0.763432289848009,TRUE,""
IMmotion150,1972,SNORD118;LY75;AL158050.1;FOLH1B;MREG,0.648286585052581,,0.0337717181398974,TRUE,""
IMmotion150,1973,ANOS1;SEMA3B;PCDHB4;FAM163A;TP53INP2,1.45143297627974,,0.058909766108159,FALSE,""
IMmotion150,1974,COL4A4;ZIK1;SYDE2;TTLL10-AS1;CMPK2,0.53363808146819,,0.000411402694537181,TRUE,""
IMmotion150,1975,AKAP6;SUSD2;TESC;AC025259.1;EBF4,0.913501723632974,,0.68545073386088,TRUE,""
IMmotion150,1976,IFI27;SLC5A4;ZFP2;CHRNB4;KCNK1,0.826609633352771,,0.37255518691475,TRUE,""
IMmotion150,1977,MXRA7;P2RY12;BPTFP1;AL355987.3;FCN1,0.763272385797387,,0.18132583001746,TRUE,""
IMmotion150,1978,VEPH1;TCIM;PSTPIP1;SNORA11D;SLC22A15,0.828552566687636,,0.316351258133999,TRUE,""
IMmotion150,1979,ALDOC;ARHGEF16;AKR1E2;SNORD115-23;ARNTL2,1.03514697017539,,0.864724647375507,FALSE,""
IMmotion150,1980,RNASE1;ESCO2;HLA-DOA;SOX8;TPRG1,0.841780618729958,,0.364163241843871,TRUE,""
IMmotion150,1981,PTGIS;PLGRKT;CENPU;AC093591.1;DUSP5,1.19551151375476,,0.404252395488597,FALSE,""
IMmotion150,1982,TMEM200A;AC215522.2;CD72;AC004890.1;RAD51,0.797698519916115,,0.224121002082413,TRUE,""
IMmotion150,1983,SNORD116-6;FAM241A;CD80;AC079781.4;PTPN7,0.648882449566134,,0.0294031556582696,TRUE,""
IMmotion150,1984,FTH1P20;MFAP2;FAM86DP;RAB25;LSR,1.07966228845757,,0.698023204838503,FALSE,""
IMmotion150,1985,MT-ND2;ZNF232;GRHL1;TBC1D3P1;SNCA,0.882747302757257,,0.508153307461553,TRUE,""
IMmotion150,1986,HOXA10;FAM86B1;GALNT3;REG1B;PIGAP1,0.92124302832335,,0.690444544041363,TRUE,""
IMmotion150,1987,SNORD13;LAG3;NXN;KDF1;TLR8,0.703547346264504,,0.0672808743773764,TRUE,""
IMmotion150,1988,CCDC146;PLCD4;KCNS3;AC005062.1;SLAMF8,0.729771013063811,,0.107855832865258,TRUE,""
IMmotion150,1989,PCDHB8;EXO5;SOX5;DSG1;C2orf27A,1.01054730315817,,0.960287601497868,FALSE,""
IMmotion150,1990,GHR;ZNF630;RAD51AP1;SHOC1;ASMTL-AS1,0.875841774913608,,0.480805338220597,TRUE,""
IMmotion150,1991,RGPD3;PCDHB3;PIGAP1;GUCY2EP;CLCN4,1.30071218609051,,0.150524559646906,FALSE,""
IMmotion150,1992,SSC5D;CHI3L2;S1PR2;CYP4F2;ELOVL6,1.19921102702437,,0.36756028318562,FALSE,""
IMmotion150,1993,MOCOS;ZNF286B;LIMS2;KRT19P1;MROH7,1.04349630461562,,0.821344734752401,FALSE,""
IMmotion150,1994,PCSK5;LRCH2;AGBL2;NEU4;GADD45B,0.789105526659029,,0.250630303768424,TRUE,""
IMmotion150,1995,DSEL;COL8A2;CIDEB;AC087533.1;PIK3R6,0.858426901500279,,0.422432824025804,TRUE,""
IMmotion150,1996,EMCN;CCN3;MYCT1;AC025165.3;LILRA6,1.01415733550046,,0.944315069858323,FALSE,""
IMmotion150,1997,PLVAP;GRID1;PCDHB7;DCAF12L2;ZDHHC23,1.11017775313078,,0.576358097391541,FALSE,""
IMmotion150,1998,CDCP1;KCP;SNORA44;OR11H2;BANK1,0.963422428641887,,0.853078238387959,TRUE,""
IMmotion150,1999,SPNS2;NME1-NME2;TPPP3;LINC01597;PCDH18,1.07212701978063,,0.711458652048283,FALSE,""
IMmotion150,2000,MT-ND2;ZFYVE21;CEL;GATA4;PRH1,0.919824065218564,,0.659568012008148,TRUE,""
IMmotion150,2001,GPR183;ICA1L;TLK2P2;PPIAL4F;FRMD3,0.728792065794754,,0.0560100400050268,TRUE,""
IMmotion150,2002,IFI44L;TRIM45;UNC5C;SLC5A11;RAD51,0.718287677337199,,0.110943700027302,TRUE,""
IMmotion150,2003,SELL;MMP24;TRIM2;IGHE;DLGAP5,0.807841256737763,,0.29512942942874,TRUE,""
IMmotion150,2004,KRBA1;NCR3LG1;KATNAL2;PENK;IFI6,1.05561495340614,,0.780015463109473,FALSE,""
IMmotion150,2005,OLFML3;ADAM23;LINGO1;CARD17;PIK3R6,0.848368556000635,,0.445165162706922,TRUE,""
IMmotion150,2006,PBLD;ANK1;IER3;CD5L;ZNF662,1.19899316761446,,0.368182176618689,FALSE,""
IMmotion150,2007,LIF;C6orf132;CYP2S1;FAM3D;SLC43A1,0.946855991911256,,0.762793402118281,TRUE,""
IMmotion150,2008,SGPP2;ADGRB1;LRATD1;UGT3A2;DLGAP5,0.844297167711277,,0.407237497752789,TRUE,""
IMmotion150,2009,CCL4;FKBP14;GPAT3;CTNNA2;ZDHHC11,0.604028779317687,,0.0119235484221118,TRUE,""
IMmotion150,2010,MT-ND1;GPR171;IQCC;SFTPD;BNIP3P1,0.923925397427483,,0.681655294962481,TRUE,""
IMmotion150,2011,FBLN2;RNF150;STX11;ADAMTS19;PLK1,0.826254955902467,,0.328637180627964,TRUE,""
IMmotion150,2012,CCL2;ZNF99;ADAM8;GPRIN2;ZNF257,0.792704068540671,,0.239232264381228,TRUE,""
IMmotion150,2013,GXYLT2;SPATA17;APOBEC3B;MND1;TLE2,1.48341587555367,,0.0687400339998265,FALSE,""
IMmotion150,2014,GHR;MFSD2A;ORC1;OR13A1;ARHGEF37,1.32691065580888,,0.16507933091587,FALSE,""
IMmotion150,2015,PLEKHA6;PADI2;STMN3;PGC;MDGA1,0.868379262288452,,0.501739227651611,TRUE,""
IMmotion150,2016,SMIM3;FAM86EP;SCARA3;USP44;CETP,0.908886298957857,,0.653909754026032,TRUE,""
IMmotion150,2017,MXRA8;TOX;HSPD1P4;POTEG;SARDH,1.17089279746064,,0.410049471832747,FALSE,""
IMmotion150,2018,SNORA71D;ZNF726;NANOGP8;SERPINA7;KCTD15,1.02112113378311,,0.911376394107472,FALSE,""
IMmotion150,2019,PLEKHA6;IQCA1;LCK;PGC;TBXA2R,0.943726619425487,,0.766414150843334,TRUE,""
IMmotion150,2020,KLF5;LRCH2;ZDHHC23;TBC1D3P1-DHX40P1;OXER1,0.863432343646469,,0.462891689670971,TRUE,""
IMmotion150,2021,PCDH17;MFAP2;TMC4;CADM3-AS1;SEMA6D,1.22312656331294,,0.290895729195532,FALSE,""
IMmotion150,2022,FOLR2;GPLD1;MTARC1;SULT2B1;SNORA6,1.46717122941003,,0.0543208093043836,FALSE,""
IMmotion150,2023,H2BC17;UBE2C;TAS2R5;CAPN9;HSPA6,0.87586960821625,,0.5077981485557,TRUE,""
IMmotion150,2024,TSC22D3;P2RY10;GNA15;IGKV2D-40;ELOVL6,0.708718039502719,,0.0783774744148427,TRUE,""
IMmotion150,2025,ZNF704;PAQR5;LINC01138;NBPF13P;P2RY6,1.15136690048794,,0.489786927385209,FALSE,""
IMmotion150,2026,PCDHB11;CCNB2;CD83;AC025165.3;SFXN2,1.18957207962655,,0.436307776305484,FALSE,""
IMmotion150,2027,AOC3;TBKBP1;LRATD1;ACTBP7;SLAMF6,0.780803637411234,,0.205557103382926,TRUE,""
IMmotion150,2028,MXRA7;ZMYND19;LAT;AL122008.2;GRIP1,0.870051136570674,,0.521549357951051,TRUE,""
IMmotion150,2029,BCAT1;ILDR1;TUB;PRDM9;FZD8,0.993912502520318,,0.976133275914016,TRUE,""
IMmotion150,2030,PCDHB15;IQCA1;ADRB2;AC007383.2;MAP3K9,1.05223198909427,,0.796646165371242,FALSE,""
IMmotion150,2031,FAM83H;ZFYVE21;RASIP1;TERF1P2;SNORA10,0.993852541829612,,0.974710676375427,TRUE,""
IMmotion150,2032,KIF23;FMO5;EVA1C;TBC1D3P1;CCR5,0.726636869115715,,0.082606155732346,TRUE,""
IMmotion150,2033,BCAT1;FAM72B;CX3CL1;RPL9P21;TRPC4,0.811003000588292,,0.300853628956609,TRUE,""
IMmotion150,2034,GPC4;FCGR3B;WDR17;ZNF705A;STARD5,0.889250287023311,,0.490745027849605,TRUE,""
IMmotion150,2035,ALOX5AP;SLC19A3;EMP2;JPH3;BMP4,0.960979379540444,,0.837376874910828,TRUE,""
IMmotion150,2036,FLG-AS1;MSANTD3-TMEFF1;SUGCT;GSG1;ZNF610,0.650365538282745,,0.0181631067764972,TRUE,""
IMmotion150,2037,CSPG4;HRC;SLC16A6;NYX;LILRA6,1.12977559776696,,0.542711640035456,FALSE,""
IMmotion150,2038,IRS2;GPR171;SARDH;FXYD7;ACAP1,0.910461815775011,,0.636329772660074,TRUE,""
IMmotion150,2039,ANKS1B;ZNF232;RGS16;AC111000.1;SNORA3B,0.861391877203823,,0.425289776807427,TRUE,""
IMmotion150,2040,SCIN;TBKBP1;RAG1;RPL3P5;TICRR,0.862837173667501,,0.424464129235473,TRUE,""
IMmotion150,2041,EIF2S2P4;AC008878.1;TBXA2R;RPS14P8;AC021078.1,0.84228956508584,,0.473352350237376,TRUE,""
IMmotion150,2042,APOC1;POM121L9P;AK7;SLC14A2;RAD51,0.825504992436888,,0.368544316344594,TRUE,""
IMmotion150,2043,BCAT1;GRB7;CDK1;ULK4P3;STAG3,0.812320385587859,,0.301439537122182,TRUE,""
IMmotion150,2044,NETO2;SLC7A9;ZNF876P;DEUP1;TMC7,1.24462238671898,,0.22301135005269,FALSE,""
IMmotion150,2045,ANOS1;NALCN;MICU3;AL031681.2;SIRPB2,0.801570205583814,,0.244242739180592,TRUE,""
IMmotion150,2046,HGF;CBS;HOMER1;ETNPPL;TPPP3,1.07261334487313,,0.732314215874501,FALSE,""
IMmotion150,2047,H2BC17;OSGIN1;NLRC4;IGKV1D-43;BMP4,0.919816111620696,,0.671518818380905,TRUE,""
IMmotion150,2048,PKD1P5;ZBP1;EXOC3L1;AL390198.2;CD33,0.739053375883836,,0.118000612226991,TRUE,""
IMmotion150,2049,CNTNAP3;PODN;SNORA59A;RPL3P5;SNORA71A,1.4626729831051,,0.0585750778124129,FALSE,""
IMmotion150,2050,ACP5;TBKBP1;ZSCAN31;MAJIN;CKS2,0.811874639190403,,0.30623247035128,TRUE,""
IMmotion150,2051,ANGPT2;HMGB3;ANKRD29;KISS1;SOX18,1.04589351740616,,0.801239463897991,FALSE,""
IMmotion150,2052,LDHAP4;HLA-H;LINGO1;HMGN1P4;BPTFP1,0.919788899733348,,0.671925127740319,TRUE,""
IMmotion150,2053,PLVAP;GPR160;MDGA1;CAPN9;AC138696.1,0.825941446434669,,0.265415045797319,TRUE,""
IMmotion150,2054,AFF3;TRABD2B;CMKLR1;CADM3-AS1;EDA,0.946223264048585,,0.775401345955451,TRUE,""
IMmotion150,2055,NFASC;AC093899.2;CLEC4A;TMPRSS4;LIMD2,0.691869039546747,,0.074732578465993,TRUE,""
IMmotion150,2056,AKAP6;INAVA;GRHL1;HAO1;TMEM132A,1.11508465728124,,0.606722988936157,FALSE,""
IMmotion150,2057,FOLR2;SNCAIP;PRTFDC1;LY6H;LIMD2,0.82694207630615,,0.359695607743647,TRUE,""
IMmotion150,2058,PLCH1;CD69;SNORA60;ETNPPL;GSTM3,0.665200340093155,,0.0632380075583292,TRUE,""
IMmotion150,2059,FCGR1B;RARRES1;SCARF2;AC005609.2;PKDCC,0.814595649305019,,0.319174753277448,TRUE,""
IMmotion150,2060,LEF1;TCIM;ELOVL6;AC138749.1;SNORA50A,1.38021752290984,,0.125638331315729,FALSE,""
IMmotion150,2061,FN3K;CHDH;NBL1;INHBC;VNN2,1.05398174297653,,0.785106861208136,FALSE,""
IMmotion150,2062,ZNF704;DPY19L2P2;GNA15;ARMCX7P;STK32B,1.22096052630793,,0.332654764898151,FALSE,""
IMmotion150,2063,ZNF90;LOXHD1;MLF1;IRX1;PDXDC2P,0.791666845051333,,0.172694146510807,TRUE,""
IMmotion150,2064,PCDHB16;SLC29A4;EPHB3;NXPE4;AC093752.2,1.14545854631764,,0.480204205499215,FALSE,""
IMmotion150,2065,PARD6B;GOLGA8IP;EVI2A;C1orf87;SLAMF8,0.658625270949106,,0.0281537504733978,TRUE,""
IMmotion150,2066,REPS2;TMEM236;ZNF876P;OR4F29;PCED1B,0.832060588950672,,0.34985978726825,TRUE,""
IMmotion150,2067,RRM2;TM4SF18;GMPR;OR7E47P;CD6,0.752717542181673,,0.146630830220712,TRUE,""
IMmotion150,2068,TRBC2;FAM72B;GRHL1;ADCYAP1R1;LILRA2,0.805603680698403,,0.288833039751274,TRUE,""
IMmotion150,2069,GRAMD1B;METTL15P1;UBE2Q2L;RPS3AP39;INHBA,0.864900865164719,,0.418836622754673,TRUE,""
IMmotion150,2070,SEZ6L2;TBX15;THSD1;KRT8P31;SEMA4G,1.14001353032041,,0.516072096697317,FALSE,""
IMmotion150,2071,ITK;TRAT1;SLC16A6;OR51C1P;ABCB9,0.835935252467966,,0.407371174719372,TRUE,""
IMmotion150,2072,STEAP3;SS18L2;HAPLN3;MUC5AC;SPATA6L,0.889740153125743,,0.541691850282412,TRUE,""
IMmotion150,2073,PLAUR;LRRC37A17P;RDH13;TCTE1;ZNF662,1.16496100181294,,0.457681478953276,FALSE,""
IMmotion150,2074,CSRP2;NANOGP4;SCHIP1;AC025279.2;SMAD6,0.896228300532587,,0.558877060494982,TRUE,""
IMmotion150,2075,SNORA71D;CFAP94;ANKRD29;AC008760.2;BMERB1,1.0424554406229,,0.836089724296141,FALSE,""
IMmotion150,2076,SGIP1;HUNK;SHCBP1;PRRX2;PCDHGB8P,0.924612594969425,,0.696606958233014,TRUE,""
IMmotion150,2077,PLCH1;ZNF711;PATL2;KCNK15;CDK1,0.693629500871612,,0.0648737881167605,TRUE,""
IMmotion150,2078,THSD7A;AGBL3;DTX2P1;AC074124.1;SNORD9,1.0433544988929,,0.845177801848033,FALSE,""
IMmotion150,2079,COL4A4;CD27;IGF1;ZMAT4;PDE8B,0.894356751160873,,0.59030927250634,TRUE,""
IMmotion150,2080,PLEKHA6;FTH1P5;KLHL13;HMGN2P7;SNORD116-14,1.10468908753841,,0.627676896864991,FALSE,""
IMmotion150,2081,TBX3;EBF2;SOD3;SVOPL;DUSP4,1.18128309954983,,0.443709066495819,FALSE,""
IMmotion150,2082,DLL1;GPR171;CDKN3;ELAVL3;TMEM132A,0.926589175178566,,0.71488856526363,TRUE,""
IMmotion150,2083,PTER;PROM2;PRKCQ;PAX9;MARK1,0.644235810222965,,0.0354475987550847,TRUE,""
IMmotion150,2084,PLA2G7;SEC14L6;SNCA;TCL1A;ABTB2,0.903948983900362,,0.606846210300109,TRUE,""
IMmotion150,2085,FBN2;CLEC3B;MPP7;AC008758.1;NAALADL2,1.00474805881374,,0.981548776216699,FALSE,""
IMmotion150,2086,AKAP6;GPR174;ADAMTS17;NAT8L;LINC02449,0.805586825775634,,0.277017260682197,TRUE,""
IMmotion150,2087,CD3D;SPDYE18;IQCC;PPIAP46;ZNF816-ZNF321P,0.571531263965187,,0.00141611845421401,TRUE,""
IMmotion150,2088,BUB1B;RNF152;ZNF366;AL160236.1;ZFP2,1.12051773633376,,0.57429864732937,FALSE,""
IMmotion150,2089,SLCO2A1;PCDHB19P;TEKT4P2;SAGE1;SLC25A33,0.946067904236337,,0.75488337842681,TRUE,""
IMmotion150,2090,TRIM9;SUSD2;FRMD3;RGSL1;DAPP1,0.74927406452805,,0.125113671824151,TRUE,""
IMmotion150,2091,BCAT1;FAM86EP;ACTBP4;AHSP;ESR1,1.15394560021452,,0.435000480640366,FALSE,""
IMmotion150,2092,PCDHGB2;PPIAP2;UBE2Q2L;ZFP41;STK26,0.834359287895081,,0.352450626539574,TRUE,""
IMmotion150,2093,RRAGD;ZNF229;GGH;PPIAL4D;LRATD1,1.18472971784029,,0.431656887243558,FALSE,""
IMmotion150,2094,IL2RG;SLCO4A1;DGKI;SMIM43;CD200R1,0.659382603617319,,0.0180107898245525,TRUE,""
IMmotion150,2095,DLL4;ABHD14A-ACY1;TXK;RPE65;SCUBE2,1.00732571001668,,0.9672930658818,FALSE,""
IMmotion150,2096,SMOC2;SLAMF7;ASRGL1;APOA1;ZNF214,1.02695940136422,,0.886691752117939,FALSE,""
IMmotion150,2097,AKR1C1;SRR;TRGC2;DHRS2;FZD8,0.873049854002891,,0.547585967759084,TRUE,""
IMmotion150,2098,MOCOS;AC011497.2;SOX18;HSFX2;ORC6,1.05586595685018,,0.779819372800946,FALSE,""
IMmotion150,2099,SDHAP2;SHB;PMEPA1;AC024598.1;RNLS,1.02207442028154,,0.907071759561189,FALSE,""
IMmotion150,2100,SRPX2;CBS;EML6;STMN2;TBXA2R,1.1934093501041,,0.362852943339734,FALSE,""
IMmotion150,2101,RGS2;FOXL1;MFAP3L;RAD51AP2;SPTBN5,0.890852606273754,,0.525131122683515,TRUE,""
IMmotion150,2102,RGS2;HLF;ELAPOR2;KCNT1;LCK,0.789773662913049,,0.236915279520521,TRUE,""
IMmotion150,2103,IQGAP3;NME5;ZDHHC11;TTC39A-AS1;TSNAXIP1,0.968831403702682,,0.875679826222311,TRUE,""
IMmotion150,2104,KRBA1;XRCC3;KLF2;TCAP;ADAMTS17,0.868720133516846,,0.427647675077594,TRUE,""
IMmotion150,2105,CRIP1;PWP2;AC092068.3;PCDH15;RFLNB,0.755310418229348,,0.153265651386087,TRUE,""
IMmotion150,2106,KIF4A;AKR7A3;SEC63P1;LRRC3B;ADAMTS17,1.19796254749357,,0.380615150352925,FALSE,""
IMmotion150,2107,NR3C2;HTRA3;ELOVL6;C14orf39;CCDC74B,0.935983190504085,,0.746870783855876,TRUE,""
IMmotion150,2108,MAP7;GABRD;SNORA44;PAQR9;CMPK2,0.74481559351674,,0.144814430211087,TRUE,""
IMmotion150,2109,ALOX5AP;GPLD1;TNFRSF11A;CCL24;PDE8B,0.946355577041584,,0.784982993182477,TRUE,""
IMmotion150,2110,GPR183;CDCA7;KLF4;OVCA2;NLRC4,0.699119419978714,,0.0744221214077317,TRUE,""
IMmotion150,2111,GPC4;GREB1;TICRR;TRAV26-2;ADAM32,0.746528338405859,,0.156487944118122,TRUE,""
IMmotion150,2112,OR2A7;ABHD14A-ACY1;CAMK2N1;ASIC2;H2BC3,0.928191075542412,,0.734741297993403,TRUE,""
IMmotion150,2113,EDNRB;APOL4;CLEC14A;IGFL2;SLC39A4,1.15859135048564,,0.439534475567859,FALSE,""
IMmotion150,2114,IL7R;OLFM2;FGF2;TNS4;GPT2,0.906609924061426,,0.640073375481744,TRUE,""
IMmotion150,2115,DENND2A;SPATA17;P2RY6;AC007878.1;TMEM26,0.964523434856503,,0.855354994015812,TRUE,""
IMmotion150,2116,TRPC6;GATA3;OPLAH;ZNF280A;PRRG4,0.886664980891437,,0.565119354087132,TRUE,""
IMmotion150,2117,KRBA1;SLC12A8;CKS2;CDRT15P6;KIFC1,1.03889464605843,,0.83638251672653,FALSE,""
IMmotion150,2118,GPR183;ADAMTS14;MACROH2A2;UNC5D;H2BC3,0.938817466596555,,0.774077157562773,TRUE,""
IMmotion150,2119,AKR1C1;NEK5;C1QTNF1;AC005614.2;ADORA3,0.953547887377424,,0.803644465671665,TRUE,""
IMmotion150,2120,GULP1;TSPAN7;SEMA7A;DCAF12L2;GRIP1,0.756760023427818,,0.171228554834684,TRUE,""
IMmotion150,2121,STEAP3;PCDHB5;SNORA14B;DIRAS1;TP53INP2,1.49710594965728,,0.04838667723546,FALSE,""
IMmotion150,2122,GHR;FPGT-TNNI3K;HENMT1;KIR2DL4;E2F8,0.790230901472616,,0.288956427066457,TRUE,""
IMmotion150,2123,PLAUR;CD27;PPM1H;RPL23AP61;CMTM8,0.593864579331074,,0.0119864944183978,TRUE,""
IMmotion150,2124,PTPN3;COL22A1;CD200R1;CCR6;EDA,0.814152847662791,,0.341854220704604,TRUE,""
IMmotion150,2125,NPNT;BTNL9;PRKAR2B;ENTPD3;LINGO1,1.07053011030215,,0.731058793054787,FALSE,""
IMmotion150,2126,FCGR1B;ASS1P1;TM7SF2;ANKRD34B;FCN1,0.75726450677121,,0.171063773645277,TRUE,""
IMmotion150,2127,FBLN2;TLCD4;GCSHP5;TTLL10;KLF4,1.20906832637247,,0.350915164981463,FALSE,""
IMmotion150,2128,POU5F1;ARHGEF16;GNA15;AC139099.2;CSRNP3,0.78131919701771,,0.266599332029887,TRUE,""
IMmotion150,2129,EDNRB;DNAJC22;UBBP4;GLP2R;MICU3,0.996689517758847,,0.986663414454728,TRUE,""
IMmotion150,2130,SPNS2;MT1F;SLC16A6;FSHR;PCDHGB8P,0.93890867442402,,0.768026573954501,TRUE,""
IMmotion150,2131,PCDHB15;ZNF669;NAALADL2;AC113189.4;SNORA10,0.832075545528677,,0.335957667215888,TRUE,""
IMmotion150,2132,REPS2;MFAP2;TONSL;TM4SF4;FAM72A,0.905130180007146,,0.613684668302663,TRUE,""
IMmotion150,2133,PLA2G7;STRIP2;RPS20P14;AC135983.3;HAPLN3,0.836895622453231,,0.371670819394995,TRUE,""
IMmotion150,2134,DNAH6;PCOLCE2;H2BC3;AC093908.1;ZNF366,1.22316771179973,,0.335031125486187,FALSE,""
IMmotion150,2135,PCDHB12;GOLGA8H;DACT1;ANGPTL5;ENO3,0.90645906792979,,0.615965145350252,TRUE,""
IMmotion150,2136,CEACAM1;GPER1;TXK;AC139099.2;SHE,0.794347616912098,,0.25219169222381,TRUE,""
IMmotion150,2137,SMIM3;SNORA40;KLF4;IGLC6;ADAM32,1.14552859705121,,0.474317530262871,FALSE,""
IMmotion150,2138,AK4;KLHL4;DET1;AC124856.1;KCNK1,1.18310701081283,,0.444062097293967,FALSE,""
IMmotion150,2139,PTPN3;NME1-NME2;ORC1;CNTFR;EVA1C,0.646603009377191,,0.0454159690747369,TRUE,""
IMmotion150,2140,FHL2;SLC7A9;RBKS;SYCE3;ADRB2,1.2330475219927,,0.25087668977411,FALSE,""
IMmotion150,2141,GPC4;PWP2;TRIM73;FOXJ1;EIF5A2,0.684578825778463,,0.0635845431834468,TRUE,""
IMmotion150,2142,CD3E;ADAMTS14;SLC9A7P1;XIRP2;SPSB1,0.909778997732853,,0.633598666930907,TRUE,""
IMmotion150,2143,VEPH1;ADRA1B;SNORA50A;AC083809.1;SLC2A3P2,1.22429109866568,,0.314052747881445,FALSE,""
IMmotion150,2144,RRAGD;PYCR1;PCDHB2;ELF5;KCNK5,1.16646888789816,,0.436594027702467,FALSE,""
IMmotion150,2145,ITK;SLC19A3;CASZ1;ABCB10P1;IL15RA,0.784790001383148,,0.187134123893959,TRUE,""
IMmotion150,2146,HSPA7;KIF5C;H3C11;C9orf129;SCIMP,0.516026547139249,,0.00071054633416235,TRUE,""
IMmotion150,2147,RASL11A;ECHDC3;DGCR6;CRNDE;CFAP70,1.19330390328957,,0.349348349775371,FALSE,""
IMmotion150,2148,KIF23;ZNF286B;LINGO1;SLC14A2;ESR1,1.15541508568514,,0.45321460715152,FALSE,""
IMmotion150,2149,ZNF395;HLA-H;ZNF876P;FCRLA;GADD45B,0.890890105502337,,0.566651808419303,TRUE,""
IMmotion150,2150,OLFML2A;TMEM184A;KCNA3;FAM149B1P1;HEYL,1.13786011802521,,0.508664074444184,FALSE,""
IMmotion150,2151,ACSM3;RNF157;PKDCC;LHX1;GRHL1,0.812681120405887,,0.328632868693844,TRUE,""
IMmotion150,2152,ADAM22;RPL9P7;FBXL7;SBSN;IL4I1,0.741080898623123,,0.0988674816908542,TRUE,""
IMmotion150,2153,PHGDH;ADGRB1;LILRA6;NR0B1;DACT1,1.44138706396678,,0.0661386440267798,FALSE,""
IMmotion150,2154,MXRA7;AC000093.1;ARHGEF15;STAC2;POLQ,1.81459014674027,,0.0133648955020718,FALSE,""
IMmotion150,2155,NQO1;KCP;PCDHB2;IGLL1;KIF15,0.845940659498187,,0.450725819770962,TRUE,""
IMmotion150,2156,IFI44L;CXADR;MMP11;DMRT2;EVA1C,0.839686092274938,,0.398530081306802,TRUE,""
IMmotion150,2157,NAV3;TK1;SNORD16;AC015818.5;CD83,0.934676905156334,,0.723615119828713,TRUE,""
IMmotion150,2158,TSC22D3;RTKN2;DUSP5;TRGV5P;BCL2,0.784328887091637,,0.200675798937924,TRUE,""
IMmotion150,2159,MT-CYB;CLDN7;RAMP2;PLA2G1B;CCND2,0.827299441730142,,0.306960305467003,TRUE,""
IMmotion150,2160,SNORD116-1;SUSD2;MAGI2;WDR38;EGFL7,1.10661989996492,,0.602364341745657,FALSE,""
IMmotion150,2161,FAM149A;SNCAIP;IGSF9B;OVCH2;AC112777.1,0.978587506366966,,0.911226489069779,TRUE,""
IMmotion150,2162,C5;RP9P;FSTL3;CRNDE;IQCN,0.700398287182589,,0.0537916830781665,TRUE,""
IMmotion150,2163,OLR1;AKR1C2;DGKI;ALX1;ADAMTS3,0.777815837156508,,0.201714959701958,TRUE,""
IMmotion150,2164,PSD3;SCN8A;CCR1;NBPF7;FZD8,1.33451674042819,,0.143770484406197,FALSE,""
IMmotion150,2165,GPC4;SLC7A9;SNORD16;KIR3DL2;RNU4ATAC,0.801521209283815,,0.289646786843582,TRUE,""
IMmotion150,2166,BOC;LRRC37A17P;RPS20P14;AC020899.1;POU2F2,0.810397704071319,,0.302708761725775,TRUE,""
IMmotion150,2167,IL2RG;IL1RL2;NEIL1;C21orf62;TTC25,0.851766191589304,,0.435824675374596,TRUE,""
IMmotion150,2168,SNORA21;EGR3;TCF7;DOK7;MFAP3L,0.804555623817119,,0.281591952529434,TRUE,""
IMmotion150,2169,FLG-AS1;FAM72B;SNORA14B;CTSLP3;SYT17,0.838256056477928,,0.394958669732986,TRUE,""
IMmotion150,2170,AR;MST1P2;ACAP1;RPS14P8;EID3,0.680677676754573,,0.0430144524931515,TRUE,""
IMmotion150,2171,RRAGD;LIPG;LRP8;UGT2B10;KLRB1,0.688468294040757,,0.115808652232075,TRUE,""
IMmotion150,2172,PLCH1;PHYHD1;TRIM36;NYX;KCTD15,1.03304663198933,,0.882739977158849,FALSE,""
IMmotion150,2173,HRH2;ZNF511;OXER1;IMMTP1;E2F8,0.955562174154992,,0.803441847796295,TRUE,""
IMmotion150,2174,SNORA61;TSPAN7;TNFRSF10C;FOXC2-AS1;ELAPOR2,0.866795416379845,,0.449256357669446,TRUE,""
IMmotion150,2175,MEIS1;AVPR1A;ANGPT1;ASS1P12;COL11A2,1.47918397379821,,0.052631682725183,FALSE,""
IMmotion150,2176,SNORA61;PCDH7;RNF138P1;CPNE4;CD302,1.05846843259027,,0.773483617771764,FALSE,""
IMmotion150,2177,SELL;LIPG;HEY2;IGHV2-70D;APCDD1,0.784385787092399,,0.274256039244611,TRUE,""
IMmotion150,2178,IMPA2;SLC7A11;SMAD6;ANKRD30B;ZNF483,1.06655793316759,,0.731107669287713,FALSE,""
IMmotion150,2179,FBN2;ZNF286B;HOXA3;TMEM191B;TRPC4,0.964785280710736,,0.843358489093653,TRUE,""
IMmotion150,2180,AOC3;SLAIN1;AS3MT;UQCRFS1P1;AGER,0.913756483232359,,0.639001281202412,TRUE,""
IMmotion150,2181,TMEM37;AL731577.2;PAFAH1B3;KCNS2;ADAM8,1.1788792313413,,0.503704901961037,FALSE,""
IMmotion150,2182,BCAT1;ZNF286B;EVI2A;RAD51AP2;SLC2A3P2,0.707210221113278,,0.0747158664220893,TRUE,""
IMmotion150,2183,EPHA3;WSCD1;SNHG17;GRM3-AS1;CD200R1,1.26746998069629,,0.229393642817483,FALSE,""
IMmotion150,2184,PTER;ACP3;SAMD3;NCMAP;ZSCAN31,0.592008947641978,,0.00812521766219455,TRUE,""
IMmotion150,2185,CD163L1;SNORD104;AC004832.3;SULT2B1;PPP1R16B,0.913961589980145,,0.664165138950887,TRUE,""
IMmotion150,2186,TSKU;HSD11B2;FHDC1;FAM172BP;RPPH1,1.33334954761353,,0.16045269430944,FALSE,""
IMmotion150,2187,ITK;TRBC1;CYP2D7;NRBF2P6;BAMBI,0.824523895425178,,0.311208406651438,TRUE,""
IMmotion150,2188,AMACR;PRCD;RASSF7;SRRM3;HK3,0.746151911909008,,0.157913892921553,TRUE,""
IMmotion150,2189,CNTNAP3P2;STRIP2;PRTFDC1;IYD;PRKAR2B,0.879849583202935,,0.52498566037426,TRUE,""
IMmotion150,2190,HKDC1;SLC6A16;PATL2;AC133065.2;ALDH7A1P1,0.794778970035976,,0.236840948778546,TRUE,""
IMmotion150,2191,SCIN;FAM72B;GOLGA6L3;ORM2;PRELID2,0.82220377593759,,0.32273480024848,TRUE,""
IMmotion150,2192,BOC;FAM72B;VNN2;UGT2B11;TESPA1,0.675373017133321,,0.0659155121883677,TRUE,""
IMmotion150,2193,ADAMTSL3;ANKRD33B;SPSB1;UPK3BL1;MOB4,0.972412816083073,,0.882136259506838,TRUE,""
IMmotion150,2194,NTN4;ZNF831;CCR2;TMEM82;TWF1P1,0.561908511749472,,0.00637457611835057,TRUE,""
IMmotion150,2195,LAMB3;TMEM184A;SPTBN5;AC012313.3;VDR,1.0700668154162,,0.710004086424999,FALSE,""
IMmotion150,2196,NFASC;FAM86EP;CNRIP1;SNTG2;SLC4A11,0.858982495945375,,0.406048696350227,TRUE,""
IMmotion150,2197,TENM4;GOLGA8H;SOX18;TRIM31;KIF2C,0.719125988575079,,0.084244813777045,TRUE,""
IMmotion150,2198,SMIM3;POM121L9P;SEMA4G;AC104411.1;P2RY13,0.870178544216372,,0.50273290525453,TRUE,""
IMmotion150,2199,APBA2;PEG10;CETP;HOXD13;AXIN2,0.944927111368544,,0.767166339128709,TRUE,""
IMmotion150,2200,IQGAP3;NPIPB8;PIGAP1;RORB;TSGA10,0.771928396927571,,0.214054825475196,TRUE,""
IMmotion150,2201,DSEL;ASS1P1;MARCKSL1;GDF10;NAP1L4P1,0.908136829548537,,0.561714024126561,TRUE,""
IMmotion150,2202,FBN2;MAGEE1;CPNE5;AC091167.2;SRRM5,0.813709815329619,,0.317007912751059,TRUE,""
IMmotion150,2203,ITK;CXADR;CD80;EPB42;RGS9,0.901276763994051,,0.603599218078035,TRUE,""
IMmotion150,2204,RRM2;CX3CR1;BNIP3P1;SV2C;MEFV,0.992330260280312,,0.96676198598891,TRUE,""
IMmotion150,2205,NETO2;CBS;INHBA;RPS20P12;SEC63P1,1.00556270253577,,0.978256504918291,FALSE,""
IMmotion150,2206,IQGAP3;COL21A1;FAM86DP;FOXA1;HENMT1,1.2716181593196,,0.221550553314299,FALSE,""
IMmotion150,2207,OLFML2A;CCN4;FAHD2B;ERFL;RGL3,0.846628532682265,,0.382054824518522,TRUE,""
IMmotion150,2208,BUB1;SLITRK4;SLC7A8;AL356124.2;KLRD1,0.612349055746949,,0.0168484570034828,TRUE,""
IMmotion150,2209,GOLGA8M;ZNF391;ZAP70;OR2A1-AS1;SAMD3,0.715006001504604,,0.0669192732278606,TRUE,""
IMmotion150,2210,GULP1;EPHA1;SNORA59A;EHMT2-AS1;OXER1,0.932449002419367,,0.731073967688376,TRUE,""
IMmotion150,2211,H2BC9;METTL15P1;SNORA50A;CPB2;RBP1,1.0441915400229,,0.844757746605205,FALSE,""
IMmotion150,2212,MXRA8;DLG2;PRKCQ;TRAV5;CYYR1,0.853513079626974,,0.423711466454212,TRUE,""
IMmotion150,2213,PCDHGB4;CFAP91;HK3;CHRM5;H2BC3,0.81997788583397,,0.333287913131025,TRUE,""
IMmotion150,2214,PCDHB9;CD69;CLEC4A;SPATA20P1;CD6,0.782791977724242,,0.194825729110718,TRUE,""
IMmotion150,2215,SNORD116-23;EPHB1;PPP1R16B;GRHL3;EVA1C,0.746569707094779,,0.147498641457575,TRUE,""
IMmotion150,2216,CDCA2;RPL7L1P9;KIAA1755;CA1;GLI2,1.01629252218274,,0.928820606143008,FALSE,""
IMmotion150,2217,JAM3;AC034102.1;MEGF6;FOXJ1;GOLGA8K,0.936066401471444,,0.712937534235866,TRUE,""
IMmotion150,2218,ETV1;AC022415.2;PTPN7;DDN;LAT,0.587167747889174,,0.00709173137488952,TRUE,""
IMmotion150,2219,SMAD9;ESCO2;IL12RB1;AGBL1;PDCD1LG2,0.594475056932593,,0.0128410764579632,TRUE,""
IMmotion150,2220,RGS2;PYGM;ELMO3;NBPF18P;LINC01550,0.69153167665083,,0.0844024754088198,TRUE,""
IMmotion150,2221,SNORD116-22;FOXL1;PIH1D2;IGDCC3;SNORA16A,0.84100268295476,,0.426606925369818,TRUE,""
IMmotion150,2222,PCDHB15;PTGS2;E2F8;SNHG25;SOX5,1.40187668470631,,0.125712979019517,FALSE,""
IMmotion150,2223,BICDL1;HYLS1;IGF1;NKAIN2;RSAD2,0.684322142064822,,0.0474904346557643,TRUE,""
IMmotion150,2224,THSD7A;ZFHX2;SSPN;IGFALS;GSKIP,0.892632790725163,,0.588608749294693,TRUE,""
IMmotion150,2225,ETV1;ADAM23;PANK1;TMEM191B;LRP3,1.13110367868157,,0.548337165330655,FALSE,""
IMmotion150,2226,SEZ6L2;ROR2;RALGPS1;OR13C9;CEP295NL,0.780055013969124,,0.206091780096643,TRUE,""
IMmotion150,2227,EMCN;FAM86C2P;FGD1;SSTR1;TMC7,0.893606904750413,,0.551476491957741,TRUE,""
IMmotion150,2228,ADM;PDCL3P4;SLC6A1;AL138752.2;MTARC1,1.21445786429286,,0.281675844588999,FALSE,""
IMmotion150,2229,STEAP4;STEAP1;RUNX1T1;AL117348.2;PIGAP1,1.30274777030066,,0.170285136109293,FALSE,""
IMmotion150,2230,FAM83H;NME5;PIM2;CCL7;FCN1,0.710145453399291,,0.0912894318385485,TRUE,""
IMmotion150,2231,PCDHGB4;HLA-H;PRH1;RPL7L1P2;IL21R,0.645324145615619,,0.024581934040722,TRUE,""
IMmotion150,2232,CD248;RPSAP12;H2BC3;DCAF12L1;HSPA6,0.997912834134232,,0.993229188852852,TRUE,""
IMmotion150,2233,TPX2;CFD;SH3TC2;HNRNPA1P54;AC004890.2,1.13687412944328,,0.500083269462662,FALSE,""
IMmotion150,2234,PTTG1;OSBPL6;AC092068.3;AC106865.1;PPP1R16B,0.585585625439678,,0.00982993850029516,TRUE,""
IMmotion150,2235,TMEM91;ZNF727;MYCT1;ZFP41;IER2,1.40284214450305,,0.0801298311519339,FALSE,""
IMmotion150,2236,EHHADH;SUMO1P3;FGF2;ONECUT1;RUNX1T1,0.84222669862518,,0.378610576800535,TRUE,""
IMmotion150,2237,IL7R;AL591806.2;P2RY13;FXYD7;UBE2Q2L,0.792216375302409,,0.251475675991789,TRUE,""
IMmotion150,2238,MDK;LAMP3;CEBPD;SCRG1;KIAA1614,1.03104930769161,,0.878188783122555,FALSE,""
IMmotion150,2239,SGIP1;GRM8;ZNF662;AC007952.3;FZD7,1.18455512180383,,0.375771623309321,FALSE,""
IMmotion150,2240,EDNRB;AL021368.4;TUB;GRP;WDR17,0.953467077294178,,0.76598679539793,TRUE,""
IMmotion150,2241,PARD6B;HOXA6;H3C11;HOXA11-AS;KLRB1,0.858432704210183,,0.429290762907201,TRUE,""
IMmotion150,2242,KIF23;DNAJC19P9;ADRB2;CDCP2;RUNX3,0.628615394225325,,0.0187713883768389,TRUE,""
IMmotion150,2243,PDGFD;AVPR1A;RPS20P14;Z82190.2;C17orf97,1.13144530879372,,0.511818706365022,FALSE,""
IMmotion150,2244,ANOS1;TRBC1;HLA-L;FIRRE;FAM184A,0.843811342861014,,0.376789225526668,TRUE,""
IMmotion150,2245,H2BC17;UBE2T;CDK1;DSCAM;ATF5,1.16395865816466,,0.444415461810173,FALSE,""
IMmotion150,2246,SCIN;AVPR1A;SPTBN5;CCL24;PTPN7,0.928228156974058,,0.706883286245361,TRUE,""
IMmotion150,2247,PDGFD;AC022415.2;PGAP4;KRT36;PCDHGB8P,0.690329323741933,,0.0331152416678146,TRUE,""
IMmotion150,2248,BCAT1;EML5;CMTM8;CARD17;ADAM8,0.655102272053819,,0.0284592068083489,TRUE,""
IMmotion150,2249,FLG-AS1;FCGR3B;GRAPL;FSD2;AXIN2,0.817224158115221,,0.292851466822256,TRUE,""
IMmotion150,2250,KITLG;ZNF391;FHDC1;MYLPF;TLR8,0.756893581822199,,0.158766032657036,TRUE,""
IMmotion150,2251,IL2RG;SNORA64;CA11;OR2G6;PHEX,0.652762648079961,,0.0280838006620829,TRUE,""
IMmotion150,2252,DENND2A;C4orf47;MTFP1;RNU1-3;LPAR1,1.23822487198069,,0.299981486988125,FALSE,""
IMmotion150,2253,CNTNAP3;ECHDC3;ALDH7A1P1;CLVS2;HK3,0.9929648763455,,0.972316588744431,TRUE,""
IMmotion150,2254,SEZ6L2;AC215522.2;CEBPA;AC008758.6;ATP8B3,1.06539101183697,,0.745357908045783,FALSE,""
IMmotion150,2255,EDIL3;GPR174;ZDHHC11;SRD5A2;RGS18,0.801802384494568,,0.225760471924071,TRUE,""
IMmotion150,2256,ZNF90;HYLS1;ZNF491;DLX2;TTC25,0.684364233211936,,0.0225407713353952,TRUE,""
IMmotion150,2257,MATN2;LRRC37A17P;DTX2P1;CDSN;HLA-DOB,0.67353287199244,,0.0581751614983683,TRUE,""
IMmotion150,2258,GGT5;CEP55;MAFB;AC139426.1;EPHB2,0.957664471007411,,0.840560480136714,TRUE,""
IMmotion150,2259,CD248;PDZRN3;STARD5;MYT1;SEMA6D,1.01179915902233,,0.952591223511856,FALSE,""
IMmotion150,2260,PDGFD;AF241726.1;HLA-DOB;AC106865.1;TSPAN2,0.665535548931184,,0.0361887602616505,TRUE,""
IMmotion150,2261,NOSTRIN;S100A9;PKDCC;KRT19P1;SNORA71A,1.20653282993279,,0.376052675658411,FALSE,""
IMmotion150,2262,FAM149A;FDXACB1;FAM86DP;AC105105.1;CEL,0.717201419214097,,0.115420210438664,TRUE,""
IMmotion150,2263,ANOS1;SPTB;SNORA60;POTEH;CCDC9B,0.952912148135246,,0.795997114447305,TRUE,""
IMmotion150,2264,SNAI2;LAG3;THRB;SCEL;LINGO1,0.806977487622169,,0.313935186462326,TRUE,""
IMmotion150,2265,NTN4;PWAR5;DAPK2;DDTL;AC138696.1,0.740932523286849,,0.147474809401064,TRUE,""
IMmotion150,2266,ALDH1L2;IQCA1;ZNF415;TSPEAR;DRC3,0.864500669653328,,0.432281564891075,TRUE,""
IMmotion150,2267,PCDHGB2;ASAH2B;FAM160A1;H2BC2P;KLRB1,0.693886073552884,,0.0494078128600407,TRUE,""
IMmotion150,2268,SNORD116-6;S100A9;CD33;GJA1P1;CCSER1,0.828091862845785,,0.329118287544419,TRUE,""
IMmotion150,2269,CTAGE6;CD38;SH3TC2;AL627422.1;ALDH7A1P1,0.739006612297222,,0.0571063627546925,TRUE,""
IMmotion150,2270,CD209;CAPN12;BMERB1;IGLV4-60;CD3G,1.08954659126554,,0.690909690980317,FALSE,""
IMmotion150,2271,PPFIA4;ACKR4;H3C13;RNU12;CIART,1.15208079222211,,0.513213028397521,FALSE,""
IMmotion150,2272,SRPX2;CCDC136;COL9A2;FLRT1;ELMO3,0.824947049222918,,0.31716358129797,TRUE,""
IMmotion150,2273,PDGFD;NPHP3-ACAD11;TTC25;TRAV29DV5;ZNF662,1.22646763424218,,0.229163729847147,FALSE,""
IMmotion150,2274,PTGS1;ULBP2;INHBA;AC015688.4;SNORA59A,1.11522003396926,,0.600055706961589,FALSE,""
IMmotion150,2275,HILPDA;NCR3LG1;METRNL;TWIST2;ADAMTS13,0.875295145144707,,0.499064562856203,TRUE,""
IMmotion150,2276,BICDL1;MAGEE1;TWF1P1;TNFRSF13B;KCNK5,0.722919200611347,,0.131663786586711,TRUE,""
IMmotion150,2277,MAP7;AKR7A3;CC2D2B;AC092666.2;TM9SF1,1.14896302136001,,0.511574540661759,FALSE,""
IMmotion150,2278,CCL3;GPR39;UNC5C;SLC30A3;PHEX,1.02363937546256,,0.900493315082806,FALSE,""
IMmotion150,2279,CD3D;AC104452.1;SYDE2;NPM1P51;FRMD3,0.641909673531296,,0.0109405835526135,TRUE,""
IMmotion150,2280,PDGFD;PHKA1P1;RDH5;ST13P20;SLC4A11,0.864425379927674,,0.423158254657022,TRUE,""
IMmotion150,2281,STEAP3;NRN1;PCDHGA5;AC019294.1;SNORA14A,1.05467843659625,,0.784472566834228,FALSE,""
IMmotion150,2282,ITGA8;YBX1P10;TLE2;BAGE2;ABCB9,1.15929449485994,,0.426811132083147,FALSE,""
IMmotion150,2283,MAP3K21;ZNF311;ALDH7A1P1;LINC01159;GADD45B,0.952442326365015,,0.788564258871554,TRUE,""
IMmotion150,2284,EGR2;TPD52L1;PTGDR;SNX32;NRXN3,0.776150346303981,,0.194070422265699,TRUE,""
IMmotion150,2285,REPS2;PLGRKT;SLC19A2;CFAP99;ATF5,0.970999543805592,,0.890500237366688,TRUE,""
IMmotion150,2286,ACSM3;FLT3;SCIMP;AL450124.1;FAM86DP,0.862796262282183,,0.463202832373261,TRUE,""
IMmotion150,2287,MATN2;RP9P;ADAMTS17;WBP1P2;KLHL13,0.941988367663554,,0.759490572198764,TRUE,""
IMmotion150,2288,RASL11A;LIPC;TLK2P2;GUCY2C;SPSB1,1.1454546718043,,0.490184542118897,FALSE,""
IMmotion150,2289,MAP3K21;PCDHGB1;ZSCAN18;RNU5E-1;CPNE5,0.982382664672484,,0.92673992760963,TRUE,""
IMmotion150,2290,SEZ6L2;FTH1P5;CCR2;OR1J4;ZNF610,0.940580821096205,,0.725335954170526,TRUE,""
IMmotion150,2291,SNORA21;LAMP3;SPAG4;SLC4A9;LRRC17,1.02783704215384,,0.890024550223877,FALSE,""
IMmotion150,2292,ZNF395;AL512356.1;MAFB;HSD17B1P1;CAMK4,0.682805274220871,,0.0475300335360427,TRUE,""
IMmotion150,2293,TSKU;TRPM6;SECTM1;AL031666.2;AMIGO2,1.08719795388822,,0.66302031644354,FALSE,""
IMmotion150,2294,CD3E;SORCS2;CCNF;RNASE10;ZSCAN31,0.98444912336733,,0.937776617049087,TRUE,""
IMmotion150,2295,GXYLT2;C15orf48;LY86;IGKV5-2;UBE2Q2L,0.932838740671583,,0.721098648983083,TRUE,""
IMmotion150,2296,EMCN;SNORA33;H3C2;AL392172.1;CD3G,0.838954350001614,,0.370707559087319,TRUE,""
IMmotion150,2297,LDLR;MYBL2;NPIPA2;DLX6;SYDE2,1.10195716019701,,0.631477152771443,FALSE,""
IMmotion150,2298,GOLGA8M;IQCA1;PRTG;PPIAP3;H3C1,1.21271521625331,,0.314972389081582,FALSE,""
IMmotion150,2299,OLFML3;CDS1;PHEX;CDC42EP2;CD28,0.85242678552233,,0.437419366687763,TRUE,""
IMmotion150,2300,ALOX5AP;FCGR3B;RPL23AP32;SNX32;EMP2,0.966194496944634,,0.851823405578575,TRUE,""
IMmotion150,2301,CAVIN2;AP000654.1;SLC19A2;ALLC;MAP3K7CL,0.821695595562662,,0.314743328451925,TRUE,""
IMmotion150,2302,PCDH17;AKR7A3;TSPAN5;FEM1AP2;POLQ,1.00299456346659,,0.989028361822677,FALSE,""
IMmotion150,2303,NPNT;RIMBP3;PAPPA;IGHV2-26;KIAA1614,0.552402857589483,,0.005354767000576,TRUE,""
IMmotion150,2304,SELL;GREB1;SLC22A4;REG3G;MPP7,0.704388609682634,,0.0736668189476358,TRUE,""
IMmotion150,2305,CNTNAP3P2;LY75;HIC1;RBM11;SOX18,0.91520851979507,,0.648719765540463,TRUE,""
IMmotion150,2306,MAP3K21;AVPR1A;TRIM36;FOXC2-AS1;KIFC1,1.18626371293446,,0.395394832630962,FALSE,""
IMmotion150,2307,BUB1B;RNF150;ARHGEF15;CELP;CCDC157,0.999950593698528,,0.99978975295658,TRUE,""
IMmotion150,2308,TLR7;ZBP1;SNORD9;YIPF7;DIPK2B,0.897111342161552,,0.537811850494613,TRUE,""
IMmotion150,2309,FN3K;KCNQ1OT1;PCDHB4;AL139220.2;ID1,1.202452196955,,0.312233913090299,FALSE,""
IMmotion150,2310,PLEKHA7;PLCD4;TMC4;AL079342.3;CPNE5,0.993417632457511,,0.975884784108785,TRUE,""
IMmotion150,2311,MT-CO2;GALNT15;SDC1;ZNF209P;DACT1,0.894983317157612,,0.589752750226107,TRUE,""
IMmotion150,2312,PLA2G7;GIPC2;LRATD1;IGFL2;VNN2,0.701091471369873,,0.0791052799867706,TRUE,""
IMmotion150,2313,NCF1C;ASAH2B;HOMER1;HMGB1P35;SLC15A2,0.658768445734389,,0.0918386897490559,TRUE,""
IMmotion150,2314,NFASC;UBE2T;NEIL1;WIF1;UST,0.822825253973292,,0.30119611002225,TRUE,""
IMmotion150,2315,CNTNAP3P2;RNF150;FAM86DP;C12orf50;GGH,1.29465920071995,,0.221104565850823,FALSE,""
IMmotion150,2316,LMOD1;CD69;AC068580.4;ATP2B3;TLK2P2,0.921801119503215,,0.685916999385822,TRUE,""
IMmotion150,2317,SELL;NME1-NME2;BMERB1;AC005329.1;H3C11,0.720957418997433,,0.135454290038562,TRUE,""
IMmotion150,2318,TMEM37;RPP14;RHOD;AC009977.1;SMAGP,0.893474542642307,,0.544729216762734,TRUE,""
IMmotion150,2319,OLR1;CBS;PCDHB4;CPSF1P1;TMEM25,1.2849419897733,,0.207534743312812,FALSE,""
IMmotion150,2320,LMOD1;SLC14A1;PCDHGB3;CCL23;HOXD8,0.982702179964816,,0.926273645602971,TRUE,""
IMmotion150,2321,STEAP3;MDP1;PRAM1;TMEM158;FAHD2B,0.799357760554646,,0.365573939653375,TRUE,""
IMmotion150,2322,RGS2;ACKR4;SLC22A4;SRD5A2;LRRC37A6P,0.83490635387679,,0.334755523333802,TRUE,""
IMmotion150,2323,APOC1;ROR2;CCR2;LHX9;CATSPERE,0.822359918347667,,0.324054365615758,TRUE,""
IMmotion150,2324,MST1;ECHDC3;CD5;KCNT1;SPAG4,1.32928846221497,,0.147896605873606,FALSE,""
IMmotion150,2325,IRS2;OSBPL6;SDC1;IL12B;CCR5,0.799452501001774,,0.225699350614489,TRUE,""
IMmotion150,2326,OLR1;ZBP1;FAXDC2;TMEM74;SCIMP,0.635636794454941,,0.0206796514869184,TRUE,""
IMmotion150,2327,SNORD116-22;EML5;TSGA10;KCNF1;LRP3,0.961879853008753,,0.840031794737001,TRUE,""
IMmotion150,2328,SDK1;PCDHGA2;TEKT4P2;PLAC4;ESR1,1.00796786745496,,0.967988187397546,FALSE,""
IMmotion150,2329,KLF5;TSSC2;BAMBI;IGSF5;ZNF578,0.969478368382419,,0.87804639001085,TRUE,""
IMmotion150,2330,GPR183;SRPX;SCARF2;CHRNA3;LZTS1,1.31132331584583,,0.191438210669002,FALSE,""
IMmotion150,2331,FBP1;HLA-H;DLGAP5;FGF7P3;SNORD9,0.761437528240288,,0.168419132380074,TRUE,""
IMmotion150,2332,CDCP1;ASS1P1;CD3G;ANOS2P;PCDHGB8P,0.745715591953153,,0.121594635908479,TRUE,""
IMmotion150,2333,FBLN2;SNORA62;CDK1;OR14K1;KCNJ5,1.13173113476082,,0.541706554146844,FALSE,""
IMmotion150,2334,SLCO2A1;SLC19A3;ASMTL-AS1;AC104451.1;AGER,1.1950204232387,,0.382539533521744,FALSE,""
IMmotion150,2335,NR3C2;GOLGA8IP;SIGLEC7;NDUFC2-KCTD14;P2RY6,0.621685575618953,,0.0180685688651491,TRUE,""
IMmotion150,2336,BOC;PMS2P7;ZNF578;PRSS22;TNFRSF11A,0.856032866116907,,0.435282338809907,TRUE,""
IMmotion150,2337,ALDOC;JPH2;CD302;MMP3;CENPK,1.1426793810697,,0.527543134576309,FALSE,""
IMmotion150,2338,TRAC;C15orf48;FCMR;LINC01597;FHAD1,0.532368636190713,,0.00132191724465293,TRUE,""
IMmotion150,2339,FPR1;MYOM2;CEP295NL;KLF17;E2F7,0.781663340267987,,0.215993277212991,TRUE,""
IMmotion150,2340,PCDHB15;CKAP2L;LZTS1;SNX32;CELSR3,1.41105941254421,,0.0839293462516637,FALSE,""
IMmotion150,2341,LRP4;FCGR3B;TMC7;MUSTN1;HK3,1.1303657805396,,0.511940492025097,FALSE,""
IMmotion150,2342,SLCO2A1;RPL9P7;FAM86DP;ZNF716;CSRNP3,0.969096406182548,,0.866998354212312,TRUE,""
IMmotion150,2343,FCGR1B;MAPT;RGL3;DNM1P28;H1-5,0.794803988703819,,0.266474710567553,TRUE,""
IMmotion150,2344,SDHAP2;METTL7B;ASTN2;SNORA74C-2;TONSL,0.913539510589429,,0.642245603427377,TRUE,""
IMmotion150,2345,ABCA9;PTGS2;CEBPA;NDUFB4P12;HHEX,1.08044592423354,,0.699056892336922,FALSE,""
IMmotion150,2346,GGT5;TNFRSF9;TMC4;CIBAR2;GSTM3,0.93021813031721,,0.7172250778404,TRUE,""
IMmotion150,2347,PTGIS;SLITRK4;HLA-DOB;SNORA36A;H3C11,0.742213468200613,,0.114718972352939,TRUE,""
IMmotion150,2348,ANGPT2;ADGRB2;WDR17;AC013268.3;EGFLAM,1.05584469707478,,0.772174946602676,FALSE,""
IMmotion150,2349,PARD6B;HOXA6;ZAP70;AC139272.1;NR5A2,0.907679317290122,,0.625969692349436,TRUE,""
IMmotion150,2350,PLAUR;TK1;MPP3;IGLV3-12;HSPA6,0.844761343969873,,0.402340827027696,TRUE,""
IMmotion150,2351,SLCO2A1;PNMA2;LPAR1;PPP1R1B;S1PR2,0.870908516584358,,0.477460798966729,TRUE,""
IMmotion150,2352,PLAUR;GPR39;TMEM54;PPIAP14;AK1,1.0048432736737,,0.97980160662897,FALSE,""
IMmotion150,2353,EGR2;FAM133DP;HSPB2;OR7E47P;KLHL3,0.879366397711633,,0.52556454120378,TRUE,""
IMmotion150,2354,TLR7;PPFIA2;CX3CL1;AC125611.4;SLC35G2,1.02629139598604,,0.890017255287404,FALSE,""
IMmotion150,2355,RETREG1;OSBPL6;SYNGR1;AL160236.1;H4C9,0.853772300659933,,0.449241738242994,TRUE,""
IMmotion150,2356,PCOLCE;SCN8A;SSPN;AL355312.5;EPHB3,1.63360759445274,,0.0128315312560647,FALSE,""
IMmotion150,2357,AGAP7P;GRB14;SNORD9;AC009119.1;AC004890.2,0.800942889762467,,0.229822696352517,TRUE,""
IMmotion150,2358,ANOS1;TPD52L1;MLF1;GJB3;EVI2A,0.781980214483356,,0.183456114454031,TRUE,""
IMmotion150,2359,DNAH6;CCN3;SNORA26;FLRT1;RAB37,1.08499130967296,,0.694791083538741,FALSE,""
IMmotion150,2360,GHR;ZBP1;KIF14;ABCG8;IGSF9B,0.835064996833025,,0.365792934813165,TRUE,""
IMmotion150,2361,AK4;EXO5;ARVCF;OR1N2;KCNS3,0.789887639179776,,0.237936298593817,TRUE,""
IMmotion150,2362,GPR183;AC010655.3;CCDC74B;AC244394.2;EGFLAM,0.878669334262436,,0.514394098252704,TRUE,""
IMmotion150,2363,FOLR2;FLT3;PIH1D2;AC096536.2;MT-ND3,0.777690000768961,,0.210596483731927,TRUE,""
IMmotion150,2364,HOXA10;ADAM23;TIAM2;HNRNPA1P14;WASF3,0.84854174242619,,0.399452230440544,TRUE,""
IMmotion150,2365,OLFML2A;MICOS10-NBL1;RTL5;AL139260.3;HCST,1.17732286896742,,0.390334278169719,FALSE,""
IMmotion150,2366,RHOB;BEND5;SEC14L2;RNU5E-1;LILRB5,1.00197023031784,,0.992589083423227,FALSE,""
IMmotion150,2367,TRO;CTAGE3P;CDH24;AC018362.3;GPT2,1.21655090312664,,0.270318454985465,FALSE,""
IMmotion150,2368,NTN4;TRBC1;NUAK2;RSPO4;H2AC16,0.803712679826721,,0.289851507716075,TRUE,""
IMmotion150,2369,CNTNAP3;RCAN2;ABCA10;OR1J2;SNORD9,1.06224276696474,,0.76705531605048,FALSE,""
IMmotion150,2370,DNAH6;TMEM236;HEY1;DGUOK-AS1;AC068580.4,1.25357246330666,,0.270411736965239,FALSE,""
IMmotion150,2371,MEST;EGF;TP53INP2;PRSS2;CFAP53,1.74943214080869,,0.00585418208690406,FALSE,""
IMmotion150,2372,HGF;PNMA2;KCNJ5;TRBV7-9;RASIP1,0.831496598136599,,0.325551324549664,TRUE,""
IMmotion150,2373,COL4A4;MICOS10-NBL1;AGER;GJB6;MAFB,0.951825673165389,,0.786981319239515,TRUE,""
IMmotion150,2374,ADAMTSL2;SPATA17;FCN1;TTPA;RGCC,0.908847566957453,,0.64422791228244,TRUE,""
IMmotion150,2375,GHR;EFR3B;TMEM273;SHISA6;RAG1,1.03086575219824,,0.875148976842166,FALSE,""
IMmotion150,2376,KIF26B;PROM2;SNORA13;TSACC;DECR2,0.881360411293148,,0.505567405956572,TRUE,""
IMmotion150,2377,LDHAP4;ISCA1P1;SLAMF6;AC022494.1;STMN3,0.48772497397538,,0.000858735702316238,TRUE,""
IMmotion150,2378,FER1L4;PCOLCE2;ZNF660;AC011498.4;GAL3ST4,1.19419153369375,,0.359189967773646,FALSE,""
IMmotion150,2379,IL2RG;USP18;CCR2;ADAMTS19;RGS18,0.576301052333838,,0.0109669472959055,TRUE,""
IMmotion150,2380,APOC1;PTGS2;H2AC16;AC008763.2;PAPPA,0.711721886143591,,0.0977735758217601,TRUE,""
IMmotion150,2381,PCDHGB2;MXRA7P1;CAMK2N1;IGLL1;ZNF433,0.933417977823101,,0.710761010409203,TRUE,""
IMmotion150,2382,MST1;AC068831.6;DET1;CTBP2P10;TRIM6,0.972833206595207,,0.894273197018829,TRUE,""
IMmotion150,2383,CD209;SNORA51;HK3;CHAD;FAM13C,1.28475945789025,,0.199119227771406,FALSE,""
IMmotion150,2384,LIF;HLA-H;UBBP4;PCDH15;H4C9,0.830505358997822,,0.333923426204035,TRUE,""
IMmotion150,2385,LIF;PPCDC;OSBP2;CDH20;H3C2,1.13361960417985,,0.536795289455708,FALSE,""
IMmotion150,2386,PCDHGB4;TNFRSF9;IER3;AC112203.1;GRHL1,0.878516017036294,,0.496725332181901,TRUE,""
IMmotion150,2387,H2BC17;MMP24;OASL;IL27;AC092068.3,0.741320293420916,,0.11516684621917,TRUE,""
IMmotion150,2388,TRPC6;DMRTA1;CCDC113;OR13C9;SEMA7A,0.918643882553602,,0.668902734263483,TRUE,""
IMmotion150,2389,FOLR2;ITIH4;C5AR1;TRAV24;LINC01002,0.980562780441767,,0.917864852462348,TRUE,""
IMmotion150,2390,OLFML2A;PDCL3P4;GFOD1;BET1P1;DAPK2,0.776634258896026,,0.151352566037558,TRUE,""
IMmotion150,2391,AFF3;METTL7B;PTPN7;PCSK9;SYT17,0.731199126379782,,0.101804455715051,TRUE,""
IMmotion150,2392,CDCP1;LYSMD1;MPP3;AC092667.1;PSTPIP1,0.740319846693302,,0.198562437702865,TRUE,""
IMmotion150,2393,HOXA10;SORCS2;BNIP3P1;GPRIN2;H4C6,0.897958411698084,,0.598151687213738,TRUE,""
IMmotion150,2394,FBP1;EBF2;CMKLR1;AL512590.2;MAP3K7CL,0.800382485207356,,0.264795457829723,TRUE,""
IMmotion150,2395,STC1;NSUN7;WDR17;MIR194-2HG;SPAG4,1.29822888796298,,0.159910479012325,FALSE,""
IMmotion150,2396,MATN2;PCDHB3;DNAJC6;AC007182.1;SNORA3A,1.10067094437302,,0.622135664801563,FALSE,""
IMmotion150,2397,NFASC;KIF20A;PCDHGA4;RPL12P35;GATD3A,1.13233144377986,,0.539141663092784,FALSE,""
IMmotion150,2398,BUB1;NUF2;PRKCQ;AC012531.2;ZDHHC11,0.796448830691911,,0.26798861447248,TRUE,""
IMmotion150,2399,MT-CYB;FTH1P5;CD52;GSTA7P;RPPH1,0.933378076051619,,0.716284955111812,TRUE,""
IMmotion150,2400,NOSTRIN;COL8A2;DGKG;OR2T5;TROAP,0.776541371778383,,0.202281371952992,TRUE,""
IMmotion150,2401,CCL5;RNF157;HSPD1P4;AC099811.2;SNORA13,0.715621272213811,,0.0624086874821746,TRUE,""
IMmotion150,2402,ACSM3;PDZRN3;CEL;AC103740.1;DGCR6,1.01149551615801,,0.952007541282857,FALSE,""
IMmotion150,2403,CD209;GLB1L2;TBX2;LRRC37A16P;CD3G,1.13174856921902,,0.554007906563858,FALSE,""
IMmotion150,2404,PHGDH;KBTBD3;EVI2A;TMEM35A;SLC19A2,1.06777036170177,,0.760969494282398,FALSE,""
IMmotion150,2405,RADX;C11orf98;PCDHGA3;KIR2DL1;AC136632.1,0.896301984688781,,0.556638158080694,TRUE,""
IMmotion150,2406,MAP2;GOLGA8IP;AC112777.1;TRPM1;ARMH4,1.08377522184268,,0.689941262284221,FALSE,""
IMmotion150,2407,TRO;SLAIN1;SLC43A1;ZIC2;P2RY8,0.871685445395856,,0.480602738845807,TRUE,""
IMmotion150,2408,MDK;TRPM6;SNORA60;DSC1;TTK,0.942596845491174,,0.778817238680195,TRUE,""
IMmotion150,2409,FHL2;AC008878.1;GPT2;IGHV3-35;BMERB1,1.22246284397896,,0.282875881602126,FALSE,""
IMmotion150,2410,PPFIA4;SPDYE18;SPATA6L;GRP;CENPU,0.805610148628231,,0.278120216132348,TRUE,""
IMmotion150,2411,PLCH1;ZNF726;MACROH2A2;KRT18P38;CELSR3,0.727658728827926,,0.137475636787749,TRUE,""
IMmotion150,2412,SLCO2A1;HOXA5;HOXA4;GOLGA6L11P;MILR1,0.820000183111618,,0.211010888293147,TRUE,""
IMmotion150,2413,PCDHGB4;NSUN7;RAMP3;EPYC;CAMK4,0.697843698713732,,0.0291768099162632,TRUE,""
IMmotion150,2414,AFF3;PLGLB2;TESC;AC011330.3;RNU4ATAC,0.976622838136951,,0.906569671798283,TRUE,""
IMmotion150,2415,SEZ6L2;MST1L;CLCN4;ASB14;SH3TC2,1.64282244956274,,0.0131846701167868,FALSE,""
IMmotion150,2416,SNORD118;HYLS1;AC004832.3;SIX2;DET1,0.914750045141572,,0.732153261099504,TRUE,""
IMmotion150,2417,PARD6B;HRC;GAMT;LHX4;CAMK4,0.897272689523522,,0.555996481618691,TRUE,""
IMmotion150,2418,TBX3;ACTG1P14;DUSP7;SLC6A19;PCDHGB8P,0.6107868961946,,0.0280640535196459,TRUE,""
IMmotion150,2419,POU5F1;TLCD4;CASZ1;AC243562.2;H2AC16,0.793897386533833,,0.244319464439612,TRUE,""
IMmotion150,2420,RETREG1;ZNF665;ATF5;RPS26P3;COL9A2,0.696461506245915,,0.0770489422932492,TRUE,""
IMmotion150,2421,HOOK1;RBM20;RPS2P46;SRI-AS1;TLK2P2,0.985223172851298,,0.933986647326999,TRUE,""
IMmotion150,2422,TMEM37;MAGEE1;CIART;SCGB3A1;CEBPD,1.08762524580949,,0.639018160032665,FALSE,""
IMmotion150,2423,SGPP2;CLEC12A;ZWINT;YWHAEP7;PRRG4,0.974790289245881,,0.904336281467476,TRUE,""
IMmotion150,2424,KITLG;P2RY10;TMEM26;IGKV5-2;CKS2,0.872136761742673,,0.47553843012523,TRUE,""
IMmotion150,2425,PHGDH;EXPH5;CEP295NL;SEPTIN14P12;PCDHGB3,0.953659999816348,,0.805260876748379,TRUE,""
IMmotion150,2426,NCKAP5;ZNF471;KCTD15;AL049844.3;CHST2,0.987201114358853,,0.950498236133649,TRUE,""
IMmotion150,2427,NOX4;CTAGE3P;NEURL1B;ORM2;IGF1,1.11798592314095,,0.587183587537581,FALSE,""
IMmotion150,2428,PDGFD;PPT2-EGFL8;CEL;NANOS3;BRSK1,0.741712188074275,,0.125479033981,TRUE,""
IMmotion150,2429,ALDOC;MDP1;ACTBP4;AL513478.4;TMC7,0.932654390382841,,0.661151590571205,TRUE,""
IMmotion150,2430,NCF1C;NEIL3;GRHL1;AC008763.2;THSD1,0.773411558232914,,0.17063144930686,TRUE,""
IMmotion150,2431,PDGFD;MFSD2A;SLC35G2;TRGV5P;CATSPERE,0.978347680459542,,0.906282113700814,TRUE,""
IMmotion150,2432,HOXA10;EGR3;ARHGEF37;NAT8L;E2F8,1.00421906939172,,0.983318672729635,FALSE,""
IMmotion150,2433,KIF4A;TM4SF18;FAXDC2;TMEFF1;FCMR,1.12486969826468,,0.587200962170102,FALSE,""
IMmotion150,2434,DLL1;USP2;ATL1;MUC5AC;RFLNB,1.13202159368309,,0.552953865057396,FALSE,""
IMmotion150,2435,RNASE1;PADI2;EYA2;AC022494.1;PYHIN1,0.71383402550772,,0.0790117745451018,TRUE,""
IMmotion150,2436,NCF1C;SLAMF7;SPATA6L;AC135068.1;ADAM32,0.692159078834325,,0.0591211614126359,TRUE,""
IMmotion150,2437,NOSTRIN;AL021368.4;ARVCF;AC117457.1;CCR1,0.879853888518569,,0.482906289834906,TRUE,""
IMmotion150,2438,PLAUR;SPDYE18;IL15RA;LHX8;EVA1C,0.727283154877018,,0.10621256019787,TRUE,""
IMmotion150,2439,SDK1;SNORA62;ZNF610;FAM133A;SEC63P1,0.7828013756694,,0.218321178343046,TRUE,""
IMmotion150,2440,TRIM9;AL627309.6;OPLAH;TM4SF19;SCUBE2,0.924969835039956,,0.702231310782679,TRUE,""
IMmotion150,2441,CDH23;LIPG;RDH5;INSRR;HEY1,1.10900965608849,,0.603063528800302,FALSE,""
IMmotion150,2442,SNORD116-23;F3;HLX;FAM163A;AMIGO2,1.01862851026853,,0.917120410558876,FALSE,""
IMmotion150,2443,MYRF;RPL9P7;THRB;AC007342.3;ST6GALNAC6,0.867518838362629,,0.449566498240434,TRUE,""
IMmotion150,2444,CAVIN2;OSGIN1;SNORD16;BCAR3-AS1;CD101,1.38704560407077,,0.10602887976824,FALSE,""
IMmotion150,2445,PCDHGB5;CDA;MYCT1;AC093512.2;SPN,0.959121671625824,,0.824656917257783,TRUE,""
IMmotion150,2446,EHHADH;F2RL1;SCIMP;CUX2;ACTBP4,1.01704488861762,,0.935193198191882,FALSE,""
IMmotion150,2447,RNASE1;GIPC3;FHDC1;MUC22;KLRD1,0.801443150136146,,0.235083102079329,TRUE,""
IMmotion150,2448,RRAGD;ANO9;RGL3;FCN2;RPS2P46,0.728235770023826,,0.0937281490597416,TRUE,""
IMmotion150,2449,PARM1;ESCO2;TRIM6;AC239859.5;POLQ,0.866998226334087,,0.451831968500806,TRUE,""
IMmotion150,2450,AKAP6;SNCAIP;IL2RB;AC012441.2;EDA,0.879053379350271,,0.503549811268506,TRUE,""
IMmotion150,2451,TSC22D3;XKR9;CKS2;CXorf65;PPP1R16B,0.807036194792066,,0.266208257600513,TRUE,""
IMmotion150,2452,TRO;FLRT2;TMEM97;AL513478.4;ASRGL1,1.00700718067374,,0.968623858533071,FALSE,""
IMmotion150,2453,CTAGE6;AL021368.4;MAP3K7CL;HMGA2-AS1;TIGD2,0.704467041670585,,0.0312138767931441,TRUE,""
IMmotion150,2454,HYDIN;ETNK2;ARRDC5;MT1H;AC138696.1,0.651150790481865,,0.0332484442877114,TRUE,""
IMmotion150,2455,SGPP2;AC009078.3;HOXC6;C6orf58;CYP2S1,0.720661606879726,,0.0914235295917813,TRUE,""
IMmotion150,2456,H2BC17;GATA2;MARK1;PPP1R1C;EVI2A,0.771661818457969,,0.187833733341443,TRUE,""
IMmotion150,2457,FAM149A;IGLV5-52;SMAD6;GPR78;NUPR1,1.13372503223037,,0.562427231334834,FALSE,""
IMmotion150,2458,CD3E;PDE6B;SHE;AL590132.1;STRC,0.768124794758883,,0.141964358632938,TRUE,""
IMmotion150,2459,PTGS1;LYSMD1;GPAT3;ZFP41;SNORA59A,1.02005303101752,,0.914607396200125,FALSE,""
IMmotion150,2460,TMEM37;CCNB2;ADAMTSL1;AL355312.5;METRNL,1.31101020557433,,0.188811214391734,FALSE,""
IMmotion150,2461,MEST;AC068831.6;ZNF366;AC069257.3;KCNJ5,0.88255964392993,,0.464983633802587,TRUE,""
IMmotion150,2462,EHHADH;AIM2;OSBP2;SEC22B3P;PDCD1LG2,0.751031667500154,,0.164954271991943,TRUE,""
IMmotion150,2463,IL7R;GALNT15;BAMBI;PPP1R42;SFXN2,0.739695540379344,,0.126356045533332,TRUE,""
IMmotion150,2464,MEST;GOLGA8IP;IQCN;AC004687.2;GRHL1,1.16914302344825,,0.404127381026034,FALSE,""
IMmotion150,2465,SEZ6L2;DPY19L2P2;APOBEC3B;BEND4;AC015818.10,0.9421674105573,,0.755551729446493,TRUE,""
IMmotion150,2466,TRO;SPTB;CD28;AC119751.3;SEMA4G,0.920212194375234,,0.666028944154997,TRUE,""
IMmotion150,2467,RASL11A;NOVA1;TBXA2R;EXTL1;SCARF2,1.23393543857196,,0.291289723087056,FALSE,""
IMmotion150,2468,MAP3K21;YBX1P10;PPP1R16B;PPIAP51;ST6GALNAC6,0.772450659547973,,0.209364660851687,TRUE,""
IMmotion150,2469,TMEM200A;IL17RD;PCDH18;LHX8;PCDHGA4,1.07651035658958,,0.700971330123818,FALSE,""
IMmotion150,2470,NOX4;MST1P2;GSKIP;AC009977.1;TIGD2,0.895055354426916,,0.645169423124623,TRUE,""
IMmotion150,2471,FBN2;KLHL4;CASZ1;IFIT1B;GATD3A,0.998840591015214,,0.995472941411882,TRUE,""
IMmotion150,2472,FAM83H;TK1;HJURP;NWD2;GRHL1,1.07295772143791,,0.725139082242451,FALSE,""
IMmotion150,2473,HYDIN2;TOX;CDH24;AC020765.6;SDC1,0.867542610255477,,0.453919333337166,TRUE,""
IMmotion150,2474,MST1;PDCL3P4;PIK3R6;AL031666.2;RANBP17,0.795313254040587,,0.25044264449507,TRUE,""
IMmotion150,2475,MYRF;FAM157C;SEMA4G;LINC01426;DUSP7,0.719143483129835,,0.147992841954699,TRUE,""
IMmotion150,2476,COL5A3;MYOM2;LILRA2;SV2C;TESC,0.899128378044141,,0.57650271718436,TRUE,""
IMmotion150,2477,EMCN;VANGL2;FZD8;RPL32P20;SNORA72,1.37886233663948,,0.123423165974014,FALSE,""
IMmotion150,2478,SGIP1;CXADR;ZNF483;GGTLC1;ZNF454,0.771371707125946,,0.205612054003139,TRUE,""
IMmotion150,2479,MT-ND2;WSCD1;THEMIS;RPL23AP87;TMEM156,0.520447498610144,,0.000780551401675138,TRUE,""
IMmotion150,2480,ADAMTSL3;KCP;AC093752.2;B3GALT1;IER2,1.55973541200945,,0.0304880813890972,FALSE,""
IMmotion150,2481,LIF;PEG10;ASRGL1;SNX32;KATNAL2,1.13272835532725,,0.52916397387195,FALSE,""
IMmotion150,2482,CSRP2;INHBB;BPTFP1;AC131392.1;HLA-DOA,0.96474584179248,,0.84807975373386,TRUE,""
IMmotion150,2483,TNFRSF11B;GALNT15;TIGD2;PDE6B-AS1;SEC63P1,0.587455922440444,,0.018833345735566,TRUE,""
IMmotion150,2484,GOLGA8M;ZP3;ZNF502;DQX1;TBXA2R,0.813838937945461,,0.307789735925764,TRUE,""
IMmotion150,2485,CCL4;ICOS;AD000090.1;SERPIND1;TSPAN5,0.72894447462242,,0.122705030072215,TRUE,""
IMmotion150,2486,JAM3;ALDH4A1;RHOD;GGTLC2;NEFH,1.44444177381699,,0.0683848645344936,FALSE,""
IMmotion150,2487,FAM27E3;TNFRSF19;MAPK12;AC010834.1;SOX5,0.873165932758417,,0.488942643791135,TRUE,""
IMmotion150,2488,THSD7A;LRRC37A17P;KLRB1;ENHO;RPSAP15,0.905986033333751,,0.621666175098421,TRUE,""
IMmotion150,2489,ANOS1;C6orf132;FZD7;AL353743.4;BMP2,0.973603223408728,,0.894602979177634,TRUE,""
IMmotion150,2490,AOC3;CLEC3B;SMAGP;SLC36A2;HHEX,1.04715779435082,,0.817267747753305,FALSE,""
IMmotion150,2491,FBN2;PLAC8;CFAP53;TPSD1;HOXA4,1.14587915148517,,0.49692273955219,FALSE,""
IMmotion150,2492,LAMB3;Z83840.1;H3C13;RPL32P20;PIH1D2,1.06749751518254,,0.746417567938921,FALSE,""
IMmotion150,2493,FILIP1;TRIM45;NLRC3;TBX20;OSBP2,0.829372927424332,,0.318587873561069,TRUE,""
IMmotion150,2494,SNORD116-20;QPCT;IGF1;VTCN1;MCOLN2,1.01195353574931,,0.951297174370484,FALSE,""
IMmotion150,2495,PC;HTRA3;NCAPG;SYT15;SEC14L2,1.03060833265765,,0.877466261290871,FALSE,""
IMmotion150,2496,ADAMTSL3;PITPNM3;PCDHGB8P;GRM7;PCDHB18P,1.04150374054953,,0.825082680690705,FALSE,""
IMmotion150,2497,GULP1;SLC14A1;RGS18;RPSAP74;CD200R1,0.733263322135898,,0.0995067077797939,TRUE,""
IMmotion150,2498,MST1;CLEC12A;RSAD2;RNU12;SFXN2,0.808072823432131,,0.291604238731219,TRUE,""
IMmotion150,2499,AMACR;KLRC4-KLRK1;ZSCAN18;SCRG1;STON1,0.771697672959135,,0.178474388169832,TRUE,""
IMmotion150,2500,NFASC;SLC29A4;CSRNP3;AL033384.1;RTP4,0.88790336351867,,0.555287953329074,TRUE,""
IMmotion150,2501,CTAGE6;METTL7B;CFAP53;OR7E47P;FBXO16,1.16646885320071,,0.426185789759505,FALSE,""
IMmotion150,2502,FCGR1B;WSCD1;SNORA6;SPDYE10P;CLEC4A,0.767666719089512,,0.195834491136963,TRUE,""
IMmotion150,2503,ARFGEF3;CKB;MCOLN2;OR7A5;FAAH2,0.851234462240487,,0.441879911609559,TRUE,""
IMmotion150,2504,ANOS1;TPTEP2;LRRC75B;ANXA8L1;CD83,0.765437898156005,,0.142444613974473,TRUE,""
IMmotion150,2505,RGPD3;GPLD1;SNORA55;C2CD4C;HSD17B14,1.13105580353494,,0.500152584035636,FALSE,""
IMmotion150,2506,FPR1;METTL7B;CD83;ABCG8;CETP,0.912559728838046,,0.656497905483951,TRUE,""
IMmotion150,2507,SLCO2A1;GRM8;MACROD2;DDX11L9;ZNF660,0.977358212022322,,0.895556726540629,TRUE,""
IMmotion150,2508,ZNF90;F3;ZNF433;GOLGA6C;MAP3K9,0.988902735637707,,0.951764022023622,TRUE,""
IMmotion150,2509,COL5A3;XRCC3;CD72;OR2L5;EVI2A,0.745595523376183,,0.134654067842643,TRUE,""
IMmotion150,2510,TRBC2;NUF2;RPS2P46;RPL7P19;IQCC,0.9364507404974,,0.767579361205506,TRUE,""
IMmotion150,2511,PCDHB8;SLC7A9;CMTM8;AC112187.1;ADAM32,1.07790497619778,,0.70508875144735,FALSE,""
IMmotion150,2512,PTPN3;TM4SF18;FZD7;LINC01235;ZFP2,0.885662782494426,,0.523601119970953,TRUE,""
IMmotion150,2513,LEF1;IQCA1;HOXA4;GGTLC3;AL590399.1,1.0653294932219,,0.754967017093848,FALSE,""
IMmotion150,2514,ZFPM2;MARVELD2;AS3MT;RPL34P20;HSPA6,1.39213314302302,,0.090352683922846,FALSE,""
IMmotion150,2515,PLVAP;ARHGEF16;GZMA;KCNB2;TBXA2R,0.810782581379011,,0.282879081912167,TRUE,""
IMmotion150,2516,STEAP4;INHBB;SCUBE2;HNRNPA1P67;MEFV,1.08033235183435,,0.692328789824159,FALSE,""
IMmotion150,2517,MT-CO3;GREB1;HCST;FCN2;MTFP1,0.682827056854815,,0.0627485754173686,TRUE,""
IMmotion150,2518,GPC4;SLAIN1;FZD7;NT5C1A;SECTM1,0.611700841893165,,0.0138054697174081,TRUE,""
IMmotion150,2519,EHHADH;ZFHX2;HOXA2;P2RX3;SHCBP1,0.985502493816003,,0.945470781223,TRUE,""
IMmotion150,2520,TSPAN13;MYBL2;SPATA6L;AL355312.5;PRKCQ,0.996980585666144,,0.987397120240345,TRUE,""
IMmotion150,2521,ABCA6;ZIK1;PDE7B;HMGN1P4;ENO3,0.747692878068088,,0.161077055856755,TRUE,""
IMmotion150,2522,PTPN3;MYOM2;TROAP;OR13C3;KIF14,0.85744247059385,,0.462050557276172,TRUE,""
IMmotion150,2523,EPHA3;ADGRB1;ID1;NEDD8-MDP1;TEKT4P2,1.11255605786617,,0.592255807675407,FALSE,""
IMmotion150,2524,MAP3K21;QPCT;ZSCAN18;H2BU2P;MACROD2,1.04710409555462,,0.811930220162249,FALSE,""
IMmotion150,2525,HOXA10;KCP;WDR17;SEC22B3P;EPHB3,1.44523499995815,,0.0646525512362268,FALSE,""
IMmotion150,2526,DLL4;AC022415.2;FBXO16;RNASEH1P2;SCUBE2,0.611648103284606,,0.0164360345741255,TRUE,""
IMmotion150,2527,BUB1;AC002470.2;STX11;GAL;TRPC4,0.623217579528776,,0.0381648042375682,TRUE,""
IMmotion150,2528,FHL2;LAMP3;ZNF816-ZNF321P;GSG1;MDGA1,0.901904609746103,,0.591914864125893,TRUE,""
IMmotion150,2529,DSEL;TSSC2;NBL1;HNRNPCP8;CYYR1,0.969580639889646,,0.865684626477829,TRUE,""
IMmotion150,2530,FLG-AS1;PSMG4;KATNAL2;SFTPD;NAP1L4P1,0.600703253677705,,0.0283593909276357,TRUE,""
IMmotion150,2531,ADM;PSMG4;ACTBP4;IGSF5;STX11,0.811057071121604,,0.244646716118486,TRUE,""
IMmotion150,2532,SGIP1;DNAJC22;LSR;EMX2OS;TMEM156,0.930294629597761,,0.694400211524139,TRUE,""
IMmotion150,2533,GABRE;AKR1C2;NRXN3;ACOT12;SNHG17,1.09153182927762,,0.662020102918454,FALSE,""
IMmotion150,2534,ABCA9;HYLS1;CD226;DDTL;SLC43A1,0.884765808957694,,0.57125760200188,TRUE,""
IMmotion150,2535,H2BC17;MT1L;C1QTNF3;FIRRE;AC136632.1,1.41711447336027,,0.0944767783986982,FALSE,""
IMmotion150,2536,MOCOS;PNPLA3;HID1;CU639417.1;SCUBE2,1.46257485778514,,0.0529356042370555,FALSE,""
IMmotion150,2537,TSKU;SUMO1P3;SLC9A7P1;GRHL2;RHPN1,1.08519793622648,,0.670622717292809,FALSE,""
IMmotion150,2538,HILPDA;SLAMF7;SLC16A5;KRT36;SNORA18,1.14817220045323,,0.461060943649772,FALSE,""
IMmotion150,2539,FLG-AS1;EPHB1;NUPR1;UNC5D;SCD5,0.999701473556541,,0.998858891612726,TRUE,""
IMmotion150,2540,ETV1;UGT8;SYNGR1;SNORD55;PCDHGA5,0.927958082065344,,0.697900831548034,TRUE,""
IMmotion150,2541,EHHADH;TBKBP1;CETP;G6PC2;BMERB1,1.10471875945181,,0.58240046000436,FALSE,""
IMmotion150,2542,GGT5;KRTCAP3;CMPK2;SOX2;FCN1,0.865292481845516,,0.478255508375352,TRUE,""
IMmotion150,2543,GPC4;PROM2;PCED1B;SNORD12B;MEGF6,0.621326754794101,,0.0195272722187114,TRUE,""
IMmotion150,2544,ABCB4;GZMB;HOXD8;ATP2B3;TMEM25,0.789892351635137,,0.226500799384758,TRUE,""
IMmotion150,2545,PCDHB11;ISCA1P1;TMEM220;AL627422.1;ENO3,0.78917382398039,,0.218811765303887,TRUE,""
IMmotion150,2546,SLC11A1;HMGB3;LILRA1;GOLGA6L22;MFAP3L,0.814338301128447,,0.362024659197078,TRUE,""
IMmotion150,2547,AMACR;MMP24;HAPLN3;CD1A;FCMR,0.679637514486152,,0.0535675638456096,TRUE,""
IMmotion150,2548,CD3D;NRN1;SNCA;VSNL1;NOVA2,0.842421084341511,,0.386168281025518,TRUE,""
IMmotion150,2549,SPNS2;AC009078.3;SLC4A11;SCG3;TBX2,0.801322009234808,,0.215809610259219,TRUE,""
IMmotion150,2550,PCSK5;GRM8;CD83;AC004947.2;TSPYL5,0.892210322512554,,0.534778294955731,TRUE,""
IMmotion150,2551,NQO1;AC006254.1;MARCKSL1;CSF2;ATP8B3,1.20303382415741,,0.350608686833355,FALSE,""
IMmotion150,2552,DLL1;PCDH7;GSKIP;KRT25;SPTBN5,1.23930635863311,,0.289112516909529,FALSE,""
IMmotion150,2553,LMOD1;CDHR3;PDE1C;FSD2;GPT2,1.41056272037179,,0.0873895605565667,FALSE,""
IMmotion150,2554,FAT3;ADGRB2;PGM5;ALX1;PCDHGC5,0.994016873324678,,0.975026503990066,TRUE,""
IMmotion150,2555,BCAT1;GRM8;CD72;SMIM10L2B-AS1;IGSF9B,0.966428828448777,,0.845913957032407,TRUE,""
IMmotion150,2556,IMPA2;RERG;TTK;AC008763.3;NAALADL2,1.35769540055927,,0.158005385381627,FALSE,""
IMmotion150,2557,GPR183;AC009093.9;TSPAN5;SLC6A14;TRIB3,1.16377914706083,,0.444945167292006,FALSE,""
IMmotion150,2558,TPX2;UNC5CL;METRNL;AL049650.1;AK1,0.937538643996844,,0.728651806749335,TRUE,""
IMmotion150,2559,PLAUR;KIF17;ACAP1;HNRNPA1P70;ABTB2,0.612686098463664,,0.0231628514843347,TRUE,""
IMmotion150,2560,JAM3;ANK1;WDR17;SNORD12B;MROH7,1.11244459315677,,0.570060018083316,FALSE,""
IMmotion150,2561,PLEKHA7;COL24A1;H3C13;AC009879.3;HAPLN3,0.659299175590082,,0.0295480105907673,TRUE,""
IMmotion150,2562,DENND2A;PRCD;KIAA1614;SNORD27;RHOF,0.953127239292885,,0.818640305533478,TRUE,""
IMmotion150,2563,TRPC6;WDR53;EMILIN1;AC091167.7;SUGCT,0.820364400264385,,0.258946387920323,TRUE,""
IMmotion150,2564,TSC22D3;PET117;SHE;AP005018.2;GATD3A,0.87275461185557,,0.444934578005788,TRUE,""
IMmotion150,2565,BOC;CDC42BPG;SEC63P1;FOXA3;HLA-DOB,0.702340945051306,,0.0678447000024857,TRUE,""
IMmotion150,2566,CCDC146;KCNE4;CDK1;AF001548.2;CSTA,1.04226915681235,,0.838949507039968,FALSE,""
IMmotion150,2567,AKR1C1;TLCD4;TM7SF2;LHX2;ANO2,1.15612458087053,,0.479516019345479,FALSE,""
IMmotion150,2568,HGF;ADGRD1;HID1;BCL2L10;FOXM1,1.01759491005979,,0.928549810059635,FALSE,""
IMmotion150,2569,TSC22D3;HMGB3;SLAMF6;AL121845.3;RPL32P3,0.618075227746148,,0.043389444804343,TRUE,""
IMmotion150,2570,FBLN2;GOLGA8H;HLA-DOA;GRIA2;RHPN1,0.839786166842039,,0.365064021067908,TRUE,""
IMmotion150,2571,ITK;GPR171;SYT17;TM4SF19;RNU4ATAC,0.75785679148317,,0.161417106721185,TRUE,""
IMmotion150,2572,ADM;PIP5K1B;ABTB2;AC008073.3;DUSP5,0.979157702345567,,0.915155708061331,TRUE,""
IMmotion150,2573,SNORD116-20;AL512356.1;ANKRD23;AKR1B15;PRKAR2B,0.766210116514006,,0.210702209094081,TRUE,""
IMmotion150,2574,ZNF521;GRB14;SNORA72;TCEAL2;MAN1C1,1.04846476997622,,0.813237817660982,FALSE,""
IMmotion150,2575,ALDOC;CLEC12A;GSKIP;ANGPTL5;TEKT4P2,0.974354753129922,,0.893343774190589,TRUE,""
IMmotion150,2576,PDGFD;SHB;FAM184A;TMEM125;MROH7,0.67343633480256,,0.0376051908098767,TRUE,""
IMmotion150,2577,CARD11;SIRPG;AXIN2;TTC4P1;HSD17B14,0.691446839604229,,0.0678019585236401,TRUE,""
IMmotion150,2578,PDGFD;FLRT2;VNN2;RNU1-2;SSPOP,0.782462131169056,,0.189043325935317,TRUE,""
IMmotion150,2579,HYDIN2;IGLV5-52;RFTN2;GOLGA6L6;RPS2P46,1.0419204769869,,0.850291179850947,FALSE,""
IMmotion150,2580,ANG;TK1;BCL2;PCDHA1;SLC22A15,0.788491274038376,,0.202736652478021,TRUE,""
IMmotion150,2581,GPC4;CAPN12;ORC6;AC083809.1;CACNB2,0.804112567845541,,0.300444972110118,TRUE,""
IMmotion150,2582,MYOM1;C11orf98;LETM2;SHISAL1;TMEM26,1.19834322546913,,0.481780177416641,FALSE,""
IMmotion150,2583,PKD1P5;KIF5C;CMKLR1;FAM83F;H3C3,0.883288784387509,,0.535659887707359,TRUE,""
IMmotion150,2584,C5;GJA5;DGCR6;AP000346.1;CSPG4P12,1.13838231745002,,0.485850380845756,FALSE,""
IMmotion150,2585,MAP2;IRF4;PRELID2;BTBD6P1;SPSB1,0.884064932222941,,0.525186621726798,TRUE,""
IMmotion150,2586,ALPK3;ZNF286B;MTARC1;OR2I1P;THEMIS,0.7251075253818,,0.0959592870226598,TRUE,""
IMmotion150,2587,SMIM3;MT1L;TUB;HNRNPCL1;AC068580.4,1.2883885546714,,0.158886636612232,FALSE,""
IMmotion150,2588,THSD7A;FDXACB1;ABTB2;SH2D6;LY86,0.926600680317747,,0.716151842960772,TRUE,""
IMmotion150,2589,SNORD116-23;PPFIA2;BMERB1;OR52N1;NAP1L4P1,0.881918472688627,,0.471869214104949,TRUE,""
IMmotion150,2590,HYDIN2;UGT8;ADAMTS3;SNORD116-27;NANOGP8,0.814050344818344,,0.339053826852932,TRUE,""
IMmotion150,2591,PHGDH;ASS1P1;ZDHHC23;ASTN1;ORC6,1.20567824738793,,0.401592892315074,FALSE,""
IMmotion150,2592,SNORD116-1;GPLD1;MCOLN2;SDHDP6;TXK,0.733606172508073,,0.132647276443365,TRUE,""
IMmotion150,2593,MDK;UGT8;Telomerase-vert;NUTM2G;PCDHGA5,0.806722257036709,,0.298016232932662,TRUE,""
IMmotion150,2594,ZNF90;SLC9A3;AGBL2;HJV;PSTPIP1,0.688115910870203,,0.0435462983710633,TRUE,""
IMmotion150,2595,PCDHB12;SLC14A1;ZNF483;ENPP7;EIF5A2,1.02289796862864,,0.901637966534561,FALSE,""
IMmotion150,2596,KCNN3;YBX1P10;ATL1;AC074386.1;TMC7,0.883836555856838,,0.446590326927239,TRUE,""
IMmotion150,2597,MT-CO3;GPLD1;FHDC1;AGR2;APOBEC3B,1.08859540498123,,0.666857127233899,FALSE,""
IMmotion150,2598,PDLIM3;F3;COL11A2;IL27;NCAPG,0.934728602293699,,0.728518093244,TRUE,""
IMmotion150,2599,OLFML3;SIRPG;HOXD8;OIT3;ACTBP4,0.929847628034249,,0.69070609735483,TRUE,""
IMmotion150,2600,FILIP1;ENPP5;RDH5;ART3;KIAA1614,1.02382336735653,,0.903919004093497,FALSE,""
IMmotion150,2601,KIF4A;FNDC4;PTCH2;AL392172.1;ANGPT1,0.959124922577731,,0.8290537607892,TRUE,""
IMmotion150,2602,FILIP1;IGLV5-52;SIGLEC7;DGKK;ORC6,1.0094114894913,,0.961687338914686,FALSE,""
IMmotion150,2603,IL2RG;DEPDC7;C1QTNF3;VWA5B1;MTARC1,0.992091667203046,,0.968274246724559,TRUE,""
IMmotion150,2604,RHOB;ECHDC3;CNRIP1;AC126544.2;ARMH4,1.4003505426948,,0.0669830253784033,FALSE,""
IMmotion150,2605,MYRF;GPR39;SPOCK2;LINC01605;GGH,1.10321530548709,,0.621483305634205,FALSE,""
IMmotion150,2606,C5;CLDN7;LILRA1;TUBB8;Z74021.1,0.73927473758569,,0.171497485798962,TRUE,""
IMmotion150,2607,TSKU;PCDHB19P;MMP19;AC144548.1;TCF7,1.12096833424547,,0.544724307890657,FALSE,""
IMmotion150,2608,AOC3;LIPG;NR5A2;AC018804.1;ZNF502,1.0535247754489,,0.79465920539961,FALSE,""
IMmotion150,2609,FAM149A;FDXACB1;ZNF596;UMODL1;THEMIS,0.613676819244988,,0.0312274049307064,TRUE,""
IMmotion150,2610,CCDC141;ESRP2;PDE1C;GATA5;TBX2,1.13790708323302,,0.538995511340316,FALSE,""
IMmotion150,2611,TRO;ALDH4A1;SNORD67;LINC00552;KYAT1,1.10711479875701,,0.594873838441066,FALSE,""
IMmotion150,2612,EPHA3;ZSWIM5;NANOGP8;C5orf60;NLRC4,0.87971439345509,,0.50326896688725,TRUE,""
IMmotion150,2613,EGR2;TPTEP2;P3H3;SLC23A4P;ZNF793,0.78659299383047,,0.246102758344012,TRUE,""
IMmotion150,2614,AKAP6;AL022238.3;LRP8;TRBV5-5;HOXA2,0.799169404817844,,0.239825384483872,TRUE,""
IMmotion150,2615,EDIL3;GRB7;ABTB2;CCR9;CCR2,0.884413410995181,,0.549534125670713,TRUE,""
IMmotion150,2616,SEZ6L2;CD69;RNF125;MIR9-1HG;SCUBE2,0.836446132382129,,0.352285574256365,TRUE,""
IMmotion150,2617,TRBC2;CCN4;ESR1;KIAA2012;PCDHGB3,0.762962917700658,,0.170996552199636,TRUE,""
IMmotion150,2618,LIF;AP000654.1;TRIB3;GOLGA6L22;ZNF214,1.4345671918968,,0.0516321591870048,FALSE,""
IMmotion150,2619,ZNF704;PDZRN3;TNFRSF11A;TRBV11-2;AMIGO2,0.744032814792201,,0.12056841780345,TRUE,""
IMmotion150,2620,CCL5;OLFM2;CHST2;AC005821.1;RAMP2,0.856460831178623,,0.471908000410624,TRUE,""
IMmotion150,2621,TLL1;SORCS2;IL4I1;AL049844.3;RGS18,0.966538904200263,,0.857337883874062,TRUE,""
IMmotion150,2622,PTPN3;C4orf47;BANK1;DNAI2;EPHB2,0.723384203417056,,0.140013215334062,TRUE,""
IMmotion150,2623,CEACAM1;IL17RD;HIC1;TUBAP8;ZNF491,0.916709983735688,,0.64964192591294,TRUE,""
IMmotion150,2624,PLVAP;CCSAP;PCDHGA8;HNRNPA1P70;IL15RA,0.599999044886578,,0.00626856931649931,TRUE,""
IMmotion150,2625,MXRA7;APOL4;GPT2;AC125611.3;ST6GALNAC6,1.37900709407588,,0.125058722962099,FALSE,""
IMmotion150,2626,PCDHGB2;SLC5A4;EBF4;PEBP4;ACAP1,0.725995385146748,,0.104152987343827,TRUE,""
IMmotion150,2627,PCOLCE;RPL12P4;SYNGR1;IGHV3OR16-8;ACOX2,1.0408970828473,,0.832899272081156,FALSE,""
IMmotion150,2628,FAP;CEP55;SCARF2;ALLC;LPAL2,1.16911370476163,,0.449939150643769,FALSE,""
IMmotion150,2629,SNORA31;HOXA5;RAMP2;AC007383.2;MEFV,0.880794544827998,,0.4680278125658,TRUE,""
IMmotion150,2630,SPATA18;SLC5A4;STEAP2;MGAT4EP;ALS2CL,0.982687798107857,,0.933192879164613,TRUE,""
IMmotion150,2631,EGR2;EVPL;TRPC4;OR9Q2;NXN,0.881585425941767,,0.548306741148273,TRUE,""
IMmotion150,2632,FAM149A;GCOM1;ARRDC5;CD1A;P2RY6,0.786573964992741,,0.200657305483339,TRUE,""
IMmotion150,2633,PCDHGB4;CFAP91;LRRC37A6P;HNRNPA1P37;ARMH4,0.855770047383194,,0.431782802836517,TRUE,""
IMmotion150,2634,TRPC6;PLCH2;ARNTL2;SNORA74C-2;SAMD3,0.671452357353893,,0.0355216303510709,TRUE,""
IMmotion150,2635,OLFML3;AC026150.3;STARD5;MCFD2P1;METRNL,0.84840690098712,,0.417323350545472,TRUE,""
IMmotion150,2636,RRAGD;RNF152;AC068580.4;AL390719.1;FRMD3,1.07422634076627,,0.731876005442627,FALSE,""
IMmotion150,2637,CTAGE6;ZNF727;CD33;TMEM179;CAMK2N1,0.894292136095158,,0.556244805452167,TRUE,""
IMmotion150,2638,GPR183;NOVA1;TSPAN5;SFTPC;SPOCK2,0.851454353431377,,0.427652828285979,TRUE,""
IMmotion150,2639,VEPH1;NRG3;SLC6A1;OR2T8;MREG,1.03467792447297,,0.86775754941439,FALSE,""
IMmotion150,2640,EPHX2;SLAIN1;ARHGEF37;PP7080;SEMA4G,1.13204190541689,,0.532893865274266,FALSE,""
IMmotion150,2641,MT-ATP6;FAM133DP;GRIP1;MANSC4;TNFRSF11A,0.692713317920581,,0.0633661854871482,TRUE,""
IMmotion150,2642,C11orf96;LIPG;H4C9;RPL7AP34;SNORD67,0.995341515557415,,0.982229495258835,TRUE,""
IMmotion150,2643,ITK;RERG;AD000090.1;AC133555.2;FHAD1,0.743816702408554,,0.113060996444405,TRUE,""
IMmotion150,2644,VEPH1;CDCA7;OASL;IL1RAPL2;EVI2A,0.572706296346321,,0.00599335757577588,TRUE,""
IMmotion150,2645,MYRF;AC010655.3;RAB37;IGKV1-37;MSC,1.08598850744361,,0.684823251554359,FALSE,""
IMmotion150,2646,BICDL1;AL021368.4;FAM86DP;SH2D5;SLFN12L,0.609613554218526,,0.0180277822049014,TRUE,""
IMmotion150,2647,RNASE1;OSBPL6;FAM111B;CAMK2N2;PANK1,1.27310959953534,,0.250879554735746,FALSE,""
IMmotion150,2648,CCDC146;CHDH;TAS2R5;AC021146.1;MBNL3,0.935405152034627,,0.739071563508023,TRUE,""
IMmotion150,2649,ABCA6;RPL7L1P9;HCST;AC242426.2;TRIM73,0.924115891754806,,0.673714844498323,TRUE,""
IMmotion150,2650,NOSTRIN;MFAP2;LOXL4;NBPF6;SFXN2,0.990263207809261,,0.958728809463568,TRUE,""
IMmotion150,2651,ARFGEF3;ETNK2;TRGC2;LINC01605;AC004832.3,0.820393131297307,,0.333700094253933,TRUE,""
IMmotion150,2652,CCDC141;AC215522.2;FGD1;TARID;DECR2,0.679014466203277,,0.0538266389472996,TRUE,""
IMmotion150,2653,PCDHB12;PPCDC;PEG3;GOLGA6C;BMP4,0.83788915740001,,0.349883784747003,TRUE,""
IMmotion150,2654,ZNF90;MMP16;RPPH1;AC127502.3;PTPN7,0.96039458802143,,0.825380611834638,TRUE,""
IMmotion150,2655,AKR1C1;INHBB;CATSPERE;OACYLP;TPPP3,1.12047305408537,,0.545930235729381,FALSE,""
IMmotion150,2656,ABCA6;PADI2;KIFC1;AC244517.11;STAC3,0.843036962088864,,0.354644421747953,TRUE,""
IMmotion150,2657,TRIM9;AC004691.2;SNORA60;GATA1;KCTD15,1.32990235820363,,0.123802298923357,FALSE,""
IMmotion150,2658,CCL4;SNORD104;FHDC1;AC100827.2;SSPOP,0.885895992049633,,0.562271683553465,TRUE,""
IMmotion150,2659,EPHA3;ANO9;MSC;ANKRD30A;IGF1,1.19958283121171,,0.358698056479166,FALSE,""
IMmotion150,2660,CD248;XRCC3;RCAN3;TBC1D3P2;METRNL,0.755785187043324,,0.190612368060088,TRUE,""
IMmotion150,2661,GPR183;ABHD14A-ACY1;PTGDR;PAX5;PRKAR2B,0.762755940842934,,0.160000833070692,TRUE,""
IMmotion150,2662,C11orf96;SLAMF1;CD302;AP000346.1;RTP4,0.932097455769364,,0.72845575353852,TRUE,""
IMmotion150,2663,C5;PLAC8;UBBP4;RSPO4;FMOD,0.896519322284053,,0.592917286318618,TRUE,""
IMmotion150,2664,ZNF521;SIRPG;TSGA10;FAM205BP;EDA,0.920308212133489,,0.664288875056659,TRUE,""
IMmotion150,2665,FBP1;LLPH;SLC2A3P2;AC106017.2;HAPLN3,0.446636570969668,,5.05297031919281e-05,TRUE,""
IMmotion150,2666,KIT;CFAP221;AC004832.3;HNRNPA1P14;AC112777.1,0.918669449939198,,0.682436929493374,TRUE,""
IMmotion150,2667,CSRP2;CCDC148;SH3TC2;TRIM63;IGFBP6,1.04002930784053,,0.848691964699328,FALSE,""
IMmotion150,2668,ABCB4;PAK3;H2BC14;AC087203.3;KBTBD8,0.823525173490993,,0.269511324196439,TRUE,""
IMmotion150,2669,AK4;PAQR5;ELOVL6;FOXA2;RNLS,1.29152985304844,,0.231181674130855,FALSE,""
IMmotion150,2670,TENM4;TRBC1;PRELID3A;CST6;ADAMTSL1,0.818483400469277,,0.295792312490075,TRUE,""
IMmotion150,2671,TRIM9;SPATA17;TRIM36;PM20D1;WASF3,0.993572999970712,,0.974910561377945,TRUE,""
IMmotion150,2672,H2BC17;NME1-NME2;MLF1;CLVS1;E2F7,0.973535545120633,,0.898920095783863,TRUE,""
IMmotion150,2673,GBP5;INAVA;FEZ1;HNRNPA1P37;KCNK1,0.687801008542671,,0.0655838110585,TRUE,""
IMmotion150,2674,MDK;ZSWIM5;HHEX;CD300LG;CASS4,0.892476235666663,,0.587501604649946,TRUE,""
IMmotion150,2675,MT-ATP6;AIM2;SPN;AC018475.1;IL15RA,0.541878626559694,,0.00551221831581695,TRUE,""
IMmotion150,2676,RADX;PPCDC;TRIM73;SERPINA4;PSTPIP1,0.749827523149263,,0.186410015421549,TRUE,""
IMmotion150,2677,CSPG4;NLGN4X;PIM2;SYT10;H3C13,1.07596809799151,,0.70801022484141,FALSE,""
IMmotion150,2678,ACSM3;PLAC8;PTPN7;BAGE2;DUSP5,0.80289428278064,,0.235838900764886,TRUE,""
IMmotion150,2679,PLA2G7;LAG3;ASMTL-AS1;TUBB8;BMP4,0.677109837664292,,0.0596521261099474,TRUE,""
IMmotion150,2680,MT-CO2;EML5;AC124944.2;HTR1D;PKDCC,0.771852044972404,,0.20723652937273,TRUE,""
IMmotion150,2681,MAP7;AC006254.1;TTK;TERT;MLF1,1.07674191753495,,0.707225158041099,FALSE,""
IMmotion150,2682,SPNS2;AL021368.4;MAD2L1;INSRR;KCNK5,0.870637620069381,,0.525728009855165,TRUE,""
IMmotion150,2683,MT-CO2;KCNE4;NEIL1;ZBED6;FAM83D,1.06932890234898,,0.741628984918774,FALSE,""
IMmotion150,2684,RASL11A;DCDC1;MAGI2;AC015911.9;RGS9,0.966567955562618,,0.865248462363976,TRUE,""
IMmotion150,2685,PTER;GPLD1;MSS51;NCMAP;CENPU,0.788843501620869,,0.258292146509443,TRUE,""
IMmotion150,2686,ANOS1;PDCL3P4;DTL;HBG1;PCDHGA5,0.979256639200814,,0.921708940767266,TRUE,""
IMmotion150,2687,MDK;CACNA2D3;PRELID3A;AC127502.3;ADAMTS17,1.1123696317382,,0.592733909829511,FALSE,""
IMmotion150,2688,THSD4;PHKA1P1;ZWINT;TRBV7-6;SLC4A11,0.848546038534565,,0.477167198740576,TRUE,""
IMmotion150,2689,KIT;AC000093.1;ASRGL1;AC135983.3;CATSPERG,0.745607376870383,,0.135638416543594,TRUE,""
IMmotion150,2690,NQO1;LRCH2;SNORA3A;SIGLEC5;EPHB3,1.22360310708776,,0.308504168566008,FALSE,""
IMmotion150,2691,FLG-AS1;HMGB3;TRIM6;ST13P20;CMPK2,0.702187508515519,,0.0525033391861225,TRUE,""
IMmotion150,2692,EDNRB;SNORA51;SNORA3B;TBC1D3K;RUNX1T1,1.0621782374009,,0.751040823212078,FALSE,""
IMmotion150,2693,MAP2;RRAD;PYHIN1;SHISA2;CACNB2,0.859854596645169,,0.463426845351496,TRUE,""
IMmotion150,2694,SGPP2;STEAP1;PANK1;LYPD6B;IL4I1,0.932176819663893,,0.724003521055776,TRUE,""
IMmotion150,2695,GHR;KRTCAP3;KCTD15;KRT8P7;TPPP3,1.34035276549333,,0.148110672208646,FALSE,""
IMmotion150,2696,EHHADH;FNDC4;PGM5;PKP4P1;TBXA2R,1.15967033354707,,0.421421247309588,FALSE,""
IMmotion150,2697,THSD4;LRRC37A17P;LRRC75B;TMEM82;LILRA2,0.889623323393373,,0.557168611534828,TRUE,""
IMmotion150,2698,PCDHB15;B4GALNT3;SLC35G2;AC073534.1;ATL1,0.813494888001997,,0.25927608801728,TRUE,""
IMmotion150,2699,KIF4A;LIPC;GCSHP5;PCA3;IQCN,1.36660417659552,,0.119592187879749,FALSE,""
IMmotion150,2700,PCDHB16;RIPK3;RAD51AP1;RNASEH1P2;SNORD46,0.782527299085568,,0.160585740773905,TRUE,""
IMmotion150,2701,APOC1;TRAT1;LY86;PENK;SEMA6D,0.75817995718407,,0.163988512749875,TRUE,""
IMmotion150,2702,MT-CO2;BTNL9;C5AR1;APCS;S1PR2,1.06201947584161,,0.762405818056237,FALSE,""
IMmotion150,2703,BAIAP2L1;PPT2-EGFL8;KLRD1;UPP2;CCDC150,0.716345234329704,,0.107982402999399,TRUE,""
IMmotion150,2704,TLR7;GPR160;RCAN3;IL12B;SSPOP,0.658770109192176,,0.0260106065502665,TRUE,""
IMmotion150,2705,MEIS1;EML5;SNCA;PDXP;TSPAN2,1.20207249269549,,0.33485730450199,FALSE,""
IMmotion150,2706,SLC11A1;CST7;NEK10;TRBV6-6;PCDHGB8P,0.638731512311023,,0.0169771111268192,TRUE,""
IMmotion150,2707,ACSM3;HLF;C1orf21;NKAIN1;LRRC37A6P,0.892911708124173,,0.560773274329972,TRUE,""
IMmotion150,2708,DLL4;CCN4;RTP4;ZIC2;ZDHHC23,0.975062631277727,,0.898199298277622,TRUE,""
IMmotion150,2709,TMEM200A;RRAD;ESR1;GOLGA6L7;MLF1,1.0986635781164,,0.600819009083124,FALSE,""
IMmotion150,2710,PCDHGB2;TOX;CD101;C1QTNF9B;ANGPT1,0.738192709913395,,0.0983500866753878,TRUE,""
IMmotion150,2711,ARFGEF3;PLXNB3;SLAMF6;HNRNPA3P1;APOBEC3B,1.0292730863024,,0.87831932508165,FALSE,""
IMmotion150,2712,PLEKHA7;ABT1;CD180;AC005829.2;ZNF491,0.574151643065538,,0.00187561089039084,TRUE,""
IMmotion150,2713,ZNF395;TRBC1;C2orf27A;SEMA3F-AS1;HLA-DOA,1.21146773164001,,0.319310029266283,FALSE,""
IMmotion150,2714,SLC2A10;AC022415.2;TLK2P2;UPK1B;DGKG,0.876320262413243,,0.489369725267218,TRUE,""
IMmotion150,2715,CEACAM1;KCP;ZNF334;CCL7;ADAMTS17,1.03155769083179,,0.882059335967269,FALSE,""
IMmotion150,2716,PTPN3;TMEM232;TESPA1;AC119751.3;NUAK2,0.756671321778443,,0.180403468466533,TRUE,""
IMmotion150,2717,CEACAM1;SURF2;ACAP1;PTPRT;CETP,0.775039153269147,,0.230448409533295,TRUE,""
IMmotion150,2718,HKDC1;ZNF311;SNORA60;KRT16;TRIM2,1.11168115523239,,0.620816488007489,FALSE,""
IMmotion150,2719,FAP;AKR7A3;TPRG1;HORMAD2;TMEM25,1.19511710168339,,0.395646428253727,FALSE,""
IMmotion150,2720,DLL4;SEC14L6;GNA15;CTBP2P9;LRP8,0.845013309509646,,0.422166375532348,TRUE,""
IMmotion150,2721,FAM83H;KCP;HLA-DOA;DLK2;STEAP2,1.03946117641692,,0.841945007524704,FALSE,""
IMmotion150,2722,PCDH17;UNC5CL;C5AR1;AL359091.2;ZNF300,0.979602578017567,,0.913112565067112,TRUE,""
IMmotion150,2723,ADAMTSL2;S100A9;NLGN3;ELANE;SOX5,1.02251437408659,,0.909163756750586,FALSE,""
IMmotion150,2724,ITGA11;PPT2-EGFL8;PYROXD2;ST6GALNAC1;PCDHGA8,0.776230163843458,,0.21080536616654,TRUE,""
IMmotion150,2725,IQGAP3;C4orf47;AC092068.3;ULBP1;CA11,1.01729404893171,,0.929150759156921,FALSE,""
IMmotion150,2726,SNAI2;INMT-MINDY4;ORC6;MMEL1;TRIM36,1.10177872769039,,0.614976319914113,FALSE,""
IMmotion150,2727,ZNF395;IKBKG;HAPLN3;SRPK3;EGFL7,0.902633954818581,,0.605577396269985,TRUE,""
IMmotion150,2728,ARFGEF3;CSMD2;ZNF433;AC106017.2;ACTBP4,1.34925313024512,,0.112723547449151,FALSE,""
IMmotion150,2729,LRP4;GATA3;DGKG;CFAP126;TCF7,0.887220594806056,,0.536467992545573,TRUE,""
IMmotion150,2730,GXYLT2;PPIAP2;PCDHGC5;SPDYE7P;HBEGF,0.869435227568126,,0.443551802043852,TRUE,""
IMmotion150,2731,ITK;ABCF2;KCNJ5;NXPE4;TLR8,0.712803657099807,,0.0906159570199656,TRUE,""
IMmotion150,2732,CCL3;PCDHB6;CD72;C9orf129;VDR,0.620300121152839,,0.0123674216524775,TRUE,""
IMmotion150,2733,COL4A4;PODN;H3C7;FAM43B;CD247,0.713079687994762,,0.0978865645989288,TRUE,""
IMmotion150,2734,C5;CCDC68;IL21R;TERF1P2;ZSCAN31,0.777535140465124,,0.201133006478221,TRUE,""
IMmotion150,2735,ETV1;GRID1;COL9A2;DHRS2;ZSCAN18,0.889555642969209,,0.549573829495545,TRUE,""
IMmotion150,2736,MEIS1;MDP1;RAB37;SNORD62A;SYDE2,0.828010410899946,,0.320413883792173,TRUE,""
IMmotion150,2737,IRS2;MST1L;ABTB2;TCEAL5;HLA-DOB,0.983319580544416,,0.932581121593481,TRUE,""
IMmotion150,2738,PCOLCE;ROR2;CSTA;TNFRSF13B;BPTFP1,0.990051383597269,,0.956744667949593,TRUE,""
IMmotion150,2739,GRAMD1B;AMIGO1;DIPK2B;ADGRF2;GSKIP,0.784378208177113,,0.228774536615298,TRUE,""
IMmotion150,2740,DKK3;AC034102.1;FAM83D;AIDAP1;RASIP1,1.17969299133097,,0.413189735458234,FALSE,""
IMmotion150,2741,ETV1;MMP16;RAB37;KIR2DL4;SIRPB2,0.927620598218196,,0.680577088194833,TRUE,""
IMmotion150,2742,GPC4;MMP16;FAXDC2;KERA;DRC3,0.86272075673869,,0.470786738633357,TRUE,""
IMmotion150,2743,ABCA6;RPP14;SPSB1;TRAV36DV7;RASSF7,0.76395685126863,,0.162842565698423,TRUE,""
IMmotion150,2744,PLVAP;AC138894.1;EVA1C;STUM;KIAA1614,0.759666160816182,,0.1177625704265,TRUE,""
IMmotion150,2745,ADM;NPIPB8;KCNK1;KPNA7;MAFB,1.06953185291034,,0.763685451201552,FALSE,""
IMmotion150,2746,DNAH6;LIPG;C1QTNF3;AC117378.1;MACROH2A2,0.925708690823877,,0.709797039221666,TRUE,""
IMmotion150,2747,PCDHGB2;HMGN5;CMKLR1;HOXC11;AS3MT,0.798387041725268,,0.236148785652109,TRUE,""
IMmotion150,2748,SNORD116-20;PRRX1;CASS4;ATP5F1CP1;TEKT4P2,1.28968814866608,,0.168605783470795,FALSE,""
IMmotion150,2749,ETV1;MT1L;ADAMTSL1;AC025165.3;FAXDC2,0.926890366971821,,0.693999752865686,TRUE,""
IMmotion150,2750,CDCA2;CLDN7;LPAR1;PRH2;BMP2,0.985900302946217,,0.945765956837425,TRUE,""
IMmotion150,2751,SDHAP2;ZNF669;NLRC3;OR4F14P;IL4I1,0.604763940800711,,0.0161917261693359,TRUE,""
IMmotion150,2752,PC;SNCAIP;TSGA10;TRBV23-1;SOCS3,0.9316966072053,,0.734921924693388,TRUE,""
IMmotion150,2753,EGR2;GOLGA8IP;CD302;SH2D6;SLAMF8,0.990874479037477,,0.961998693980849,TRUE,""
IMmotion150,2754,AKR1C1;AP000654.1;TPRN;NRN1L;C6orf163,0.827574554055179,,0.270483676532778,TRUE,""
IMmotion150,2755,ANGPT2;SNORA33;MREG;LINC01235;PIK3R6,0.79372592242311,,0.254241529345692,TRUE,""
IMmotion150,2756,KIF23;GATA2;GGH;HGFAC;RSAD2,0.855123755345715,,0.456479929221613,TRUE,""
IMmotion150,2757,MT-ND2;SLC9A3;PCDHB2;SLC25A48;CMPK2,0.969846507002746,,0.879248227757808,TRUE,""
IMmotion150,2758,BUB1B;XKR9;CCND2;AC145676.1;TMEM54,0.860612862091329,,0.421739302749616,TRUE,""
IMmotion150,2759,LIF;SCN8A;BNIP3P1;PGAM1P4;RCAN3,1.40157815032029,,0.0641318318762716,FALSE,""
IMmotion150,2760,ALOX5AP;PYGO1;SCIMP;NLRP7;NEFH,0.711579439321449,,0.0614989351994227,TRUE,""
IMmotion150,2761,C11orf96;EBF2;DHFR2;PAQR9;PLK1,1.08456464395245,,0.705774463908756,FALSE,""
IMmotion150,2762,C5;HYAL1;AC068580.4;SPOCK3;NRXN3,0.799712081494235,,0.300713150896499,TRUE,""
IMmotion150,2763,ZFPM2;CCL14;PHEX;AC008750.7;SMAD6,1.11871193479093,,0.558916619805841,FALSE,""
IMmotion150,2764,IRAG1;GATA3;TEF;FSHR;CD5,0.869113961635861,,0.487958919727255,TRUE,""
IMmotion150,2765,ANG;ECHDC3;RGL3;ST13P13;RAD54L,1.44058395196501,,0.0631093774926,FALSE,""
IMmotion150,2766,ZFHX4;NEIL3;MARCKSL1;STXBP5L;LRRC17,1.14744163910208,,0.494092638720997,FALSE,""
IMmotion150,2767,FILIP1;ETNK2;SLC35G2;NRBF2P6;TRIM36,1.30358280018823,,0.170647878462874,FALSE,""
IMmotion150,2768,HGF;SNRPEP4;TIAM2;C2orf91;RSAD2,0.555473676247373,,0.00648769272515736,TRUE,""
IMmotion150,2769,ABCB4;TSPAN7;MEGF6;TRBV25-1;GCSHP5,0.942100624839888,,0.771445214243336,TRUE,""
IMmotion150,2770,LDLR;ZNF669;LILRA6;NBPF18P;CDKN3,0.915644243335357,,0.676014595309752,TRUE,""
IMmotion150,2771,CCDC146;AC009093.9;ZNF433;C12orf50;MILR1,0.976534994624553,,0.875348334943052,TRUE,""
IMmotion150,2772,PDGFD;CCNB2;PRTG;RASSF10;GCSHP5,1.32006936447227,,0.155908821746317,FALSE,""
IMmotion150,2773,ACP5;AC022415.2;C5AR1;HORMAD2;SNCA,0.80275436436409,,0.266457134835515,TRUE,""
IMmotion150,2774,PHGDH;GIPC3;PRKAR2B;ENTPD3;P2RY1,1.15155259844676,,0.491973855613455,FALSE,""
IMmotion150,2775,APOC1;ZNF669;PIGAP1;NRXN1;HLA-DOA,0.724815755097252,,0.0869543499857003,TRUE,""
IMmotion150,2776,PLEKHA6;GOLGA8H;SMAGP;ZNF37CP;BMP2,0.643023719790081,,0.0153022610497816,TRUE,""
IMmotion150,2777,KRBA1;ZNF391;AGBL2;SLC13A5;EID3,0.845303316478568,,0.395996194936537,TRUE,""
IMmotion150,2778,C5;BTNL9;PANK1;OR2T11;MREG,0.888390480550595,,0.544383747060219,TRUE,""
IMmotion150,2779,ETV1;AIM2;SLC25A33;AC096536.2;CIDEB,0.763935164358401,,0.167278049467754,TRUE,""
IMmotion150,2780,MYRF;XKR9;FZD8;SLC7A10;PMEPA1,1.25741433978625,,0.257404226717762,FALSE,""
IMmotion150,2781,NCKAP5;ZNF99;PKDCC;AC131160.1;EGFL7,0.892051531550435,,0.576277820407482,TRUE,""
IMmotion150,2782,CCDC141;GATA3;NPIPA2;AC015818.5;SOCS3,0.766719277947753,,0.181803954824971,TRUE,""
IMmotion150,2783,CD209;SEMA3A;SPAG4;PHOSPHO1;IER3,1.42469084075648,,0.0633107245015023,FALSE,""
IMmotion150,2784,NFASC;FLT3;SLC4A11;HNRNPA1P70;Z74021.1,0.638526000691768,,0.0345525970993636,TRUE,""
IMmotion150,2785,SNORD116-23;PRRX1;CD33;CCR3;TLK2P2,0.858918958787034,,0.397291690781313,TRUE,""
IMmotion150,2786,MATN2;ZNF215;CCR2;OR2A42;PCDHGA8,0.91920030147751,,0.637541193376466,TRUE,""
IMmotion150,2787,ALOX5AP;GJA5;UBBP4;RPE65;IL15RA,0.844206527724735,,0.448173060614754,TRUE,""
IMmotion150,2788,GABRE;EPHB1;RNF138P1;FCN2;JAM2,1.14096895126006,,0.471421095862852,FALSE,""
IMmotion150,2789,THSD4;AL512356.1;NPIPA2;APCS;ARRDC5,0.859547522530213,,0.471111367678813,TRUE,""
IMmotion150,2790,MT-ATP6;NCR3LG1;SNORA59A;LGSN;NPIPB9,0.85064902658208,,0.397552910919891,TRUE,""
IMmotion150,2791,PTGS1;PYGO1;SH3BGRL2;CACNG5;TMEM132A,0.904761242087165,,0.591522482700429,TRUE,""
IMmotion150,2792,SCIN;PAQR5;ZDHHC23;FAM138F;FAM184A,0.916949453298452,,0.685047850793598,TRUE,""
IMmotion150,2793,NFASC;TBX15;SCARF2;CALR3;SPN,1.06214792529067,,0.761634945045807,FALSE,""
IMmotion150,2794,RNASE1;HUNK;CD72;FAM47C;WNK3,0.732117369556412,,0.122631439419819,TRUE,""
IMmotion150,2795,PDLIM3;NPIPB8;H3C8;GUCY2EP;HOXD8,1.2207150577352,,0.310164722567518,FALSE,""
IMmotion150,2796,SPNS2;GRB14;RHPN1;SMPX;TESC,0.955666739550415,,0.827453314491304,TRUE,""
IMmotion150,2797,HILPDA;TPD52L1;TREM2;MYH13;TAS2R5,0.899880665348928,,0.578334891711404,TRUE,""
IMmotion150,2798,PCDHB11;ITGA2B;THRB;AL136419.1;SOX5,1.25880537784135,,0.233627723073617,FALSE,""
IMmotion150,2799,MT-ND1;GATA2;KATNAL2;C16orf74;RGCC,0.874412388997498,,0.500741755654282,TRUE,""
IMmotion150,2800,MYRF;GCOM1;MMP19;TRBV11-2;CD200R1,0.711341330871839,,0.0679245659195145,TRUE,""
IMmotion150,2801,PDLIM3;GRB7;ZNF502;IGLV5-45;KCNJ5,0.952842314457483,,0.798118059454266,TRUE,""
IMmotion150,2802,MAP2;SLC6A16;DNM1P46;AC090517.5;E2F7,0.818125388298241,,0.296584913778166,TRUE,""
IMmotion150,2803,OR2A7;ROR2;PTGDR;CFHR4;AC092068.3,0.91649211823103,,0.659352362400413,TRUE,""
IMmotion150,2804,KCNN3;GATA2;GCSHP5;TCEAL5;GRIP1,1.16364137032531,,0.434392081136462,FALSE,""
IMmotion150,2805,PCDHB9;HOMER2;PYROXD2;SLC1A7;SCIMP,0.733151227803883,,0.126537904599986,TRUE,""
IMmotion150,2806,MT-CYB;ANO9;SNORA16A;DLK2;GRAPL,0.974553663367214,,0.896306503588614,TRUE,""
IMmotion150,2807,GXYLT2;RNF152;RAG1;SPINK2;SLC22A4,1.13276300153312,,0.55048868412623,FALSE,""
IMmotion150,2808,TNFRSF11B;AC093668.1;ZFP2;UNC45B;LILRA5,0.580618005135678,,0.00932178113387467,TRUE,""
IMmotion150,2809,SCIN;LRRC37A17P;IFI6;SLC7A10;SLC43A1,0.869365004585285,,0.502163923009382,TRUE,""
IMmotion150,2810,TPX2;ACKR4;ARHGEF37;LINC01587;PFN2,1.39190631530571,,0.128394236879042,FALSE,""
IMmotion150,2811,RGS2;ADGRB2;AC124944.2;GSG1;H4C9,0.869785017342003,,0.489765423506129,TRUE,""
IMmotion150,2812,EHHADH;GNLY;CD226;CACNG5;NOL3,0.82011690842511,,0.287995309771509,TRUE,""
IMmotion150,2813,SDHAP2;AC079594.1;OXER1;BCL2L10;CATSPERE,0.830251986881939,,0.362148405382501,TRUE,""
IMmotion150,2814,LEF1;ITIH4;HEYL;AC009951.4;CKS2,1.15999259780304,,0.463704599790659,FALSE,""
IMmotion150,2815,GXYLT2;EFNA5;SIRPB2;KRT19P1;LSR,1.1268053136025,,0.515750861318815,FALSE,""
IMmotion150,2816,PHGDH;CLEC3B;ABCB9;KRT79;MEFV,1.66156627581078,,0.0103301917494931,FALSE,""
IMmotion150,2817,STEAP4;CNTN4;EML6;SULT1E1;FGD1,0.901996720066571,,0.596127136006705,TRUE,""
IMmotion150,2818,ALDH1A3;ZNF99;CYP2D7;SERPINC1;PRRG4,1.03216930108447,,0.876184898231362,FALSE,""
IMmotion150,2819,DENND2A;WSCD1;GATD3A;AC007687.1;SNORA46,1.17736340136787,,0.428597194924312,FALSE,""
IMmotion150,2820,AK4;CDA;AL158050.1;AL034405.1;RAMP3,1.05077378645255,,0.795866925292478,FALSE,""
IMmotion150,2821,MT-ATP6;ZNF726;SNORA44;AD000091.1;IGFBP6,0.49936765981163,,0.000341860667079638,TRUE,""
IMmotion150,2822,SNORD116-1;RERG;HID1;KRT8P5;PGM5,1.14894605001405,,0.424300741766711,FALSE,""
IMmotion150,2823,ADAMTSL2;FAM86C2P;SLC22A15;IGKV2D-40;SLC43A1,0.80339413541666,,0.280959323239552,TRUE,""
IMmotion150,2824,CARD11;TRABD2B;ZAP70;RGSL1;MT-ND3,0.588292437185501,,0.00446380887803474,TRUE,""
IMmotion150,2825,TMEM91;Z83840.1;TNFRSF11A;UNC45B;KLF2,0.889557818577102,,0.50995196995137,TRUE,""
IMmotion150,2826,ADM;SUMO1P3;ZAP70;EXTL1;TM7SF2,0.98137537389443,,0.926619586755769,TRUE,""
IMmotion150,2827,H2BC9;AC026150.3;RPS20P14;TTC36;ADGRE4P,0.934654526464831,,0.759431869386046,TRUE,""
IMmotion150,2828,FBN2;CKAP2L;SNORD116-14;HTR6;CCDC9B,1.22569353089989,,0.317201940534063,FALSE,""
IMmotion150,2829,CNTNAP3;ZMYND19;TROAP;APCDD1L;KATNAL2,1.36828047105123,,0.191811232309099,FALSE,""
IMmotion150,2830,ZNF90;ZNF232;TUB;TRBV10-2;RNF144A,0.625944456937892,,0.00940461117760507,TRUE,""
IMmotion150,2831,TTC39A;SHB;STEAP2;AC142381.1;MAP3K9,1.05128905308163,,0.820980775729653,FALSE,""
IMmotion150,2832,OLR1;PDZRN3;ADORA3;OR14K1;TROAP,0.632017416317363,,0.0222671034706196,TRUE,""
IMmotion150,2833,PCDHGB5;RGS4;GINS1;RNU1-3;GGH,1.16750153609451,,0.42663500203724,FALSE,""
IMmotion150,2834,SNORD116-6;USP2;DNALI1;SSTR1;SRRM5,1.00749497141137,,0.969697647628442,FALSE,""
IMmotion150,2835,ABCA9;GCOM1;LY96;IGKV6-21;SNORD46,0.971287021587278,,0.87355485500483,TRUE,""
IMmotion150,2836,PLAUR;ZNF232;PCDHGC5;SSTR1;SFXN2,0.805544521961775,,0.40835368680158,TRUE,""
IMmotion150,2837,AK4;SYBU;ZNF470;OR2I1P;ZAP70,0.721703551614302,,0.117583394836853,TRUE,""
IMmotion150,2838,CSRP2;PCDHB19P;H3C2;IGKV2D-30;SNORA14A,1.15588303291275,,0.480780383126324,FALSE,""
IMmotion150,2839,PCDHGB5;ASS1P1;MROH7;SNORA11D;ADGRE4P,0.682436502879945,,0.0395827922792051,TRUE,""
IMmotion150,2840,SRPX2;HLF;ELAPOR2;ASB9P1;CCR2,0.913027976543938,,0.623136439951151,TRUE,""
IMmotion150,2841,FBN2;MSANTD3-TMEFF1;GOLGA8K;AC079781.4;FBXL7,0.789061789086813,,0.268970477317555,TRUE,""
IMmotion150,2842,COL5A3;MMP16;AGBL2;GSDMC;IGSF9B,1.35588359937848,,0.117907382373402,FALSE,""
IMmotion150,2843,CSRP2;SS18L2;RPL32P3;TTTY14;KCNK1,1.15805480691698,,0.513333093714977,FALSE,""
IMmotion150,2844,ANOS1;NOVA1;LINGO1;TRAV1-1;CASS4,1.05982836751967,,0.754957287422347,FALSE,""
IMmotion150,2845,MXRA7;VANGL2;CD80;AC073261.1;TLR8,0.937760345171857,,0.748227041097446,TRUE,""
IMmotion150,2846,AFF3;HSD17B3;DUSP7;RSPO2;CD200R1,0.61689391101267,,0.0155361917295764,TRUE,""
IMmotion150,2847,MT-CO3;COLEC12;IL4I1;GSTA7P;GLI2,0.754102516583173,,0.156989862513626,TRUE,""
IMmotion150,2848,NCF1C;CHMP4BP1;CFAP70;GRM7;CX3CL1,0.66664258076684,,0.0286317899336551,TRUE,""
IMmotion150,2849,KIF23;SLITRK4;EGFL7;TRAV41;ADAMTS6,0.733160713016388,,0.096567123912119,TRUE,""
IMmotion150,2850,CSRP2;GPR174;TMEM97;DHX40P1;FSTL3,1.18797647334981,,0.366327450725001,FALSE,""
IMmotion150,2851,NCF1C;CACNA2D3;SPATA6L;OR2L2;MTFP1,0.718798674978367,,0.0819390459738959,TRUE,""
IMmotion150,2852,REPS2;COLEC12;VWA1;KCNS2;IKZF3,0.891910767227769,,0.541875597324346,TRUE,""
IMmotion150,2853,FAP;PCDHGA2;GRAP2;CWH43;CD33,0.736129769359157,,0.140907233824758,TRUE,""
IMmotion150,2854,TBX3;AKR7A3;TEF;PCSK2;FAM133CP,0.842862120570019,,0.407179341498761,TRUE,""
IMmotion150,2855,NQO1;ZNF669;AC092068.3;LEFTY2;CD200R1,0.768729982668154,,0.202750511587821,TRUE,""
IMmotion150,2856,PCDHB16;CKB;CEP295NL;AL135905.2;KIAA1755,0.767543951204502,,0.146511645922017,TRUE,""
IMmotion150,2857,PKD1P5;MT1F;DGKI;POTEM;THRB,1.36474052218032,,0.0920829054224865,FALSE,""
IMmotion150,2858,ALDH1L2;TBCEL-TECTA;COL11A2;KRT8P8;SH3TC2,1.08106205741603,,0.688169658210635,FALSE,""
IMmotion150,2859,PCDHB15;FDXACB1;LPAR1;FGF9;ADRB2,0.886827831075762,,0.491151565287266,TRUE,""
IMmotion150,2860,SLC11A1;MMP24;PAFAH1B3;SERHL;MAPK12,0.975292644588507,,0.899960170173543,TRUE,""
IMmotion150,2861,LAMB3;TRAT1;SLC4A11;SLC27A6;DUSP4,0.817444520186824,,0.330939583027071,TRUE,""
IMmotion150,2862,SLCO2A1;SLAIN1;GINS1;BAALC-AS2;ABCB9,1.1480352980737,,0.499553123920971,FALSE,""
IMmotion150,2863,PDE2A;MT1F;CDH24;AC007938.2;FHDC1,1.1953579594801,,0.348076913884611,FALSE,""
IMmotion150,2864,SPNS2;ACTG1P14;LILRB5;C21orf62;AC021078.1,0.87666915702699,,0.462148985102329,TRUE,""
IMmotion150,2865,MEIS1;FNDC4;STMN3;SNORD45C;PPP1R16B,0.838339891419562,,0.38217191404804,TRUE,""
IMmotion150,2866,KIT;IL17RD;H3C11;AC078899.4;TLR8,0.695590691109075,,0.083535518859367,TRUE,""
IMmotion150,2867,SNORD116-23;AL731577.2;IL21R;CASKIN1;GAMT,0.772981642196074,,0.171797905512101,TRUE,""
IMmotion150,2868,CRIP1;PPCDC;LPAR1;B3GALT1;SNORD16,0.985761677164929,,0.939791256155767,TRUE,""
IMmotion150,2869,ZNF90;AC139769.1;ACAP1;PF4;GRAPL,0.756778407236345,,0.123258846166364,TRUE,""
IMmotion150,2870,MAP7;TRIM45;NLRC4;SLC36A2;GTSE1,0.921949331030992,,0.73010143461058,TRUE,""
IMmotion150,2871,PCDHGB5;ZNF511;NBL1;BHLHE22;LCK,0.652900920204847,,0.0346586461830063,TRUE,""
IMmotion150,2872,ZFPM2;HMGN1P3;GPR34;SNORD62A;NLGN3,0.840081099498384,,0.330128455300258,TRUE,""
IMmotion150,2873,ACSS3;GNLY;HSD17B14;ABCG8;SLC9A7P1,0.715871708998519,,0.13167627799568,TRUE,""
IMmotion150,2874,SGIP1;AC009093.9;FCMR;RPS26P31;EIF5A2,0.753224973930568,,0.122495908396156,TRUE,""
IMmotion150,2875,DCLK1;RPL9P7;NRXN3;ZNF37CP;SNORA50A,0.819662220805688,,0.323757375892218,TRUE,""
IMmotion150,2876,KLF5;ADGRB2;SUGCT;GALNT9;RNF144A,0.944549205454588,,0.765052670019833,TRUE,""
IMmotion150,2877,DLL1;C15orf48;KLF4;PSG1;LRP3,1.09457766059803,,0.670794981980771,FALSE,""
IMmotion150,2878,ZNF521;IGFBP2;OASL;AVPR2;FGF2,0.912642248639993,,0.626779629482331,TRUE,""
IMmotion150,2879,ALDH1A3;CEP55;NBL1;NCMAP;MYCT1,0.96088408608467,,0.833925588072082,TRUE,""
IMmotion150,2880,TBX3;MFAP2;AC093752.2;CCL16;CSPG4P12,1.02773714407856,,0.885881784314355,FALSE,""
IMmotion150,2881,NOSTRIN;WNT2B;HLX;PLA2G4E;RAD51,0.854668207498619,,0.415150856505053,TRUE,""
IMmotion150,2882,LDLR;CFAP94;SOCS2;SYN2;PIGAP1,0.964272338896896,,0.859414993024398,TRUE,""
IMmotion150,2883,NOX4;AC034102.1;SCUBE2;LCN10;ITGA10,0.826168802808216,,0.375766013876558,TRUE,""
IMmotion150,2884,SPATA18;RP9P;WNK3;AL163540.1;PDCD1LG2,0.510414123929344,,0.00219905259098112,TRUE,""
IMmotion150,2885,KIT;PET117;SNORA14B;FCER2;ADAMTS17,0.936312434982126,,0.721418570023379,TRUE,""
IMmotion150,2886,AMACR;DLG2;ABTB2;IGKV2D-24;IL12RB1,0.80674362513386,,0.269525429315251,TRUE,""
IMmotion150,2887,ACP5;ZNF511;DET1;KRT14;GLI2,0.692207729592735,,0.119981119109462,TRUE,""
IMmotion150,2888,SPATA18;PLCH2;PCDHB7;KLF17;TRGC2,0.657977114456188,,0.0352760424487561,TRUE,""
IMmotion150,2889,FAM149A;TMEM232;EMP2;PPP1R14D;PCDHGA3,0.930939235791119,,0.711632741053644,TRUE,""
IMmotion150,2890,RHOB;AL591806.2;CPNE5;STRA8;STK32B,0.927356219127795,,0.656663556032316,TRUE,""
IMmotion150,2891,ADAM12;FAM157C;SYT17;PGAM1P10;MEGF6,0.97458214163256,,0.898586719581533,TRUE,""
IMmotion150,2892,EDIL3;SIDT1;ABCG2;ZNF536;ARRDC5,0.791513113871985,,0.220145110309448,TRUE,""
IMmotion150,2893,FTH1P20;AGBL3;CEBPD;AKR1B10P1;MAFB,0.944119405744269,,0.786686256694381,TRUE,""
IMmotion150,2894,CCL4;AC138894.1;C1QTNF1;AC011330.3;GATD3A,0.698964301399937,,0.0829224703948075,TRUE,""
IMmotion150,2895,BOC;CBS;LINC01002;PGC;SNORA50A,1.02930937990504,,0.87927267784922,FALSE,""
IMmotion150,2896,SELL;PRCD;AL158050.1;PTPRT;FBXO16,0.695142478733943,,0.0775328595344824,TRUE,""
IMmotion150,2897,CSRP2;PMS2P7;HBEGF;CD1A;HLA-L,1.20783329380756,,0.320675868595366,FALSE,""
IMmotion150,2898,DNAH6;NALCN;SH3BGRL2;OR2W3;EXOC3L1,1.0882732181671,,0.696831159205905,FALSE,""
IMmotion150,2899,FBLN2;MYOM2;HMMR;PRRX2;BASP1,0.865794960231391,,0.501791516332268,TRUE,""
IMmotion150,2900,ITK;AC079594.1;SNORD46;SNAP91;ARHGEF15,0.802048233545876,,0.168959299196617,TRUE,""
IMmotion150,2901,SSC5D;HLA-H;SYDE2;AP001178.4;ATF5,1.11210715661236,,0.606959471764018,FALSE,""
IMmotion150,2902,STEAP4;LY75;BNIP3P1;XIRP2;DAPK2,1.07363432250308,,0.696786804826972,FALSE,""
IMmotion150,2903,ITGA11;PLCH2;SYT17;CDC20B;CD226,0.825108878444295,,0.341685599147092,TRUE,""
IMmotion150,2904,DNAH6;SNORA64;DNALI1;TUBBP10;SOX18,1.01186175932996,,0.947054654264332,FALSE,""
IMmotion150,2905,SNORA71D;CD38;EYA2;KIR3DL2;CD72,0.714074291978616,,0.0832792327507866,TRUE,""
IMmotion150,2906,PCDHB11;ADAM1A;ADRB2;SST;ZWINT,0.781402308233788,,0.215210372135665,TRUE,""
IMmotion150,2907,PLAU;HMGB3;RGCC;RPS26P15;APCDD1,0.912167149536775,,0.699945664130808,TRUE,""
IMmotion150,2908,SELENBP1;PLCD4;IGFBP6;AL049650.1;PDE1C,1.00772317809429,,0.969287679754402,FALSE,""
IMmotion150,2909,SNORD116-22;METTL15P1;TMEM156;WFDC10B;NUPR1,0.712894177244236,,0.082728750203133,TRUE,""
IMmotion150,2910,FAP;GBP1P1;ZNF214;ACSBG1;EDA,1.17350185532804,,0.418365352973478,FALSE,""
IMmotion150,2911,PCDH17;SPEG;IKZF3;SPIB;DGKI,0.703063960821421,,0.0633670221071117,TRUE,""
IMmotion150,2912,ANG;EFR3B;TONSL;SLC6A19;LRRC37A6P,1.05509091708589,,0.789038695107584,FALSE,""
IMmotion150,2913,BUB1;XKR9;SIRPB2;HNRNPA1P30;SNORA50A,0.878020282681517,,0.503257262329974,TRUE,""
IMmotion150,2914,NETO2;B4GALNT3;RUNX1T1;ADAM18;CETP,0.879998784166771,,0.548245629465303,TRUE,""
IMmotion150,2915,PDGFD;SNORA62;DLGAP5;SLC24A2;ANGPT1,0.916055945136466,,0.668662018555436,TRUE,""
IMmotion150,2916,BAIAP2L1;ITGA2B;S1PR2;AARD;SAMD3,0.969258494912708,,0.863169211240373,TRUE,""
IMmotion150,2917,LMOD1;SCN8A;CDH24;MCFD2P1;SAMD3,1.12489558875068,,0.539952498315948,FALSE,""
IMmotion150,2918,MOCOS;GZMB;CACNB2;KRT8P24;SNORA59A,0.87976231511151,,0.502468304906692,TRUE,""
IMmotion150,2919,EPHX2;AL022238.3;AD000090.1;DCX;ADAMTS3,0.847886730855127,,0.418460594035018,TRUE,""
IMmotion150,2920,BOC;AGBL3;ACOX2;AL162411.1;MSC,1.09101761682392,,0.65603720899604,FALSE,""
IMmotion150,2921,AKAP6;LAG3;GALNT3;SNORD65;PIGAP1,0.756276247151161,,0.164978459995939,TRUE,""
IMmotion150,2922,DSEL;CHMP4BP1;AC015818.10;RNF183;MEFV,0.679422555022072,,0.0441452521156929,TRUE,""
IMmotion150,2923,HILPDA;AC009078.3;NPIPB9;TRPC7;SNORA71A,0.829487390839087,,0.337311464624369,TRUE,""
IMmotion150,2924,FLG-AS1;NPHP3-ACAD11;NLRC3;AL450992.1;ATL1,0.881053374282503,,0.38195569682196,TRUE,""
IMmotion150,2925,PLAUR;UBE2C;UBBP4;SNHG25;HK3,0.82014991300719,,0.33816803229689,TRUE,""
IMmotion150,2926,KIT;FAM133DP;OXER1;FABP1;ZNF454,0.686145543618402,,0.0498409127755057,TRUE,""
IMmotion150,2927,PPFIA4;C6orf132;SLC25A33;HJV;CCR5,0.773099038036175,,0.188283411747576,TRUE,""
IMmotion150,2928,LRP4;SLC29A4;MROH7;CNTN5;NEFH,0.979790666296142,,0.919833950570265,TRUE,""
IMmotion150,2929,KIF4A;COX7A1;FBXO16;HNRNPA1P14;CCDC9B,0.94489126396776,,0.777620966719392,TRUE,""
IMmotion150,2930,NOSTRIN;LRRC37A17P;C1orf21;SYT8;LINC01138,0.9617009609842,,0.849482851399754,TRUE,""
IMmotion150,2931,PDE2A;GREB1;CD226;HCG4B;H3C1,0.801799447852581,,0.291551094882862,TRUE,""
IMmotion150,2932,CCDC141;DLG2;SSPN;ULK4P3;H3C8,0.838531467035158,,0.353605242420871,TRUE,""
IMmotion150,2933,RRAGD;RARRES1;TSPYL5;TRAV26-2;TM7SF2,0.89130329893645,,0.561391522574333,TRUE,""
IMmotion150,2934,NR3C2;NRN1;RAD51;TUBB2BP1;MOB4,0.988195140900629,,0.954241584140201,TRUE,""
IMmotion150,2935,GRAMD1B;UBE2T;CDK1;NPAS4;SLC22A4,0.70678564454063,,0.0829641017139321,TRUE,""
IMmotion150,2936,MYRF;GIPC3;ADAMTSL1;TUBB8B;NRXN2,0.802006254240283,,0.276254822997384,TRUE,""
IMmotion150,2937,OLR1;SLC12A8;C1orf21;SLC25A18;TESC,1.01275907898626,,0.945049038603575,FALSE,""
IMmotion150,2938,AOC3;PTH1R;TEKT4P2;CLVS2;SLC17A9,1.01571141998632,,0.933651946682164,FALSE,""
IMmotion150,2939,SNORD116-6;LLPH;PYHIN1;AC010186.2;ELOVL6,0.698004397417185,,0.0738041843201179,TRUE,""
IMmotion150,2940,STEAP3;COL8A2;SEC63P1;SERPINA7;PRKAR2B,0.816359469435859,,0.311846330067551,TRUE,""
IMmotion150,2941,SELENBP1;FAM241A;ANKRD23;OR13C9;CYYR1,0.819428230888863,,0.320234253256298,TRUE,""
IMmotion150,2942,ADAMTSL3;FAM86B1;H4C6;PPIAL4G;SNORA18,1.11544602257173,,0.585541800289392,FALSE,""
IMmotion150,2943,ADAMTSL2;MAP1LC3B2;TESC;UMODL1;LPAR1,0.963799529838816,,0.849234990067006,TRUE,""
IMmotion150,2944,SNORD116-6;MSANTD3-TMEFF1;TRIP13;AC060834.1;DNALI1,0.867956952477113,,0.489640313177858,TRUE,""
IMmotion150,2945,NOSTRIN;MDP1;PSTPIP1;RPSAP52;NEURL1B,0.554782013148787,,0.00454529166807525,TRUE,""
IMmotion150,2946,ZNF90;CLEC12A;TCF7;WNT11;CEBPA,0.800046887551868,,0.236682817410053,TRUE,""
IMmotion150,2947,NTN4;TRABD2B;CLEC14A;POM121L2;PANK1,1.03895824758718,,0.839829923063987,FALSE,""
IMmotion150,2948,PTPN3;NME5;ITGA10;OR2B6;FBXO17,1.12299459373222,,0.545858152315849,FALSE,""
IMmotion150,2949,NCF1C;PRCD;ANKRD23;SH3GL1P2;H3C2,0.828047159425004,,0.322804435061895,TRUE,""
IMmotion150,2950,TSC22D3;C11orf98;B4GALT6;CNGA3;RPS20P14,0.955991053159627,,0.813377492017583,TRUE,""
IMmotion150,2951,ITGA8;AC048382.2;PEG3;CYP4F2;KBTBD8,0.963936045003001,,0.84063236792016,TRUE,""
IMmotion150,2952,PCOLCE;PTH1R;AL096711.2;OR1J4;MTARC1,1.14515465924604,,0.467330769458487,FALSE,""
IMmotion150,2953,ACSS3;FAM86C2P;EML6;MMP10;UBE2Q2L,0.973700485353294,,0.889373963756982,TRUE,""
IMmotion150,2954,SEZ6L2;ITGA2B;HBEGF;BEND4;KIF2C,1.02239135281759,,0.90788867645846,FALSE,""
IMmotion150,2955,LDLR;NANOGP4;LNX1;AL591926.7;CMTM8,0.931238996861816,,0.718759788524598,TRUE,""
IMmotion150,2956,ADAMTSL2;ZNF630;SCHIP1;AC125634.1;DUSP7,0.744802498398047,,0.0745146719995114,TRUE,""
IMmotion150,2957,AGAP7P;RPL7L1P9;IKZF3;AC009065.6;SLC16A5,0.993937509099844,,0.975007718041402,TRUE,""
IMmotion150,2958,PLEKHA6;ZMYND19;GPR75;SERPINC1;PRKCQ,0.688387025489032,,0.0853797779604523,TRUE,""
IMmotion150,2959,ANKS1B;KIF5C;KCNK1;GRM5-AS1;PRTG,0.839330181161642,,0.378385682077166,TRUE,""
IMmotion150,2960,SNORA21;RBP7;MSS51;OR2L3;GPAT3,0.871438300419493,,0.487285583342567,TRUE,""
IMmotion150,2961,NFASC;NME5;EMILIN1;MS4A8;P2RY8,0.919705244541523,,0.666416449974136,TRUE,""
IMmotion150,2962,CTAGE6;AL591806.2;CYYR1;AC019294.1;SOX18,0.995153350581728,,0.97631538813986,TRUE,""
IMmotion150,2963,JAM3;BTBD11;CEBPA;AC091390.1;NAALADL2,0.802433230749111,,0.295089905263309,TRUE,""
IMmotion150,2964,PKD1P5;CCL14;AC004832.3;LEP;PRKCQ,0.999643718854409,,0.998479708768243,TRUE,""
IMmotion150,2965,SNORD118;FAM86C2P;H1-5;HCN4;CD226,0.75979011717469,,0.177762339564662,TRUE,""
IMmotion150,2966,FHL2;STRIP2;EGFL7;AC116428.1;PDCD1LG2,0.946291958423129,,0.78132198043327,TRUE,""
IMmotion150,2967,TPX2;CLEC3B;SEMA6D;AL355312.5;CD6,0.869937563756625,,0.512895815424617,TRUE,""
IMmotion150,2968,PC;TPTEP2;BTG2;SLC22A7;IGFBP6,0.839290175272943,,0.355226005554174,TRUE,""
IMmotion150,2969,TMEM200A;FKBP14;LRATD1;RNASE10;SYT17,1.16810927139981,,0.419005290594849,FALSE,""
IMmotion150,2970,PDE2A;SLC9A3;TESPA1;ADAMTS7P3;ATP8B3,0.722934599708565,,0.133111181398293,TRUE,""
IMmotion150,2971,AFF3;SNORA64;TSPAN5;GRM5-AS1;LZTS1,1.05949727824472,,0.7566481409367,FALSE,""
IMmotion150,2972,TRO;RHEBP2;POU2F2;OR3A2;SNORA59B,0.89691983694035,,0.604717177809682,TRUE,""
IMmotion150,2973,SLC11A1;CLEC12A;SEMA4G;CELP;DLGAP5,0.689184902529796,,0.0782793649701832,TRUE,""
IMmotion150,2974,KRBA1;IL1RL2;PDE1C;PRSS44P;ZNF300,0.978918870457289,,0.915751096256823,TRUE,""
IMmotion150,2975,ZFHX4;TRPM6;ABLIM2;AC090517.5;TECTA,0.806279249577906,,0.245761597221131,TRUE,""
IMmotion150,2976,FLG-AS1;DPY19L2P2;TMEM273;ZNF804B;SNORA3B,0.870715705549267,,0.479543885375843,TRUE,""
IMmotion150,2977,FBN2;IGLV5-52;PDE7B;KIRREL2;CISH,0.726466047816071,,0.122160339763734,TRUE,""
IMmotion150,2978,SNORD116-23;TSSC2;SNORA3B;PPIAP78;HSPA6,1.07538159720917,,0.721618075552087,FALSE,""
IMmotion150,2979,PKD1P5;PLAC8;ZNF300;NRAP;RUNX3,0.712084733039433,,0.0830711897066028,TRUE,""
IMmotion150,2980,SLCO2A1;MYOM2;S1PR2;C5orf38;ADAMTS5,1.17479180402946,,0.424861446394854,FALSE,""
IMmotion150,2981,RASL11A;EXO5;LRATD1;AL160236.1;ANKRD29,0.821727683227268,,0.299123657051418,TRUE,""
IMmotion150,2982,GCNA;HUNK;FMOD;PCSK9;TRIM6,0.758853006114891,,0.203554257568786,TRUE,""
IMmotion150,2983,PTPN3;ULBP2;EDA;GGT8P;DNALI1,1.02861448975192,,0.89352084541122,FALSE,""
IMmotion150,2984,SPNS2;RNF152;ZNF610;GALR1;EVA1C,0.915754782850946,,0.66715333464319,TRUE,""
IMmotion150,2985,SMAD9;NRN1;SDC1;CUBNP3;ARHGEF37,1.27904989264758,,0.228397608072798,FALSE,""
IMmotion150,2986,RHOB;PODN;SLC9A7P1;SLC47A1P2;ZDHHC11,1.04266834706895,,0.826786910926328,FALSE,""
IMmotion150,2987,TTC39A;ALDH4A1;CD5;FO681492.1;SNORA13,1.08147095725614,,0.679770746317448,FALSE,""
IMmotion150,2988,RETREG1;LIN7A;GPT2;FSHR;ID1,1.10771296669772,,0.611948124925947,FALSE,""
IMmotion150,2989,CDCP1;SEMA3B;SIRPB2;LINC00887;CATSPERG,0.90192333561255,,0.605463235720655,TRUE,""
IMmotion150,2990,PCDHB8;P2RY12;ZWINT;ZIC1;TECTA,0.877993148323263,,0.51085049898608,TRUE,""
IMmotion150,2991,BICDL1;ZP3;PGM5;TYRP1;ACAP1,0.648141565479349,,0.0300359484172022,TRUE,""
IMmotion150,2992,PHGDH;LYSMD1;MYCT1;DGKK;TSHZ2,1.07495593630633,,0.729718434717887,FALSE,""
IMmotion150,2993,SNORA21;ADGRB2;LRP8;MANEALP1;CEL,0.979420337636412,,0.913212911655679,TRUE,""
IMmotion150,2994,TPX2;GZMK;IGSF9B;RPL21P7;FAM184A,0.755307856915842,,0.134410893162617,TRUE,""
IMmotion150,2995,RHOB;RTKN2;RBP1;TMSB4XP1;KIF15,0.968054602663055,,0.86575022490733,TRUE,""
IMmotion150,2996,TTC39A;ASAH2B;C17orf97;AC007537.1;GSKIP,0.720727336143128,,0.1950925429542,TRUE,""
IMmotion150,2997,LIF;PYGM;PCDHGA4;EN2;SNORD67,0.922039609149827,,0.681814696268524,TRUE,""
IMmotion150,2998,HRH2;AC104452.1;MAPK12;ARG1;HOXC6,1.1472181897067,,0.421756607531491,FALSE,""
IMmotion150,2999,DENND2A;CX3CR1;ABLIM2;MYH7;HLA-DOB,0.768048887649437,,0.182097855784714,TRUE,""
IMmotion150,3000,PCDHB9;SNORD104;KYAT1;ZIC2;PCDHGA4,1.11632773286681,,0.565164853577353,FALSE,""
IMmotion150,3001,ABCB4;SNORA40;RUNX1T1;CCL17;FAM133CP,0.782504869852162,,0.206752002535413,TRUE,""
IMmotion150,3002,PCDHGB2;MYOM2;HOXB6;GPA33;MILR1,0.597464698660013,,0.00850518902415833,TRUE,""
IMmotion150,3003,IMPA2;COL24A1;SNORA44;GDNF;CMPK2,0.773873428461898,,0.186788997440414,TRUE,""
IMmotion150,3004,SGIP1;PYGM;SNORA44;PKP4P1;MYCT1,1.16217894122414,,0.40706113839931,FALSE,""
IMmotion150,3005,ADAMTSL3;IGFBP2;CYYR1;CRNDE;H4C9,0.988626340261752,,0.954798079921084,TRUE,""
IMmotion150,3006,FBLN2;GPLD1;GZMA;C9orf24;EDA,0.891401965614563,,0.545760158626234,TRUE,""
IMmotion150,3007,COL4A4;GPR39;PCDHGA7;OVOL1;SNORA14B,0.733182066776936,,0.149683054440471,TRUE,""
IMmotion150,3008,SNORA31;PLGRKT;ZNF876P;TTC29;DGCR6,1.04283413893717,,0.833234065307783,FALSE,""
IMmotion150,3009,PLVAP;MICOS10-NBL1;CD80;LINC01517;FHAD1,1.00800994610741,,0.965309788534063,FALSE,""
IMmotion150,3010,CCL3;EXO1;NEURL1B;AL513478.4;SNORA50A,0.820396317452704,,0.285753740281998,TRUE,""
IMmotion150,3011,EPHX2;EPHB1;AL590399.1;ARTN;PCDHGA8,1.25509565430253,,0.233854396671033,FALSE,""
IMmotion150,3012,TRO;COX7A1;ZDHHC11;RFLNA;MEFV,1.08837888322867,,0.644085225159646,FALSE,""
IMmotion150,3013,AMACR;EXO5;PIGAP1;AC078899.4;SEC63P1,0.67534617296119,,0.0783616349473652,TRUE,""
IMmotion150,3014,ANLN;GBP1P1;FAM133CP;AL590627.1;STARD5,0.748575470857246,,0.141590874970302,TRUE,""
IMmotion150,3015,AKAP6;FAM86C2P;TIAM2;NPM1P51;SLC43A1,0.609077650230258,,0.0147765409106005,TRUE,""
IMmotion150,3016,PCDHB16;FCGR3B;ENO3;KCNF1;EMP2,0.871432337510501,,0.461864143367822,TRUE,""
IMmotion150,3017,TMEM37;DMRTA1;BRSK1;AC112504.2;STK32B,1.0409281221113,,0.830104143271562,FALSE,""
IMmotion150,3018,DNAH6;POM121L9P;MSS51;TMEM139-AS1;C1orf21,1.0067715865301,,0.971716388032923,FALSE,""
IMmotion150,3019,RNASE1;ZNF215;CISH;OR7E125P;HOXA3,0.912373631195073,,0.62286143708419,TRUE,""
IMmotion150,3020,TLL1;SNORA51;NPIPB9;AC037459.1;HAPLN3,0.921430495071752,,0.689280979709665,TRUE,""
IMmotion150,3021,TRBC2;ZSWIM5;VDR;ACOT12;NANOGP8,0.582484139198456,,0.00868606914602018,TRUE,""
IMmotion150,3022,KIF23;NRG3;SEMA6D;FGF9;ZNF135,0.940262193200262,,0.751778041633864,TRUE,""
IMmotion150,3023,ALDH1A3;RNF150;DOK2;UGT2B26P;IGFBP6,0.564266578214603,,0.00464228727516744,TRUE,""
IMmotion150,3024,PC;XRCC3;C2orf27A;ARSLP1;ADAMTS3,1.1499505803203,,0.462239780419075,FALSE,""
IMmotion150,3025,MST1;CLDN7;PATL2;INSYN2A;Telomerase-vert,0.701438513757025,,0.0670181902449794,TRUE,""
IMmotion150,3026,SDK1;SIRPG;PATL2;ARTN;PSORS1C1,0.567862449659232,,0.00454111062348522,TRUE,""
IMmotion150,3027,ALDH1L2;PIP5K1B;LY96;IGKV2D-30;AC136632.1,0.83373328529733,,0.353973548803777,TRUE,""
IMmotion150,3028,AK4;USP18;PRELID3A;KLK1;GLI2,0.831722028531056,,0.437338355518485,TRUE,""
IMmotion150,3029,PCOLCE;ZNF391;CENPK;AC114324.1;TONSL,0.993611037078003,,0.974233844639624,TRUE,""
IMmotion150,3030,CDCP1;PPIAP2;RAB38;CPN2;GPAT3,1.06933712378173,,0.737953603635057,FALSE,""
IMmotion150,3031,MATN2;ULBP2;HJURP;ZNF723;RANBP17,1.13106309350105,,0.530819018353956,FALSE,""
IMmotion150,3032,TSC22D3;PDCL3P4;SPATA6L;CUX2;HENMT1,0.675838413983822,,0.0484091090994744,TRUE,""
IMmotion150,3033,GULP1;HOMER2;SLC17A9;TACR1;CATSPERG,0.811674801180724,,0.278688446701652,TRUE,""
IMmotion150,3034,CSPG4;COL8A2;KCNJ5;SNORD62A;CCNJL,0.972470162704598,,0.891888316838835,TRUE,""
IMmotion150,3035,RRAGD;NME1-NME2;FRMD3;GREM2;CCRL2,0.647801327985331,,0.032624346771505,TRUE,""
IMmotion150,3036,PTGS1;AC009093.9;PCDHB4;AC090151.1;FEZ1,1.18312162361168,,0.376859392084281,FALSE,""
IMmotion150,3037,PARD6B;MAPT;HLA-DOA;C21orf62;H2AC16,1.07655596789298,,0.710994386660251,FALSE,""
IMmotion150,3038,NOX4;AGBL3;RANBP17;TRPC7;CIART,0.897809038676954,,0.597389650795144,TRUE,""
IMmotion150,3039,FOLR2;ARHGEF16;KIF2C;TERF1P2;HSPA6,0.984415316920931,,0.935896416148099,TRUE,""
IMmotion150,3040,EMCN;TMEM236;AC021078.1;UBTFL5;GZMA,0.892560818161024,,0.553908029658285,TRUE,""
IMmotion150,3041,MT-CO3;NRG3;SIGLEC7;GSG1;RDH13,0.661303268099027,,0.0415141591991645,TRUE,""
IMmotion150,3042,HRH2;ALDH4A1;ZNF470;AC023968.1;PIGAP1,1.4096531397357,,0.0908895672435657,FALSE,""
IMmotion150,3043,HRH2;BTBD11;P2RY6;S100P;FAM227A,1.05564008542672,,0.782586851653092,FALSE,""
IMmotion150,3044,FOLR2;HMGB3;SYNGR1;TULP2;STEAP2,1.0889531009576,,0.665459599219767,FALSE,""
IMmotion150,3045,SMIM3;APOL4;ADRB2;CERS3;IKZF3,0.997998247920359,,0.991623601812045,TRUE,""
IMmotion150,3046,ACP5;PROM2;DEPP1;FAM9B;ZNF540,0.729794594726876,,0.0985238873466457,TRUE,""
IMmotion150,3047,STC1;HUNK;STARD5;TMEM179;CASS4,1.14358783048489,,0.478880033273272,FALSE,""
IMmotion150,3048,MT-CYB;ZNF99;RFTN2;FUT2;LIMD2,0.759071339451938,,0.157148957606445,TRUE,""
IMmotion150,3049,PARD6B;KCNJ15;ALS2CL;KRT25;RDH13,1.2482337344757,,0.294859221906214,FALSE,""
IMmotion150,3050,SRPX2;KCNJ15;ZNF334;AC009093.8;PRELID3A,1.17507175539283,,0.392700089350927,FALSE,""
IMmotion150,3051,MYOM1;AL022238.3;SNORA3B;STRA8;RAB37,0.893401204612946,,0.513679469169977,TRUE,""
IMmotion150,3052,ZNF90;PITPNM3;VNN2;AP001178.4;HEY1,0.759479353379172,,0.175356806260674,TRUE,""
IMmotion150,3053,TLR7;GCOM1;FBXL7;TBC1D3I;SNHG17,1.07333675184827,,0.67949593293618,FALSE,""
IMmotion150,3054,SNORA21;ACKR4;RTP4;MTMR7;H3C7,0.667544348295299,,0.0380591446745007,TRUE,""
IMmotion150,3055,LDLR;ZNF286B;SNORD116-14;CLC;METRNL,0.973552742032141,,0.890369681813901,TRUE,""
IMmotion150,3056,MXRA7;UNC5CL;ACAP1;KPNA7;CCDC110,0.8094588330869,,0.299314097542133,TRUE,""
IMmotion150,3057,FN3K;BTBD11;CD180;EIF4HP2;GRAP2,0.601922961188722,,0.010958243949112,TRUE,""
IMmotion150,3058,MATN2;CD69;TMEM132A;AC013271.1;SHCBP1,0.809933004054041,,0.291791290684884,TRUE,""
IMmotion150,3059,ANG;GATA2;KLF2;RPSAP26;GADD45B,1.12721339113305,,0.558998517923501,FALSE,""
IMmotion150,3060,PTGIS;C6orf132;FEZ1;AL121845.3;HSD17B14,0.961265453244523,,0.82544518656146,TRUE,""
IMmotion150,3061,ITGA8;ZNF215;IKZF3;NPHS2;ADGRE4P,0.797926430012895,,0.230803898969365,TRUE,""
IMmotion150,3062,TMEM91;CGREF1;MDGA1;PPIAL4D;PFN2,1.30688375789697,,0.212576154484118,FALSE,""
IMmotion150,3063,CCL5;TOX;CIDEB;RPL7P19;ACOX2,0.864358657440104,,0.465573830179906,TRUE,""
IMmotion150,3064,PDGFD;SRPX;PCDHB18P;SCGB3A1;C1QTNF3,1.16553680544593,,0.421316827507445,FALSE,""
IMmotion150,3065,EIF2S2P4;ZNF726;GPT2;ASB9P1;ZNF816-ZNF321P,0.926689913286644,,0.714717326043033,TRUE,""
IMmotion150,3066,MAP7;RPL9P7;H2AC16;CPN1;ADCY1,1.12245808846778,,0.568902572282621,FALSE,""
IMmotion150,3067,SMIM3;SYBU;CLEC4A;AC007731.4;RSAD2,0.911671965300586,,0.628093146224401,TRUE,""
IMmotion150,3068,REPS2;PCOLCE2;TSPYL5;MDGA2;CYP2D7,1.28183871508722,,0.212798305818432,FALSE,""
IMmotion150,3069,COL5A3;GPR174;MREG;GRIK1;PSORS1C1,0.577912633513836,,0.00451137902875145,TRUE,""
IMmotion150,3070,TSC22D3;GRM8;MEFV;RPS14P8;HOXD4,1.07842367358203,,0.670007393037031,FALSE,""
IMmotion150,3071,TMEM200A;TSSC2;SECTM1;OR2T8;KIF15,0.926385797915087,,0.688940476098195,TRUE,""
IMmotion150,3072,ZNF521;RIPK4;ASMTL-AS1;NUTM2G;ORC6,1.29503261981788,,0.161333869651084,FALSE,""
IMmotion150,3073,PCDHB15;DNAJC19P9;MICU3;AC005329.1;ASTN2,0.623798089203704,,0.0176074192050176,TRUE,""
IMmotion150,3074,TTC39A;ZNF229;LILRA2;SEC22B3P;ADAMTSL1,1.06899755362766,,0.707591589447508,FALSE,""
IMmotion150,3075,IRAG1;HOXA6;DLGAP5;ARHGDIG;RDH13,0.961383009613257,,0.841070952221793,TRUE,""
IMmotion150,3076,TENM4;PEG10;SNORA6;AL359273.2;HBEGF,0.859968877028889,,0.444752663030409,TRUE,""
IMmotion150,3077,SNORA71D;CCN4;AC004890.2;AL139423.1;P2RY6,1.01102496951829,,0.956585033174276,FALSE,""
IMmotion150,3078,PCDHB15;EGF;SPATA6L;HNRNPA1P24;JAM2,1.08749068399881,,0.645480881068297,FALSE,""
IMmotion150,3079,PPFIA4;SRPX;KIAA1755;AC008758.1;DUSP4,1.05953452424557,,0.784403826769018,FALSE,""
IMmotion150,3080,SNORA71D;GIPC2;IL2RB;TRIM74;RGS18,0.82255881698373,,0.304155399142612,TRUE,""
IMmotion150,3081,BUB1B;KRTCAP3;DUSP5;AC026471.3;S1PR2,1.19244215289449,,0.408909986557545,FALSE,""
IMmotion150,3082,MT-CO3;COL21A1;ZFP2;ABCB11;TMEM132A,0.841355981012183,,0.38840967648096,TRUE,""
IMmotion150,3083,FER1L4;SEMA3B;PCDHB18P;TTPA;DTL,1.16296843419102,,0.434432538490364,FALSE,""
IMmotion150,3084,GGT5;OSGIN1;EIF5A2;IGHV1-58;CYGB,1.41179313834139,,0.117113341019762,FALSE,""
IMmotion150,3085,BOC;ATP2A1;ABCG2;KERA;OXER1,0.980987590963171,,0.921138324744051,TRUE,""
IMmotion150,0,"",,,,,COXPH_FAIL
IMmotion150,3087,ABCA6;SORCS2;LILRA1;HMGA1P3;FAM160A1,0.880163792323767,,0.499572147669147,TRUE,""
IMmotion150,3088,ITGA11;KIAA1143P1;ABCA10;FAM138F;VNN2,0.786361120370238,,0.235494573936518,TRUE,""
IMmotion150,3089,FOLR2;P2RX1;NLRC4;USP44;STEAP2,0.911490301601629,,0.638210279800421,TRUE,""
IMmotion150,3090,ZFHX4;CCSAP;MLF1;PPIAP78;FZD8,1.04192531091734,,0.847365815220913,FALSE,""
IMmotion150,3091,H2BC17;AL022238.3;IL21R;ALLC;SLC6A1,0.800467153072854,,0.271181386740278,TRUE,""
IMmotion150,3092,RGS2;CD27;ADRB2;IGLV3-16;LILRA5,0.683494127295423,,0.0571466496406329,TRUE,""
IMmotion150,3093,PCDHGB4;ANO9;MARCKSL1;AC023968.1;SPSB1,1.17563191865729,,0.36468705032009,FALSE,""
IMmotion150,3094,LRP4;CHMP4BP1;SMAGP;LINC02348;RDH13,0.83195521446178,,0.351991465258779,TRUE,""
IMmotion150,3095,NAV3;HUNK;RBKS;CNGA3;AK7,0.844779187110543,,0.374696087825247,TRUE,""
IMmotion150,3096,MT-CYB;FMO5;ESR1;AC109583.4;SLC16A5,1.05737960366546,,0.785401784129045,FALSE,""
IMmotion150,3097,JAM3;TNFRSF19;SNORA26;PROKR2;C5AR1,0.807425161805633,,0.302498165437192,TRUE,""
IMmotion150,3098,PCDHGB5;DNAJC19P9;MARK1;LINC02716;IGSF9B,0.895746168446007,,0.51678715507084,TRUE,""
IMmotion150,3099,KLF5;TGFB2;ADAMTS13;SRRM3;PRAM1,0.624300736165413,,0.0219705611482686,TRUE,""
IMmotion150,3100,KIT;NSUN7;STON1;PPIAP51;NXN,0.751096010590791,,0.156313206533237,TRUE,""
IMmotion150,3101,ACP5;TMEM232;H2BC14;AC019294.1;EMILIN1,0.81366735495685,,0.286053877525703,TRUE,""
IMmotion150,3102,CSPG4;PITPNM3;FZD8;ALOXE3;PGM5,1.06566655280446,,0.747440448234231,FALSE,""
IMmotion150,3103,PLS1;Z83840.1;EDA;IGKV1D-43;SIK1,0.711023096586947,,0.0704866690999319,TRUE,""
IMmotion150,3104,CCL3;ZBP1;TTC25;KCNG3;SH3BGRL2,0.526600926742965,,0.00243935210170675,TRUE,""
IMmotion150,3105,MAP2;ZNF630;RNF144A;HSPB2-C11orf52;PATL2,0.790646372451092,,0.149738983082683,TRUE,""
IMmotion150,3106,SCARNA4;GNLY;MAGI2;AC007780.1;RCAN3,0.635425738737791,,0.0193317101467117,TRUE,""
IMmotion150,3107,THSD7A;EML5;LRRC37A6P;SLC8A2;ABCG2,0.910902813436778,,0.64019447778646,TRUE,""
IMmotion150,3108,EMCN;ADGRD1;RAD54L;AC104451.1;SECTM1,0.969931848719694,,0.874940236957109,TRUE,""
IMmotion150,3109,MT-CYB;CXADR;S1PR2;CNTN5;SOCS2,1.01188433800843,,0.952963302334931,FALSE,""
IMmotion150,3110,JAM3;C4orf47;ADRB2;HSFX2;MACROH2A2,0.869673021833036,,0.444959288525602,TRUE,""
IMmotion150,3111,JAM3;PLAC8;HBEGF;SLC22A7;AC004832.3,1.14097317994294,,0.514352794182966,FALSE,""
IMmotion150,3112,TLL1;MARVELD2;TUB;MYBPH;CCR5,0.727818704648228,,0.108174380664587,TRUE,""
IMmotion150,3113,ITGA11;PCOLCE2;FZD7;BCORP1;PTGDR,0.967460849867341,,0.862927867430028,TRUE,""
IMmotion150,3114,HKDC1;FAM86B1;GPR34;PPIAL4D;TTC25,1.04499947229084,,0.835338687758462,FALSE,""
IMmotion150,3115,SPATA18;COX7A1;CCRL2;SHROOM3-AS1;CCR5,0.572316984769278,,0.00492526070581214,TRUE,""
IMmotion150,3116,FAT3;CDC42BPG;GAL3ST4;PCA3;ANO2,1.04136875692261,,0.838761803081681,FALSE,""
IMmotion150,3117,PCOLCE;CCN3;JAM2;ENTHD1;PIH1D2,0.970681064589805,,0.885542516901406,TRUE,""
IMmotion150,3118,PCDHB15;PCDHGA1;RAG1;ALX1;SNORA3B,1.08412984715784,,0.662568071679303,FALSE,""
IMmotion150,3119,SLC11A1;CD69;CPNE5;AC127502.3;FAXDC2,0.995441426121645,,0.982139006414096,TRUE,""
IMmotion150,3120,ZNF90;AMIGO1;KCNS3;TRBV4-2;ZNF135,0.890702198679027,,0.534514965543533,TRUE,""
IMmotion150,3121,CD163L1;SLC7A11;SCIMP;C6orf58;SUGCT,1.00558087130033,,0.977487968508515,FALSE,""
IMmotion150,3122,SNORA71D;UGT8;AL031727.1;POU5F1P4;PLEK2,1.12564801640339,,0.547893704015273,FALSE,""
IMmotion150,3123,BICDL1;RGS4;HLA-DOB;ST13P20;SNORA72,0.882848048698034,,0.522875268920696,TRUE,""
IMmotion150,3124,LEF1;GIMAP1-GIMAP5;TLE2;CERS3;FGF2,0.876548642866188,,0.480110702095405,TRUE,""
IMmotion150,3125,PCSK5;EXO1;RGL3;SIM2;GZMA,0.522333071938291,,0.00121910670380382,TRUE,""
IMmotion150,3126,OLFML2A;TSSC2;RDH5;AL390860.1;SNCA,1.26736034717092,,0.192491854148816,FALSE,""
IMmotion150,3127,TMEM37;CFAP43;SNORD16;AC005020.2;PATL2,0.865940385468388,,0.460208504854957,TRUE,""
IMmotion150,3128,BCAT1;SLAMF7;GFOD1;UNGP1;DUSP5,0.646963481635203,,0.0297266998556631,TRUE,""
IMmotion150,3129,RGS2;CHDH;FBXO17;OR6Q1;DUSP4,1.62101803452825,,0.0153074325635168,FALSE,""
IMmotion150,3130,PTGIS;OSBPL6;LILRA1;MC4R;AC093752.2,0.836036954262612,,0.341072132962131,TRUE,""
IMmotion150,3131,DLL1;SNORA51;PDXDC2P;CHRM5;IGSF9B,0.995393632137598,,0.981775044365193,TRUE,""
IMmotion150,3132,DCLK1;EXO1;P2RY13;OR3A2;EMILIN1,1.15833172524871,,0.445631522779411,FALSE,""
IMmotion150,3133,PHGDH;CFAP94;SCD5;ZNF716;TUB,1.08677164522828,,0.667623794598443,FALSE,""
IMmotion150,3134,RASL11A;DLG2;MSC;AL162457.1;WDR17,1.02249968770029,,0.908755987392449,FALSE,""
IMmotion150,3135,CNTNAP3;PYGM;CASZ1;SOX2;NPIPA2,0.858482379164577,,0.452350779747011,TRUE,""
IMmotion150,3136,CCL3;PRCD;MAN1C1;AP000317.2;LIMS2,0.942613476206905,,0.774328587501765,TRUE,""
IMmotion150,3137,SNORD116-23;SNORA33;MAN1C1;CCL23;ELMO3,0.849402035448601,,0.425802988208013,TRUE,""
IMmotion150,3138,SGPP2;DMRTA1;RGS16;KIAA1210;TSPYL5,1.05052801173434,,0.80849713044952,FALSE,""
IMmotion150,3139,TPX2;NTRK3;LRRC37A6P;TAL2;CD226,0.723156477779059,,0.0872301766404089,TRUE,""
IMmotion150,3140,KIF26B;SUMO1P3;ARNTL2;B3GALT1;PDE8B,0.798551667229665,,0.314910508920979,TRUE,""
IMmotion150,3141,VEPH1;AC002470.2;ADAMTS5;RPSAP53;SCARF2,1.47817961454526,,0.0518866692674756,FALSE,""
IMmotion150,3142,FAM149A;PLGRKT;TMEM220;SLITRK3;NEFH,0.754043514401324,,0.175433723016295,TRUE,""
IMmotion150,3143,MXRA8;TMEM184A;TCF7;ZNF192P1;RPS20P14,1.11819679949712,,0.562273085026341,FALSE,""
IMmotion150,3144,SEZ6L2;PNMA2;RDH5;FAM172BP;PDE8B,1.10613562380823,,0.592688587591468,FALSE,""
IMmotion150,3145,NOX4;IL1R2;H4C6;UGT2B17;LINC01138,0.986573433579844,,0.945830583795651,TRUE,""
IMmotion150,3146,RNASE1;TM4SF18;SLC16A5;IFITM3P1;FAM184A,0.985985232864224,,0.94137974925781,TRUE,""
IMmotion150,3147,SELENBP1;EFNA5;PDCD1LG2;NBEAP6;GLI2,0.989122562000499,,0.957705064992781,TRUE,""
IMmotion150,3148,APOC1;SRPX;ABCA10;PCDHA1;KIF15,0.856999647472719,,0.439725093565404,TRUE,""
IMmotion150,3149,DLL1;ZNF57;SCHIP1;TDGF1;MACROH2A2,0.771030852925773,,0.227741289369702,TRUE,""
IMmotion150,3150,ETV1;FNDC4;EGFLAM;ST8SIA2;ZNF135,0.971600895160449,,0.878807473168429,TRUE,""
IMmotion150,3151,PCDHB16;PCDHGA2;IL12RB1;RNASEH1P1;NOL3,0.896421106158201,,0.578012999189476,TRUE,""
IMmotion150,3152,FAT3;HTRA3;ZNF491;NRAP;TROAP,0.970853733927581,,0.876396425703815,TRUE,""
IMmotion150,3153,PLCH1;NAPSB;HOXD8;SMIM43;TRGC2,0.52623546798503,,0.00146922518348638,TRUE,""
IMmotion150,3154,FCGR1B;DEPDC7;SNORD116-14;DLX2;TNFRSF10C,0.963404035986551,,0.838993874674485,TRUE,""
IMmotion150,3155,TRAC;ASAH2B;WDR17;FAM163A;STON1,0.517815889667384,,0.000994581889583742,TRUE,""
IMmotion150,3156,ALDH1L2;EVPL;LYVE1;AL450124.1;BRSK1,1.07885423735442,,0.67687060166927,FALSE,""
IMmotion150,3157,DENND2A;GZMB;CYP2S1;HBG1;SHE,0.896237965442722,,0.608794366209349,TRUE,""
IMmotion150,3158,CCL5;CLEC3B;CSRNP3;HMGA2-AS1;ADAMTS6,0.823603994942337,,0.330908332546946,TRUE,""
IMmotion150,3159,PCDH17;ZNF713;GPX7;AC243562.2;CSPG4P12,0.888846096030892,,0.560860802046985,TRUE,""
IMmotion150,3160,FCGR1B;FAM133DP;CEL;AC011511.5;VNN2,0.556365909501193,,0.00372329796382152,TRUE,""
IMmotion150,3161,NR3C2;PHKA1P1;H2AC16;KRT6A;DAPP1,0.757971984633312,,0.162288242303595,TRUE,""
IMmotion150,3162,LDHAP4;XRCC3;NANOGP8;MYBPC1;ANO2,0.748270190628146,,0.110596531413116,TRUE,""
IMmotion150,3163,NCF1C;FAM241A;ID1;AP000356.2;TSPYL5,0.772268333115751,,0.172917802145596,TRUE,""
IMmotion150,3164,JAM3;LIN7A;FGF2;AL121845.3;SLC22A15,0.835199035554246,,0.345920093415122,TRUE,""
IMmotion150,3165,FAM27E3;FAM241A;PCED1B;EHMT2-AS1;TMEM150C,0.610317377935327,,0.00977074038175432,TRUE,""
IMmotion150,3166,TRAC;IL1B;LRP3;KCNN1;TM7SF2,1.05878718928499,,0.781691854191452,FALSE,""
IMmotion150,3167,FBLN2;SIDT1;MMP19;DDTL;TONSL,0.987825324884849,,0.951843821033233,TRUE,""
IMmotion150,3168,LDLR;GOLGA8IP;STON1;DLX6;PCDHGB3,0.846431822818636,,0.369438825214969,TRUE,""
IMmotion150,3169,C5;UNC5CL;PLK1;CFAP99;PCDHGC5,0.963297097726808,,0.861491318220142,TRUE,""
IMmotion150,3170,KIF26B;ZNF665;CKS2;RXRG;PYHIN1,0.705553869592972,,0.0978303864235498,TRUE,""
IMmotion150,3171,ZNF521;IL12RB2;TM9SF1;SNORA56;EPHB3,1.2488950324996,,0.256266605420733,FALSE,""
IMmotion150,3172,RNASE1;HYLS1;FBXO16;PAX5;ST6GALNAC6,0.790793249015015,,0.205832823580735,TRUE,""
IMmotion150,3173,CDCA2;AKR1C2;RAD51AP1;UGT2B15;IGFBP6,0.676642061502038,,0.0707496062462833,TRUE,""
IMmotion150,3174,COL4A4;DCDC1;RNFT2;ATP2B3;ZNF433,1.17297150604196,,0.437407322292333,FALSE,""
IMmotion150,3175,BUB1B;MAPT;GNA15;KCNG1;PSORS1C1,0.892493412574896,,0.608781481551214,TRUE,""
IMmotion150,3176,CD3E;AL512356.1;ACTBP4;AC135068.1;EYA2,0.873973293002429,,0.494362250432333,TRUE,""
IMmotion150,3177,COL5A3;CKB;RGS18;CSAG3;SEC14L2,0.811073966774744,,0.315727964640123,TRUE,""
IMmotion150,3178,ACP5;SORCS2;TECTA;APOL5;SLC39A4,1.09920462563018,,0.641678759417603,FALSE,""
IMmotion150,3179,CNTNAP3;MSANTD3-TMEFF1;GRIP1;AP002784.1;ADAMTS3,0.862524925460528,,0.489492220830142,TRUE,""
IMmotion150,3180,RNASE1;TBX15;RNF125;MTNR1A;CCDC157,0.775109770181001,,0.186143780553077,TRUE,""
IMmotion150,3181,SCIN;AL021368.4;GPAT3;HMGN1P4;TUB,0.814579967958647,,0.327908165063739,TRUE,""
IMmotion150,3182,CCDC146;ZNF669;CMPK2;TRAV5;ZNF470,0.638941828679589,,0.0107547089381551,TRUE,""
IMmotion150,3183,EMCN;HOMER2;COL11A2;TGM3;PCDHB4,1.02163562907451,,0.914455694588077,FALSE,""
IMmotion150,3184,ABCA9;AC048382.2;CCR1;ADCYAP1R1;ZNF662,1.12853714573647,,0.513728247844846,FALSE,""
IMmotion150,3185,PDLIM3;CXCR6;SNORA60;ADAM21;SLC6A1,1.37071641541403,,0.11897130420125,FALSE,""
IMmotion150,3186,IFI44L;KIF20A;PCDHGA8;DDX11L10;ZDHHC23,1.01676123162085,,0.932750200096036,FALSE,""
IMmotion150,3187,AFF3;GRM8;SLC17A9;DDN;HBEGF,1.02188949544416,,0.912054181206689,FALSE,""
IMmotion150,3188,VEPH1;TPD52L1;PEG3;AC025580.2;UHRF1,0.838296965174361,,0.358708944408403,TRUE,""
IMmotion150,3189,SELENBP1;PODN;BRSK1;AICDA;RAMP2,1.19699688117254,,0.342907584187019,FALSE,""
IMmotion150,3190,ETV1;PIP5K1B;TRGC2;SULT1E1;ACOX2,0.647136296747373,,0.0233844165537849,TRUE,""
IMmotion150,3191,ANOS1;FLT3;TMEM25;SNX32;SLC16A6,0.831537387503124,,0.33429933161319,TRUE,""
IMmotion150,3192,C11orf96;RBP7;PSORS1C1;AL390860.1;ZNF470,1.09223824218659,,0.644031796389504,FALSE,""
IMmotion150,3193,SNORD118;PLCH2;SNORA44;AP001178.4;CD52,0.795591395326299,,0.243911322827331,TRUE,""
IMmotion150,3194,MEIS1;NEK5;KLF2;PPP1R1B;CAMK4,0.827542267072742,,0.371217475308927,TRUE,""
IMmotion150,3195,AR;SLC7A9;PKDCC;AC159540.2;FHDC1,0.832012532892657,,0.331886669184538,TRUE,""
IMmotion150,3196,PKD1P5;ZNF99;HOXA2;AC015911.9;TMEM26,1.16023650108029,,0.455311493190393,FALSE,""
IMmotion150,3197,TRAC;ASAH2B;MTARC1;C8A;NLGN3,0.732514422934861,,0.114319562426544,TRUE,""
IMmotion150,3198,CCDC141;FTH1P5;LPAR1;SLC6A19;CD101,0.805486105307736,,0.283756530892079,TRUE,""
IMmotion150,3199,MXRA7;NRG3;CASZ1;VAC14-AS1;POLQ,1.11313782867757,,0.61587690507253,FALSE,""
IMmotion150,3200,DNAH6;SNORD104;RGS18;LCN10;CCDC9B,0.886187554592439,,0.514903083870217,TRUE,""
IMmotion150,3201,CRIP1;PRRX1;H3C7;NKAIN1;SCAMP5,1.01576591847583,,0.937975069803198,FALSE,""
IMmotion150,3202,FAM149A;MT1F;TESPA1;PROX2;PRELID2,0.964445113519776,,0.84849706458101,TRUE,""
IMmotion150,3203,PCSK5;MT1L;HOXA3;AD000091.1;TWF1P1,0.577733776054916,,0.00670239308775929,TRUE,""
IMmotion150,3204,NOSTRIN;EML5;LRRC37A6P;CFHR2;IKZF3,0.788865018294557,,0.23939714321764,TRUE,""
IMmotion150,3205,DSEL;AGBL3;KIF2C;FCN2;MARCKSL1,1.01433563902168,,0.946259516870408,FALSE,""
IMmotion150,3206,MXRA8;TRGC1;C5AR1;COL2A1;BANK1,0.893435896449715,,0.589398482325493,TRUE,""
IMmotion150,3207,EPHA3;METTL7B;HENMT1;AC008760.2;BMP2,1.12254110701559,,0.55375986766734,FALSE,""
IMmotion150,3208,HRH2;LOXHD1;FAM86DP;KCNIP1;RAD54L,1.28901515223455,,0.265938090624867,FALSE,""
IMmotion150,3209,EPHX2;ZNF831;DRC3;KLK4;HSPD1P4,1.05600183838091,,0.752770734008167,FALSE,""
IMmotion150,3210,AKR1C1;SLAMF7;AFF2;MYBPC1;SNORA71A,0.829808554867223,,0.338868210589836,TRUE,""
IMmotion150,3211,HOOK1;LIPC;ACAP1;FAM149B1P1;MARCHF3,0.797942956694168,,0.311541464514251,TRUE,""
IMmotion150,3212,FHL2;BMPR1AP2;OSBP2;SOX8;ANO2,0.833605346482713,,0.330830179136707,TRUE,""
IMmotion150,3213,LEF1;HMGN1P3;RNU4ATAC;RAET1E;PRTFDC1,0.966455154803232,,0.860483249856585,TRUE,""
IMmotion150,3214,BUB1B;ANKRD33B;NOVA2;PCDH15;ZNF540,0.757097520302018,,0.125900283362337,TRUE,""
IMmotion150,3215,PCDHB8;OLFML1;DGKI;PIANP;EPHB3,1.21187073834311,,0.328445907970974,FALSE,""
IMmotion150,3216,TRBC2;PHYHD1;AC092068.3;AL355312.5;SOX5,0.943011673423385,,0.76730355343792,TRUE,""
IMmotion150,3217,SNORA71D;CXCR6;PATL2;FO681492.1;PMEPA1,1.0344200395514,,0.858481780638771,FALSE,""
IMmotion150,3218,PTPN3;SUSD2;H1-5;FAM133A;RHOD,1.51765812266624,,0.0761067586774223,FALSE,""
IMmotion150,3219,BAIAP2L1;PNMA2;SNORA18;DOK7;MREG,0.691193506203058,,0.0556214235279677,TRUE,""
IMmotion150,3220,SLC2A10;TK1;SCARF2;C1GALT1P2;RGL3,1.01053666978801,,0.958666311721476,FALSE,""
IMmotion150,3221,FN3K;ZNF565;P2RY1;NDUFB4P12;RSAD2,0.815914578752063,,0.315145326476171,TRUE,""
IMmotion150,3222,TRIM9;FAM157C;FRMD3;TTC6;ARHGEF37,0.890295392558352,,0.482135986250135,TRUE,""
IMmotion150,3223,KIF4A;COL24A1;SNORD116-14;APOC3;KLRD1,0.757356178853472,,0.190069324807451,TRUE,""
IMmotion150,3224,ANGPT2;PDZRN3;LRRC37A6P;HTR1D;NLGN3,0.612865797796562,,0.00822560694504929,TRUE,""
IMmotion150,3225,MEST;EPHA1;LZTS1;NOS1;BMP2,1.14237392814926,,0.533417693997202,FALSE,""
IMmotion150,3226,LDHAP4;PLCH2;BPTFP1;CD5L;TEF,0.816899542281785,,0.306350315405265,TRUE,""
IMmotion150,3227,ACP5;EML5;MEGF6;GFI1B;ADRB2,0.807436115430369,,0.290825194720224,TRUE,""
IMmotion150,3228,COL5A3;LRRC37A17P;CSRNP3;ADH1A;MEFV,1.19937066301773,,0.355192545946781,FALSE,""
IMmotion150,3229,PLAUR;CFD;S1PR2;AP000346.1;GFOD1,0.91919792073655,,0.649592736362454,TRUE,""
IMmotion150,3230,CD163L1;TSPAN7;ELAPOR2;AC233968.1;NAP1L4P1,0.983076888176042,,0.928323274116629,TRUE,""
IMmotion150,3231,SGPP2;FCGR3B;TPPP3;TRPC7;HOXD4,0.998531666650156,,0.993802288808376,TRUE,""
IMmotion150,3232,LDLR;CFD;ZNF876P;ULK4P1;TMEM25,1.13863829617524,,0.478794740477906,FALSE,""
IMmotion150,3233,RETREG1;RGS4;ELMO3;SLC22A6;CD302,1.14496014992011,,0.486544639458436,FALSE,""
IMmotion150,3234,ARFGEF3;UBE2C;GRIP1;MDGA2;RAD54L,0.948201402365343,,0.797893421473137,TRUE,""
IMmotion150,3235,KRBA1;PCDHGB1;OXER1;ANGPTL7;DTX2P1,1.02715300059251,,0.887588138786459,FALSE,""
IMmotion150,3236,DSEL;HSD11B2;FAM160A1;SHISA2;P2RY13,1.21725745617514,,0.339698422071851,FALSE,""
IMmotion150,3237,HSPA7;AC138894.1;HEYL;SLC22A7;ATP8B3,0.886501743336802,,0.538361498761858,TRUE,""
IMmotion150,3238,SMIM3;NSUN7;ANGPT1;FSTL4;RFLNB,1.0348237623482,,0.863673208759907,FALSE,""
IMmotion150,3239,ZFHX4;HYLS1;SDC1;DUSP26;E2F7,0.9147848219452,,0.676677549922531,TRUE,""
IMmotion150,3240,MEST;IL17RD;SNORA59B;GFRA3;ZFP2,0.826378208146729,,0.299816056997818,TRUE,""
IMmotion150,3241,TPX2;ZNF727;LETM2;GRID2;CASS4,0.827255743859881,,0.324529675993963,TRUE,""
IMmotion150,3242,H2BC17;ACKR4;ELMO3;PGA3;CSTA,0.882303814121325,,0.500065707046334,TRUE,""
IMmotion150,3243,SLC2A10;EXPH5;VDR;AC009060.1;ATF5,1.01183318109812,,0.954329991631531,FALSE,""
IMmotion150,3244,SMAD9;EFNA5;CA11;SNORA56;PDXDC2P,0.83430029056041,,0.390803878195238,TRUE,""
IMmotion150,3245,CDCP1;EPHA1;EMP2;AKR1C4;RAMP2,1.27033302755263,,0.240994537436315,FALSE,""
IMmotion150,3246,CD163L1;MST1P2;SECTM1;KLF17;IQCC,1.02421053090567,,0.903197488907748,FALSE,""
IMmotion150,3247,PLS1;UGT8;RAI2;TRAV5;SLC22A4,0.735365808797922,,0.0959416242978431,TRUE,""
IMmotion150,3248,ACSM3;COL24A1;STK32B;AC093512.2;LCK,0.875750734479173,,0.490439186706919,TRUE,""
IMmotion150,3249,GRAMD1B;CLEC3B;NAALADL2;CSDC2;CISH,0.780910361845559,,0.223337057951042,TRUE,""
IMmotion150,3250,ANOS1;GPR160;CD72;SCEL;SNORA55,0.657501119952978,,0.0220447010486115,TRUE,""
IMmotion150,3251,KIF23;CLEC12A;DUSP7;AL358232.2;PRH1,0.949265255452833,,0.807560477213391,TRUE,""
IMmotion150,3252,SNAI2;KIF17;CCND2;MARCHF4;SDC1,0.792749420478721,,0.206317817494584,TRUE,""
IMmotion150,3253,FILIP1;SNCAIP;ORC1;RSPO2;MFAP3L,0.855703277775614,,0.400683408026415,TRUE,""
IMmotion150,3254,HOOK1;AP002373.1;CX3CL1;ASS1P5;SCD5,0.709162320776382,,0.0597974400324432,TRUE,""
IMmotion150,3255,TLL1;NDC80;ARHGEF37;BHLHE22;FEZ1,0.90858922531057,,0.657433152541961,TRUE,""
IMmotion150,3256,MYOM1;CCDC68;CSTA;AC005021.1;PFN2,1.00709694081617,,0.972786820782903,FALSE,""
IMmotion150,3257,TNFRSF11B;RGS4;KLF2;ZIC5;ASMTL-AS1,1.08006797260495,,0.69995152874398,FALSE,""
IMmotion150,3258,DKK3;RP9P;TNFRSF11A;CSMD3;LINC02449,0.831572078948235,,0.327992777754821,TRUE,""
IMmotion150,3259,TLR7;TMEM232;CA11;AL078621.2;SOCS3,0.893724214700572,,0.561441464264876,TRUE,""
IMmotion150,3260,SNORD116-23;CCN4;GRHL1;HNRNPA1P52;SLAMF8,0.832890739336547,,0.364874481417747,TRUE,""
IMmotion150,3261,MAP7;P2RY10;AC092068.3;GPR27;NUAK2,0.701736871650798,,0.0720511857466816,TRUE,""
IMmotion150,3262,MATN2;CDA;C2orf27A;AC008763.3;GSTM3,1.08275658283646,,0.712370828293531,FALSE,""
IMmotion150,3263,LIF;ADGRD1;RBKS;CMA1;C1QTNF3,1.57442787680412,,0.0290638646823268,FALSE,""
IMmotion150,3264,TTC39A;METTL15P1;TEKT4P2;SNX32;FHAD1,0.821850387374127,,0.367451313121843,TRUE,""
IMmotion150,3265,EPHX2;TRIM45;KLF4;SLC7A4;TM7SF2,1.0519535349693,,0.774702999937958,FALSE,""
IMmotion150,3266,CCL5;IKBKG;KCNS3;MYH6;TRIB3,0.748640827871706,,0.119643212673021,TRUE,""
IMmotion150,3267,MOCOS;ASAH2B;KCNK1;AL139423.1;H2BC3,1.19501887249819,,0.351189215838971,FALSE,""
IMmotion150,3268,TRBC2;MT1F;CCNJL;MOGAT1;ANO2,0.769110832141398,,0.170488748868329,TRUE,""
IMmotion150,3269,ANLN;AC138894.1;ZNF540;NRAP;DOK2,0.631014119971383,,0.0438051668076015,TRUE,""
IMmotion150,3270,MEIS1;RERG;DET1;AC012640.4;OASL,0.906271435579787,,0.602299897895815,TRUE,""
IMmotion150,3271,ANOS1;FAM133DP;ZNF502;MMP8;BPTFP1,0.61764915317298,,0.00965415606785954,TRUE,""
IMmotion150,3272,AR;HMGB3;RHPN1;SNTG2;HSPA6,0.865789907180377,,0.482131493411597,TRUE,""
IMmotion150,3273,SNORA21;PDCL3P4;AK7;RPL17P34;EGFL7,0.884537378888443,,0.513208490198209,TRUE,""
IMmotion150,3274,ITK;AC093899.2;MAD2L1;CASP1P2;SNORA14A,0.632182557294347,,0.0248344682560502,TRUE,""
IMmotion150,3275,ACP5;ISCA1P1;SLC6A9;RPS26P15;TMEM273,0.743553003142688,,0.150603925932307,TRUE,""
IMmotion150,3276,TRO;EGF;DHFR2;UBA52P6;ZNF433,1.03169912180418,,0.864761068230632,FALSE,""
IMmotion150,3277,ZNF395;TBX15;ATP8B3;WFDC10B;MSS51,0.843557675377811,,0.422543024147611,TRUE,""
IMmotion150,3278,EDNRB;ANO9;BTG2;DMRTC1B;LRATD1,0.935067183363776,,0.743948591773196,TRUE,""
IMmotion150,3279,MAP7;CKB;SCIMP;DMRT2;SPATA6L,0.708301814148737,,0.084650622926865,TRUE,""
IMmotion150,3280,SERPINI1;SYBU;CAMK2N1;RNU1-2;HEYL,0.947762077989466,,0.794069019541884,TRUE,""
IMmotion150,3281,SNORA31;AC008878.1;SLC39A4;OR9Q1;MAP3K9,1.222694951333,,0.283373353213284,FALSE,""
IMmotion150,3282,TRIM9;EPHB1;CAMK4;ZBED2;PAPPA,0.720856925646391,,0.112672461073661,TRUE,""
IMmotion150,3283,SDK1;DLG2;PDXDC2P;AL445665.1;PTCH2,0.992018480850033,,0.968864095888849,TRUE,""
IMmotion150,3284,SDK1;SPEG;SYT17;CEACAM6;FGD1,0.74788030869199,,0.131712468496726,TRUE,""
IMmotion150,3285,C11orf96;PDZRN3;THSD1;PRPF4BP1;RTP4,0.830692862523772,,0.327720781529073,TRUE,""
IMmotion150,3286,CNTNAP3P2;SEMA3B;SPN;IGLV5-45;TAS2R5,0.78974253360338,,0.231162856347508,TRUE,""
IMmotion150,3287,ANG;CXCR6;HEY2;LINC00862;OXER1,0.988355585580457,,0.953879967847857,TRUE,""
IMmotion150,3288,PCDHGB4;EFNA5;DUSP5;SFTPB;TPRN,0.734096290043824,,0.118448226771413,TRUE,""
IMmotion150,3289,BOC;CD38;SNORA60;ZNF355P;KCNS3,0.647205291212941,,0.031929579575235,TRUE,""
IMmotion150,3290,BOC;AC008878.1;TMC4;AC244517.11;SNORA3B,0.98596346984864,,0.937653439492278,TRUE,""
IMmotion150,3291,IFI27;AC093899.2;IL21R;AC009244.1;BASP1,0.663563814098828,,0.0496414947743505,TRUE,""
IMmotion150,3292,CDCP1;GNLY;IL4I1;AC106017.2;MCOLN2,0.719181369609179,,0.0862431445501995,TRUE,""
IMmotion150,3293,EDIL3;BCL2A1;SLAMF6;EPYC;ZNF816-ZNF321P,0.677517808780467,,0.041560143895767,TRUE,""
IMmotion150,3294,DSEL;ZBP1;JAM2;ARTN;ATF5,0.889245307018754,,0.532118302426953,TRUE,""
IMmotion150,3295,PLEKHA7;EFNA5;PDE7B;FAM90A2P;HAPLN3,0.727083468208561,,0.114564306095611,TRUE,""
IMmotion150,3296,ANG;GBP1P1;C1QTNF3;CUBNP3;CATSPERG,1.09810977024054,,0.645210345393576,FALSE,""
IMmotion150,3297,SRPX2;CX3CR1;SLC43A1;SNORD56;SSPOP,1.02152908266335,,0.912355781942211,FALSE,""
IMmotion150,3298,GBP5;PLXNB3;PRELID3A;OR11H12;RUNX1T1,0.818753093094931,,0.291071060656517,TRUE,""
IMmotion150,3299,MT-ATP6;PHKA1P1;STRC;CAPN9;METRNL,0.760065230276677,,0.150903738571227,TRUE,""
IMmotion150,3300,DNAH6;PTGS2;MFAP3L;AC005225.2;SNORA18,1.40471683768488,,0.0955036266139606,FALSE,""
IMmotion150,3301,LDHAP4;MT1F;RAD51AP1;P2RX3;ORC1,1.08127779558308,,0.702965134086991,FALSE,""
IMmotion150,3302,ANLN;UBE2T;TXK;USP41;ZNF502,0.571801039424131,,0.011141345091125,TRUE,""
IMmotion150,3303,NFASC;NPHP3-ACAD11;BMERB1;CDC20B;FMOD,1.11741303567774,,0.558961541449361,FALSE,""
IMmotion150,3304,PCDH17;RGS4;RPS2P46;ANKRD30A;RAB38,1.27018264870784,,0.230427748961644,FALSE,""
IMmotion150,3305,ANGPT2;FAM241A;RNF125;C1orf210;THRB,0.766914020795234,,0.163767287728197,TRUE,""
IMmotion150,3306,TLL1;PLAC8;KCNJ5;FAM90A2P;CD3G,0.804498135752305,,0.240753751824001,TRUE,""
IMmotion150,3307,BAIAP2L1;GALNT15;EVA1C;TRAV8-3;TTK,0.745461662203525,,0.138292587353035,TRUE,""
IMmotion150,3308,APBA2;MAPT;SCUBE2;UTS2;TMEM132A,0.709091596599962,,0.105037523353397,TRUE,""
IMmotion150,3309,SELENBP1;ITGA2B;ADAMTSL1;POM121L6P;AC004832.3,1.36448867823051,,0.109764350359163,FALSE,""
IMmotion150,3310,NTN4;CSMD2;KBTBD8;TGM3;LIMD2,0.63517944506579,,0.0274977508702609,TRUE,""
IMmotion150,3311,DKK3;HMGN1P3;AC004997.1;STYXL2;THRB,1.14353802730095,,0.546610350465243,FALSE,""
IMmotion150,3312,SNORA61;IGF2BP2;IKZF3;OPN4;CLCN4,0.768770062188045,,0.161665557150588,TRUE,""
IMmotion150,3313,MAP3K21;ASS1P1;IQCC;AL139220.2;PCDHGA8,0.802861563387089,,0.24914911511704,TRUE,""
IMmotion150,3314,MAP2;ADAM1A;CLEC14A;G6PC2;CD180,1.02386111395889,,0.906772593354916,FALSE,""
IMmotion150,3315,KIF26B;PRRX1;EPHB3;AC025279.1;SCUBE2,1.08758542126746,,0.672124046945293,FALSE,""
IMmotion150,3316,TSC22D3;RNF150;CLEC14A;AC011979.1;BTG2,1.17932563444492,,0.395381932279096,FALSE,""
IMmotion150,3317,FHL2;KLRC4-KLRK1;RTL5;KPNA7;TPRN,0.71529290322574,,0.109703648797694,TRUE,""
IMmotion150,3318,RGS2;ADGRB2;GJA4;CWH43;HHEX,1.06578166016908,,0.776159507245998,FALSE,""
IMmotion150,3319,PTER;TMEM232;SNORA72;EIF4A1P7;SOCS2,1.07103622406199,,0.720439511600959,FALSE,""
IMmotion150,3320,NR3C2;GNLY;NPIPA2;ANGPTL5;SNORA46,0.88305505521401,,0.554385153138984,TRUE,""
IMmotion150,3321,ITGA11;INHBB;STMN3;DDX11L10;WNK3,1.35934697986292,,0.113023376184156,FALSE,""
IMmotion150,3322,PTGIS;PCDHA7;RASSF7;AC018809.3;MILR1,0.842196615598778,,0.37938547310697,TRUE,""
IMmotion150,3323,GRAMD1B;EGF;IFI6;GADL1;CCDC157,0.822794949102441,,0.314572085207933,TRUE,""
IMmotion150,3324,TMEM91;CYB5R2;ZNF793;AC005329.1;PCDHGA4,0.991329850490851,,0.96226754328386,TRUE,""
IMmotion150,3325,PSD3;SRPX;TCF7;AC135178.3;KLRD1,0.76221631324032,,0.155816719166996,TRUE,""
IMmotion150,3326,MATN2;BTNL9;ZAP70;SAP25;GOLGA2P5,0.784569842281343,,0.221683194897058,TRUE,""
IMmotion150,3327,PCDHB8;FAM86EP;HENMT1;POPDC3;HEY2,0.69375151611809,,0.0710334819292116,TRUE,""
IMmotion150,3328,HOOK1;CST7;TTC25;OR7E125P;LY96,0.810364697900763,,0.301970015039916,TRUE,""
IMmotion150,3329,CNTNAP3;PYGM;KCNK5;IGHV2-70D;ZSCAN31,1.02357027792723,,0.905592350461466,FALSE,""
IMmotion150,3330,ACP5;CATSPER3;TLE2;KIAA2012;CENPU,0.686010797336495,,0.0679311112013618,TRUE,""
IMmotion150,3331,LDHAP4;IGFBP2;RBKS;NDST3;KLF2,1.0089125106768,,0.965955823254294,FALSE,""
IMmotion150,3332,KRBA1;KIF5C;MELK;TUBB8B;RUNX1T1,0.746343655277606,,0.142209752976241,TRUE,""
IMmotion150,3333,MEIS1;KLHL4;ZFP2;CSGALNACT2P1;LINC01550,0.781509234691175,,0.227686838787865,TRUE,""
IMmotion150,3334,SERPINI1;PTGS2;GPR34;OR7E47P;TICRR,1.11510063229373,,0.588696359313389,FALSE,""
IMmotion150,3335,PTGIS;TBKBP1;CEL;AC005021.1;AGBL2,0.879121252504533,,0.496355075561369,TRUE,""
IMmotion150,3336,SNAI2;AC093668.1;LINC01002;ZIC1;SEMA4G,1.0187035971017,,0.9262040130372,FALSE,""
IMmotion150,3337,CD3E;RNF157;PDE7B;AC092153.1;MBNL3,0.649372990048112,,0.0256483528015133,TRUE,""
IMmotion150,3338,IRS2;GRID1;ZNF793;ERFL;ZNF214,1.02111128351529,,0.91633715930505,FALSE,""
IMmotion150,3339,MATN2;FAM86B1;AXIN2;AL031666.2;GRAPL,1.11323257526243,,0.572996865401834,FALSE,""
IMmotion150,3340,SNORD116-22;ADGRB2;GRAP2;OR2T11;AC093752.2,1.04387436022233,,0.829032852606531,FALSE,""
IMmotion150,3341,RHOB;NPIPB8;MEGF6;FBN3;RPL23AP32,0.913171509655529,,0.619153181068067,TRUE,""
IMmotion150,3342,PDE2A;AC008878.1;GGH;AC007878.1;CATSPERE,1.00212366660515,,0.992187251595698,FALSE,""
IMmotion150,3343,ALDOC;ZNF232;Z74021.1;CTSLP2;H2BC3,1.08599611542197,,0.749621660586999,FALSE,""
IMmotion150,3344,AGAP7P;EPHA1;TMC7;CYP4A22;TWF1P1,0.835138522057441,,0.313050654531994,TRUE,""
IMmotion150,3345,KIF26B;C6orf132;AL158050.1;GCSAML;SHCBP1,0.780859273057751,,0.223300113826339,TRUE,""
IMmotion150,3346,ADM;SHC2;SNORA71A;AC114324.1;SEPTIN1,1.08061062025178,,0.692221925422159,FALSE,""
IMmotion150,3347,NOX4;SLC7A9;ABCA10;IGHV3-71;GZMA,0.757617541776702,,0.171955873489205,TRUE,""
IMmotion150,3348,ANKS1B;AKR1C2;KLRB1;AIRE;B4GALT6,0.89889967499039,,0.575271130439211,TRUE,""
IMmotion150,3349,SELENBP1;LOXL1;CCRL2;LGALS9C;CD83,0.988589209685216,,0.952370753539343,TRUE,""
IMmotion150,3350,PDLIM3;OLFML1;HEY1;LY6E-DT;NEFH,1.06775228885879,,0.733726077502607,FALSE,""
IMmotion150,3351,SLC2A10;FLRT2;LPAR1;AC069287.1;ZNF135,1.07976605018352,,0.689882927826646,FALSE,""
IMmotion150,3352,PTGIS;NALCN;RSAD2;TRAV25;PAPPA,0.731022474298782,,0.113132216396591,TRUE,""
IMmotion150,3353,SDHAP2;METTL15P1;RAMP3;PDXP;ZSCAN31,0.935293456723251,,0.700819152657164,TRUE,""
IMmotion150,3354,CTAGE6;CFAP251;ZFP2;ZBED2;SHROOM2,0.811161996726655,,0.261699835527879,TRUE,""
IMmotion150,3355,PDLIM3;GPLD1;RBKS;LINC01504;LPAR1,1.06523144297403,,0.748926339576457,FALSE,""
IMmotion150,3356,RADX;NME5;MAFB;UNC5D;Telomerase-vert,0.916882978156938,,0.643820306496438,TRUE,""
IMmotion150,3357,FCGR1B;PPCDC;MAPK12;LINC00621;TLE2,0.770532072546673,,0.199580718120409,TRUE,""
IMmotion150,3358,CDCP1;ITIH4;ASRGL1;SNORA15B-2;RAB37,0.97542602919769,,0.898625277166826,TRUE,""
IMmotion150,3359,HKDC1;NCR3LG1;PTPN7;KRT222;MARK1,0.7414423389561,,0.143959606049093,TRUE,""
IMmotion150,3360,CD209;FLRT2;FCMR;RGSL1;H3C1,0.81760784003765,,0.336170600994623,TRUE,""
IMmotion150,3361,ADAM12;AC138894.1;PTPN7;OR1S1;RHPN1,0.88523300527037,,0.529720878197841,TRUE,""
IMmotion150,3362,KIF26B;AC093899.2;APOBEC3B;NUTM2F;CSPG4P12,0.904415378584179,,0.676421108656181,TRUE,""
IMmotion150,3363,THSD4;COX7A1;SLC22A15;HTR1D;STAG3,0.753693906436646,,0.144064625409309,TRUE,""
IMmotion150,3364,RGPD3;GIMAP1-GIMAP5;SEMA7A;LINC01597;ZNF433,0.839288991621686,,0.280353194677723,TRUE,""
IMmotion150,3365,MEST;SEMA3B;TCF7;LINC01605;ATF5,0.974971868414625,,0.899450140378461,TRUE,""
IMmotion150,3366,MT-ND2;MARVELD2;RASSF7;AC103809.1;TLE2,1.02374811283714,,0.902534083610931,FALSE,""
IMmotion150,3367,PCDHB16;ACKR4;SOCS3;RPL23AP25;SLC15A2,0.707575298418994,,0.0802373718114683,TRUE,""
IMmotion150,3368,PDGFD;LIPG;SNORA59B;LEP;C5AR1,0.876323964167091,,0.495111794350293,TRUE,""
IMmotion150,3369,TRAC;SHC2;P2RY1;AC243562.2;SUGCT,0.770705767929377,,0.208569317537764,TRUE,""
IMmotion150,3370,TSKU;AC000093.1;KIF2C;POU6F2;ANKRD23,1.21764401074573,,0.338064726381005,FALSE,""
IMmotion150,3371,STEAP3;GJA5;KCNS3;TBC1D3F;RAB38,0.969252129072516,,0.864416927921772,TRUE,""
IMmotion150,3372,CCL2;CAPN12;BMP4;MEP1A;CACNB2,1.15712445091466,,0.500729793184666,FALSE,""
IMmotion150,3373,OLFML3;LRRC37A17P;TSHZ2;RPS2P7;SNORA18,1.25734829698921,,0.245623204779497,FALSE,""
IMmotion150,3374,SNORA31;PLCD4;HBEGF;SPDYE5;ABCB9,1.20137258651768,,0.35650777454009,FALSE,""
IMmotion150,3375,ABCA9;COLEC12;AC004890.2;IGKV1D-17;MOB4,0.846771425261616,,0.358781168106601,TRUE,""
IMmotion150,3376,CEACAM1;NRG3;CMKLR1;PHOSPHO1;EPHB3,1.01347452860576,,0.948215834965858,FALSE,""
IMmotion150,3377,NAV3;CREB3L1;CD33;HOXB13;FCMR,0.641746505920654,,0.0311009436401733,TRUE,""
IMmotion150,3378,PCDHB12;CFD;IKZF3;ALOX12B;KBTBD8,0.704463491205145,,0.0759193659827479,TRUE,""
IMmotion150,3379,MT-ND1;LAG3;RTL5;PLCZ1;INHBA,0.602164080842745,,0.0133038470820899,TRUE,""
IMmotion150,3380,CDCP1;XKR9;UST;SLC9C2;HOMER1,1.17149500808312,,0.395201466790378,FALSE,""
IMmotion150,3381,TLR7;ULBP2;IFI6;SNORD26;FBXO17,1.27171377124865,,0.231464544076752,FALSE,""
IMmotion150,3382,IMPA2;C15orf48;AD000090.1;RHD;SCD5,0.812673426353715,,0.296114995162308,TRUE,""
IMmotion150,3383,SNORD116-1;EML5;TSPOAP1;SNORA15B-1;DIPK2B,1.20329623507981,,0.337162056712348,FALSE,""
IMmotion150,3384,MTARC2;AC233699.1;ZDHHC23;PCDH11Y;GADD45B,1.07661909897154,,0.691826434326422,FALSE,""
IMmotion150,3385,HYDIN2;NUF2;AMIGO2;RNU1-1;IQCN,0.736883417898255,,0.110193282411187,TRUE,""
IMmotion150,3386,TRAC;ZIK1;RNLS;AC091167.7;CMKLR1,0.654513950315688,,0.0204586465290391,TRUE,""
IMmotion150,3387,NAV3;SLC5A4;LRRC17;C14orf39;APCDD1,1.10917251473797,,0.596853330116175,FALSE,""
IMmotion150,3388,TMEM200A;AC022415.2;EPHB2;CCL24;POLQ,0.909458115626721,,0.666954114843503,TRUE,""
IMmotion150,3389,SNORD116-22;KLHL4;CHRD;KIAA2012;RAMP2,1.11265856094479,,0.607743760485918,FALSE,""
IMmotion150,3390,ACSS3;PLXNB3;PLEK2;SLC6A19;PTPN7,0.849402818128024,,0.432655035675463,TRUE,""
IMmotion150,3391,APBA2;IL1RL2;STAC3;LINC01504;UBBP4,0.616977853391747,,0.0116539013140035,TRUE,""
IMmotion150,3392,HKDC1;ADRA1B;FEZ1;FOXA3;SIRPB2,1.03441451323192,,0.868584180705612,FALSE,""
IMmotion150,3393,SELL;GZMB;TSPAN2;MAGEC1;LY86,0.784267363404221,,0.214049247331621,TRUE,""
IMmotion150,3394,MAP3K21;PHKA1P1;CATSPERG;RPL36AP33;CCNF,0.804874683072604,,0.287332071941405,TRUE,""
IMmotion150,3395,PCSK5;BTBD11;FCN1;PDE6A;DAPP1,0.593383351112251,,0.0106965126721476,TRUE,""
IMmotion150,3396,FILIP1;AC034102.1;MAN1C1;PAGR1;WNK3,1.03512577721666,,0.868054066654963,FALSE,""
IMmotion150,3397,KIF4A;ETNK2;HSD17B14;KIRREL3;SEC14L2,0.942115016164589,,0.776547507245204,TRUE,""
IMmotion150,3398,EGR2;NME1-NME2;THEMIS;XIRP2;PCDHGA4,0.629893820036202,,0.0195623565340659,TRUE,""
IMmotion150,3399,BUB1;GREB1;TRIM36;RPL7P28;RNU4ATAC,0.97977556728308,,0.917182760132362,TRUE,""
IMmotion150,3400,IMPA2;ETNK2;PECAM1;AC005540.1;RSAD2,1.0564562992102,,0.76208860063349,FALSE,""
IMmotion150,3401,KIT;F2RL1;NBL1;KRT18P38;AGBL2,0.822309481999872,,0.35293562525623,TRUE,""
IMmotion150,3402,CD163L1;CYB5R2;APCDD1;TBC1D3K;KCNK1,1.14835399652389,,0.502476368756407,FALSE,""
IMmotion150,3403,ANOS1;ISCA1P1;SLC16A6;ZNF725P;RAMP2,0.888678067915956,,0.557652419099758,TRUE,""
IMmotion150,3404,TRAC;CXCR6;CD302;DLGAP2;CCDC150,0.796449661799887,,0.248675834264117,TRUE,""
IMmotion150,3405,RNASE1;SCN8A;CD247;AC008758.4;EGFLAM,1.17581041348215,,0.392753936707183,FALSE,""
IMmotion150,3406,CCDC146;DMRTA1;ARNTL2;KLK4;UST,0.788652847641548,,0.216304385602949,TRUE,""
IMmotion150,3407,SDK1;GPR160;PRRG4;PGM5P2;P2RY1,0.839084533257618,,0.344514229168123,TRUE,""
IMmotion150,3408,SMOC2;AC093668.1;SNORA26;AC124856.1;TRPC4,0.955632328544512,,0.815722035780436,TRUE,""
IMmotion150,3409,AKAP6;CHI3L2;RNF138P1;C21orf62;P3H3,1.13192941113075,,0.526068073446492,FALSE,""
IMmotion150,3410,PLS1;ZNF511;BMP2;LINC01151;LNX1,1.12094817080453,,0.582058653411779,FALSE,""
IMmotion150,3411,NCF1C;HLA-H;SNORA46;PPIAP51;KIAA1755,0.749039518701931,,0.150968907011971,TRUE,""
IMmotion150,3412,MAP3K21;UNC5CL;CCR5;RERGL;LINC02449,0.92090831763042,,0.688243491374528,TRUE,""
IMmotion150,3413,CD3E;MSANTD3-TMEFF1;ZNF366;MOGAT3;GALNT3,0.68282189004527,,0.0392725153488058,TRUE,""
IMmotion150,3414,BICDL1;CCN4;DNAJC6;CYP4Z1;HSPD1P4,0.790647244468138,,0.225357409966242,TRUE,""
IMmotion150,3415,PDGFD;ANKRD33B;BNIP3P1;C9orf129;KIAA1755,0.762607263095111,,0.168432464912109,TRUE,""
IMmotion150,3416,HGF;SGK2;RNF144A;SYT10;TCF7,0.997201779841155,,0.988950196257549,TRUE,""
IMmotion150,3417,PCDHGB4;TCIM;LILRA1;SERPINC1;FAM227A,0.966080594423833,,0.863264898887411,TRUE,""
IMmotion150,3418,BAIAP2L1;ITGA2B;PCDHB4;CIDEC;MSC,1.39335123312459,,0.07235230158359,FALSE,""
IMmotion150,3419,PDGFD;NEIL3;CCDC113;SLC6A15;SNORA55,0.893811992809723,,0.580939319046606,TRUE,""
IMmotion150,3420,DKK3;DNAJC22;LINC01550;SNORD116-18;VDR,0.700591081426333,,0.102537163394784,TRUE,""
IMmotion150,3421,FAM83H;SS18L2;OXER1;ZFP41;RNF125,0.722909698191759,,0.101724445546748,TRUE,""
IMmotion150,3422,SLC2A10;SNORA64;TLK2P2;AC243829.1;LPAR1,0.80271371652611,,0.30418140434347,TRUE,""
IMmotion150,3423,PARM1;SHB;FBXL7;RPL36AP33;ARHGEF15,0.758969416807635,,0.124384442844721,TRUE,""
IMmotion150,3424,TRBC2;CFAP91;TAS2R5;AC135068.5;E2F7,0.774001333191807,,0.194666192095416,TRUE,""
IMmotion150,3425,CCL5;AF241726.1;SEC63P1;IGHV4-55;CDK1,0.52994209260895,,0.00310037533536729,TRUE,""
IMmotion150,3426,TRO;PLXNB3;DEPP1;KRT8P8;RPL32P3,1.09985325025536,,0.5995531490473,FALSE,""
IMmotion150,3427,GRAMD1B;PIP5K1B;VWA1;AL133500.1;SYT17,0.713761091756224,,0.104828074972024,TRUE,""
IMmotion150,3428,EIF2S2P4;AGBL3;TLE2;ITIH1;ENO3,0.807421865482175,,0.281535352293964,TRUE,""
IMmotion150,3429,OR2A7;NLGN4X;NCAPG;IGHV2-26;AL096711.2,0.790423872571969,,0.218641210394328,TRUE,""
IMmotion150,3430,SNORA31;LRRC37A17P;PIM2;SST;CD52,0.69994235227367,,0.0762788106051154,TRUE,""
IMmotion150,3431,TSPAN13;GPR39;NXN;EGLN1P1;RBKS,1.15580733928487,,0.474987735536812,FALSE,""
IMmotion150,3432,RRM2;CCDC148;MAPK12;ULK4P1;CD101,1.02102850061911,,0.910944847458193,FALSE,""
IMmotion150,3433,IFI27;F2RL1;PDXDC2P;TERF1P2;PYHIN1,0.592380802542337,,0.0100759630252695,TRUE,""
IMmotion150,3434,APOC1;SLAMF1;FBXL7;RNASE3;RGCC,0.821470061624686,,0.293452089179509,TRUE,""
IMmotion150,3435,PCSK5;ACTG2;AC068580.4;BNIP5;SNORD116-14,0.853753435778408,,0.462752548340372,TRUE,""
IMmotion150,3436,ALDH1L2;TRBC1;SECTM1;SMIM10L2B-AS1;FZD8,0.807882710347055,,0.282978853058634,TRUE,""
IMmotion150,3437,PCDHGB4;ZNF726;S1PR2;ETNPPL;TIGD2,0.589658663480925,,0.0572040483825622,TRUE,""
IMmotion150,3438,CD3E;NLGN4X;KLHL13;SNORD115-32;METRNL,0.801865498692961,,0.265186389575174,TRUE,""
IMmotion150,3439,SPNS2;PLCD4;WDR17;SP5;SLC7A8,1.20691501199576,,0.365808796263877,FALSE,""
IMmotion150,3440,APOC1;PITPNM3;MTHFS;AC026464.1;SARDH,1.04728654586139,,0.830878897150951,FALSE,""
IMmotion150,3441,ACSM3;MAP1LC3B2;KIFC1;AC009244.1;ZNF470,1.0641261077685,,0.751413193835321,FALSE,""
IMmotion150,3442,GPC4;AC004691.2;CCDC9B;ZNF648;TRIM6,0.889269691372076,,0.560433109919976,TRUE,""
IMmotion150,3443,PCSK5;ACP3;GOLGA6L3;NT5C1A;PRRG4,0.736185957849129,,0.104475996822172,TRUE,""
IMmotion150,3444,ALDH1L2;SNORA62;KIAA1614;SNORD115-38;FAM111B,0.826270369686271,,0.332049123409095,TRUE,""
IMmotion150,3445,PDE2A;GIPC3;CNRIP1;SPDYE10P;EYA2,1.19269669922674,,0.367738157632813,FALSE,""
IMmotion150,3446,PCDHGB4;MARVELD2;RAD54L;AC079298.3;TRIM6,1.0892122726784,,0.674968077775134,FALSE,""
IMmotion150,3447,ZNF704;MAP1LC3B2;NEURL1B;RPE65;LRATD1,1.10581975126363,,0.60760548933641,FALSE,""
IMmotion150,3448,HYDIN;S100A9;TRIP13;AC093583.1;TLE2,1.04705490769599,,0.823267490699409,FALSE,""
IMmotion150,3449,IRAG1;CYB5R2;NRXN2;ANKRD30B;AC004997.1,1.1312561582742,,0.515335583432708,FALSE,""
IMmotion150,3450,CCL2;AL162417.1;SEC14L2;OR9Q1;CCR2,0.734921289181072,,0.0771424624385592,TRUE,""
IMmotion150,3451,CAVIN2;GREB1;PCDH18;AC099668.1;LPAR1,1.1404622181819,,0.487782371261759,FALSE,""
IMmotion150,3452,PCDHB11;HLA-H;TWF1P1;TTC29;TXK,0.653285874917942,,0.0171327173972472,TRUE,""
IMmotion150,3453,MT-ND2;C11orf98;PGAP4;FAM25BP;TMEM25,0.822810975294724,,0.283673086405762,TRUE,""
IMmotion150,3454,CD209;GPR160;APCDD1;AC116348.4;TTC25,0.951596582074417,,0.804616592410106,TRUE,""
IMmotion150,3455,SELL;TRAT1;PCDHB18P;TRBV7-9;GPR75,0.714329239787889,,0.0763207308549207,TRUE,""
IMmotion150,3456,DNAH6;SLC6A16;STON1;MAJIN;SECTM1,0.794945273157784,,0.230788883280383,TRUE,""
IMmotion150,3457,KIT;TMEM232;DECR2;ZFAND6P1;DNM1P46,0.687575696204628,,0.041047380552319,TRUE,""
IMmotion150,3458,ABCB4;CEP55;LILRA2;AC133065.2;DET1,0.744254427641973,,0.165393514325169,TRUE,""
IMmotion150,3459,PCDHGB4;CTSW;GRHL1;TTR;SCAMP5,1.04110376585241,,0.831666181038295,FALSE,""
IMmotion150,3460,SNAI2;ACKR4;SNORA13;SLCO1A2;CD180,0.760088362486917,,0.155200857520836,TRUE,""
IMmotion150,3461,PBLD;RPSAP12;SPN;SLC5A8;DGKI,0.664272560740848,,0.0375556413014144,TRUE,""
IMmotion150,3462,KITLG;OLFM2;HOXB6;HGFAC;VWA1,0.882004724154262,,0.516660001193955,TRUE,""
IMmotion150,3463,GBP5;SNORA51;KATNAL2;CSMD3;SLC4A11,0.695816107911648,,0.0799909852932825,TRUE,""
IMmotion150,3464,CTAGE6;GPR160;FCMR;TCL1A;ASRGL1,0.690161184064513,,0.0649683579853303,TRUE,""
IMmotion150,3465,CNTNAP3;GRB7;C2orf27A;MC4R;PMEPA1,1.38819974140262,,0.120416291175878,FALSE,""
IMmotion150,3466,MDK;OLFM2;TEF;FAM47C;RBP1,1.07874228408152,,0.703631412034828,FALSE,""
IMmotion150,3467,PTPN3;CLDN7;DIPK2B;AC104411.1;PGAP4,0.74677842487579,,0.156951339424706,TRUE,""
IMmotion150,3468,ABCA6;TBCEL-TECTA;RAI2;AC239859.5;FGF2,0.844334739447287,,0.391202943521849,TRUE,""
IMmotion150,3469,LDHAP4;PITPNM3;ZNF135;TRBV11-2;AC004890.2,0.805354408283753,,0.262905647110485,TRUE,""
IMmotion150,3470,ADAMTSL2;PEG10;EIF5A2;ADGRG7;HOXD4,1.1796780184963,,0.435489903472177,FALSE,""
IMmotion150,3471,THSD4;SNCAIP;H3C2;SH2D5;CCNJL,0.914286642912169,,0.645877741475243,TRUE,""
IMmotion150,3472,FAM83H;FAM86EP;FRMD3;AC139272.1;FAM72A,0.607243361910257,,0.0278054386474931,TRUE,""
IMmotion150,3473,SNORD116-22;AC139769.1;WDR17;ANGPTL5;SOCS2,1.23149245752649,,0.299680472035854,FALSE,""
IMmotion150,3474,ANKS1B;CFAP91;DUSP4;DCAF12L1;IGF1,0.957418614072073,,0.831887594589846,TRUE,""
IMmotion150,3475,MYRF;HMGN5;PTGDR;SYN2;TM7SF2,0.781568686573912,,0.219135954574486,TRUE,""
IMmotion150,3476,FTH1P20;USP18;PCDHB4;KCNE1;ST6GALNAC6,0.847405551337777,,0.48946981482196,TRUE,""
IMmotion150,3477,C5;ZNF215;FBXO17;AC005829.2;NPIPA2,1.34761795498736,,0.140094531750409,FALSE,""
IMmotion150,3478,ZFPM2;IGF2BP2;NPIPA2;MT-TV;CD101,0.798184153302911,,0.238051075961104,TRUE,""
IMmotion150,3479,CD248;AIM2;SSPOP;LINC01460;CLEC14A,0.797778825498093,,0.273427150388863,TRUE,""
IMmotion150,3480,AGAP7P;TNFRSF9;DECR2;CNGA3;ZNF135,0.793345901839181,,0.266155785865964,TRUE,""
IMmotion150,3481,PCDHB9;AP000654.1;RHOD;CNR2;SHCBP1,1.22836602260359,,0.280192550091022,FALSE,""
IMmotion150,3482,CCDC146;IGLV5-52;IGSF9B;AC069257.3;ORC6,0.995097321764251,,0.979588214421459,TRUE,""
IMmotion150,3483,AOC3;SNORA33;AC004832.3;NOS1;GLI2,0.963254737157613,,0.849669667066123,TRUE,""
IMmotion150,3484,LIF;ZNF713;BNIP3P1;FOLH1B;ZNF660,1.04902830905083,,0.830205891708259,FALSE,""
IMmotion150,3485,PLAU;IGF2BP2;RPPH1;MAP6D1;CIART,0.994018843640665,,0.974394213057713,TRUE,""
IMmotion150,3486,CCDC146;FLRT2;LRP3;H2AB2;LY96,1.31793462681119,,0.163834663929998,FALSE,""
IMmotion150,3487,ETV1;NSUN7;ZNF366;GLB1L3;PANK1,0.822077345360958,,0.341394763476196,TRUE,""
IMmotion150,3488,MXRA8;LIPC;CLCN4;NPAS4;P2RY6,1.29728917930405,,0.202222450126236,FALSE,""
IMmotion150,3489,PTGS1;ZNF711;PDCD1LG2;AC244517.11;TBXA2R,0.959310677988489,,0.851267200359535,TRUE,""
IMmotion150,3490,SNAI2;SORCS2;ABCG2;TRBV5-6;SLC2A3P2,1.10374092317452,,0.603791744999179,FALSE,""
IMmotion150,3491,CDCP1;GPR171;CKS2;GPC5;H3C1,0.958220278663519,,0.832235820185311,TRUE,""
IMmotion150,3492,FLG-AS1;TRPM6;AC092068.3;FAM95B1;CIART,0.940614567726292,,0.744714588846854,TRUE,""
IMmotion150,3493,DKK3;IL1B;TPRN;ANAPC1P6;MAPK12,0.928124317757486,,0.71099672331325,TRUE,""
IMmotion150,3494,ZNF90;TBCEL-TECTA;SMAD6;TRIM63;SNORA44,1.02458404798101,,0.895474394355049,FALSE,""
IMmotion150,3495,CDCA2;CLDN7;EMILIN1;OR13C2;SRRM5,0.863976308603485,,0.444304833772626,TRUE,""
IMmotion150,3496,SNORA61;NME1-NME2;ZNF214;KLK4;GAMT,1.07788576228566,,0.68581902728031,FALSE,""
IMmotion150,3497,ZNF521;ZBP1;TMEM132A;SV2C;SNORA13,0.736151122265862,,0.0895367218926135,TRUE,""
IMmotion150,3498,PCDHGB2;CCNB2;VDR;PCDHB1;SNORA44,0.723546137532785,,0.102288248304609,TRUE,""
IMmotion150,3499,GRAMD1B;HMGN1P3;ANGPT1;INSYN2A;GTSE1,0.868881356338474,,0.510721398072099,TRUE,""
IMmotion150,3500,CEACAM1;LAMP3;PPP1R16B;LINC02207;AMIGO2,0.580302805836192,,0.0073560087948127,TRUE,""
IMmotion150,3501,RASL11A;ALDH4A1;MARCKSL1;HSFX1;EVI2A,1.49043458600145,,0.04307858358759,FALSE,""
IMmotion150,3502,CAVIN2;ADGRB1;ELOVL6;APOC3;GZMA,0.786549914680279,,0.241831054393234,TRUE,""
IMmotion150,3503,SNORD116-22;METTL15P1;ACOX2;VSTM1;C6orf163,0.91083418643365,,0.606215214527429,TRUE,""
IMmotion150,3504,PCDHGB5;CFAP91;NUPR1;HNRNPA3P1;TMEM97,1.5771225431711,,0.0204629401972883,FALSE,""
IMmotion150,3505,BUB1;NRN1;ADAMTS6;LACTB2-AS1;EVI2A,0.790857957727596,,0.239219413788085,TRUE,""
IMmotion150,3506,TMEM37;AC034102.1;EVA1C;RPL10P6;ZNF214,0.729711902432206,,0.108506019132056,TRUE,""
IMmotion150,3507,ADAMTSL2;PCDHGB1;GMPR;GDF10;SHCBP1,0.875807925552929,,0.492523178184636,TRUE,""
IMmotion150,3508,PCDHB9;INHBB;BTG2;FAM25BP;TRIB3,1.44127369599992,,0.0667355998905879,FALSE,""
IMmotion150,3509,PLCH1;MDP1;ZDHHC11;MT1H;TSGA10,0.656522676747088,,0.0382175872975592,TRUE,""
IMmotion150,3510,PTTG1;TRBC1;MCOLN2;EGLN1P1;ZNF502,0.625280640178967,,0.0153428175013432,TRUE,""
IMmotion150,3511,PSD3;UGT8;PIGAP1;AC002472.2;ABTB2,1.0179709943991,,0.928530564510498,FALSE,""
IMmotion150,3512,KLF5;RARRES1;MEFV;CCR6;SNORA59A,1.11675670959505,,0.592069063420698,FALSE,""
IMmotion150,3513,CD3E;XKR9;LINGO1;AC239859.5;KIFC1,0.890461242924816,,0.558584335090209,TRUE,""
IMmotion150,3514,APBA2;CEP170P1;CFAP70;PAQR9;LINC01002,0.536403640110111,,0.00714020532877571,TRUE,""
IMmotion150,3515,MT-CYB;STRIP2;CD226;AC087203.3;EVI2A,0.715674691940811,,0.0770741836386504,TRUE,""
IMmotion150,3516,AK4;QPCT;SOX18;SFTPA2;PRRG4,1.07660301816637,,0.712259227850508,FALSE,""
IMmotion150,3517,ZFHX4;NRG3;ZFP2;ASS1P7;DNM1P46,0.758240333410317,,0.116700781014441,TRUE,""
IMmotion150,3518,APOC1;LAG3;HENMT1;TPSD1;AC138696.1,0.722594565904825,,0.0912892269322511,TRUE,""
IMmotion150,3519,BICDL1;KCNQ1OT1;ARHGEF37;SMIM43;FGD1,0.775280529306336,,0.190431048853504,TRUE,""
IMmotion150,3520,OLFML3;XKR9;EBF4;RETN;WDR17,0.996908725871505,,0.987528515200386,TRUE,""
IMmotion150,3521,SNORA21;NME5;LIMD2;HTR4;GRIP1,0.862730760834361,,0.476228180599561,TRUE,""
IMmotion150,3522,PBLD;METTL7B;RASIP1;ULBP1;ADAMTSL1,1.20011104525793,,0.337514329072879,FALSE,""
IMmotion150,3523,PARM1;CXADR;MPP3;TPSG1;STEAP2,0.77707689790278,,0.216248187819897,TRUE,""
IMmotion150,3524,CCL4;IL1R2;SNORA10;KRT79;EXOC3L1,1.17737912755916,,0.399577884585248,FALSE,""
IMmotion150,3525,SLCO2A1;FCGR3B;PCDHB2;TRPM1;STX11,0.74331554026408,,0.140417296274983,TRUE,""
IMmotion150,3526,NR3C2;RRAD;NOVA2;RPL21P39;WNK3,1.12385653140406,,0.577610511372066,FALSE,""
IMmotion150,3527,CCL4;PHKA1P1;PCDHGC5;ENTHD1;AK1,0.612864393917541,,0.0223714690705534,TRUE,""
IMmotion150,3528,CSPG4;RPL12P4;AC004832.3;NPY4R2;SEMA7A,0.67816758044862,,0.0529869949623379,TRUE,""
IMmotion150,3529,FBN2;CFAP221;SUGCT;AL451062.2;SNORA44,0.933185573958611,,0.726245159396703,TRUE,""
IMmotion150,3530,PLA2G7;PWAR5;STK32B;INSRR;TTC25,0.72984758317717,,0.128746772412207,TRUE,""
IMmotion150,3531,SMAD9;GPER1;UBBP4;PLCZ1;TEF,0.897482193598463,,0.547131418596729,TRUE,""
IMmotion150,3532,CD3E;GCOM1;TRGC2;AC007938.2;STAC3,0.65267851370993,,0.0241135135518302,TRUE,""
IMmotion150,3533,MST1;ADGRB2;GAL3ST4;BOLA2;CLEC4A,1.19330823828025,,0.343510607035471,FALSE,""
IMmotion150,3534,SEZ6L2;IL1RL2;TEF;AC010378.1;HSPB2,1.52198222041602,,0.0291838322627568,FALSE,""
IMmotion150,3535,HYDIN2;AF241726.1;ZNF793;KCNJ6;NRXN2,0.749021060431792,,0.139526553327878,TRUE,""
IMmotion150,3536,CDH23;CCN3;ABCB9;ADH1A;LILRA1,1.0125894559507,,0.944897806759911,FALSE,""
IMmotion150,3537,KIT;SNORA40;LPAR1;PKP4P1;LNX1,1.1891209136776,,0.38219892504577,FALSE,""
IMmotion150,3538,NCKAP5;NAPSB;MBD3;SLC22A6;PLK1,0.696629498905365,,0.0819922777671604,TRUE,""
IMmotion150,3539,RHOB;ZNF711;SCARF2;OR2L13;GOLGA2P5,1.12932413812019,,0.506743416778111,FALSE,""
IMmotion150,3540,PTTG1;PITPNM3;ACOX2;ABCG8;GRAP2,0.8667314570996,,0.488595083509638,TRUE,""
IMmotion150,3541,PTER;NUF2;CENPI;IGHV3OR16-9;KLHL13,0.766126298765429,,0.190269922138406,TRUE,""
IMmotion150,3542,CCL4;AC022415.2;TSNAXIP1;CADM3-AS1;SPAG4,0.861465172939372,,0.376898253708266,TRUE,""
IMmotion150,3543,RETREG1;COL24A1;HMMR;AC026464.1;IL21R,0.754418422821142,,0.132279767779071,TRUE,""
IMmotion150,3544,MAP2;GATA3;ST6GALNAC6;SLC25A48;PCDHGB3,1.05486778328843,,0.783906971921227,FALSE,""
IMmotion150,3545,GCNA;GPR160;MBNL3;AC254629.1;PSORS1C1,0.683785213390705,,0.0466612004112006,TRUE,""
IMmotion150,3546,CD3E;PCDHGA1;ANO2;UBE2F-SCLY;KCNK5,0.766693037250917,,0.199148423982289,TRUE,""
IMmotion150,3547,SNORD116-6;TPD52L1;FAM83D;INHBC;AL031727.1,1.12640617873687,,0.531009903069462,FALSE,""
IMmotion150,3548,EMCN;SEMA3B;EYA2;ELF5;RAB38,1.19366013806323,,0.356786936601473,FALSE,""
IMmotion150,3549,FLG-AS1;SLC6A16;NEURL1B;AC093311.1;PDXDC2P,0.550492103352085,,0.00242692381635931,TRUE,""
IMmotion150,3550,PCOLCE;TRAT1;KCNJ5;RPS2P7;RAB37,1.00127482331124,,0.994944809928769,FALSE,""
IMmotion150,3551,SERPINI1;CCN4;SLC19A2;ZNF192P1;EIF5A2,0.913976758490119,,0.641664809189627,TRUE,""
IMmotion150,3552,KIF26B;SS18L2;MAPK12;AC012236.1;HID1,0.771536702434309,,0.237280553756337,TRUE,""
IMmotion150,3553,FILIP1;PCDHB6;THRB;DHX40P1;EXOC3L1,1.25191749651696,,0.213423536390191,FALSE,""
IMmotion150,3554,NETO2;AC022415.2;ACAP1;AC005324.2;PDXDC2P,0.598628157461011,,0.00824369890996695,TRUE,""
IMmotion150,3555,BAIAP2L1;ZFYVE21;MICU3;SHISA2;TPPP3,1.09265979929156,,0.679864269076464,FALSE,""
IMmotion150,3556,ITGA11;AC009093.9;DEPP1;MYH13;KATNAL2,1.34554065708587,,0.131779864518785,FALSE,""
IMmotion150,3557,HSPA7;GPER1;SPTBN5;AC005540.1;LINC01550,0.853111161661145,,0.405132153694526,TRUE,""
IMmotion150,3558,OLFML2A;HTRA3;SOX18;CDH19;PRELID2,1.18696406020059,,0.359653458141726,FALSE,""
IMmotion150,3559,BUB1B;PAK3;RAMP2;PRSS21;DTL,0.909614961270718,,0.610956031235591,TRUE,""
IMmotion150,3560,RHOB;RNF213-AS1;SRRM5;OR13C9;RASIP1,0.900363100032456,,0.542506299125299,TRUE,""
IMmotion150,3561,BCAT1;SLCO4A1;RCAN3;C2orf91;GPR34,0.654061604808237,,0.0189666835560506,TRUE,""
IMmotion150,3562,STEAP4;NME1-NME2;TSPOAP1;FBN3;C1QTNF3,1.04542107639396,,0.82937045504144,FALSE,""
IMmotion150,3563,PLEKHA7;SLC9A3;CD247;AC008760.2;TLK2P2,0.732119898669531,,0.104077322949111,TRUE,""
IMmotion150,3564,MXRA8;WNT2B;EGFLAM;ENTHD1;SCAMP5,1.16447413652112,,0.442769061502665,FALSE,""
IMmotion150,3565,MT-ND2;AL591806.2;FHDC1;NUDT11;H4C6,0.85635643336138,,0.425792748388572,TRUE,""
IMmotion150,3566,ALDH1L2;GIPC2;SHE;SLC51B;CD6,0.853307268425369,,0.382599325948465,TRUE,""
IMmotion150,3567,AKAP6;AMIGO1;UBE2Q2L;AL669942.1;BTG2,1.04408277583582,,0.811229912567771,FALSE,""
IMmotion150,3568,EDNRB;ZNF57;CCDC113;ANKRD2;RPPH1,0.89018782202278,,0.530767495355096,TRUE,""
IMmotion150,3569,DCLK1;SNORA40;NRXN2;NANOGP1;PSTPIP1,0.748588263319799,,0.136299064990609,TRUE,""
IMmotion150,3570,ANOS1;CARMIL2;ZSCAN31;GRHL3;TMEM97,0.730188956945393,,0.107980857554462,TRUE,""
IMmotion150,3571,C5;HYLS1;ID1;TBL1Y;ARNTL2,0.843627993810132,,0.443633000664388,TRUE,""
IMmotion150,3572,HILPDA;ZNF713;PIGAP1;SMCO3;H1-5,0.898934782693277,,0.571024181242348,TRUE,""
IMmotion150,3573,FAT3;CSMD2;PCDHGA3;CLDN24;RNF144A,1.00125575638435,,0.995063398860662,FALSE,""
IMmotion150,3574,AKAP6;AC009078.3;LINC02449;ANKRD34B;DRC3,0.841262888808585,,0.376618136318115,TRUE,""
IMmotion150,3575,TRO;SLCO4A1;KIAA1614;IGKV1D-42;DIPK2B,0.884724907392283,,0.513411109308712,TRUE,""
IMmotion150,3576,PLCH1;GPR171;GNA15;AC044860.1;TLK2P2,0.636961354485257,,0.0166095484369114,TRUE,""
IMmotion150,3577,ARFGEF3;CFAP43;VDR;RPL23AP60;ZNF660,0.720496661681412,,0.104243060775433,TRUE,""
IMmotion150,3578,EIF2S2P4;SNCAIP;KIAA1755;C12orf50;SLC19A2,0.853554670112081,,0.461589248826169,TRUE,""
IMmotion150,3579,PBLD;SNORA51;ATF5;LIX1;RAD51AP1,1.25825288131904,,0.265749043180969,FALSE,""
IMmotion150,3580,KCNN3;WDR53;CMTM8;OR2L6P;DUSP7,0.8585834798716,,0.438023520458057,TRUE,""
IMmotion150,3581,ANLN;RPP14;RNF125;AC006511.5;PECAM1,0.639873087395444,,0.0425063498727051,TRUE,""
IMmotion150,3582,PCDHB12;HSD11B2;KCNK5;PPAN-P2RY11;HLA-DOB,1.50008165354663,,0.0303533712140442,FALSE,""
IMmotion150,3583,PDLIM3;GRM8;TBXA2R;GSTA7P;ZNF502,0.950497620476577,,0.786625593030695,TRUE,""
IMmotion150,3584,IFI44L;PYGO1;PCDHGA7;RNY4;TMEM132A,0.658793618314195,,0.0304993140068412,TRUE,""
IMmotion150,3585,LIF;SNORA75;POU2F2;SLC47A1P2;KCNJ5,1.03560734097633,,0.859090905844615,FALSE,""
IMmotion150,3586,FILIP1;DMRTA1;CCR2;CACNG5;HEYL,1.01226728768373,,0.948112906524718,FALSE,""
IMmotion150,3587,SNORD116-20;RIPK4;ST6GALNAC6;PAGR1;RALGPS1,0.804017708503766,,0.259935725276953,TRUE,""
IMmotion150,3588,MATN2;PCDHB19P;RBKS;ANAPC1P4;IKZF3,1.02531203017094,,0.892822393284247,FALSE,""
IMmotion150,3589,HYDIN2;COX7A1;C1QTNF1;GOLGA8DP;BANK1,0.744128555292795,,0.126877578183924,TRUE,""
IMmotion150,3590,EGR2;FAM86C2P;GRAP2;GOLGA6L7;KIAA1614,0.52184892678743,,0.00225563663975724,TRUE,""
IMmotion150,3591,APOC1;ANK1;UNC5C;CEACAM5;LRRC75B,0.935489872938835,,0.73901012033123,TRUE,""
IMmotion150,3592,OLFML3;GIPC3;ZNF660;HNRNPA1P14;INHBA,1.01732958312855,,0.938489673589814,FALSE,""
IMmotion150,3593,BCAT1;MMP16;SEMA4G;AC106886.2;SNORA13,1.29678132954216,,0.196249546614799,FALSE,""
IMmotion150,3594,CD2;AC011497.2;TSPYL5;CDRT15P6;SLC16A5,0.907360043499344,,0.604352969102212,TRUE,""
IMmotion150,3595,ADAM12;COL24A1;H3C7;SST;RNF138P1,1.03471250703537,,0.863010634172232,FALSE,""
IMmotion150,3596,SDK1;LOXHD1;NR5A2;TCL6;EGFL7,1.07395813013106,,0.720625043881724,FALSE,""
IMmotion150,3597,FILIP1;CFAP94;FBXO17;WIF1;ADAMTS13,1.02602378646521,,0.887725991028255,FALSE,""
IMmotion150,3598,AK4;GRM8;H2BC3;DEUP1;CCR5,0.929712758756237,,0.701019034038641,TRUE,""
IMmotion150,3599,ALDOC;PPFIA2;RGS18;TRAV38-1;TRIM34,0.81494865547839,,0.202147802845074,TRUE,""
IMmotion150,3600,NFASC;LAG3;GSTM3;RHO;MSS51,0.594449332861891,,0.010428176510856,TRUE,""
IMmotion150,3601,PTGIS;BCL2A1;KIF2C;GRM7;EVA1C,0.959834163047732,,0.834411597930162,TRUE,""
IMmotion150,3602,OLFML2A;NLGN4X;NEK10;NBPF6;NUAK2,1.11042155060788,,0.581545953521109,FALSE,""
IMmotion150,3603,MT-ND2;SUSD2;HLX;TBX5;ADAMTSL1,1.04563966706338,,0.813031890141794,FALSE,""
IMmotion150,3604,SPNS2;PDE6B;FBXO16;AC245041.2;HLA-L,0.952654828690923,,0.805804432373605,TRUE,""
IMmotion150,3605,SMIM3;GIPC2;CCDC157;ADAMTS7P3;GINS1,1.1468962155332,,0.481412191947141,FALSE,""
IMmotion150,3606,SPNS2;RIMBP3;SNORA60;CASP1P2;KLHL3,0.803531680217336,,0.263790906348431,TRUE,""
IMmotion150,3607,SLCO2A1;IKBKG;CLEC14A;GATA4;DRC3,1.01895705013249,,0.916266372317446,FALSE,""
IMmotion150,3608,MAP7;DPY19L2P2;SPTBN5;AC133065.2;PCDHGA4,0.985317097449493,,0.938579412647425,TRUE,""
IMmotion150,3609,CSRP2;ZFYVE21;RASSF7;AC083809.1;CSPG4P12,0.894137660385887,,0.587532089730352,TRUE,""
IMmotion150,3610,SNORD116-20;TENT5C;PTCH2;SOX2;CC2D2B,1.15084802007987,,0.474663717444366,FALSE,""
IMmotion150,3611,ADAM22;COL22A1;PCDHGA8;AL358472.6;RUNX1T1,0.910142106315863,,0.592173253286385,TRUE,""
IMmotion150,3612,FER1L4;OSGIN1;TESPA1;OR2T3;SCARA3,0.957634937254395,,0.824903747106946,TRUE,""
IMmotion150,3613,IFI27;ABCF2;PCDHGA4;ALG1L;AGER,0.664014136903181,,0.035077753508594,TRUE,""
IMmotion150,3614,CTAGE6;LOXL1;HAPLN3;TRAV20;SSPN,0.925936517030226,,0.685499086207547,TRUE,""
IMmotion150,3615,SCIN;FAM86B1;AC138696.1;DLX6;CX3CL1,0.816330561844927,,0.278937823140508,TRUE,""
IMmotion150,3616,SNORD13;DPY19L2P2;SMAD6;ZNF37CP;ARMH4,1.09501443305377,,0.645752707398281,FALSE,""
IMmotion150,3617,CCL5;LLPH;CD52;HCN1;LRP3,0.702156258082737,,0.137532575352725,TRUE,""
IMmotion150,3618,CCDC146;GOLGA8H;ADAMTS5;ADRB1;ZNF876P,0.684786783256845,,0.0334453060867365,TRUE,""
IMmotion150,3619,KCNN3;PPCDC;H3C11;SAGE1;SNORA14A,0.625955776208972,,0.0279612729001838,TRUE,""
IMmotion150,3620,SMAD9;FAM133DP;CEP295NL;PIP5KL1;ATF5,0.810124465978333,,0.274407994051538,TRUE,""
IMmotion150,3621,ALDH1L2;CHMP4BP1;DAPK2;NAT8L;CEBPD,0.972749473951793,,0.884087146512093,TRUE,""
IMmotion150,3622,SNORD116-1;BAIAP3;PCDHGC5;HEPACAM;RUNX3,0.748676981266031,,0.129316961450486,TRUE,""
IMmotion150,3623,TSPAN13;ERV3-1;MDGA1;IL20RA;MAP3K9,1.04181389306424,,0.828068423855117,FALSE,""
IMmotion150,3624,HYDIN2;MAP1LC3B2;TSHZ2;PPIAP35;RNFT2,0.956138097941847,,0.806129600843722,TRUE,""
IMmotion150,3625,AKAP6;KCP;PRH1;RHBG;SH3TC2,1.28919008387441,,0.24190404857828,FALSE,""
IMmotion150,3626,AOC3;TRIM16L;TBXA2R;AC011330.3;KIF15,1.11415741752115,,0.638314953215247,FALSE,""
IMmotion150,3627,SPATA18;PEG10;PCDHGB8P;LNCOC1;CEBPA,0.751191787657579,,0.136130703195744,TRUE,""
IMmotion150,3628,CD3E;AC026150.3;MAD2L1;NUDT10;AS3MT,0.792470009435841,,0.271580200409502,TRUE,""
IMmotion150,3629,FBLN2;GPLD1;MEGF6;CASP1P2;PRELID2,1.01524228872737,,0.940720256840375,FALSE,""
IMmotion150,3630,SLC11A1;LAG3;RTP4;AC117378.1;SNORA13,0.53247888309501,,0.0015294728564666,TRUE,""
IMmotion150,3631,SSC5D;RIMBP3;MICU3;AL355987.3;ZNF135,0.670846973356971,,0.04689203126665,TRUE,""
IMmotion150,3632,HKDC1;MYBL2;CATSPERG;SLC5A5;DIPK2B,1.07703538978179,,0.711236187035212,FALSE,""
IMmotion150,3633,MAP7;FAM86EP;PLK1;LINC01546;TMEM220,1.00336947253418,,0.988085004245979,FALSE,""
IMmotion150,3634,PCDHB16;SLC7A9;DGKG;AC112229.3;AL590399.1,0.984800028649467,,0.937787194751214,TRUE,""
IMmotion150,3635,ALDH1A3;ATP2A1;GALNT3;DDX4;KIF15,0.786792983428806,,0.224553643487602,TRUE,""
IMmotion150,3636,EIF2S2P4;NME1-NME2;DTL;AC009163.3;LRATD1,1.47904825602599,,0.123906570750932,FALSE,""
IMmotion150,3637,NCF1C;RPP14;DUSP7;ALOX12;BRSK1,0.718311395448844,,0.17390044055956,TRUE,""
IMmotion150,3638,EHHADH;ALDH4A1;HEY1;RGSL1;C6orf163,1.14927025187279,,0.479660175269725,FALSE,""
IMmotion150,3639,DCLK1;COL22A1;CD101;AL356124.2;RNFT2,1.01257306695409,,0.948061692758143,FALSE,""
IMmotion150,3640,RADX;ADAM1A;HLA-L;RPS10P3;PIK3R6,0.987710243738083,,0.950453304478268,TRUE,""
IMmotion150,3641,MAP7;SNORA64;RBKS;Z98751.2;H2AC16,0.905239702099933,,0.585097103048502,TRUE,""
IMmotion150,3642,LIF;GZMK;KCNJ5;NLRP2B;HOXD8,1.20611969013294,,0.321031131472461,FALSE,""
IMmotion150,3643,THSD7A;LOXL1;RAD51AP1;PPIAL4G;TMEM97,1.26784394366473,,0.243649377272543,FALSE,""
IMmotion150,3644,FBN2;ZNF99;DNM1P46;TRAV8-3;CCDC74B,0.709107756605506,,0.0624185668503089,TRUE,""
IMmotion150,3645,ANG;S100A9;STX11;TRAV39;KCNA3,0.731297766401646,,0.128502545191449,TRUE,""
IMmotion150,3646,PLS1;ZNF711;KCTD15;MEOX1;VWA1,1.2303034726244,,0.280917825299064,FALSE,""
IMmotion150,3647,TMEM37;BORCS8-MEF2B;CMKLR1;GALNT9;Z74021.1,0.71516702021698,,0.102742269910581,TRUE,""
IMmotion150,3648,FBLN2;ZBP1;TMEM97;RPL32P29;PLK1,0.874309061867852,,0.53088639535553,TRUE,""
IMmotion150,3649,HKDC1;WSCD1;SEPTIN1;AC005324.2;SPTBN5,0.917399141617867,,0.667395606752931,TRUE,""
IMmotion150,3650,FAM27E3;TRGC1;KYAT1;AC244394.2;CMKLR1,0.631728875727431,,0.0217491029919647,TRUE,""
IMmotion150,3651,MYRF;PDZRN3;KCNA3;HOXB-AS3;AL031727.1,0.546401828925912,,0.00237558041575107,TRUE,""
IMmotion150,3652,ADAMTSL3;CSMD2;APOBEC3B;NAIPP3;CPNE5,1.27690744778381,,0.238399098062392,FALSE,""
IMmotion150,3653,MST1;PITPNM3;AC004832.3;AC023968.1;BASP1,0.961220025115619,,0.844516950727352,TRUE,""
IMmotion150,3654,FN3K;AC093899.2;DUSP4;ZNF723;CKS2,1.06439865435913,,0.762979885494287,FALSE,""
IMmotion150,3655,FBN2;PHYHD1;CLEC14A;TMEM132C;RUNX3,0.900279398162213,,0.600832741601604,TRUE,""
IMmotion150,3656,SLC11A1;PNPLA3;FMOD;OLAH;ARHGEF37,1.47117996696646,,0.0609128124953814,FALSE,""
IMmotion150,3657,HYDIN;BTNL9;ALDH7A1P1;AL358472.6;GMPR,0.773804147480558,,0.148934054105683,TRUE,""
IMmotion150,3658,TRPC6;CBS;SH3TC2;NT5C1A;LSR,1.19565975672365,,0.332963086842286,FALSE,""
IMmotion150,3659,NETO2;ULBP2;CD302;AC007192.1;SCARF2,1.37530141252937,,0.105355922473529,FALSE,""
IMmotion150,3660,FBN2;HYLS1;SNORD9;JPH3;SPATA6L,0.881223115010231,,0.49662598623611,TRUE,""
IMmotion150,3661,RHOB;PLCH2;HOXD4;ALG1L10P;THRB,1.27932127642032,,0.17591107425491,FALSE,""
IMmotion150,3662,FER1L4;MST1L;S1PR2;MROH9;ZDHHC23,1.2544978338298,,0.198618802051269,FALSE,""
IMmotion150,3663,PLVAP;MFAP2;CEBPA;DCAF12L1;CD80,0.811721486044155,,0.260087900963305,TRUE,""
IMmotion150,3664,KITLG;AC000093.1;TXK;HEPACAM;ADGRE4P,0.682152108563438,,0.0707999449540497,TRUE,""
IMmotion150,3665,TRBC2;STRIP2;WNK3;HMGA1P1;AC004890.2,0.813146870685674,,0.28360726427843,TRUE,""
IMmotion150,3666,NOX4;LIPC;STMN3;AL591926.7;TWF1P1,0.810513118791816,,0.256296761489078,TRUE,""
IMmotion150,3667,TRBC2;ERV3-1;PRELID3A;PCDH11Y;DTL,0.944209748906833,,0.799423294284243,TRUE,""
IMmotion150,3668,RASL11A;VANGL2;ESR1;SLC25A18;RBP1,1.17037777745808,,0.454598734323651,FALSE,""
IMmotion150,3669,FN3K;GNLY;SNORA60;KIAA2012;TMEM156,0.677195836195638,,0.0435870280902272,TRUE,""
IMmotion150,3670,APBA2;EML5;SSPOP;TAFA1;AC004832.3,0.695337825610289,,0.0876893150909244,TRUE,""
IMmotion150,3671,SNORA61;SEMA3B;SFXN2;AL121845.3;ARHGEF37,0.99999028977543,,0.99996118634292,TRUE,""
IMmotion150,3672,CARD11;CD27;AL158050.1;AC008554.1;SUGCT,0.47442757263762,,0.000136999633713261,TRUE,""
IMmotion150,3673,GULP1;LOXHD1;PCDHGB3;LY6H;SHCBP1,0.860824307754215,,0.43640521316263,TRUE,""
IMmotion150,3674,EPHA3;NRG1;TMC7;SLC6A19;BRSK1,1.12082868565496,,0.534390914468693,FALSE,""
IMmotion150,3675,CSRP2;STRIP2;PRELID3A;SERPIND1;CHRD,1.44980625924289,,0.0825025694794826,FALSE,""
IMmotion150,3676,PTTG1;STRIP2;CD6;GRP;RAD54L,0.875837335093266,,0.499315009518596,TRUE,""
IMmotion150,3677,AMACR;PLAC8;ADAMTS13;AL049650.1;SARDH,0.887486485987008,,0.558576046742567,TRUE,""
IMmotion150,3678,FTH1P20;NRG1;OSBP2;RPS6P22;PRRG4,1.05900039275807,,0.752867036377009,FALSE,""
IMmotion150,3679,SRPX2;CLEC10A;C17orf97;KCNA1;PDXDC2P,0.828294024332422,,0.326804682084254,TRUE,""
IMmotion150,3680,GXYLT2;AC048382.2;SLC4A11;UGT2B26P;PCDHB4,0.840148573266413,,0.3412839327557,TRUE,""
IMmotion150,3681,SNORA21;PWAR5;SLC19A2;SLC22A9;CCNF,0.942188101147209,,0.776238787120829,TRUE,""
IMmotion150,3682,CD163L1;HLA-H;FBXL7;POT1-AS1;GJA4,0.9577828308487,,0.816473100553599,TRUE,""
IMmotion150,3683,KRBA1;TRIM45;PIK3R6;STH;DNALI1,0.807419787035579,,0.267409282461571,TRUE,""
IMmotion150,3684,HKDC1;TNFRSF9;HID1;APOL5;TWF1P1,0.855157654962348,,0.434561318397601,TRUE,""
IMmotion150,3685,CRIP1;LYSMD1;PLEK2;DSC1;CYYR1,0.710521426611817,,0.0617913019537756,TRUE,""
IMmotion150,3686,PLCH1;KCNJ15;DNALI1;KPNA7;LY96,0.73224065761295,,0.114318982332017,TRUE,""
IMmotion150,3687,AK4;RPL9P7;SLC16A6;RXFP2;CLEC4A,0.879420965333643,,0.516563111780906,TRUE,""
IMmotion150,3688,GABRE;DCDC1;IGF1;AC114803.1;RTL5,1.22784110421562,,0.291127553573168,FALSE,""
IMmotion150,3689,ITGA8;ZSWIM5;RAB37;RGSL1;PCDHB2,0.891465113047491,,0.538961965256327,TRUE,""
IMmotion150,3690,PCDHB15;ROR2;ADAM32;GPA33;RNU4ATAC,1.15819537715134,,0.484955483994517,FALSE,""
IMmotion150,3691,EPHX2;PCDHB19P;OASL;SBSN;PCDHGA5,0.949686723946826,,0.786030989576831,TRUE,""
IMmotion150,3692,AGAP7P;MAGEE1;NOVA2;COL6A5;FAM83D,0.921798020733413,,0.68605792698639,TRUE,""
IMmotion150,3693,SLC11A1;SPEG;LRRC37A6P;SLC12A5-AS1;ALS2CL,0.70718514705723,,0.0889949982246797,TRUE,""
IMmotion150,3694,RGPD3;AC010655.3;FGF2;AC012236.1;SEC63P1,0.702022359044991,,0.0605578518055641,TRUE,""
IMmotion150,3695,MTARC2;RP9P;SPAG4;SRRM3;FMOD,0.752863964607137,,0.161117765314911,TRUE,""
IMmotion150,3696,ZNF90;MANEAL;AS3MT;AC018809.3;KCNJ5,1.20199766620872,,0.343203102046256,FALSE,""
IMmotion150,3697,SNORD116-23;SIDT1;BMP2;B3GALT1;TLR8,0.775424724440093,,0.225751777970781,TRUE,""
IMmotion150,3698,TLL1;AC093899.2;MAD2L1;SNORD35A;CLEC14A,0.915659421597417,,0.641108677723389,TRUE,""
IMmotion150,3699,AMACR;PYGM;RHPN1;DMRT3;TROAP,0.926327911224541,,0.722459963697044,TRUE,""
IMmotion150,3700,AR;SEMA3A;VDR;AC009879.3;STK26,0.604061283176808,,0.00892514528706048,TRUE,""
IMmotion150,3701,MT-CO3;ZNF711;RAD54L;CUX2;MELK,0.892106611251541,,0.579850719407696,TRUE,""
IMmotion150,3702,ANGPT2;MST1L;SLC39A4;AL589669.1;HEY1,1.25174189047101,,0.255132628059046,FALSE,""
IMmotion150,3703,CRIP1;TRIM16L;MBD3;ZIC1;SCIMP,0.806263122959647,,0.267711746927407,TRUE,""
IMmotion150,3704,EIF2S2P4;PCDHGA1;SPSB1;GUCY2D;CETP,1.27815522526254,,0.305051507116549,FALSE,""
IMmotion150,3705,MXRA8;ANK1;ZNF366;AL136419.1;CEBPA,0.971580606349285,,0.877434473998506,TRUE,""
IMmotion150,3706,ALDH1A3;BAIAP3;ADORA3;UTS2;SLC35G2,0.849405399013615,,0.377802999241839,TRUE,""
IMmotion150,3707,RGS2;TPTEP2;KYAT1;CELF5;DAPK2,0.817514548122297,,0.285356751054275,TRUE,""
IMmotion150,3708,SGIP1;P2RX1;PRRG4;IGHV2-26;WDR17,1.04899538382229,,0.81136163202526,FALSE,""
IMmotion150,3709,IL7R;ETNK2;AMIGO2;AC012417.1;SLFN12L,0.771333946203478,,0.168233454665792,TRUE,""
IMmotion150,3710,TLL1;AVPR1A;PCED1B;ZSCAN4;CATSPERG,1.00787967868665,,0.965534284475718,FALSE,""
IMmotion150,3711,PCDHB11;KCNJ15;AC021078.1;AC073648.1;SYDE2,0.867574986877629,,0.476662158678017,TRUE,""
IMmotion150,3712,KIF26B;SLC9A3;DAPK2;SLC34A3;LYVE1,0.9726017790398,,0.893077068949694,TRUE,""
IMmotion150,3713,PTGIS;MT1L;TTC25;ANKRD2;SEPTIN1,0.749137544923478,,0.142528236539791,TRUE,""
IMmotion150,3714,KIT;IGLV5-52;MAFB;DDTL;GPR34,0.851734133629577,,0.415148709460927,TRUE,""
IMmotion150,3715,GOLGA8M;HOXA5;TPPP3;GSTT2;RDH13,0.977914649124237,,0.900101587578607,TRUE,""
IMmotion150,3716,RGS2;PLGRKT;RNF125;KIRREL2;RNF138P1,0.710288224558103,,0.129075802588411,TRUE,""
IMmotion150,3717,EDNRB;AC079594.1;CISH;SNX31;RHPN1,0.708519213102535,,0.0970633367139821,TRUE,""
IMmotion150,3718,LAMB3;COL21A1;RGCC;LY6K;CEL,1.20133548699021,,0.330576568720699,FALSE,""
IMmotion150,3719,ANKS1B;ZNF471;ACOX2;LHFPL1;ABTB2,0.962089769391129,,0.832261351662234,TRUE,""
IMmotion150,3720,PDGFD;SLITRK4;TMEM156;SPIB;H2AC16,0.58971970265773,,0.00670626881997787,TRUE,""
IMmotion150,3721,ALDH1A3;HLF;DNAJC6;RPSAP5;LINC02449,0.947555373760438,,0.769969711980913,TRUE,""
IMmotion150,3722,H2BC17;TSPAN7;STMN3;KRT8P7;FAM133CP,0.778753140029617,,0.193368618368501,TRUE,""
IMmotion150,3723,PC;GRID1;WNK3;AFAP1-AS1;KIF14,1.11182789849919,,0.604778895929582,FALSE,""
IMmotion150,3724,COL5A3;IL1R2;BCL2;SFTPA1;IQCN,1.03539961178509,,0.86347503279846,FALSE,""
IMmotion150,3725,TENM4;AP002373.1;TLK2P2;IGLV4-60;TPRG1,0.817621807663625,,0.279702650987163,TRUE,""
IMmotion150,3726,MXRA7;SLAMF1;ABCA10;AC009093.8;RAD51AP1,1.05964137346664,,0.777781857613939,FALSE,""
IMmotion150,3727,PTTG1;CATSPER3;CEBPD;MYL2;SCARF2,1.12749248633002,,0.548006314744885,FALSE,""
IMmotion150,3728,STEAP3;PADI2;PKDCC;PPIAL4D;SLC22A4,0.954723096998009,,0.82549552724273,TRUE,""
IMmotion150,3729,ALDH1A3;PCDHA7;C1orf131;OR14J1;GRIP1,0.704552375205074,,0.0940249367314381,TRUE,""
IMmotion150,3730,AOC3;ERV3-1;FAM227A;CRB2;TMEM97,1.24924259445734,,0.232101789432545,FALSE,""
IMmotion150,3731,CSRP2;PAK3;RCAN3;HMGA1P3;LIMD2,0.698232117949261,,0.0687842626538151,TRUE,""
IMmotion150,3732,NETO2;TRIM16L;GGH;TCAP;RGCC,0.891194400592356,,0.584798948631027,TRUE,""
IMmotion150,3733,ZFHX4;SPATA17;ZNF578;AL031681.2;FBXO16,0.718743536583961,,0.127926324929981,TRUE,""
IMmotion150,3734,MAP7;SNORA75;TSGA10;IGHV2-70D;BMERB1,0.97724448891844,,0.910343753624888,TRUE,""
IMmotion150,3735,PBLD;COLEC12;ABTB2;AP000356.2;SHE,1.01758642367132,,0.925146150176245,FALSE,""
IMmotion150,3736,CCL3;LLPH;FAM72A;AL137798.3;ARHGEF37,0.671570787064173,,0.0751028110417647,TRUE,""
IMmotion150,3737,ADAMTSL3;HOMER2;NEIL1;FGL1;LILRA2,0.847077107423767,,0.403916643889332,TRUE,""
IMmotion150,3738,KIF4A;TRIM16L;PCDHGA8;COL2A1;TRGC2,0.765461322179535,,0.175419338526758,TRUE,""
IMmotion150,3739,SCIN;FDXACB1;TNFRSF11A;CTSLP3;TSHZ2,0.755826105450411,,0.1488929077943,TRUE,""
IMmotion150,3740,SNORA71D;PCDH7;PDCD1LG2;SLITRK6;ENO3,0.957816064330053,,0.835347984772926,TRUE,""
IMmotion150,3741,MATN2;AC022415.2;EML6;ASIC2;SLAMF6,0.709358318091466,,0.0820337802412546,TRUE,""
IMmotion150,3742,PCDHB16;RP1;HOXA3;AL355994.2;CYP2S1,0.762704273896612,,0.175219509720405,TRUE,""
IMmotion150,3743,ITGA11;ZP3;RDH13;MALLP1;MARCHF3,1.0996016180109,,0.643566214546127,FALSE,""
IMmotion150,3744,ALDOC;C11orf98;PKDCC;TRPV5;SNCA,0.927137559039083,,0.717098893459055,TRUE,""
IMmotion150,3745,STEAP3;AC093668.1;CSRNP3;AC109583.4;HOXA4,0.907167491518405,,0.610241774493899,TRUE,""
IMmotion150,3746,PLEKHA7;CTSW;MOB4;TTLL10-AS1;TMEM54,0.786513391120972,,0.207591337451525,TRUE,""
IMmotion150,3747,THSD7A;WNT2B;TONSL;AC009275.1;SARDH,1.19605040702548,,0.368010827732061,FALSE,""
IMmotion150,3748,TMEM91;COL22A1;LRATD1;AC011979.1;CEBPD,1.67335348009575,,0.0117534817781364,FALSE,""
IMmotion150,3749,ITK;NME1-NME2;RAMP3;TRAV39;RUNX3,0.675006329351998,,0.0604713660270053,TRUE,""
IMmotion150,3750,KDELR3;SLAMF7;WDR17;SEC22B3P;RAD51AP1,1.13870747556737,,0.504745821587319,FALSE,""
IMmotion150,3751,DNAH6;OSGIN1;FOXM1;CA1;ATL1,1.63088906161711,,0.0146291902333608,FALSE,""
IMmotion150,3752,EMCN;FLRT2;WASF3;LHX9;GTSE1,1.22365544218104,,0.303080991202133,FALSE,""
IMmotion150,3753,MDK;CXADR;PCDHGA5;MRPS31P4;HLX,1.00113333809781,,0.995422532060885,FALSE,""
IMmotion150,3754,ABCA6;KRTCAP3;HEY2;AC004381.3;KLRD1,0.832886427095647,,0.342367412055468,TRUE,""
IMmotion150,3755,SLCO2A1;CFD;B4GALT6;TM4SF19-DYNLT2B;TMEM220,1.1716738588084,,0.405694136411272,FALSE,""
IMmotion150,3756,FER1L4;EPHA1;LILRA6;AL133500.1;TMC4,1.03472055594273,,0.855379276327282,FALSE,""
IMmotion150,3757,RASL11A;SNCAIP;CA11;AC025259.1;CHRD,1.02572929743199,,0.896118469595628,FALSE,""
IMmotion150,3758,RRM2;AC006254.1;ANKRD29;PLA2G4E;CKS2,0.862390448730504,,0.438173130703215,TRUE,""
IMmotion150,3759,REPS2;ZNF229;RHPN1;RHOV;CA11,1.10551988853981,,0.643628326056867,FALSE,""
IMmotion150,3760,NCKAP5;ULBP2;BMP4;ADAMTS7P3;SUGCT,0.862581254235306,,0.513424380154288,TRUE,""
IMmotion150,3761,PDE2A;AL731577.2;TMEM220;TNMD;NBL1,0.952902306764655,,0.788869150255015,TRUE,""
IMmotion150,3762,FAM27E3;S100A9;LRRC17;AC060834.1;RHOF,0.76938726935145,,0.200214397743847,TRUE,""
IMmotion150,3763,TRBC2;AC010655.3;CC2D2B;AC005020.2;H2BC3,0.820868635479901,,0.301635876388095,TRUE,""
IMmotion150,3764,AK4;UBE2T;CX3CL1;PADI3;MEGF6,0.798956029460105,,0.297290540148384,TRUE,""
IMmotion150,3765,FCGR1B;CCN4;MREG;OR1E1;TAS2R5,0.697531196014848,,0.0575030180904046,TRUE,""
IMmotion150,3766,SNAI2;MFSD2A;SNORD46;MYL12BP2;GNAZ,1.65993880693166,,0.00961451175742778,FALSE,""
IMmotion150,3767,REPS2;MDP1;ZNF578;LINC01151;MAPK12,1.16028063581837,,0.453707230027392,FALSE,""
IMmotion150,3768,COL4A4;GALNT15;MPP3;AL359273.2;AMIGO2,0.702345412321029,,0.0639636406800668,TRUE,""
IMmotion150,3769,GXYLT2;AC008878.1;LZTS1;IGKV2D-40;SECTM1,0.935826671699423,,0.736913649408395,TRUE,""
IMmotion150,3770,PLEKHA6;CCN4;BMP2;ATP10B;HEY1,0.942259057889124,,0.787850003747186,TRUE,""
IMmotion150,3771,PHGDH;EFNA5;SCARNA8;UBTFL5;ANGPT1,1.33650289181061,,0.182712395994711,FALSE,""
IMmotion150,3772,VEPH1;RNF152;SLAMF8;MMP8;STAG3,0.885119657795539,,0.548092814560024,TRUE,""
IMmotion150,3773,MT-ATP6;PWP2;MAP3K7CL;RCVRN;NOL3,0.683424874729103,,0.0542761411385772,TRUE,""
IMmotion150,3774,RGPD3;SPEG;MAN1C1;SNORD55;PDE8B,0.939917163090006,,0.73169585827585,TRUE,""
IMmotion150,3775,BICDL1;GATA2;LOXL4;KBTBD12;DAPK2,0.972050892495252,,0.882941964829653,TRUE,""
IMmotion150,3776,OLR1;JPH2;FRMD3;FAM138D;MAP3K9,0.972939005970344,,0.89794430708419,TRUE,""
IMmotion150,3777,STC1;ZNF831;ZWINT;AC011511.1;CIART,1.08925608003236,,0.681964705398803,FALSE,""
IMmotion150,3778,HYDIN2;CDA;TPRG1;RNU1-4;SLC15A2,0.809346359288053,,0.267424554084948,TRUE,""
IMmotion150,3779,ZNF521;KIF20A;HLA-DOB;AC093591.1;GLI2,1.05189966518178,,0.792893593978649,FALSE,""
IMmotion150,3780,ZNF90;TBX15;PHEX;AC087499.2;IKZF3,0.821014065387362,,0.326509831497863,TRUE,""
IMmotion150,3781,RHOB;ANO9;CD72;SLITRK6;PMEPA1,1.01990044372998,,0.91502422411595,FALSE,""
IMmotion150,3782,BICDL1;CBS;SH3BGRL2;SNORD65;CD6,0.855066439490999,,0.429899165868478,TRUE,""
IMmotion150,3783,SGPP2;TLCD4;DUSP7;TERT;SH3BGRL2,1.00084857776149,,0.996451931131439,FALSE,""
IMmotion150,3784,NR3C2;CD27;FAXDC2;MAPK4;HBEGF,0.780604299571544,,0.24471327862469,TRUE,""
IMmotion150,3785,TBX3;ASAH2B;SNORA72;DDX18P3;CFAP70,0.926249972551673,,0.690976980616884,TRUE,""
IMmotion150,3786,GPC4;MARVELD2;AL158050.1;AC244394.2;PHEX,0.664436894611513,,0.0191345447513068,TRUE,""
IMmotion150,3787,LEF1;TPD52L1;ZNF662;SPTY2D1OS;PDE7B,0.974868529074627,,0.89775283543944,TRUE,""
IMmotion150,3788,GCNA;DPY19L2P2;ARMH4;UBA52P6;TUB,0.821076035542091,,0.319420839960406,TRUE,""
IMmotion150,3789,KCNN3;PDCL3P4;SNORA71A;NYAP2;SLC4A11,0.797544358310649,,0.211830160250263,TRUE,""
IMmotion150,3790,COL4A4;MFAP2;SUGCT;ELAVL3;GMPR,0.789925786832042,,0.227693727652744,TRUE,""
IMmotion150,3791,HRH2;NME5;CD52;NR0B1;TWF1P1,1.01261781241738,,0.946117911625317,FALSE,""
IMmotion150,3792,KLF5;PCOLCE2;SEC14L2;ASIC2;NEURL1B,1.07556934545623,,0.719756160645348,FALSE,""
IMmotion150,3793,TTC39A;CDHR3;HLA-L;UGT2B26P;EPHB3,1.39860155596961,,0.0958709752929483,FALSE,""
IMmotion150,3794,PCDHB11;CD38;AK7;LRRN4CL;IL21R,0.624205751744637,,0.00923082774442251,TRUE,""
IMmotion150,3795,MXRA8;FAM133DP;MT-ND3;KRT1;DTX2P1,0.758702165409994,,0.156232132735193,TRUE,""
IMmotion150,3796,PSD3;C15orf48;TEKT4P2;EDAR;ADAM32,0.822719114123686,,0.325208063895155,TRUE,""
IMmotion150,3797,TRO;OSGIN1;SYNGR1;CDH10;TRIM36,1.19727115259396,,0.332998940389265,FALSE,""
IMmotion150,3798,TMEM37;RPL9P7;PFN2;CD5L;PCED1B,0.727207186015305,,0.104402723291345,TRUE,""
IMmotion150,3799,GPR183;CDHR3;H4C9;SCEL;RPSAP15,0.686113705967363,,0.0685812163742921,TRUE,""
IMmotion150,3800,SNORD118;PTN;UST;SIX2;AC093752.2,1.19756608019742,,0.38294423561694,FALSE,""
IMmotion150,3801,GGT5;MSANTD3-TMEFF1;HMMR;SH3GL3;CASS4,0.934003022866681,,0.739210125115259,TRUE,""
IMmotion150,3802,FTH1P20;RP9P;TNFRSF10C;FAM83F;H2BC3,0.895726607518465,,0.669050861840059,TRUE,""
IMmotion150,3803,SMAD9;METTL15P1;HAPLN3;SYN2;FGF2,0.699223850192739,,0.050352890065531,TRUE,""
IMmotion150,3804,REPS2;PCDHGA2;PCDHB4;ARPP21;NEURL1B,1.24816808388827,,0.206868253383287,FALSE,""
IMmotion150,3805,CCL4;METTL7B;TMEM25;IGFALS;ABTB2,0.936992300902101,,0.755763958017888,TRUE,""
IMmotion150,3806,STC1;UBE2T;EIF5A2;RNU1-27P;AC004890.2,1.04100300307624,,0.830837907902644,FALSE,""
IMmotion150,3807,EIF2S2P4;IGFBP2;FAAH2;LCNL1;CKS2,1.10765413775232,,0.667513659185422,FALSE,""
IMmotion150,3808,CD3D;COL21A1;DIPK2B;HSFX1;IL15RA,0.948491240629295,,0.789126465079526,TRUE,""
IMmotion150,3809,GCNA;TNFRSF9;EMILIN1;KIAA2012;ATL1,0.751343053208598,,0.169978546382289,TRUE,""
IMmotion150,3810,FAT3;LYSMD1;SNORA46;IGKV2-29;GPR34,0.799930450399856,,0.224677982849914,TRUE,""
IMmotion150,3811,FILIP1;UGT8;TTK;AC084756.2;SLC7A8,1.12899041347017,,0.574895329338662,FALSE,""
IMmotion150,3812,IFI27;NAPSB;MEFV;ELAVL3;C1orf21,0.740670514246533,,0.121749929870537,TRUE,""
IMmotion150,3813,ZNF704;KBTBD3;TRIM73;HSD17B1P1;GLI2,0.897976417881565,,0.536799603059527,TRUE,""
IMmotion150,3814,KCNN3;GCOM1;ARHGEF15;OR51C1P;P3H3,1.33401049254576,,0.107568479546686,FALSE,""
IMmotion150,3815,MDK;GCOM1;DNM1P46;AC006030.1;RAMP3,0.912867373401727,,0.6185322691308,TRUE,""
IMmotion150,3816,MXRA7;CFAP221;HOXA2;SULT4A1;KLHL13,1.04970737213907,,0.822406215605124,FALSE,""
IMmotion150,3817,ACP5;SUMO1P3;HLA-DOB;TRAV6;TSPOAP1,0.521585757093237,,0.000765983992147152,TRUE,""
IMmotion150,3818,SELL;METTL15P1;ACAP1;DPPA3P2;KLF2,0.741802193557397,,0.103556645588898,TRUE,""
IMmotion150,3819,ACP5;CNTN4;PTPN7;FCN2;SLC19A2,0.640182382991602,,0.0238988324949559,TRUE,""
IMmotion150,3820,PLVAP;CHMP4BP1;SEPTIN1;PMS2P11;CCRL2,0.578702587610938,,0.00578899935350128,TRUE,""
IMmotion150,3821,BOC;NPIPB8;ADAM8;ELOVL3;BMP2,0.871116994576037,,0.460950902669766,TRUE,""
IMmotion150,3822,AKAP6;SLAIN1;DECR2;FBLL1;NAALADL2,0.926619413063542,,0.711872483753133,TRUE,""
IMmotion150,3823,RADX;ASAH2B;BNIP3P1;AC007952.8;RPPH1,0.84714431717831,,0.365661096264622,TRUE,""
IMmotion150,3824,MXRA7;AC036108.2;DGCR6;GRK7;CCSER1,1.31993870558723,,0.152307249000264,FALSE,""
IMmotion150,3825,SGPP2;DCDC1;CCDC113;KIR3DL2;AL590399.1,1.01258705652537,,0.948108064499579,FALSE,""
IMmotion150,3826,TPX2;ZNF391;SLC2A3P2;AC103702.1;SIGLEC7,0.631412325645719,,0.0217507208173167,TRUE,""
IMmotion150,3827,PDGFD;PRLR;C5AR1;MAST1;RFTN2,0.899941561203764,,0.569231863869106,TRUE,""
IMmotion150,3828,ACSS3;ACP3;THRB;AC027309.2;HOXD8,0.843186986989403,,0.377485435930203,TRUE,""
IMmotion150,3829,SNORD116-23;SNORA51;SARDH;PTPRT;SLC22A15,1.1812616619307,,0.408970817570593,FALSE,""
IMmotion150,3830,SMOC2;PPFIA2;RGS18;SLC18A1;TREM2,0.820997671119884,,0.301843585896728,TRUE,""
IMmotion150,3831,AFF3;CXCR6;GATD3A;AP000346.1;RCAN3,0.817528607815293,,0.303864510200978,TRUE,""
IMmotion150,3832,TTC39A;ACTG2;TEKT4P2;AC092666.2;HOXD4,1.04300685469556,,0.832760799150146,FALSE,""
IMmotion150,3833,ZFHX4;NME5;IGFBP6;AADAC;LAT,0.622379780102947,,0.0196950864617133,TRUE,""
IMmotion150,3834,SNORA31;ASAH2B;OPLAH;TUBB7P;ZNF502,0.80772146785547,,0.301112039607745,TRUE,""
IMmotion150,3835,AGAP7P;SEMA3B;TRIM34;SMIM43;SLC6A1,0.69978103651401,,0.0525554857655886,TRUE,""
IMmotion150,3836,ITGA8;GRM8;CKS2;AC005062.1;RPL32P3,1.06837184255129,,0.756672558413616,FALSE,""
IMmotion150,3837,EPHX2;CEP170P1;MT-ND3;TBC1D3F;OPLAH,0.863963770432103,,0.447984303539848,TRUE,""
IMmotion150,3838,NOSTRIN;PLXNB3;CSTA;F7;TROAP,1.01149867301351,,0.955405783748237,FALSE,""
IMmotion150,3839,MAP3K21;ZNF713;AL031727.1;C6orf58;CCR5,0.620979217797677,,0.0135047078733018,TRUE,""
IMmotion150,3840,POU5F1;PDE6B;HOXD8;OR2L3;SOD3,1.04001358803646,,0.843225234882854,FALSE,""
IMmotion150,3841,HYDIN;XKR9;RAB38;GUCY2EP;TECTA,0.995968009868153,,0.982621955927541,TRUE,""
IMmotion150,3842,HOOK1;EFNA5;SOCS2;LGALS9B;ZNF135,0.877622636062654,,0.528281249754182,TRUE,""
IMmotion150,3843,DNAH6;GRB7;ABLIM2;CDHR4;AC112777.1,0.915401931161979,,0.678210480410781,TRUE,""
IMmotion150,3844,TMEM37;IL12RB2;CMTM8;TTLL10;HID1,0.800965852196427,,0.233635103078221,TRUE,""
IMmotion150,3845,SLC2A10;ESCO2;SMAGP;UBE2F-SCLY;ZNF366,0.845389933639989,,0.408983557919949,TRUE,""
IMmotion150,3846,AR;AC093899.2;ZNF470;C6orf58;MT-ND3,0.789149620680826,,0.194295620420732,TRUE,""
IMmotion150,3847,KIF4A;TSSC2;TNFRSF11A;AL138752.2;MAFB,0.929494914133306,,0.712957977847149,TRUE,""
IMmotion150,3848,HGF;PET117;BASP1;AC124067.4;HEY1,0.933440333718404,,0.771842692956832,TRUE,""
IMmotion150,3849,TSC22D3;FTH1P5;HOXD4;LGI1;FBXO16,1.04710521410285,,0.816532182806083,FALSE,""
IMmotion150,3850,SNORA31;COX7A1;FAM133CP;DOK7;LILRA1,0.680033255788889,,0.0357373106870718,TRUE,""
IMmotion150,3851,DCLK1;PAK3;LRRC75B;AC092667.1;ADAMTSL1,1.1525385055481,,0.459119774390395,FALSE,""
IMmotion150,3852,LAMB3;HMGN1P3;AL031727.1;MAJIN;ARVCF,0.901137137255045,,0.589926630734673,TRUE,""
IMmotion150,3853,RRAGD;PHKA1P1;DGCR6;AC090151.1;SAMD3,0.764801891621954,,0.176327198512562,TRUE,""
IMmotion150,3854,GGT5;ETNK2;TREM2;IQCJ;CFAP53,0.863713218767108,,0.477412928242911,TRUE,""
IMmotion150,3855,MT-ATP6;LAMP3;RGL3;ALOX15;ZNF793,0.757691608893293,,0.159374447408774,TRUE,""
IMmotion150,3856,THSD4;PDZRN3;H3C3;SLC1A7;SLC25A33,1.01147348912365,,0.955748704904761,FALSE,""
IMmotion150,3857,PLEKHA7;SLCO4A1;GRIP1;RAB3B;HSPA6,0.661825347902408,,0.0353099460784131,TRUE,""
IMmotion150,3858,ANOS1;CXCR6;AGBL2;IL1A;SNORA59B,0.822748031094412,,0.280437700809429,TRUE,""
IMmotion150,3859,REPS2;CCDC68;THEMIS;CERNA2;PCDHGA3,0.750263098058292,,0.125677295317726,TRUE,""
IMmotion150,3860,PTPN3;FAM122A;RNF125;PGM5P2;SLC9A7P1,0.494037199639187,,0.0030347017565362,TRUE,""
IMmotion150,3861,FBLN2;SPDYE18;CCDC9B;NUTM2F;VNN2,0.717199711636305,,0.1027552880459,TRUE,""
IMmotion150,3862,HOOK1;ZP3;MSC;AL137798.3;SLC4A11,0.977770050456724,,0.916924127472747,TRUE,""
IMmotion150,3863,FN3K;GPER1;DOK2;CACNG8;SHCBP1,0.841365348432814,,0.390056263887662,TRUE,""
IMmotion150,3864,MYRF;FMO5;RHPN1;VSNL1;SLC7A8,0.902580648347368,,0.603044984661176,TRUE,""
IMmotion150,3865,ALDH1A3;NME1-NME2;CCR2;APOL5;KBTBD8,0.736678530287666,,0.144393572662453,TRUE,""
IMmotion150,3866,CCL5;NRG3;RGS16;CYP2U1-AS1;DTL,0.940910543457115,,0.779016731665184,TRUE,""
IMmotion150,3867,AR;SURF2;IGSF9B;SH3GL1P2;ZNF540,0.734572767918821,,0.0719938364409835,TRUE,""
IMmotion150,3868,PCDHGB4;INMT-MINDY4;RNU4ATAC;GOLGA6D;SHE,0.882155433292557,,0.492112590890689,TRUE,""
IMmotion150,3869,REPS2;C15orf48;TPPP3;RPS10P3;ADAMTS6,1.07767712975303,,0.68782035024584,FALSE,""
IMmotion150,3870,NPNT;CHI3L2;AC136632.1;ETNPPL;AC004832.3,0.941751887602928,,0.752284128256512,TRUE,""
IMmotion150,3871,GRAMD1B;CLEC3B;BMP2;MUC5AC;HLA-L,1.12807537596094,,0.53044308155371,FALSE,""
IMmotion150,3872,SLC11A1;AC026150.3;UST;NOG;SSPOP,0.780697969944614,,0.229273358951852,TRUE,""
IMmotion150,3873,SNORD116-22;IKBKG;MARK1;AC018809.3;PKDCC,0.93655216435234,,0.753426994589412,TRUE,""
IMmotion150,3874,SNORD13;AC036108.2;SOCS3;CYP2C19;PRTFDC1,1.17389830708863,,0.425998097732439,FALSE,""
IMmotion150,3875,MT-ATP6;SLAMF1;SOD3;MPIG6B;FAM184A,0.956848117392039,,0.825502126204033,TRUE,""
IMmotion150,3876,SDK1;PDZRN3;SPAG4;TUBB2BP1;C6orf163,0.839821514757773,,0.334182509017122,TRUE,""
IMmotion150,3877,CEACAM1;F3;HSPA6;FOXA2;CCNJL,0.851661941845433,,0.394327340273703,TRUE,""
IMmotion150,3878,GPC4;C6orf132;CCRL2;SERPINI2;BASP1,0.548347651304466,,0.00232943676214251,TRUE,""
IMmotion150,3879,IFI27;RHEBP2;SLFN12L;AL445665.1;EGFL7,0.666329174130277,,0.0251527463233514,TRUE,""
IMmotion150,3880,KIT;CCNB2;LSR;IGKV1D-43;AL096711.2,0.853192749472653,,0.403983735810651,TRUE,""
IMmotion150,3881,ALDH1A3;SLC19A3;MEFV;TRIM31;HOXD4,0.8959740008644,,0.597319165593491,TRUE,""
IMmotion150,3882,FBP1;AC138894.1;FAM13C;PCP2;STK32B,0.88013900479983,,0.488925058897784,TRUE,""
IMmotion150,3883,PLCH1;GPR174;DNALI1;MGAT4C;RAI2,0.6439250642811,,0.0211763232015658,TRUE,""
IMmotion150,3884,CCDC146;ZNF99;PCDHGA8;CCL17;MREG,0.835366459397994,,0.370744108319771,TRUE,""
IMmotion150,3885,CSPG4;HMGB3;SMAD6;C6orf118;EPHB2,1.03391851929932,,0.8652035218417,FALSE,""
IMmotion150,3886,CD3D;NRN1;LZTS1;CPB1;EID3,1.01474828653238,,0.940462358509844,FALSE,""
IMmotion150,3887,SMIM3;PRCD;MBD3;AC106782.6;AC138696.1,1.25627583402066,,0.204040519075615,FALSE,""
IMmotion150,3888,FLG-AS1;GATA3;GALNT3;BEAN1;SOD3,0.729288644977983,,0.137877061031243,TRUE,""
IMmotion150,3889,GHR;IQCA1;CD6;RPS4XP5;SLC22A15,0.855014616517541,,0.41592617070217,TRUE,""
IMmotion150,3890,CTAGE6;RPL12P4;LNX1;RNASE10;PRELID3A,1.04181662502069,,0.834144180327724,FALSE,""
IMmotion150,3891,ANGPT2;CCSAP;SLC43A1;TUBB8P7;ZSCAN31,0.840800189289127,,0.439726185935111,TRUE,""
IMmotion150,3892,MT-ATP6;ZFHX2;SNORA14B;BAGE2;S1PR2,0.839664145731209,,0.391084528168206,TRUE,""
IMmotion150,3893,EPHA3;AC138894.1;VNN2;CNGB1;AK7,0.799078487066883,,0.295495363313402,TRUE,""
IMmotion150,3894,FAP;RPSAP12;ABCG2;AC007192.1;NLRC3,0.78690354969191,,0.231917393783716,TRUE,""
IMmotion150,3895,PCOLCE;GCOM1;UST;OR3A1;ZSCAN18,1.13273052998463,,0.5344952373321,FALSE,""
IMmotion150,3896,FN3K;NPIPB8;SNORA72;PPP1R42;SEMA6D,1.01971248555504,,0.912926926512201,FALSE,""
IMmotion150,3897,TRBC2;CARMIL2;TSPAN5;AL133500.1;C17orf97,0.621367222334135,,0.0162570944170316,TRUE,""
IMmotion150,3898,MAP2;PCOLCE2;SHE;RNVU1-7;ELOVL6,1.31895902435569,,0.164975866167755,FALSE,""
IMmotion150,3899,ABCA6;GRM8;ZNF491;SLC30A2;CEBPD,1.22298257478412,,0.30569165876656,FALSE,""
IMmotion150,3900,PLAU;PET117;SCARNA8;SH3GL1P2;RAD51AP1,1.09307164060117,,0.656191581173061,FALSE,""
IMmotion150,3901,HKDC1;EXO1;P3H3;HOXD13;STMN3,1.17652321841967,,0.380080954201767,FALSE,""
IMmotion150,3902,TMEM91;LYSMD1;ADAM8;NXF2B;FBXL7,0.887528746905921,,0.585619129187023,TRUE,""
IMmotion150,3903,SCARNA4;INMT-MINDY4;FAM174B;MKRN8P;DAPP1,0.889375460145504,,0.529769978972511,TRUE,""
IMmotion150,3904,SELL;CAPN12;STAC3;SLC22A6;KLF2,1.01897766519324,,0.925029269774818,FALSE,""
IMmotion150,3905,HGF;MXRA7P1;RBKS;AL512310.7;C1QTNF3,1.3621296084649,,0.159712390854202,FALSE,""
IMmotion150,3906,SNORD116-6;SYBU;LNX1;PADI3;P2RY1,1.15134164068146,,0.506709148792142,FALSE,""
IMmotion150,3907,DKK3;HOMER2;LRATD1;TUBA3E;CCR2,0.759754614927658,,0.176564448931451,TRUE,""
IMmotion150,3908,PTPN3;OSGIN1;HHEX;OR9Q1;MCM10,1.4974120125258,,0.0607116052801421,FALSE,""
IMmotion150,3909,SNAI2;PSMG4;SDC1;LINC02207;ABTB2,0.957442274636791,,0.845831986581598,TRUE,""
IMmotion150,3910,PTTG1;PPIAP2;C5AR1;RNASEH1P2;MEFV,0.856053031684908,,0.420608232883341,TRUE,""
IMmotion150,3911,SNORD116-6;MYBL2;NLGN3;MT-TV;SHE,0.810441408697233,,0.250819326345633,TRUE,""
IMmotion150,3912,CNTNAP3P2;MANEAL;FRMD3;TRAV6;SECTM1,0.664710191762835,,0.0515709519923951,TRUE,""
IMmotion150,3913,SGIP1;ROR2;AXIN2;ARTN;VNN2,1.11260352367188,,0.590810975961075,FALSE,""
IMmotion150,3914,RETREG1;SLAMF1;MEGF6;ANKRD30B;PYHIN1,0.752514480008369,,0.1535051610824,TRUE,""
IMmotion150,3915,SELL;CATSPER3;SCD5;C2CD4C;SNORA59A,0.778228491570202,,0.172711112954851,TRUE,""
IMmotion150,3916,BOC;GCOM1;CCSER1;AC073648.1;RGS9,0.764844882417294,,0.128898722311439,TRUE,""
IMmotion150,3917,CCL2;LIPG;RUNX3;MAPK8IP1P2;AC004997.1,0.930083859886538,,0.712913666742968,TRUE,""
IMmotion150,3918,MYOM1;NEIL3;E2F8;SNORD115-38;GRIP1,0.918896981493167,,0.672953901181324,TRUE,""
IMmotion150,3919,CAVIN2;DNAJC19P9;LINC01550;IFNA5;ADAMTS5,0.838008377944496,,0.312538945527652,TRUE,""
IMmotion150,3920,GRAMD1B;ZNF711;ARNTL2;NRTN;SYNGR1,0.541319637209972,,0.00204659643350756,TRUE,""
IMmotion150,3921,SNORD118;OSGIN1;GGH;AC099811.2;KCNJ5,1.38713365133387,,0.0938416502660974,FALSE,""
IMmotion150,3922,PLA2G7;TRAT1;FAXDC2;SLC14A2;SNORA55,0.729691319975088,,0.110392778961555,TRUE,""
IMmotion150,3923,LDLR;SPEG;SLC35G2;SLITRK6;GRAPL,1.13547701206099,,0.502476637024047,FALSE,""
IMmotion150,3924,ALDOC;CD27;SLC16A6;WBP1P1;CYGB,0.877004169886566,,0.53711199319674,TRUE,""
IMmotion150,3925,TSKU;PRRX1;RTL5;RCVRN;MICU3,1.01096404102996,,0.959797317287752,FALSE,""
IMmotion150,3926,RHOB;SLAIN1;AC112777.1;GRIK1;MMP19,0.886012073546706,,0.542805019696598,TRUE,""
IMmotion150,3927,PBLD;ZNF831;PYROXD2;OR11H2;RPPH1,1.01637352278814,,0.932100585480919,FALSE,""
IMmotion150,3928,ALPK3;BEND5;UBE2Q2L;LYPD6B;SLFN12L,0.833774518691296,,0.354383101082849,TRUE,""
IMmotion150,3929,AKAP6;ZBP1;CCR2;CRNDE;PDXDC2P,0.594146783930027,,0.00710564330469009,TRUE,""
IMmotion150,3930,MAP3K21;ZNF630;CKS2;FFAR2;DHFR2,0.89385349504211,,0.642808092708533,TRUE,""
IMmotion150,3931,SELENBP1;LRRC37A17P;LPAR1;KRT19P1;CDKN3,1.18597655969512,,0.41253471669892,FALSE,""
IMmotion150,3932,MXRA7;ENPP5;MCM10;DSCAM;RTL5,1.49602261552475,,0.075804941357072,FALSE,""
IMmotion150,3933,ITK;KIF20A;CAMK2N1;GALR1;H3C8,0.775561350217919,,0.212296089693114,TRUE,""
IMmotion150,3934,CCDC141;AKR7A3;SNORA10;MORN5;ZNF491,0.95812001155207,,0.827680601976619,TRUE,""
IMmotion150,3935,MST1;IRF4;SNORA14B;VDAC3P1;PCED1B,0.772456821185101,,0.206839031517512,TRUE,""
IMmotion150,3936,APBA2;YBX1P10;CFAP70;GLP1R;FSTL3,0.681068320664709,,0.0691687542979897,TRUE,""
IMmotion150,3937,CCL5;IL1R2;HOXC6;LRRC37A7P;NBL1,0.877038261473291,,0.479337920766513,TRUE,""
IMmotion150,3938,EIF2S2P4;CATSPER3;JAM2;SLC6A4;SNORA46,0.738020386972866,,0.138038745346691,TRUE,""
IMmotion150,3939,ZFHX4;ADAMTS14;TONSL;GGTLC3;TBX2,1.22454703620057,,0.280299262595319,FALSE,""
IMmotion150,3940,NR3C2;ZNF232;SEPTIN1;RPL23AP87;TMEM25,0.702713511783621,,0.0540888073666638,TRUE,""
IMmotion150,3941,PHGDH;EVPL;LPAL2;RPS2P7;ARNTL2,1.24650900894677,,0.268291868714005,FALSE,""
IMmotion150,3942,TRAC;ACP3;HLA-L;AL078621.2;EGFL7,0.849557830410742,,0.346959043328038,TRUE,""
IMmotion150,3943,CARD11;WNT2B;SCUBE2;RXFP2;CETP,0.751021852658256,,0.175607537199175,TRUE,""
IMmotion150,3944,GHR;AC023055.1;ACOX2;OR1E2;SIK1,1.21446237802547,,0.334038751624114,FALSE,""
IMmotion150,3945,C5;PLAC8;HLX;ENPP7;TEF,0.945436514691722,,0.790718648371699,TRUE,""
IMmotion150,3946,H2BC9;ZSWIM5;FBXL7;ALOX12;GGH,1.04974399665893,,0.796921044155696,FALSE,""
IMmotion150,3947,DKK3;CLEC3B;TLE2;AC123912.3;TCF7,1.01068938322806,,0.956187698295809,FALSE,""
IMmotion150,3948,IFI44L;GREB1;CACNB2;TUBB8B;KLHL3,0.616350174201047,,0.0235953243748034,TRUE,""
IMmotion150,3949,NPNT;HTRA3;CD33;SNORD63;CSTA,0.814641101281772,,0.274029242687282,TRUE,""
IMmotion150,3950,MT-ND1;GBP1P1;SNORA13;PMS2P11;CCDC9B,0.808125403029441,,0.258079109652148,TRUE,""
IMmotion150,3951,PLS1;STOX1;PPP1R16B;PPIAL4A;CPNE5,1.18690119422611,,0.362723496552842,FALSE,""
IMmotion150,3952,ARFGEF3;NSUN7;PKDCC;AC007780.1;ZWINT,0.81376393630901,,0.315890420355388,TRUE,""
IMmotion150,3953,FBLN2;ICA1L;BRSK1;GUCY2EP;P2RY8,0.934023200046274,,0.748096507102098,TRUE,""
IMmotion150,3954,COL4A4;SGK2;AC136632.1;TMEM82;DTX2P1,1.12491216024011,,0.554890234798879,FALSE,""
IMmotion150,3955,STEAP3;PNMA2;KATNAL2;GREM2;PRELID3A,1.14420222548921,,0.479542730546383,FALSE,""
IMmotion150,3956,PTGIS;ZNF215;HID1;CHRND;H4C6,0.97371059826379,,0.885698788791724,TRUE,""
IMmotion150,3957,MT-CO2;MT1F;TLE2;XKR3;STON1,0.888247296896385,,0.560619009820641,TRUE,""
IMmotion150,3958,CRIP1;SYBU;MDGA1;STRA8;TSPAN2,0.929960582555319,,0.700947975866749,TRUE,""
IMmotion150,3959,TPX2;IL1B;DAPK2;MCFD2P1;FAHD2B,0.828296282064391,,0.300302787918255,TRUE,""
IMmotion150,3960,FTH1P20;UBE2C;SLC43A1;CRP;BNIP3P1,1.40362663608991,,0.145783059286135,FALSE,""
IMmotion150,3961,IRAG1;C6orf132;MSC;BCL2L10;SNHG17,1.41138968003931,,0.0778660883449054,FALSE,""
IMmotion150,3962,DENND2A;AL512356.1;WASF3;ACKR4P1;NBL1,0.85937732152324,,0.465850754413722,TRUE,""
IMmotion150,3963,SNORD116-1;SORCS2;ELMO3;TMSB4Y;SPN,0.863587857814717,,0.438557437840337,TRUE,""
IMmotion150,3964,BICDL1;TMEM184A;CASZ1;AHSP;TMC4,1.06319228944051,,0.765464502555425,FALSE,""
IMmotion150,3965,FBLN2;ZIK1;GAMT;CIBAR2;SEC63P1,0.746325154766481,,0.163057477897178,TRUE,""
IMmotion150,3966,CD209;ADAM23;ZNF470;MS4A8;SPATA6L,1.05085876124611,,0.799660387737528,FALSE,""
IMmotion150,3967,TSKU;NAPSB;DEPP1;EIF4HP2;FAM111B,1.17059682062166,,0.459879112120272,FALSE,""
IMmotion150,3968,LMOD1;CHDH;PIK3R6;SCRG1;SNORA60,1.2696459890111,,0.230850185451859,FALSE,""
IMmotion150,3969,CCL3;GPER1;HSPB2;ASB4;GALNT3,0.883879725775344,,0.565857742843947,TRUE,""
IMmotion150,3970,POU5F1;TNFRSF19;PCDHB2;MTCO1P12;H2BC14,0.490960292000159,,0.00107355860036664,TRUE,""
IMmotion150,3971,THSD4;SLC19A3;GATD3A;LINC01554;AC092068.3,1.24174392847441,,0.262007433543798,FALSE,""
IMmotion150,3972,ZNF704;CLEC10A;ADAMTSL1;RPL32P29;TEKT4P2,1.06723617012895,,0.723605945536834,FALSE,""
IMmotion150,3973,H2BC17;CKB;H3C2;GPRIN2;SLC15A2,0.799922364210852,,0.267359691322327,TRUE,""
IMmotion150,3974,ZFPM2;CSMD2;PSTPIP1;STRA8;ELMO3,0.756221057771852,,0.145696745775264,TRUE,""
IMmotion150,3975,MT-ATP6;C15orf48;HEY2;AKR1B10P1;HENMT1,0.796360077981476,,0.257283525292704,TRUE,""
IMmotion150,3976,KDELR3;KRTCAP3;HAPLN3;TRAV22;AC068580.4,1.00727816621502,,0.96947920445054,FALSE,""
IMmotion150,3977,AOC3;ELAPOR1;C2orf27A;AC025165.6;ACTBP4,1.37021023655312,,0.107364459250854,FALSE,""
IMmotion150,3978,ADAM12;CARMIL2;MICU3;DEFB131E;PRELID2,0.93893790192444,,0.749714079443649,TRUE,""
IMmotion150,3979,CD163L1;CTSW;PSORS1C1;ST8SIA2;FAM86DP,0.760848516220368,,0.190415009310093,TRUE,""
IMmotion150,3980,TNFRSF11B;TENT5C;THSD1;AC112229.3;RAD51AP1,0.95428999774394,,0.810040191482709,TRUE,""
IMmotion150,3981,SNORA31;GATA3;MAPK12;ALOX12;PLEK2,0.972756096253992,,0.890086899498872,TRUE,""
IMmotion150,3982,FLG-AS1;GIPC3;ADAMTS13;CHST6;SNORA59A,0.804452587717802,,0.306677727116583,TRUE,""
IMmotion150,3983,BUB1;GBP1P1;HOXA3;FMO6P;FRMD3,0.618439861722077,,0.0119891909322984,TRUE,""
IMmotion150,3984,FBP1;SEMA3A;STON1;AC090517.5;TMEM220,0.61819089314603,,0.0266354664721792,TRUE,""
IMmotion150,3985,SSC5D;LRRC37A17P;P2RY6;HMGN1P18;LY96,0.699688400716805,,0.0846170355877401,TRUE,""
IMmotion150,3986,MST1;POM121L9P;LILRB5;DDX11L9;SLC9A7P1,1.1462679402768,,0.487236989808739,FALSE,""
IMmotion150,3987,IMPA2;CFAP91;PEG3;RGSL1;TNFRSF11A,0.860011086629194,,0.424110458430294,TRUE,""
IMmotion150,3988,FBP1;NME5;GATD3A;RPS2P7;H4C6,0.980142369175151,,0.91793963523179,TRUE,""
IMmotion150,3989,POU5F1;SPON2;GOLGA2P5;DLX6;ATL1,0.843917884869131,,0.405057496023339,TRUE,""
IMmotion150,3990,FER1L4;AVPR1A;CCR5;CDC20B;RTL5,0.866912879132254,,0.466868705332694,TRUE,""
IMmotion150,3991,HOOK1;AC079594.1;ZFP2;GPR37L1;CMPK2,0.599293909969819,,0.00535682859673996,TRUE,""
IMmotion150,3992,FAM149A;KIF5C;ST6GALNAC6;AL450124.1;KIF2C,0.859373707456132,,0.455460306048992,TRUE,""
IMmotion150,3993,SLC11A1;TCIM;RHOF;XKR4;TMC4,0.950651153208078,,0.801543366948249,TRUE,""
IMmotion150,3994,TSPAN13;EFNA5;PIGAP1;CLDN19;CENPK,1.2498187819535,,0.261531955407674,FALSE,""
IMmotion150,3995,FCGR1B;ZNF286B;GRAP2;MUC6;SLC17A9,0.726537117611788,,0.100364402624187,TRUE,""
IMmotion150,3996,RRAGD;RRAD;RAMP2;C19orf67;LINC01002,0.90324657538454,,0.578436227757364,TRUE,""
IMmotion150,3997,MEST;SLAMF7;ABCA10;AC009977.1;COL9A2,0.798363339217972,,0.276606903967286,TRUE,""
IMmotion150,3998,PKD1P5;ADGRB1;ALDH7A1P1;AC012640.4;GRIP1,0.954555325497996,,0.812450363556399,TRUE,""
IMmotion150,3999,IFI44L;F2RL1;DACT1;DHX40P1;PTCH2,0.972353112519854,,0.890898712245104,TRUE,""
IMmotion150,4000,BCAT1;LIN7A;H3C13;ENO1P1;SLC6A1,1.13456409841435,,0.563342314818686,FALSE,""
IMmotion150,4001,NFASC;INAVA;PTPN7;POT1-AS1;CEBPD,0.767038156222632,,0.186478715940755,TRUE,""
IMmotion150,4002,IQGAP3;TRIM45;SYT17;KIR2DS4;PRKAR2B,1.05513473310421,,0.78547590344768,FALSE,""
IMmotion150,4003,IFI27;AC048382.2;LILRB5;KRT1;TRIP13,0.997341973121379,,0.990221322817323,TRUE,""
IMmotion150,4004,PCSK5;SPON2;CAMK4;SNORD116-27;HOXA4,0.843849070683591,,0.387110566730656,TRUE,""
IMmotion150,4005,HOXA10;EVPL;ZNF491;TMEM179;BCL2,1.30393683229539,,0.159524848381346,FALSE,""
IMmotion150,4006,SNORD116-20;AMIGO1;SNORA10;AC139099.2;EIF5A2,0.985675627243334,,0.94048186559656,TRUE,""
IMmotion150,4007,AK4;IRF4;IFI6;TPO;H3C1,0.879313495547338,,0.551871211967732,TRUE,""
IMmotion150,4008,FN3K;NEIL3;IL12RB1;ATP5F1CP1;ZDHHC11,0.81745700340978,,0.316784535208499,TRUE,""
IMmotion150,4009,SGPP2;ASAH2B;DEPP1;HMGCLL1;LINC01002,0.632840873162181,,0.0133195975575055,TRUE,""
IMmotion150,4010,KITLG;FAM86EP;HAPLN3;AC012313.3;GADD45B,0.82967174384226,,0.383785088306636,TRUE,""
IMmotion150,4011,GHR;STOX1;KIFC1;AC132803.1;AC136632.1,1.41768479866229,,0.0905125400497487,FALSE,""
IMmotion150,4012,SNORA71D;F2RL1;HSPB2;C2orf91;CD52,0.925603157657049,,0.703271127634691,TRUE,""
IMmotion150,4013,TENM4;RARRES1;IL4I1;UGT2B15;EMP2,0.885722877960422,,0.527185908262118,TRUE,""
IMmotion150,4014,MYOM1;MMP24;TICRR;SLC6A14;TM7SF2,1.0108627106622,,0.95467603224628,FALSE,""
IMmotion150,4015,PLCH1;DCDC1;SIRPB2;AC093915.1;ADAMTS3,0.687657383579301,,0.0628188539822607,TRUE,""
IMmotion150,4016,LIF;WDR53;PCDHGB3;GOLGA6L7;SLC25A33,1.09013674043364,,0.665373016455278,FALSE,""
IMmotion150,4017,SDK1;IGF2BP2;PCED1B;GABRA2;ZNF540,0.608466402637144,,0.00652202748537259,TRUE,""
IMmotion150,4018,NFASC;GZMK;AC021078.1;TBC1D3;FAXDC2,0.794881717302659,,0.223469396029398,TRUE,""
IMmotion150,4019,MAP2;ROR2;GJA4;PPIAP46;DECR2,1.28770321854158,,0.197149304442028,FALSE,""
IMmotion150,4020,JAM3;JPH2;RBP1;CBLC;ELMO3,1.113093342071,,0.570412735035303,FALSE,""
IMmotion150,4021,GOLGA8M;SYBU;APCDD1;AC116351.1;FOXM1,1.01957267036593,,0.922395813683866,FALSE,""
IMmotion150,4022,EGR2;PODN;SNORA50A;TOMM40P2;PCDHB7,1.33017788995041,,0.158142175232615,FALSE,""
IMmotion150,4023,C5;PPIAP2;SNORA6;HNRNPA1P14;SCD5,0.758840981533097,,0.181479559018256,TRUE,""
IMmotion150,4024,TNFRSF11B;P2RY10;TEKT4P2;AC104389.6;CD6,0.743746020536346,,0.145677773589598,TRUE,""
IMmotion150,4025,HOXA10;INAVA;SIK1;PMCH;THRB,0.840185371793994,,0.359470637424178,TRUE,""
IMmotion150,4026,KIF26B;LIPC;TMEM54;CTNNA2;APCDD1,0.789968447634366,,0.2447911512289,TRUE,""
IMmotion150,4027,IL2RG;PTH1R;TESPA1;HPR;CD72,0.655624246088838,,0.0417284797103702,TRUE,""
IMmotion150,4028,TMEM91;PRCD;GCSHP5;OR2T8;GGH,1.96765320687114,,0.000750011131455354,FALSE,""
IMmotion150,4029,RHOB;CCL14;HEY2;LGALS9C;KIF2C,1.27814593263881,,0.196829234260126,FALSE,""
IMmotion150,4030,HOXA10;TBCEL-TECTA;CSTA;NKAIN2;ZNF300,0.826793987193818,,0.370902186610906,TRUE,""
IMmotion150,4031,ANOS1;EPHA1;ZSCAN31;AL133482.1;BAMBI,0.872895204831805,,0.505598797600169,TRUE,""
IMmotion150,4032,FCGR1B;GATA3;TMEM25;LHX9;KLF4,0.830962729237669,,0.330009458405955,TRUE,""
IMmotion150,4033,REPS2;PCDHB3;DNALI1;GGTLC2;RPS2P46,1.21678411529984,,0.322180725480128,FALSE,""
IMmotion150,4034,SNORA21;GIPC3;PRH1;AMYH02020865.1;FAM86DP,1.21470771958929,,0.351326181024334,FALSE,""
IMmotion150,4035,SRPX2;FLRT2;JAM2;KRT8P34;PECAM1,0.905566191172171,,0.56128335987096,TRUE,""
IMmotion150,4036,SNORA61;SPON2;STK32B;IFIT1B;MAFB,1.03560199859481,,0.855663722675863,FALSE,""
IMmotion150,4037,MDK;HMGB3;ADORA3;PLA2G4E;HOXC6,0.683195565625468,,0.0630070647541657,TRUE,""
IMmotion150,4038,CCL4;MMP24;DIPK2B;KDF1;TLK2P2,0.907852076835804,,0.582546411856784,TRUE,""
IMmotion150,4039,CD3D;CKAP2L;S1PR2;ANKRD20A9P;P2RY8,0.677013928881666,,0.054167343394414,TRUE,""
IMmotion150,4040,C5;ASS1P1;IGSF9B;SLC47A1P2;TPRN,0.890241298427871,,0.535314435294597,TRUE,""
IMmotion150,4041,SNAI2;SRPX;KCNK1;AL590132.1;RTP4,1.15679991819061,,0.498176935818889,FALSE,""
IMmotion150,4042,ALOX5AP;SNORA62;TMEM26;SYNPO2L;FAM184A,0.821801420073337,,0.287783284828275,TRUE,""
IMmotion150,4043,PCDHB12;WDR53;MTARC1;RPS3AP39;THRB,1.11721934342256,,0.525122013794769,FALSE,""
IMmotion150,4044,FAT3;CEP55;PTPN7;POC1B-GALNT4;RAB38,0.829614824537959,,0.307752396715899,TRUE,""
IMmotion150,4045,MT-CYB;DEPDC7;ABLIM2;TMEFF1;CCR2,0.896163654845846,,0.572648714847702,TRUE,""
IMmotion150,4046,EPHX2;SHB;LCK;NEDD8-MDP1;IGF1,0.83520338573159,,0.327281927964357,TRUE,""
IMmotion150,4047,AFF3;MMP24;SNORA13;FRMPD4;KCNK1,1.01779465073646,,0.931471420692971,FALSE,""
IMmotion150,4048,KCNN3;IL17RD;APOBEC3B;FAM74A3;TLR8,1.29748753713434,,0.182792591740727,FALSE,""
IMmotion150,4049,MTARC2;AGBL3;KLF2;PRSS3;H3C2,1.11596204249114,,0.604174772947988,FALSE,""
IMmotion150,4050,DCLK1;PYGO1;TLK2P2;ARL14;ZNF876P,1.07894152185245,,0.688311021500215,FALSE,""
IMmotion150,4051,CD163L1;RTKN2;ZNF483;TDGF1;SMAGP,0.894786888753151,,0.565336629739595,TRUE,""
IMmotion150,4052,CEACAM1;TOX;RBKS;AL355102.4;LRRC75B,0.959895121917574,,0.84711338768972,TRUE,""
IMmotion150,4053,PDE2A;NOVA1;RPSAP15;DPPA3P2;MFAP3L,1.06959859392972,,0.694143756920506,FALSE,""
IMmotion150,4054,MDK;CCNB2;TSPOAP1;AC091167.2;KCNS3,0.79929265823701,,0.25343020305208,TRUE,""
IMmotion150,4055,PCOLCE;HSD11B2;ABTB2;JPH3;TWF1P1,1.32395830709103,,0.190579023602422,FALSE,""
IMmotion150,4056,GCNA;ZSWIM5;CD5;NAIPP3;ABLIM2,0.645268177184359,,0.0295058425302684,TRUE,""
IMmotion150,4057,PCDHB8;NTRK3;IKZF3;AC093915.1;RHOD,1.00016599157767,,0.999302118077323,FALSE,""
IMmotion150,4058,TSKU;AC009078.3;ZSCAN31;PRSS44P;SOX18,1.0727615761049,,0.697917676949091,FALSE,""
IMmotion150,4059,CCL4;ZNF665;ADAM32;AC008758.5;HLX,0.838179500500719,,0.366275917473188,TRUE,""
IMmotion150,4060,PTPN3;CDCA7;TNFRSF11A;PAOX;PDXDC2P,0.705882874476537,,0.0905401252113082,TRUE,""
IMmotion150,4061,PDGFD;DCDC1;ALDH7A1P1;MYOC;STRC,0.915597462002766,,0.631726899756372,TRUE,""
IMmotion150,4062,COL5A3;AL591806.2;CD80;SLC51B;MAP3K9,1.42720597827717,,0.10642475422823,FALSE,""
IMmotion150,4063,BUB1B;COL24A1;RAB38;AL136982.7;SIK1,0.847430507467902,,0.405488879259847,TRUE,""
IMmotion150,4064,SPNS2;HTRA3;DGKI;SNORD61;TWF1P1,0.761706446328153,,0.190800519119224,TRUE,""
IMmotion150,4065,AOC3;UNC5CL;SIRPB2;AL033384.1;TWF1P1,0.916681035592534,,0.668703433195803,TRUE,""
IMmotion150,4066,DKK3;NPIPB8;MTFP1;PTPRCAP;SNORD116-14,0.975001362369288,,0.889392797466901,TRUE,""
IMmotion150,4067,TMEM91;LAG3;ADAMTS6;POM121L6P;KIF2C,0.966010114444486,,0.862988223229911,TRUE,""
IMmotion150,4068,SLC2A10;TNFRSF9;PIM2;AC091390.1;CYP2S1,0.705915409656703,,0.0633853098854005,TRUE,""
IMmotion150,4069,SNORD118;CFAP43;SLC22A4;TRAV24;ABCA10,0.682964022113061,,0.0567303305189309,TRUE,""
IMmotion150,4070,KIF23;SPTB;MSC;SCEL;C17orf97,0.758625845942083,,0.202407045844213,TRUE,""
IMmotion150,4071,NQO1;CDS1;ARMH4;UNC5D;KCTD15,1.00584311293181,,0.978911639688059,FALSE,""
IMmotion150,4072,ALDH1L2;RP1;RHOD;ASPRV1;TIAM2,0.954195868795816,,0.803938238813623,TRUE,""
IMmotion150,4073,PLA2G7;RPP14;TRIM36;CACNG4;ZFP2,0.675067731285541,,0.044246873173464,TRUE,""
IMmotion150,4074,LAMB3;ABCF2;HMMR;SERINC4;SCARNA8,0.931067546239411,,0.737476985708519,TRUE,""
IMmotion150,4075,EGR2;IGF2BP2;LRRC17;SNORD24;ZNF470,1.00850259637337,,0.964641632864232,FALSE,""
IMmotion150,4076,ACP5;AL591806.2;KCNK1;CALR3;POU2F2,0.6522453166962,,0.027186129579806,TRUE,""
IMmotion150,4077,CD163L1;SGK2;TMC4;AKNAD1;ADAMTS5,1.74389814938736,,0.00832250540350155,FALSE,""
IMmotion150,4078,AKAP6;Z83840.1;ZNF491;GYG1P3;ABCB9,0.758462898557579,,0.110908580625914,TRUE,""
IMmotion150,4079,CNTNAP3;RPSAP12;AS3MT;AC037459.1;DGKG,1.19249415747406,,0.370131636714389,FALSE,""
IMmotion150,4080,PCDHB9;ABHD14A-ACY1;SHCBP1;PRH2;LRRC17,1.27934845704515,,0.223258641562053,FALSE,""
IMmotion150,4081,ALDH1A3;MDP1;GPAT3;ARX;GSKIP,0.963906772621347,,0.888537880877953,TRUE,""
IMmotion150,4082,CEACAM1;PODN;P3H3;AC010834.1;ELOVL6,1.10236532777976,,0.620466949549901,FALSE,""
IMmotion150,4083,SLC2A10;ZBP1;EMP2;CNTN2;LRRC75B,0.967611211359922,,0.868097549969325,TRUE,""
IMmotion150,4084,TLL1;EGF;LIMS2;IFITM3P1;TPRN,0.900448115413651,,0.567715683772465,TRUE,""
IMmotion150,4085,FN3K;RIPK3;AD000090.1;OR7A5;DUSP4,0.815553497010796,,0.319166712016048,TRUE,""
IMmotion150,4086,NCF1C;AC009093.9;ADAMTS13;CFHR4;SLC9A7P1,0.835235401673624,,0.336017372475542,TRUE,""
IMmotion150,4087,PTER;DYNC1I1;CLEC14A;EFCAB10;ZNF135,0.853231261205724,,0.373981687091456,TRUE,""
IMmotion150,4088,PCDHGB2;ZNF727;CCDC74A;SOSTDC1;AKR1E2,0.827320300652013,,0.310602907036114,TRUE,""
IMmotion150,4089,SNORD118;AL591806.2;TNFRSF10C;AC116351.1;KLRD1,0.516211506487676,,0.00112523815078232,TRUE,""
IMmotion150,4090,ABCB4;NEIL3;IL12RB1;C1QL3;ATL1,0.657453429507776,,0.0267614712876046,TRUE,""
IMmotion150,4091,CSRP2;RBM20;FOXM1;FLRT1;SRRM5,1.3611593389114,,0.124853683660931,FALSE,""
IMmotion150,4092,HSPA7;ECHDC3;IL12RB1;FRMPD4;RHOF,0.638716959471362,,0.0256312799898844,TRUE,""
IMmotion150,4093,CD248;SLAMF7;EGFL7;KY;SNORA6,0.93467194377123,,0.738098184477767,TRUE,""
IMmotion150,4094,AKAP6;ADAM23;LIMS2;OR7A5;AC136632.1,1.10124622515373,,0.590237288910789,FALSE,""
IMmotion150,4095,FAM27E3;ZMYND19;RUNX1T1;SYT14;GZMA,0.583841775518059,,0.00788903088718831,TRUE,""
IMmotion150,4096,CNTNAP3P2;ASS1P1;ZNF816-ZNF321P;UGT2B4;CSTA,0.857190332815456,,0.408647847966557,TRUE,""
IMmotion150,4097,IQGAP3;ANK1;KIF2C;TBX4;CFAP53,0.858621366039687,,0.469402881180051,TRUE,""
IMmotion150,4098,CDCP1;AMIGO1;SOX5;HSFY1;ABCG2,1.13056388632486,,0.571819554032791,FALSE,""
IMmotion150,4099,ITGA8;HYAL1;ARVCF;KCNK10;HLX,1.27253600897027,,0.225493793266739,FALSE,""
IMmotion150,4100,ABCB4;HUNK;SPSB1;TFAP2C;SPAG4,1.06592206155937,,0.754452197112541,FALSE,""
IMmotion150,4101,C5;CFAP221;MTARC1;STMN2;GNAZ,1.42122201251264,,0.0831281562230149,FALSE,""
IMmotion150,4102,TPX2;ESCO2;VWA1;HSPB2-C11orf52;E2F7,1.22590541477998,,0.31324802331048,FALSE,""
IMmotion150,4103,ACSM3;TOX;AC068580.4;AVPR2;TRIB3,1.10416055417192,,0.607495100138951,FALSE,""
IMmotion150,4104,LAMB3;HOXA5;AC015818.10;LINC01622;ZDHHC23,0.957015555393569,,0.821621285301748,TRUE,""
IMmotion150,4105,HOOK1;AF241726.1;GAMT;AC009065.6;DHFR2,1.01616135130195,,0.930890267602265,FALSE,""
IMmotion150,4106,FBLN2;ETNK2;PFN2;LINC01597;ZNF502,0.777247332172673,,0.209937315092867,TRUE,""
IMmotion150,4107,MT-ND1;PLGRKT;TRIM34;TUBB8B;RGS18,0.637538599453175,,0.0470454792466032,TRUE,""
IMmotion150,4108,MEST;TPD52L1;STAG3;AC112187.1;CD200R1,0.841650331023379,,0.380840460734561,TRUE,""
IMmotion150,4109,DSEL;LY75;SNORA50A;RNASE3;PECAM1,1.05735322707248,,0.762816160867157,FALSE,""
IMmotion150,4110,PCDHGB5;KCNJ15;CAMK4;AC007182.1;AC021078.1,0.737685169211882,,0.113795853269313,TRUE,""
IMmotion150,4111,EDIL3;PPT2-EGFL8;SLC25A33;AL138963.3;HLA-L,1.08698177477112,,0.64069472133424,FALSE,""
IMmotion150,4112,FPR1;NCR3LG1;NEURL1B;EMX2OS;FMOD,0.941797895866587,,0.771618458041969,TRUE,""
IMmotion150,4113,KLF5;F3;TMEM97;C21orf62;ZSCAN31,1.11091927234621,,0.606495277691653,FALSE,""
IMmotion150,4114,ZNF395;XRCC3;HOMER1;AL122008.2;SLC39A4,1.14630642240054,,0.52400449048764,FALSE,""
IMmotion150,4115,ARFGEF3;GDF15;CATSPERE;EEF1DP3;CLCN4,1.18050971337551,,0.413651666208682,FALSE,""
IMmotion150,4116,NAV3;AC104452.1;NLGN3;CXCR5;FCMR,0.627677308487372,,0.0145784944952733,TRUE,""
IMmotion150,4117,ALOX5AP;PET117;SDC1;RPL7L1P11;STX11,0.613331093868532,,0.0115645055062522,TRUE,""
IMmotion150,4118,MT-ATP6;DYNC1I1;TICRR;IRX1;GRAP2,0.719860750116195,,0.0864790566143278,TRUE,""
IMmotion150,4119,POU5F1;ZNF311;TEKT4P2;FDCSP;DHFR2,0.733449742446823,,0.128290129122332,TRUE,""
IMmotion150,4120,SPATA18;AC093668.1;FAXDC2;AP001496.2;BMP4,0.750842861379605,,0.109296822002555,TRUE,""
IMmotion150,4121,HYDIN2;KBTBD3;TBX2;AP001372.4;ABCB9,0.745095951610082,,0.0968221782156092,TRUE,""
IMmotion150,4122,EDIL3;CDCA7;SHE;SLAMF9;MDGA1,1.00977446451706,,0.959604323671609,FALSE,""
IMmotion150,4123,CCL2;GOLGA8H;BMP4;H2BC2P;Z74021.1,0.637424724407501,,0.0380629154523742,TRUE,""
IMmotion150,4124,C5;WDR53;SNORD116-14;ZNF280A;CKS2,0.893324113252445,,0.636571261863061,TRUE,""
IMmotion150,4125,BUB1B;IRF4;PGM5;AC007952.1;GRIP1,0.741283495010597,,0.13344430099858,TRUE,""
IMmotion150,4126,HYDIN2;MSANTD3-TMEFF1;C1QTNF1;SETP22;SCARNA8,0.654254041532655,,0.0444788813281709,TRUE,""
IMmotion150,4127,RHOB;NME1-NME2;PCDHGA3;GUCY2EP;TICRR,1.29846081797291,,0.190991822152318,FALSE,""
IMmotion150,4128,KDELR3;AKR7A3;TEF;SNORD26;LILRA5,1.08650965881777,,0.692147093821877,FALSE,""
IMmotion150,4129,KCNN3;NRG3;C2orf27A;ANKRD20A9P;SSPN,1.13381165896665,,0.516725608253411,FALSE,""
IMmotion150,4130,ANLN;BCL2A1;PIGAP1;ART5;FMOD,0.903484572986902,,0.602297265194055,TRUE,""
IMmotion150,4131,PTGS1;HSD11B2;ADORA3;OR4F8P;SLFN12L,0.990513205970249,,0.962012313112025,TRUE,""
IMmotion150,4132,CD2;ZNF711;DHFR2;PCP2;SYNGR1,0.726579084776052,,0.0837439171791696,TRUE,""
IMmotion150,4133,FAM149A;MSANTD3-TMEFF1;SNORD46;AC104389.5;KCNK1,1.0553149469756,,0.783528073566426,FALSE,""
IMmotion150,4134,CCDC146;ISCA1P1;ZNF257;IL12B;TSPOAP1,0.719238460439716,,0.0479337810781326,TRUE,""
IMmotion150,4135,PTTG1;MMP24;BRSK1;RGS7;NEURL1B,0.804084185450765,,0.234735342974314,TRUE,""
IMmotion150,4136,KRBA1;SLC29A4;LINC01550;SEPTIN14P5;DAPP1,0.990131495245964,,0.963314684929504,TRUE,""
IMmotion150,4137,RGS2;HYAL1;PLEK2;AL133482.1;LRRC37A6P,0.72299507299607,,0.155361496093065,TRUE,""
IMmotion150,4138,BAIAP2L1;CTAGE3P;METRNL;CHRNA4;SLC2A3P2,1.00111531977029,,0.995238874514158,FALSE,""
IMmotion150,4139,ZNF704;ICOS;ARMH4;AC074124.1;RTP4,0.749077164712113,,0.142883263035102,TRUE,""
IMmotion150,4140,PCSK5;PODN;NOL3;AC027309.2;ELMO3,0.991725796098382,,0.964037625365996,TRUE,""
IMmotion150,4141,FER1L4;ELAPOR1;ELAPOR2;AL162411.1;AC138696.1,0.871131325235852,,0.427912653388548,TRUE,""
IMmotion150,4142,DKK3;PHKA1P1;LETM2;GDF5;ADRB2,0.747967754416699,,0.182494617813779,TRUE,""
IMmotion150,4143,IMPA2;GPR160;RGS18;AC112229.3;TRGC2,0.85958963775144,,0.431534096306364,TRUE,""
IMmotion150,4144,GBP5;P2RY12;SNORD16;HSFY1;CHST2,0.685560233156287,,0.0628496282323608,TRUE,""
IMmotion150,4145,EMCN;LOXL1;ZNF214;MUC15;LILRA1,0.965526040059064,,0.852810786728283,TRUE,""
IMmotion150,4146,HGF;AC138894.1;RPL23AP32;ZMAT4;LINC01550,0.86043249844944,,0.450999463550388,TRUE,""
IMmotion150,4147,SCIN;FAM133DP;LOXL4;NXF2B;GPAT3,0.835863198934364,,0.362355302775804,TRUE,""
IMmotion150,4148,HGF;FLT3;ZNF502;KLRF2;TMEM25,0.558200780251669,,0.00293801147336396,TRUE,""
IMmotion150,4149,LAMB3;LIN7A;ITGA10;NXF2B;CSPG4P12,1.02945820463735,,0.879076757371291,FALSE,""
IMmotion150,4150,TSC22D3;CYB5R2;CCR1;AF186192.2;BNIP3P1,0.938448161135496,,0.738386783354692,TRUE,""
IMmotion150,4151,REPS2;ZNF511;HSD17B14;AC009244.1;SPN,0.813957719962453,,0.306588710864763,TRUE,""
IMmotion150,4152,RADX;PPCDC;BASP1;ADAMTS19;SOD3,1.10653154298291,,0.635342555323189,FALSE,""
IMmotion150,4153,PLVAP;RARRES1;H3C2;TBC1D3F;KIFC1,0.975361386666028,,0.895294000405251,TRUE,""
IMmotion150,4154,HRH2;VANGL2;KATNAL2;MTNR1A;ESR1,1.01416246482611,,0.939804415300522,FALSE,""
IMmotion150,4155,FBN2;HYLS1;CACNB2;AC004148.1;SLC25A33,0.974245515045682,,0.900147769906915,TRUE,""
IMmotion150,4156,ALDH1L2;SRPX;ADGRE4P;AC106017.2;SLC6A1,0.992537126474269,,0.968231986624146,TRUE,""
IMmotion150,4157,CD163L1;INHBB;LRRC75B;C6orf58;KLF4,1.39445173932601,,0.088196362738184,FALSE,""
IMmotion150,4158,PCDHGB4;MARVELD2;RNF125;EIF3LP2;STAC3,0.655975911676338,,0.0269968824394826,TRUE,""
IMmotion150,4159,CD209;RBM20;SLC22A15;EDAR;RNLS,0.967586176341362,,0.849756956204796,TRUE,""
IMmotion150,4160,SNORD118;RARRES1;PRTG;AL590627.1;KBTBD8,0.891466950153128,,0.547823271379006,TRUE,""
IMmotion150,4161,CSRP2;SEC14L6;HLA-L;TUBA4B;DRC3,1.16228391244593,,0.426074711340305,FALSE,""
IMmotion150,4162,SNORD116-6;MSANTD3-TMEFF1;SNORA46;HSPE1P2;RAMP2,1.07677365284758,,0.698752484944069,FALSE,""
IMmotion150,4163,SEZ6L2;HYLS1;KIF14;KRT8P34;DTL,1.08750261506159,,0.686419294808028,FALSE,""
IMmotion150,4164,C5;GRM8;DAPP1;OR14K1;C1QTNF3,1.03210519348227,,0.880056716134458,FALSE,""
IMmotion150,4165,MEST;FAM241A;DTX2P1;AL033384.1;AK7,0.722520240707254,,0.0907846173610243,TRUE,""
IMmotion150,4166,RRM2;ZFHX2;RUNX3;MKRN7P;BANK1,0.71278699066128,,0.101175940223741,TRUE,""
IMmotion150,4167,EMCN;CCL14;FCN1;SNORD116-29;AGBL2,1.11840938969105,,0.584778286471345,FALSE,""
IMmotion150,4168,RASL11A;LIPG;RTL5;THEGL;CD247,0.711448745449942,,0.137114959302014,TRUE,""
IMmotion150,4169,HGF;MT-ND4L;KLHL13;KCNE1;KLF2,0.813102914234309,,0.310199410642793,TRUE,""
IMmotion150,4170,EDNRB;AGBL3;SLC6A1;RPS4XP5;C1orf21,0.918928519712249,,0.669436107830752,TRUE,""
IMmotion150,4171,SNORA31;MICOS10-NBL1;SNORD67;DDX11L9;NCAPH,1.21428824468901,,0.354190034135659,FALSE,""
IMmotion150,4172,ZNF90;CCSAP;AC112777.1;AC104411.1;NANOGP8,0.684248313050315,,0.0440399055272469,TRUE,""
IMmotion150,4173,SGPP2;DLG2;NLRC4;SLC25A18;ANO2,0.933731153436327,,0.7199158402554,TRUE,""
IMmotion150,4174,MT-CYB;EXO5;E2F8;AC241377.2;MPP7,0.693690106473604,,0.0899132858262737,TRUE,""
IMmotion150,4175,CTAGE6;ZP3;FBXO16;AC112504.2;SLC16A6,0.847801985010325,,0.440923036885738,TRUE,""
IMmotion150,4176,CAVIN2;PEG10;RDH13;MYH7;HID1,0.902104534955227,,0.599522637393653,TRUE,""
IMmotion150,4177,TRBC2;ALDH4A1;LINC02449;AC087499.2;LRRC17,1.03377903061467,,0.86838148218159,FALSE,""
IMmotion150,4178,TSC22D3;FLRT2;PCDHB4;SH2D5;CYYR1,1.09078588794965,,0.637079766044772,FALSE,""
IMmotion150,4179,MAP2;SNORA64;IER3;FAM169B;KCNJ5,1.18068876773951,,0.342221898817972,FALSE,""
IMmotion150,4180,MT-ND2;P2RY12;CCDC113;AC117378.1;RDH13,0.744499990904753,,0.146706486925785,TRUE,""
IMmotion150,4181,MEST;INMT-MINDY4;PHEX;AC079781.4;SEC14L2,0.870001419552084,,0.445941190422521,TRUE,""
IMmotion150,4182,PCDHGB4;IRF4;GAL3ST4;APOL5;CSPG4P12,0.891081157910107,,0.514041365380168,TRUE,""
IMmotion150,4183,ACP5;TRIM45;IQCN;ZFP41;TECTA,0.745497017573782,,0.114731658254167,TRUE,""
IMmotion150,4184,ITGA8;CFAP91;MCOLN2;GRP;CISH,0.711654406879257,,0.0891084421678751,TRUE,""
IMmotion150,4185,NQO1;ADGRB2;IL2RB;SLAMF9;MDGA1,0.935099136343992,,0.734086705394815,TRUE,""
IMmotion150,4186,PCSK5;SLCO4A1;NANOGP8;PPIAP50;FAM227A,0.86101760848733,,0.448792911122631,TRUE,""
IMmotion150,4187,PLAUR;CHMP4BP1;SDC1;HMGN1P4;MREG,0.693082165983107,,0.0570944100448371,TRUE,""
IMmotion150,4188,TMEM91;CHMP4BP1;SNORA60;PEBP4;LCK,0.764025775128925,,0.129074589027374,TRUE,""
IMmotion150,4189,BAIAP2L1;PET117;MAD2L1;AFM;DEPP1,1.18411588438808,,0.431802872683417,FALSE,""
IMmotion150,4190,PDE2A;HOXA6;HBEGF;SDR16C5;RNLS,0.988519452524064,,0.950951487833115,TRUE,""
IMmotion150,4191,CTAGE6;LAMP3;RAD54L;SNX31;CD302,0.818384116926156,,0.299852081415278,TRUE,""
IMmotion150,4192,ALDH1A3;BAIAP3;ALS2CL;AC020629.1;SNORD16,0.911333882348306,,0.630758542287941,TRUE,""
IMmotion150,4193,FAM83H;CHI3L2;ARHGEF15;GMNC;LY96,1.08083092981716,,0.692811617863527,FALSE,""
IMmotion150,4194,ABCA6;CLEC12A;SNORA14A;AC104805.1;AC112777.1,0.899149757954202,,0.60016802445142,TRUE,""
IMmotion150,4195,AR;PHKA1P1;SNORA16A;YIPF7;SNORA60,0.919822169820764,,0.667379950209571,TRUE,""
IMmotion150,4196,LIF;EXO1;ESR1;LY6K;PCDHGA3,1.27033773014075,,0.198152432834933,FALSE,""
IMmotion150,4197,SNAI2;ESRP2;CYP2S1;CDC42EP2;SLC17A9,1.2368592732793,,0.292779613545747,FALSE,""
IMmotion150,4198,EHHADH;ANO9;CISH;RFPL2;RAMP3,1.04730014902688,,0.805586899680961,FALSE,""
IMmotion150,4199,KIF26B;SNRPEP4;LRP3;SYNPO2L;PYROXD2,0.859644482101698,,0.507987888318513,TRUE,""
IMmotion150,4200,EPHX2;ZNF665;NOL3;SLC36A2;HOMER1,1.09303273845412,,0.611347463819241,FALSE,""
IMmotion150,4201,ADAMTSL2;RASSF6;TRIM34;FUT2;FAM184A,0.619593207830581,,0.0173648720790816,TRUE,""
IMmotion150,4202,H2BC17;ZNF232;STEAP2;PGA3;GPR75,1.20445814552351,,0.473028503841153,FALSE,""
IMmotion150,4203,FBN2;VANGL2;CCR2;DBH;FAM174B,0.874441583338603,,0.485496879906039,TRUE,""
IMmotion150,4204,ADAMTSL3;SPTB;NAP1L4P1;TULP2;CACNB2,0.74806419502073,,0.123010037417979,TRUE,""
IMmotion150,4205,TRAC;ZNF727;GCSHP5;FUT2;CD80,0.888942770558785,,0.544376378474268,TRUE,""
IMmotion150,4206,TRIM9;SLAIN1;CLEC4A;SYT3;TEF,0.800125952013073,,0.205622331744623,TRUE,""
IMmotion150,4207,ZNF521;PDE6B;RAD54L;KIR2DS4;CIART,1.06613938970971,,0.730601176767111,FALSE,""
IMmotion150,4208,NR3C2;PADI2;IFI6;SIGLEC5;GMPR,0.738734982106123,,0.128224845566968,TRUE,""
IMmotion150,4209,BAIAP2L1;TM4SF18;EVI2A;SYCE1;CCR1,0.909987593640126,,0.61550208144594,TRUE,""
IMmotion150,4210,ABCB4;AF241726.1;FBXO16;PAQR9;GSKIP,0.522739433209665,,0.0023814653005585,TRUE,""
IMmotion150,4211,SNORD118;POM121L9P;ADAMTS5;EFCAB10;CCDC150,1.30015018012829,,0.181145928998394,FALSE,""
IMmotion150,4212,FAM83H;SIDT1;PCDHGC5;INHBC;ASRGL1,0.757262591076973,,0.122700825766113,TRUE,""
IMmotion150,4213,RNASE1;ZIK1;FGD1;TMIGD1;HLA-DOB,0.560456872756778,,0.00571133133233175,TRUE,""
IMmotion150,4214,KDELR3;AL627309.6;GRIP1;HYAL4;PSORS1C1,0.850873556193461,,0.409193417959377,TRUE,""
IMmotion150,4215,CCL4;ADAM23;HAPLN3;TAT;APCDD1,0.805192024836147,,0.284893736061219,TRUE,""
IMmotion150,4216,IFI44L;ZNF669;KLHL3;AC018475.1;PIK3R6,0.630165793899262,,0.0336674619217087,TRUE,""
IMmotion150,4217,FAT3;PTN;SLAMF6;FAM90A2P;CD302,0.933517948728863,,0.734260774872665,TRUE,""
IMmotion150,4218,PLVAP;CHI3L2;IER2;ZMAT4;CETP,1.43101768061807,,0.0668772805558657,FALSE,""
IMmotion150,4219,KCNN3;CAPN12;LCK;IGKV2-40;SCD5,0.848143189383644,,0.417862293007677,TRUE,""
IMmotion150,4220,C5;GZMK;AD000090.1;KRT8P25;NANOGP8,0.681081995595672,,0.0460099830401143,TRUE,""
IMmotion150,4221,CNTNAP3P2;KLHL4;CLEC14A;MNX1;PCDHGA8,0.840036251414256,,0.384282673020938,TRUE,""
IMmotion150,4222,TRAC;RNF150;HLA-DOA;AC005062.1;SLC16A5,0.862099364367087,,0.454904766122607,TRUE,""
IMmotion150,4223,GOLGA8M;EPHB1;CLEC14A;RAET1L;ZNF257,1.28876011865087,,0.147968876934344,FALSE,""
IMmotion150,4224,NAV3;LIN7A;MAP3K9;IGFALS;TPRN,0.94159039475816,,0.777909400480853,TRUE,""
IMmotion150,4225,TBX3;CLEC10A;LILRA1;CA1;PEG3,0.909949783359902,,0.621956004604275,TRUE,""
IMmotion150,4226,SNORA61;ZFHX2;FHAD1;AL355987.3;FAHD2B,0.631229376303437,,0.0417411023668551,TRUE,""
IMmotion150,4227,EPHA3;LY9;SNORD116-14;GSTT2;PYROXD2,0.960829648473442,,0.839425410660027,TRUE,""
IMmotion150,4228,TRBC2;WSCD1;NEFH;AC010422.7;SNHG17,0.771852108297902,,0.191349868139562,TRUE,""
IMmotion150,4229,FBN2;USP2;MARK1;SERPINC1;Telomerase-vert,0.932721480979027,,0.742823550728412,TRUE,""
IMmotion150,4230,ALDH1A3;AKR7A3;TIGD2;GAGE10;SLC7A8,0.797983098316135,,0.285649151138072,TRUE,""
IMmotion150,4231,KIF23;AC215522.2;SLAMF8;VWA3B;CCDC113,0.869530433192105,,0.465316250761583,TRUE,""
IMmotion150,4232,SELENBP1;AVPR1A;CCDC74A;TMEM132C;HOXC6,1.00798142871701,,0.966795779667686,FALSE,""
IMmotion150,4233,SEZ6L2;NELL2;TESC;DDN;SOCS3,1.00562527529986,,0.977125378231147,FALSE,""
IMmotion150,4234,TRIM9;PCDH7;HJURP;AL136419.1;HEY2,1.1133650925771,,0.603078593010958,FALSE,""
IMmotion150,4235,EDIL3;AC008878.1;ELMO3;RPSAP29;DGKI,0.934105082453099,,0.6981001356154,TRUE,""
IMmotion150,4236,MAP2;AC002470.2;LYVE1;SPTY2D1OS;BANK1,0.866108263520058,,0.442266672676457,TRUE,""
IMmotion150,4237,CCL5;AC036108.2;PCDHGA4;OR10D1P;SCARA3,0.762930255476422,,0.135346432940354,TRUE,""
IMmotion150,4238,NETO2;VANGL2;SLC16A6;SNORD56;PIM2,0.87511540492605,,0.50321974473139,TRUE,""
IMmotion150,4239,RASL11A;FCGR3B;CAMK4;AC112187.1;AL590399.1,0.775652221569043,,0.194961095215821,TRUE,""
IMmotion150,4240,H2BC9;ICOS;RNLS;AC127502.3;CD247,0.81366013067875,,0.289801704213524,TRUE,""
IMmotion150,4241,TLR7;PTGS2;EML6;TCAP;PCDHGA8,0.82631958292464,,0.297126342072764,TRUE,""
IMmotion150,4242,APOC1;RHEBP2;ABLIM2;EDN3;AL031727.1,0.722344271410291,,0.0956080300077168,TRUE,""
IMmotion150,4243,ACSS3;TSSC2;RPSAP15;CLC;HOXA3,0.849593842785529,,0.409657930802015,TRUE,""
IMmotion150,4244,PSD3;PCDHB6;LRRC17;SHISA6;TP53INP2,1.61717674103697,,0.0233886568584528,FALSE,""
IMmotion150,4245,PCDHB16;CX3CR1;GOLGA6L3;LINC02694;MSS51,0.757266386594151,,0.143194248186205,TRUE,""
IMmotion150,4246,TLR7;AL731577.2;MAFB;EPO;LPAR1,1.02432414332332,,0.914499865466446,FALSE,""
IMmotion150,4247,PCDHB8;TENT5C;ARNTL2;TTLL10-AS1;P2RY6,0.691561525338401,,0.0552356073023814,TRUE,""
IMmotion150,4248,PARD6B;CKAP2L;SPTBN5;AL513478.4;SLC16A5,1.0098205099895,,0.959800465406556,FALSE,""
IMmotion150,4249,KITLG;ULBP2;CSRNP3;SLC26A9;PCDHGA8,0.698359246318463,,0.0727401766993913,TRUE,""
IMmotion150,4250,MTARC2;ABHD14A-ACY1;TESC;AC011979.1;UBE2Q2L,1.3556398771436,,0.113131926353186,FALSE,""
IMmotion150,4251,NQO1;CHI3L2;HSPA6;OR51B2;HOXC6,0.843752117772235,,0.437103163388071,TRUE,""
IMmotion150,4252,TSC22D3;EPHB1;TEKT4P2;RASSF10;LAT,0.924096306906146,,0.676851516264346,TRUE,""
IMmotion150,4253,ADAM12;FAM133DP;ZNF415;IGKV2D-30;NLGN3,0.759546465418552,,0.191244748157294,TRUE,""
IMmotion150,4254,HILPDA;YBX1P10;CSTA;BET1P1;SIRPB2,0.821515391851912,,0.275736386166917,TRUE,""
IMmotion150,4255,CRIP1;TSSC2;CELSR3;NSG2;AC093752.2,1.20289399823343,,0.373326023679893,FALSE,""
IMmotion150,4256,TMEM91;MSANTD3-TMEFF1;PCDHGA7;CACNG4;RASSF7,0.72980078313869,,0.108180227786723,TRUE,""
IMmotion150,4257,MEIS1;MT1F;SH3BGRL2;DSC3;H3C11,0.888424856932214,,0.570138084840169,TRUE,""
IMmotion150,4258,H2BC17;SNORA75;RALGPS1;LINC02313;RANBP17,0.811530990117428,,0.274623799012403,TRUE,""
IMmotion150,4259,TSC22D3;AP002373.1;TMEM156;TBL1Y;CD28,0.68395053598809,,0.0713717310374673,TRUE,""
IMmotion150,4260,PLVAP;NANOGP4;SLC4A11;AIDAP1;ELAPOR2,0.900759238984164,,0.551227754878002,TRUE,""
IMmotion150,4261,LMOD1;DPY19L2P2;C6orf163;ACTBL2;SNORA59A,1.14189297549468,,0.494798124661019,FALSE,""
IMmotion150,4262,FOLR2;AL512356.1;NR5A2;RNF183;FAM86DP,1.19116067711705,,0.419567327113821,FALSE,""
IMmotion150,4263,THSD4;ZNF215;PRAM1;SMIM5;TPRG1,0.917552592333942,,0.637734799609311,TRUE,""
IMmotion150,4264,PTTG1;TRIM16L;TRGC2;HORMAD2-AS1;EGFL7,0.750847201336074,,0.172719531130099,TRUE,""
IMmotion150,4265,IFI27;LOXL1;ZNF491;RNU1-4;FCN1,0.848580152079007,,0.384352572536355,TRUE,""
IMmotion150,4266,MT-CO3;PLCD4;ABTB2;AC091564.3;IL4I1,0.726413898184462,,0.0905637292908317,TRUE,""
IMmotion150,4267,TSKU;SPATA17;AC138696.1;COL20A1;CDH24,1.36235245154264,,0.105392535815201,FALSE,""
IMmotion150,4268,FAT3;TM4SF18;ELAPOR2;ANKRD34B;IER2,1.20863572759787,,0.362423386840637,FALSE,""
IMmotion150,4269,EGR2;RBP7;ALS2CL;RNU5E-1;ZNF415,0.958223448536424,,0.833807222737978,TRUE,""
IMmotion150,4270,TTC39A;PWAR5;MARCHF3;KRT18P38;SNORA13,0.997692557799557,,0.98990660232668,TRUE,""
IMmotion150,4271,APOC1;DMRTA1;ZAP70;CNTN5;CLEC14A,0.842999944904722,,0.395614345648255,TRUE,""
IMmotion150,4272,CRIP1;ADGRB2;ADAMTSL1;ACTBL2;MCOLN2,0.980518228850039,,0.91553549357131,TRUE,""
IMmotion150,4273,SNORD116-1;DEPDC7;LRRC37A6P;ABCB10P1;UBE2Q2L,1.06766618604998,,0.720130108683303,FALSE,""
IMmotion150,4274,CD163L1;SEMA3A;DUSP5;AC073896.1;NUAK2,1.22153028208486,,0.33315816147743,FALSE,""
IMmotion150,4275,PCOLCE;SUSD2;HSPD1P4;C1QTNF9;SNORA13,1.2587573231826,,0.221538810855097,FALSE,""
IMmotion150,4276,H2BC9;EPHB1;ADAMTS13;CERNA2;JAM2,0.987347470376289,,0.957880159871496,TRUE,""
IMmotion150,4277,ADAM12;PLGLB2;CCR2;RXFP2;TXK,0.731037320228268,,0.130578284834063,TRUE,""
IMmotion150,4278,SDHAP2;LOXL1;STK26;WFDC5;RGS9,0.83344120378041,,0.386255635737674,TRUE,""
IMmotion150,4279,TBX3;GBP1P1;ADAM32;STYXL2;FBXL7,0.780024349706247,,0.199755433622548,TRUE,""
IMmotion150,4280,LMOD1;XRCC3;FAM160A1;NDUFC2-KCTD14;ID1,0.811162596282032,,0.255940970531175,TRUE,""
IMmotion150,4281,ETV1;QPCT;DGCR6;OR1E2;AC004997.1,1.4080005017208,,0.0622101579432069,FALSE,""
IMmotion150,4282,H2BC17;SLC29A4;MAFB;VAC14-AS1;CD83,1.11036764574558,,0.614282506808167,FALSE,""
IMmotion150,4283,CARD11;NTRK3;SNORA14A;CA1;GAL3ST4,0.925593479525735,,0.685217655692405,TRUE,""
IMmotion150,4284,SERPINI1;GIPC3;GNA15;TAT-AS1;SLC15A2,0.720054187582391,,0.063774050088567,TRUE,""
IMmotion150,4285,SNORA21;CACNA2D3;ZSCAN18;SLC9C2;KLRD1,0.918267987203942,,0.661891812120718,TRUE,""
IMmotion150,4286,CNTNAP3;AL022238.3;KYAT1;IGHV2-70D;PTPN7,0.748551739199439,,0.136497109182145,TRUE,""
IMmotion150,4287,PCDHGB5;ZNF511;FBXL7;UGT2B11;FSTL3,0.794740241172268,,0.237408595896291,TRUE,""
IMmotion150,4288,PTGS1;PPFIA2;SLC17A9;FGF10;RCAN3,0.846820720460062,,0.419187288288505,TRUE,""
IMmotion150,4289,RADX;PHKA1P1;ZNF454;GJC3;OXER1,0.854064445390979,,0.375521296888181,TRUE,""
IMmotion150,4290,PLS1;PCDHGA2;ZNF502;RAB3B;CCDC9B,0.717975118795972,,0.0831673273002954,TRUE,""
IMmotion150,4291,ANKS1B;FNDC4;RAMP2;AP002784.1;TPRG1,1.16876884491043,,0.423675436805292,FALSE,""
IMmotion150,4292,BAIAP2L1;ZNF57;CD52;AC093827.5;NRXN2,0.760396489801435,,0.22094490451767,TRUE,""
IMmotion150,4293,LDHAP4;FAM241A;TSPYL5;TUBB7P;STAG3,1.0726576537203,,0.706783726774853,FALSE,""
IMmotion150,4294,PDLIM3;HYAL1;STON1;AC005829.2;LIMS2,0.990805658856975,,0.959087756513563,TRUE,""
IMmotion150,4295,AMACR;HLA-H;EGFLAM;AC099811.2;H3C3,0.949989098185776,,0.800523805896806,TRUE,""
IMmotion150,4296,EPHX2;CDS1;GOLGA2P5;ORM2;POLQ,0.823682059908818,,0.360157151986944,TRUE,""
IMmotion150,4297,ZFHX4;PAQR5;ZNF610;DMP1;FSTL3,0.880708513421333,,0.536947135695675,TRUE,""
IMmotion150,4298,GPC4;FKBP14;ABTB2;RPSAP53;ZNF578,0.922965517263732,,0.703172714279904,TRUE,""
IMmotion150,4299,SNORA31;VANGL2;PCED1B;AP000926.1;HMMR,0.71277605278215,,0.0776327976413247,TRUE,""
IMmotion150,4300,RRAGD;PAQR5;SCD5;KCNB2;CC2D2B,0.787533037123963,,0.265316207476422,TRUE,""
IMmotion150,4301,AK4;CKAP2L;RANBP17;OR3A1;SNHG17,1.25015451117904,,0.240464866403225,FALSE,""
IMmotion150,4302,JAM3;MAPT;RAMP3;HSFX1;SNORD46,1.4274043133541,,0.0346158112072066,FALSE,""
IMmotion150,4303,MT-CYB;HMGB3;FGF2;CFHR2;ARRDC5,0.556562526355483,,0.0046972795712545,TRUE,""
IMmotion150,4304,ZNF395;NME1-NME2;PGM5;LRRC9;RASIP1,0.94718424216709,,0.778294959606456,TRUE,""
IMmotion150,4305,CD2;ASS1P1;GADD45B;DSC3;PDE8B,0.810674579118825,,0.287498320347535,TRUE,""
IMmotion150,4306,ADAM12;NRN1;SNORA14A;AC091564.3;ADAM32,1.01097316900245,,0.95696861155952,FALSE,""
IMmotion150,4307,FAM27E3;TPD52L1;SUGCT;NRBF2P6;SLC25A33,0.904107014885667,,0.598719512089484,TRUE,""
IMmotion150,4308,GPC4;CACNA2D3;NEIL1;OR7E125P;CCDC157,0.798251105619983,,0.239622074905485,TRUE,""
IMmotion150,4309,PTER;GRM8;SSPN;TRGV5P;C17orf97,0.941167377343785,,0.739225081662742,TRUE,""
IMmotion150,4310,MOCOS;CARMIL2;CD6;TEX13C;MAGI2,0.727152301885734,,0.1083472142117,TRUE,""
IMmotion150,4311,APBA2;METTL15P1;CMPK2;AC111000.5;FCMR,0.459671940005075,,0.000142327813969994,TRUE,""
IMmotion150,4312,TMEM200A;COL22A1;PCDHB7;AL121820.3;FBXL7,0.947117046347432,,0.756385553060851,TRUE,""
IMmotion150,4313,GRAMD1B;PSMG4;SLC16A5;STAR;RPS20P14,0.846389922353983,,0.434271940464405,TRUE,""
IMmotion150,4314,LIF;AF241726.1;SLC2A3P2;RSPO4;RGS18,0.808758310519602,,0.256837968743756,TRUE,""
IMmotion150,4315,MATN2;ZNF391;HENMT1;LHFPL1;ADAMTS3,0.661851244548799,,0.0411833879796713,TRUE,""
IMmotion150,4316,SNORA61;LOXL1;PRKAR2B;SNHG25;CIDEB,0.846309047281128,,0.389672447702025,TRUE,""
IMmotion150,4317,OLFML2A;GIMAP1-GIMAP5;NBL1;TRAV36DV7;TXK,0.755530892353341,,0.150007348182504,TRUE,""
IMmotion150,4318,MST1;RIPK4;CX3CL1;LINC01235;RAD54L,0.98914042757794,,0.956276057362802,TRUE,""
IMmotion150,4319,PKD1P5;AC068831.6;ZWINT;ADGRG4;SNORD16,1.17255404994281,,0.411982394306737,FALSE,""
IMmotion150,4320,BUB1;NTRK3;SH3TC2;B3GALT5-AS1;KIF15,1.12238649484172,,0.56354271667158,FALSE,""
IMmotion150,4321,PSD3;ZNF215;CD3G;CYP2C19;CC2D2B,0.976579809521441,,0.897444239688729,TRUE,""
IMmotion150,4322,MAP3K21;PITPNM3;FAM83D;AC135983.3;CLEC4A,1.03217703338974,,0.868386943059448,FALSE,""
IMmotion150,4323,DENND2A;CFAP43;NAALADL2;PI3;ID1,0.965560743886643,,0.869126261816857,TRUE,""
IMmotion150,4324,HOOK1;OSBPL6;DET1;SCEL;AC093752.2,0.689000287447952,,0.0690914479523081,TRUE,""
IMmotion150,4325,PLCH1;PRLR;PCDHGB8P;CDC20B;SMAD6,0.802383637523762,,0.323747869894805,TRUE,""
IMmotion150,4326,MATN2;CLDN7;SOX5;OIT3;NUAK2,1.05823154263902,,0.793834798142228,FALSE,""
IMmotion150,4327,SNORD13;PHKA1P1;KLRB1;AC037459.1;EPHB2,0.947609838751568,,0.764312012237406,TRUE,""
IMmotion150,4328,TSKU;GATA2;SYT17;AC010834.1;SPTBN5,1.30613672449593,,0.18834500528849,FALSE,""
IMmotion150,4329,FBN2;STOX1;AGBL2;OBP2A;AGER,1.2848098272636,,0.182957123307998,FALSE,""
IMmotion150,4330,ZNF521;FLRT2;GADD45B;ANKRD2;C2orf27A,1.13411062512273,,0.521864872989246,FALSE,""
IMmotion150,4331,PCDH17;CDS1;HEYL;AL117348.2;GOLGA2P5,1.31060816945992,,0.157645371148598,FALSE,""
IMmotion150,4332,SLC2A10;AKR7A3;CCR5;TOMM40P2;FAM111B,0.980359960790153,,0.922731138593717,TRUE,""
IMmotion150,4333,ADAMTSL2;SHB;FAHD2B;STEAP3-AS1;TSPAN5,0.792885193737143,,0.302860805027908,TRUE,""
IMmotion150,4334,SSC5D;PTH1R;HOXD8;TRBV5-4;CD3G,0.624934280838128,,0.0192825142222927,TRUE,""
IMmotion150,4335,FPR1;COL21A1;DGKG;PRSS44P;ZNF257,1.00578421419166,,0.975618449275162,FALSE,""
IMmotion150,4336,TRBC2;S100A9;KCNA3;TRBV5-4;HOMER1,0.615552966165026,,0.0245655561932172,TRUE,""
IMmotion150,4337,FTH1P20;XRCC3;TPRN;CHEK2P2;MT-ND3,0.80125710606369,,0.364282075551523,TRUE,""
IMmotion150,4338,SMAD9;NRG1;HSD17B14;ZBED2;KIAA1614,0.853141753195848,,0.446802604424179,TRUE,""
IMmotion150,4339,MYOM1;LOXHD1;FBXO16;IGHV3OR16-7;ZDHHC23,1.24226440223193,,0.246766985445998,FALSE,""
IMmotion150,4340,HOOK1;BORCS8-MEF2B;MTFP1;CDC42EP2;EMP2,0.96899029734939,,0.870008513199583,TRUE,""
IMmotion150,4341,APOC1;RERG;ORC6;AC009060.1;POLQ,1.05096682310518,,0.813476256251304,FALSE,""
IMmotion150,4342,EDNRB;AC023055.1;NPIPB9;POU5F1P4;TSHZ2,0.821709796600973,,0.31028552288782,TRUE,""
IMmotion150,4343,SNORD116-22;SHC2;SLC22A15;RHD;TONSL,1.1025087282456,,0.636023838781771,FALSE,""
IMmotion150,4344,SCIN;CLEC10A;MMP11;SLC9C2;HSPB2,1.5206610430048,,0.0398335465103872,FALSE,""
IMmotion150,4345,IMPA2;P2RY10;KLRD1;POM121L7P;RNF144A,0.896285605293826,,0.586575083165783,TRUE,""
IMmotion150,4346,PDE2A;PITPNM3;MAN1C1;SLC17A8;CD6,0.898854011305027,,0.592593176067449,TRUE,""
IMmotion150,4347,HRH2;AL162417.1;MCM10;ASS1P7;PIGAP1,1.09699471748434,,0.624280409231932,FALSE,""
IMmotion150,4348,HOOK1;F2RL1;STX11;AL358472.6;NEK10,0.717368707459845,,0.0777221287258954,TRUE,""
IMmotion150,4349,DKK3;SUMO1P3;AL096711.2;SLC6A7;MAFB,0.795784319974644,,0.272463168398192,TRUE,""
IMmotion150,4350,RASL11A;S100A9;LAT;ADGRG7;LETM2,0.754604252607669,,0.167088420010383,TRUE,""
IMmotion150,4351,MAP3K21;CREB3L1;NEK10;RPS27P29;AC004997.1,1.36537928042849,,0.113863350282309,FALSE,""
IMmotion150,4352,DENND2A;GPER1;RNF125;MARCHF10;UHRF1,0.847217091664451,,0.431701412076392,TRUE,""
IMmotion150,4353,MATN2;AC000093.1;LRATD1;FP236383.4;RSAD2,0.733641766979679,,0.0925957009873171,TRUE,""
IMmotion150,4354,SSC5D;ZNF232;TSPYL5;SNORA11E;PCDHB7,1.1011133166748,,0.644612457915799,FALSE,""
IMmotion150,4355,ZNF395;ENPP5;SLC22A15;AL031681.2;HOXC6,0.969025602130537,,0.881838042964106,TRUE,""
IMmotion150,4356,TLR7;AC006254.1;RBKS;GUCY2EP;TLK2P2,1.0491286822056,,0.806426389946291,FALSE,""
IMmotion150,4357,TLL1;ZNF665;TPRN;HTR1D;CYP2D7,0.720610844017936,,0.114502477036786,TRUE,""
IMmotion150,4358,LRP4;RHEBP2;PCDHGA3;AC092666.2;SPOCK2,0.751878058972505,,0.143771295508841,TRUE,""
IMmotion150,4359,OLFML3;EXPH5;CENPI;FP671120.6;WNK3,1.15182916507949,,0.486041214665883,FALSE,""
IMmotion150,4360,PKD1P5;IQCA1;TAS2R5;STAC2;RNF138P1,1.2025331738888,,0.349319324149054,FALSE,""
IMmotion150,4361,SLC11A1;ZNF391;TUB;TERT;NUAK2,0.920131353539177,,0.689842017661801,TRUE,""
IMmotion150,4362,BOC;SNRPEP4;H4C6;AC023043.1;PYHIN1,0.742035936773815,,0.133535867065204,TRUE,""
IMmotion150,4363,RADX;CDA;ZNF876P;LRRTM4;PSTPIP1,0.812679563281392,,0.264417063143104,TRUE,""
IMmotion150,4364,PSD3;PCDH7;INHBA;LHX9;CD5,1.09170528782404,,0.646757685123473,FALSE,""
IMmotion150,4365,ADAM22;ZNF286B;NCAPH;SPATA20P1;NLRC4,0.762952807566958,,0.157798627382583,TRUE,""
IMmotion150,4366,MYOM1;NPIPB8;TBXA2R;IRS4;PCDHGB8P,1.08653088879625,,0.649676637253731,FALSE,""
IMmotion150,4367,RGPD3;ANO9;NEURL1B;AL590132.1;RGS16,0.898551073889191,,0.591723397565334,TRUE,""
IMmotion150,4368,HOOK1;HYLS1;HSPB2;ANKRD30A;SYDE2,1.0080162680581,,0.96389669156021,FALSE,""
IMmotion150,4369,CSPG4;NANOGP4;RGS18;DMRTC1B;S1PR2,0.988873554917173,,0.960578641327347,TRUE,""
IMmotion150,4370,OLFML2A;C11orf98;ADAMTSL1;AL162411.1;PDE7B,0.986414362045623,,0.936727351027647,TRUE,""
IMmotion150,4371,ALDH1A3;AP002373.1;HEY1;SDR16C5;LPAL2,0.949244071371488,,0.79587515318527,TRUE,""
IMmotion150,4372,CD248;PPIAP2;HOXC6;HMSD;CHRD,1.05362696621592,,0.793283590181692,FALSE,""
IMmotion150,4373,SERPINI1;WDR53;CENPI;CRABP1;TWF1P1,1.07278046467025,,0.771839163540467,FALSE,""
IMmotion150,4374,MTARC2;STOX1;BMP2;AL512590.2;GRIP1,1.31907812606716,,0.195855126771938,FALSE,""
IMmotion150,4375,KLF5;UBE2C;SLAMF6;TRPC7;ADORA3,0.545155918447738,,0.00291589341939682,TRUE,""
IMmotion150,4376,SNORD116-1;IL1RL2;SLFN12L;PLPPR1;GATD3A,1.01147945429555,,0.957322230892415,FALSE,""
IMmotion150,4377,ACP5;RBP7;JAM2;TM4SF19-DYNLT2B;ACAP1,0.672228415142141,,0.0578023225416908,TRUE,""
IMmotion150,4378,MT-CO3;ETNK2;TROAP;AC123912.3;H3C1,0.883140845107059,,0.553925883915905,TRUE,""
IMmotion150,4379,CCL4;GRID1;PTPN7;BCORP1;LILRA6,0.673740346413785,,0.0555450394003369,TRUE,""
IMmotion150,4380,FCGR1B;ADAMTS14;SHCBP1;CBLN1;SHE,1.21014548699438,,0.36817302045404,FALSE,""
IMmotion150,4381,NETO2;GCOM1;PAPPA;OSTCP1;SNORA13,1.10087685919297,,0.630962883902411,FALSE,""
IMmotion150,4382,IL7R;OLFML1;NPIPA2;AC067752.1;AL158050.1,0.817806821202825,,0.310830097837525,TRUE,""
IMmotion150,4383,PLS1;ZSWIM5;EGFL7;DMRTC1B;EGFLAM,1.10720503235785,,0.624972478198485,FALSE,""
IMmotion150,4384,OR2A7;GIPC3;SHROOM2;EREG;KCNA3,0.77225794398532,,0.241275724988076,TRUE,""
IMmotion150,4385,CD163L1;PWAR5;DRC3;CASP1P2;PGAP4,0.789248473363424,,0.217542324476809,TRUE,""
IMmotion150,4386,PDGFD;AKR7A3;RNFT2;MYH7;LNX1,0.947111338012782,,0.785951929825753,TRUE,""
IMmotion150,4387,ADAM12;MSANTD3-TMEFF1;FSTL3;TERT;TMEM220,1.05722043729565,,0.777833617785094,FALSE,""
IMmotion150,4388,GGT5;FAM122A;LRP3;NIPAL4;CYYR1,1.10444989161409,,0.642069850728163,FALSE,""
IMmotion150,4389,H2BC9;TBX15;KLF4;LINC01605;AK1,0.94134246230484,,0.771268231609632,TRUE,""
IMmotion150,4390,TRPC6;TGFB2;MAFB;CD5L;RPS2P46,0.839384006336866,,0.398524895877735,TRUE,""
IMmotion150,4391,CEACAM1;ISCA1P1;TPPP3;AC091167.2;CC2D2B,0.847766010984021,,0.322205969228024,TRUE,""
IMmotion150,4392,EMCN;RNF213-AS1;ARMH4;CCN6;PCDHB2,1.02104778218114,,0.913722596701301,FALSE,""
IMmotion150,4393,VEPH1;PNPLA3;ZNF257;SERPINA4;ZDHHC23,1.49067974910234,,0.0549005802989392,FALSE,""
IMmotion150,4394,TRO;UNC5CL;CASS4;RPL7P19;WASF3,1.20199771922095,,0.30797946162761,FALSE,""
IMmotion150,4395,PCDHGB4;AC036108.2;BASP1;CPB1;GJA4,1.07848825646271,,0.701906658679525,FALSE,""
IMmotion150,4396,IMPA2;PLAC8;PPM1H;RASSF10;CASZ1,0.889412967844449,,0.567930112405686,TRUE,""
IMmotion150,4397,VEPH1;HYLS1;LPAR1;KIR2DL3;SSPN,0.772843231924007,,0.176464563984909,TRUE,""
IMmotion150,4398,SLC2A10;PRRX1;STARD5;AC005609.2;VNN2,0.842120087983638,,0.383161691297963,TRUE,""
IMmotion150,4399,BOC;PCDHB3;SCD5;DMP1;MAFB,0.808668931802781,,0.301458457937992,TRUE,""
IMmotion150,4400,HYDIN;BAIAP3;LIMD2;B3GALT5-AS1;GGH,1.08343349447656,,0.686330326943846,FALSE,""
IMmotion150,4401,NQO1;IGFBP2;PDE8B;VWA5B1;BRSK1,1.01226333994791,,0.951320773729452,FALSE,""
IMmotion150,4402,GXYLT2;ADAM23;MCM10;ST8SIA2;SOX18,1.24382315910183,,0.290357764545675,FALSE,""
IMmotion150,4403,GHR;CATSPER3;HSD17B14;ANKRD20A9P;SYNGR1,0.972316723888113,,0.865576768365355,TRUE,""
IMmotion150,4404,PLEKHA7;TM4SF18;HOXD4;MESTP1;MBNL3,1.01352609042873,,0.944211460167782,FALSE,""
IMmotion150,4405,HYDIN;PADI2;EVA1C;KCNS1;MLF1,0.904387793460515,,0.587133751399281,TRUE,""
IMmotion150,4406,PCDHB9;SURF2;SNORA59A;AC025165.3;TMEM25,0.965531839821805,,0.846586540908636,TRUE,""
IMmotion150,4407,PCDHB8;CEP170P1;LZTS1;AC073150.1;SDC1,0.909251449175249,,0.595289233053658,TRUE,""
IMmotion150,4408,STEAP4;TRBC1;MAPK12;ADH4;ZNF214,1.23844376890871,,0.276791513679593,FALSE,""
IMmotion150,4409,IRAG1;MT-ND4L;ARVCF;HSPE1P2;ADAM8,0.857343484045967,,0.451498323602015,TRUE,""
IMmotion150,4410,MAP7;ADGRD1;STAC3;MAGEC3;TROAP,0.721832177109327,,0.0851400918970384,TRUE,""
IMmotion150,4411,MYRF;PCDHB6;GRHL1;IGKV5-2;SCARA3,0.882260285904749,,0.518358473905345,TRUE,""
IMmotion150,4412,PSD3;AC034102.1;OSBP2;ZNF725P;CCRL2,0.837160346428663,,0.377910315956992,TRUE,""
IMmotion150,4413,IFI44L;IQCA1;HID1;GPR182;PCDHGA8,0.685663478193244,,0.065954086559702,TRUE,""
IMmotion150,4414,C11orf96;PET117;KCNS3;FAM155B;AC004997.1,1.07695576544014,,0.729952855501329,FALSE,""
IMmotion150,4415,ADAMTSL2;CST7;METRNL;AL512590.2;NBL1,0.779738445154731,,0.227761223622251,TRUE,""
IMmotion150,4416,DLL4;CFAP43;SNORA55;RPL17P34;CD226,0.829684203181339,,0.341022081029605,TRUE,""
IMmotion150,4417,EDIL3;CBS;NANOGP8;SPDYE1;ZNF816-ZNF321P,1.07365188513816,,0.707944791001437,FALSE,""
IMmotion150,4418,NAV3;ZNF665;RGS9;C1QTNF9B;RUNX1T1,0.644091030876201,,0.0171946071736714,TRUE,""
IMmotion150,4419,SNORD116-23;ADAMTS14;SNORA60;Y_RNA;KLF2,1.06071770732509,,0.768747320195419,FALSE,""
IMmotion150,4420,LDHAP4;KCNJ15;STON1;GOLGA2P2Y;RNU4ATAC,0.879515456620975,,0.508006145435101,TRUE,""
IMmotion150,4421,FN3K;ADRA1B;GOLGA8K;HAS1;TLK2P2,1.16627773707718,,0.440054274314506,FALSE,""
IMmotion150,4422,SDHAP2;GZMK;E2F8;KRT8P34;OASL,0.685845720500084,,0.0502130574989555,TRUE,""
IMmotion150,4423,PLEKHA7;ADGRB1;STRC;LINC02694;TMEM26,0.892960439561532,,0.577607704572325,TRUE,""
IMmotion150,4424,STEAP3;SLC12A8;FEZ1;DUOXA1;UHRF1,0.975151401933159,,0.897345188187993,TRUE,""
IMmotion150,4425,AFF3;GBP1P1;RAI2;AC135178.3;C1orf131,0.542426493174193,,0.000363409090673028,TRUE,""
IMmotion150,4426,AKR1C1;ADAM1A;SPOCK2;SNX31;ORC1,0.721854129649259,,0.126197473652222,TRUE,""
IMmotion150,4427,NFASC;TPTEP2;PDCD1LG2;ERVV-1;CD180,0.595197097541929,,0.0160160738146689,TRUE,""
IMmotion150,4428,STEAP3;SEC14L6;SNORD67;LINC00621;LINC02449,1.15533391914972,,0.496917495657549,FALSE,""
IMmotion150,4429,GGT5;BMPR1AP2;NLRC3;OR1J2;SCD5,0.48820596775967,,0.00143205584405889,TRUE,""
IMmotion150,4430,NAV3;PET117;RPSAP15;DSC3;RAD51AP1,0.925678503877901,,0.746140483265757,TRUE,""
IMmotion150,4431,DKK3;CTSW;RAMP2;ERN2;FAM111B,0.920988905938826,,0.674052251623021,TRUE,""
IMmotion150,4432,RGS2;COX7A1;SCUBE2;AC125807.1;KIAA1755,0.946736858681498,,0.778832611159794,TRUE,""
IMmotion150,4433,NOX4;PTGS2;LILRA1;PRSS3;NLGN3,0.820281920806828,,0.30408265679494,TRUE,""
IMmotion150,4434,LDHAP4;RERG;ADORA3;CCN6;SLC4A11,0.753138711669336,,0.168987817741459,TRUE,""
IMmotion150,4435,GABRE;AC009093.9;CD83;DDX11L10;RALGPS1,1.08538522511019,,0.639888514736532,FALSE,""
IMmotion150,4436,SNORD116-23;CYB5R2;RUNX3;SLCO1B1;HLX,0.911925871588195,,0.64681323605562,TRUE,""
IMmotion150,4437,CD163L1;CD27;DET1;CNTNAP4;EGFL7,0.807246693718496,,0.306056642958899,TRUE,""
IMmotion150,4438,RRM2;NPHP3-ACAD11;ABCA10;AL133482.1;AD000090.1,1.1271000196353,,0.51871567597898,FALSE,""
IMmotion150,4439,EIF2S2P4;CGREF1;SNORA72;GPX2;NUAK2,1.0944714312367,,0.643363113233953,FALSE,""
IMmotion150,4440,CDH23;CDC45;C1orf131;CERS3;MPP3,1.1050373685024,,0.653770634966984,FALSE,""
IMmotion150,4441,MAP3K21;SNRPEP4;HLA-DOA;POC1B-GALNT4;CCDC113,0.891892611247186,,0.549014457517809,TRUE,""
IMmotion150,4442,CTAGE6;GZMB;STON1;BCAN;ADAM8,0.623026195044146,,0.021445468945654,TRUE,""
IMmotion150,4443,BUB1;KLRC4-KLRK1;TRIM2;LRRC37A7P;PDCD1LG2,0.746947228948382,,0.143084295141088,TRUE,""
IMmotion150,4444,SERPINI1;CAPN12;FGD1;AL136982.7;CCDC74A,0.705925578516713,,0.114756274595723,TRUE,""
IMmotion150,4445,PCSK5;ACTG1P14;LINC01002;TMC3;WNK3,0.74448031968937,,0.162261001925722,TRUE,""
IMmotion150,4446,AFF3;AIM2;RCAN3;STAC2;PDE1C,0.806205623921337,,0.272654987788806,TRUE,""
IMmotion150,4447,CEACAM1;RERG;RNF144A;LINC01605;LRRC75B,1.36139050458374,,0.14942663178099,FALSE,""
IMmotion150,4448,CD3D;CEP170P1;PSORS1C1;AL133444.1;MAN1C1,0.55786877466375,,0.00603183285741215,TRUE,""
IMmotion150,4449,DENND2A;GRB7;ANKRD23;AL627422.1;SOCS2,1.0000753717321,,0.999713325198505,FALSE,""
IMmotion150,4450,CCL2;ABT1;GMPR;LGALS9C;CCDC74A,0.669545019678556,,0.101475638377652,TRUE,""
IMmotion150,4451,FAM27E3;CDCA7;SCARNA8;MANEALP1;TEKT4P2,0.840945141065876,,0.363075181964747,TRUE,""
IMmotion150,4452,PTTG1;STEAP1;TMEM220;AC092667.1;BTG2,1.04406956205372,,0.822770999999693,FALSE,""
IMmotion150,4453,FAM27E3;PCOLCE2;FBXL7;ARL14;SCIMP,0.843220665439592,,0.366593359129724,TRUE,""
IMmotion150,4454,PDLIM3;SLC7A9;IGFBP6;FAM95B1;EVI2A,0.705764568766927,,0.0661498915894856,TRUE,""
IMmotion150,4455,FBN2;LOXL1;TRPC4;SLC47A1P2;IGFBP6,0.874378705342564,,0.507275993776191,TRUE,""
IMmotion150,4456,ZNF704;ZNF713;CYP2S1;SCGB3A1;NR5A2,0.760090042076696,,0.171667955466161,TRUE,""
IMmotion150,4457,POU5F1;ABHD14A-ACY1;HENMT1;RPS4XP5;CD33,0.783478428590216,,0.139903318691979,TRUE,""
IMmotion150,4458,KIF23;GALNT15;LY96;IL12B;SLC9A7P1,0.837205044692328,,0.371686921913469,TRUE,""
IMmotion150,4459,ZFHX4;QPCT;RPL23AP32;IGKV2D-30;RHOD,1.17956489495399,,0.400900904500606,FALSE,""
IMmotion150,4460,TRIM9;GPLD1;MAN1C1;AL050343.2;H3C11,0.981377164368424,,0.923565858613762,TRUE,""
IMmotion150,4461,FAT3;DEPDC7;FOXM1;NELL1;ZDHHC23,1.16276318377517,,0.456819607914339,FALSE,""
IMmotion150,4462,TRIM9;DLG2;ADAMTSL1;ATP12A;IGSF9B,1.07879311616601,,0.685133749133174,FALSE,""
IMmotion150,4463,C5;APOL4;P2RY6;FOXD4L5;NEURL1B,1.02498040641401,,0.902626936224814,FALSE,""
IMmotion150,4464,PPFIA4;INMT-MINDY4;DRC3;ZSCAN4;SLC17A9,0.807740383169593,,0.29885564702907,TRUE,""
IMmotion150,4465,SELL;NRG3;PANK1;PPIAP46;TRIP13,0.841579904673954,,0.415455131843682,TRUE,""
IMmotion150,4466,CDH23;INMT-MINDY4;LPAR1;AC012640.4;HID1,0.909616870602271,,0.583916645167487,TRUE,""
IMmotion150,4467,AGAP7P;ZNF565;LRATD1;SIX2;SOX18,0.857094451708875,,0.39485912970111,TRUE,""
IMmotion150,4468,CAVIN2;Z83840.1;FOXM1;C1QL3;RCAN3,0.675498819893231,,0.0531839328045304,TRUE,""
IMmotion150,4469,NCF1C;CKAP2L;LILRA5;KRT18P10;TMEM25,0.832036176255941,,0.376327978437615,TRUE,""
IMmotion150,4470,SDHAP2;LIN7A;MBNL3;OR2T8;TXK,0.801482520549138,,0.267732496264194,TRUE,""
IMmotion150,4471,AK4;NUF2;ZWINT;POU5F1P4;CD302,1.59669034030627,,0.035525870091366,FALSE,""
IMmotion150,4472,SEZ6L2;CFAP251;TSPAN5;CRYGN;NANOGP8,1.30548810261581,,0.172002476278792,FALSE,""
IMmotion150,4473,HRH2;AP000654.1;NBL1;TUBA4B;HIC1,0.928645617731906,,0.684853266852244,TRUE,""
IMmotion150,4474,GABRE;SLITRK4;ZDHHC23;NXF2B;TSNAXIP1,1.13027454870232,,0.542915303020898,FALSE,""
IMmotion150,4475,DNAH6;C4orf47;PCDHB2;ZPLD1;RPL32P3,0.83489993516701,,0.374224213475607,TRUE,""
IMmotion150,4476,LRP4;NLGN4X;CCNJL;TRBV5-5;PRAM1,0.915800366809568,,0.660370949191348,TRUE,""
IMmotion150,4477,CSPG4;KLRC4-KLRK1;MYCT1;SPATA20P1;PPM1H,0.838188772133426,,0.416908323134973,TRUE,""
IMmotion150,4478,FAM27E3;NUF2;FAM160A1;GPR45;LY96,0.792980484141976,,0.263097195527935,TRUE,""
IMmotion150,4479,TLR7;AIM2;ANKRD23;AC079360.1;SOCS3,0.65954026622931,,0.0389554077194859,TRUE,""
IMmotion150,4480,SNORD116-20;YBX1P10;GJA4;TRIM31;TONSL,0.899315008893777,,0.587852944613589,TRUE,""
IMmotion150,4481,BCAT1;ADAM23;RALGPS1;RNF183;SPATA6L,0.715022628736104,,0.154913583872484,TRUE,""
IMmotion150,4482,IRS2;ZNF391;SNORD67;KCTD4;POLQ,0.856253060607993,,0.400081457111267,TRUE,""
IMmotion150,4483,PCDHB8;GPR160;GJA4;HJV;MEFV,1.17029366046262,,0.408215108249856,FALSE,""
IMmotion150,4484,PCDHB11;ZNF565;SEPTIN1;AC021146.1;PLEK2,0.596463342303004,,0.00408934646884034,TRUE,""
IMmotion150,4485,THSD7A;PDCL3P4;SYT17;MRAP;LINC01550,0.912669708135094,,0.618857279609494,TRUE,""
IMmotion150,4486,ADM;AC023055.1;IL2RB;HNRNPA1P67;C1QTNF1,0.7644617660363,,0.163980687405256,TRUE,""
IMmotion150,4487,RGS2;C6orf132;H4C9;AKR1C4;CMTM8,0.831914290567062,,0.362179882002452,TRUE,""
IMmotion150,4488,ZFPM2;NCR3LG1;PAPPA;AC026471.3;SCHIP1,0.847220268085119,,0.390911304967456,TRUE,""
IMmotion150,4489,TRAC;IRF4;ENO3;MAGEC1;EYA2,0.656541726612983,,0.0308860588888345,TRUE,""
IMmotion150,4490,MOCOS;TBX15;CD302;LRRC9;IL2RB,1.06928281589908,,0.744396805876203,FALSE,""
IMmotion150,4491,EDIL3;PLCH2;TUB;TRAV38-1;SNHG17,1.18177575899034,,0.385736121245973,FALSE,""
IMmotion150,4492,PLCH1;SPON2;HIC1;LINC01546;RNF125,0.842539142643595,,0.357950181302094,TRUE,""
IMmotion150,4493,NTN4;LOXHD1;CD33;HSD17B1P1;GALNT3,0.809269126865462,,0.251478727885566,TRUE,""
IMmotion150,4494,MYOM1;GIPC2;FBXO17;ALOX12;SEMA7A,1.52577602598176,,0.029700902412923,FALSE,""
IMmotion150,4495,SNORA71D;CKAP2L;P2RY13;TM4SF19-DYNLT2B;NLGN3,0.891118791595898,,0.566444599640669,TRUE,""
IMmotion150,4496,POU5F1;ZNF669;HENMT1;AC092666.2;HOXB6,0.580506911119646,,0.000973288681088818,TRUE,""
IMmotion150,4497,HOXA10;XRCC3;FHDC1;AC007326.1;MMP19,1.10662043721692,,0.662732888618321,FALSE,""
IMmotion150,4498,PLCH1;AF241726.1;PCDHGA3;OR1J2;SUGCT,0.685769939916951,,0.047210851487704,TRUE,""
IMmotion150,4499,IFI44L;INHBB;HOXA4;ADH4;FAM83D,1.0143262132515,,0.94219708932213,FALSE,""
IMmotion150,4500,FTH1P20;ZNF711;BAMBI;GJB6;FAM174B,0.933496431524132,,0.743775052815074,TRUE,""
IMmotion150,4501,TRIM9;AL022238.3;IGF1;SHROOM3-AS1;ANGPT1,1.0002421624265,,0.998939305037041,FALSE,""
IMmotion150,4502,LDHAP4;SLC7A9;CD101;ADCYAP1R1;C6orf163,0.963635190863585,,0.847075042355371,TRUE,""
IMmotion150,4503,ADM;GPR174;ZNF540;ADCYAP1R1;EXOC3L1,0.918942927116413,,0.668036667115352,TRUE,""
IMmotion150,4504,ADAM12;PAK3;ZNF454;SLC9C2;SAMD3,0.90354476734396,,0.589747200428573,TRUE,""
IMmotion150,4505,MST1;CXCR6;PRRG4;FOXG1;SOX18,0.941700605158734,,0.766152354215703,TRUE,""
IMmotion150,4506,ARFGEF3;APOL4;PDXDC2P;IGLV9-49;CDH24,0.9785389312737,,0.907168387727531,TRUE,""
IMmotion150,4507,GHR;SYBU;HEYL;AL049650.1;KLRB1,1.04046679260818,,0.857411042115419,FALSE,""
IMmotion150,4508,STC1;PAK3;SNORD16;HMGA1P3;P2RY8,1.01959965059015,,0.919376547530286,FALSE,""
IMmotion150,4509,EPHX2;ZIK1;CCR1;PIK3C2G;MCM10,0.969053350133237,,0.890309168465674,TRUE,""
IMmotion150,4510,PTPN3;AC006254.1;TIAM2;AC005324.2;BMERB1,0.898817970645906,,0.601485993657048,TRUE,""
IMmotion150,4511,HILPDA;RNF157;MT-ND3;ZBED2;DGKG,0.639581959955429,,0.0173868371024632,TRUE,""
IMmotion150,4512,TTC39A;STOX1;TMEM97;TRIM50;MREG,1.2550885957352,,0.267996119935474,FALSE,""
IMmotion150,4513,CNTNAP3;EGF;H3C13;FGF5;MPP3,1.08029758059032,,0.688845717937797,FALSE,""
IMmotion150,4514,SLCO2A1;SNORA64;OSBP2;TMIGD1;CD83,0.90113663682878,,0.580577977200266,TRUE,""
IMmotion150,4515,FN3K;PROM2;CCNF;TMEM132C;CNRIP1,0.883823629723089,,0.527480946286848,TRUE,""
IMmotion150,4516,BOC;TMEM232;MPP7;RORB;MAD2L1,0.664126200341806,,0.0453410445418743,TRUE,""
IMmotion150,4517,LMOD1;EXO5;LY86;MTCO1P12;SLC22A4,0.683622721504905,,0.0297331077341091,TRUE,""
IMmotion150,4518,HOOK1;ZNF99;TESC;CYP2B6;KCNK1,1.14718161810569,,0.525604347390207,FALSE,""
IMmotion150,4519,ETV1;ADGRD1;SYNGR1;TRBV11-2;FAM83D,0.99622360528027,,0.983843422730191,TRUE,""
IMmotion150,4520,ACSM3;SNORD104;ACAP1;RNU1-2;DET1,0.669232281129416,,0.0453147186621774,TRUE,""
IMmotion150,4521,PCDHB16;CD38;ZNF483;FAM25BP;GMPR,0.654076848709399,,0.0311444014215281,TRUE,""
IMmotion150,4522,FAT3;NLGN4X;EMILIN1;SMCO3;AK1,0.926322977509234,,0.690572207482941,TRUE,""
IMmotion150,4523,ADM;RARRES1;SIK1;AF186192.2;GADD45B,1.29461616226948,,0.233971319173726,FALSE,""
IMmotion150,4524,RGPD3;AMIGO1;PCDHB18P;AC015818.5;NEIL1,0.958644309535491,,0.829863356759414,TRUE,""
IMmotion150,4525,PC;PRLR;LRATD1;C10orf90;COL11A2,1.19250191438087,,0.400277706806578,FALSE,""
IMmotion150,4526,SNORA71D;FCGR3B;ARNTL2;ZIC1;STRC,0.981738407915629,,0.924757291821992,TRUE,""
IMmotion150,4527,SGIP1;PRLR;PCDHGC5;TOMM40P2;PPM1H,0.937882868622183,,0.748520246406761,TRUE,""
IMmotion150,4528,JAM3;FNDC4;BANK1;AC069287.1;AL158050.1,0.760226299412719,,0.171201712555893,TRUE,""
IMmotion150,4529,ANLN;SLC7A9;DACT1;HMGB1P35;FAM13C,1.20236710701335,,0.361995473205396,FALSE,""
IMmotion150,4530,ANKS1B;EFNA5;SLAMF6;TRAV29DV5;TP53INP2,0.812151687540226,,0.279340101552073,TRUE,""
IMmotion150,4531,H2BC9;STOX1;VDR;MYLPF;MBD3,1.0384523989659,,0.84875003966102,FALSE,""
IMmotion150,4532,IL2RG;PNPLA3;CCRL2;CSGALNACT2P1;LILRA5,0.842305783928589,,0.361378676798204,TRUE,""
IMmotion150,4533,ALDOC;MAPT;H3C8;NEU4;MTHFS,1.04156793927402,,0.846219774369445,FALSE,""
IMmotion150,4534,AOC3;NEK5;LILRA5;SULT4A1;SRRM5,0.991427242381365,,0.967118757834859,TRUE,""
IMmotion150,4535,PCDHGB5;SLC19A3;BASP1;AL117348.2;EIF5A2,1.02677971717781,,0.894740616203974,FALSE,""
IMmotion150,4536,POU5F1;CYB5R2;UST;SRI-AS1;SEC63P1,0.88175583519406,,0.49569389934969,TRUE,""
IMmotion150,4537,SDHAP2;PET117;CELSR3;MKRN7P;LY86,1.19631296065798,,0.357762516399043,FALSE,""
IMmotion150,4538,GOLGA8M;GPLD1;ESR1;SEC22B3P;HENMT1,1.46632972994241,,0.065085500328258,FALSE,""
IMmotion150,4539,LDHAP4;PCDHA7;DEPP1;AC019294.1;RTP4,0.901531336058322,,0.60124596321286,TRUE,""
IMmotion150,4540,FOLR2;AL627309.6;E2F8;KRT18P48;CLEC4A,1.08976652712079,,0.635963960487277,FALSE,""
IMmotion150,4541,STEAP4;HLA-H;STEAP2;AC119673.2;FRMD3,0.930689087002567,,0.694402621853662,TRUE,""
IMmotion150,4542,IRAG1;FAM122A;SNORA3A;PGA3;AC004997.1,1.140984370951,,0.470732574493095,FALSE,""
IMmotion150,4543,ANGPT2;CD38;CCDC157;HMGB1P35;TNFRSF10C,0.739069812313382,,0.0858544524383491,TRUE,""
IMmotion150,4544,SNAI2;SNORA64;JAM2;KLK1;HCST,0.865055369378911,,0.46783052844284,TRUE,""
IMmotion150,4545,RETREG1;ZP3;CIART;CHRND;RNU4ATAC,1.18423737849438,,0.365215631319563,FALSE,""
IMmotion150,4546,CCL2;AL591806.2;RHOD;AL117348.2;SUGCT,1.18522951522814,,0.385010755929996,FALSE,""
IMmotion150,4547,MEIS1;AL591806.2;STK32B;ZIC5;EPHB3,1.20261850201848,,0.348895135499117,FALSE,""
IMmotion150,4548,CEACAM1;TMEM236;MYCT1;PHBP3;P2RY6,0.931651218791724,,0.703684968596804,TRUE,""
IMmotion150,4549,SNAI2;FAM241A;FAM86DP;LINC00862;SCARNA8,1.18673064380542,,0.396732062106993,FALSE,""
IMmotion150,4550,CD2;TNFRSF9;SNORD116-14;PPP1R1C;APOBEC3B,0.711714882147773,,0.0881637513287468,TRUE,""
IMmotion150,4551,ZNF704;SLAMF7;P2RY1;SLC22A6;NAALADL2,0.934493812502607,,0.755118709893238,TRUE,""
IMmotion150,4552,SNORA31;ANK1;COL11A2;CHGA;RPL32P3,0.813859820693476,,0.265809786416567,TRUE,""
IMmotion150,4553,CDCA2;PLAC8;ZNF415;AC026464.1;TMC7,1.06111670814059,,0.759087597921607,FALSE,""
IMmotion150,4554,EPHA3;PCDHB5;AKR1E2;AC091564.3;PLK1,1.31784422739752,,0.199019625508153,FALSE,""
IMmotion150,4555,PCDHB9;MYBL2;TMEM25;SOWAHA;RHPN1,1.25707550875111,,0.264747490165367,FALSE,""
IMmotion150,4556,LIF;UGT8;EID3;AL160236.1;SNORA59A,1.26203620287326,,0.245495882771784,FALSE,""
IMmotion150,4557,MYRF;SLC9A3;RGL3;PDE6A;LPAR1,0.843709825718613,,0.384287436717016,TRUE,""
IMmotion150,4558,ALDH1L2;NRG1;ADAMTS17;AC159540.2;CSPG4P12,0.87030096195551,,0.448779952688764,TRUE,""
IMmotion150,4559,DLL4;ANK1;FBXO17;OR13C3;CEBPA,1.05335558602664,,0.792997311650517,FALSE,""
IMmotion150,4560,TRBC2;AL731577.2;MAP3K7CL;CACNG8;SMAD6,0.702329192095455,,0.0540338723587347,TRUE,""
IMmotion150,4561,KCNN3;MFAP2;TRIM34;PLA2G1B;GADD45B,1.06686990050617,,0.704619635621813,FALSE,""
IMmotion150,4562,SLC2A10;EVPL;TPRG1;RAD21L1;AC092068.3,0.89212643832488,,0.565752816362715,TRUE,""
IMmotion150,4563,CCL5;LAMP3;EPHB3;TRAV10;H3C2,0.804328938442767,,0.262833964972663,TRUE,""
IMmotion150,4564,SMOC2;MICOS10-NBL1;ZNF433;SNORD105;ST6GALNAC6,1.27306899018758,,0.191957635707474,FALSE,""
IMmotion150,4565,KITLG;FOXL1;SYNGR1;HNRNPA3P1;GADD45B,1.03906238194936,,0.834814904732487,FALSE,""
IMmotion150,4566,AGAP7P;EXO1;KCNS3;LINC01139;PLEK2,0.733375809901498,,0.101664102349358,TRUE,""
IMmotion150,4567,MOCOS;GRB14;ZFP2;GYPE;RGS18,0.936255542746652,,0.731317824253934,TRUE,""
IMmotion150,4568,FAM149A;ADRA1B;ADCY1;CA1;TNFRSF11A,1.57321296250302,,0.0285452801136295,FALSE,""
IMmotion150,4569,FER1L4;SPDYE18;ANO2;AC012640.4;GRAP2,0.74116550746521,,0.0717629893080881,TRUE,""
IMmotion150,4570,DCLK1;ABT1;TRIM36;ZNF833P;SPAG4,1.09020535084985,,0.647296733957288,FALSE,""
IMmotion150,4571,PCDHB11;ZP3;ZNF502;TNMD;LZTS1,0.924057736753305,,0.67524789918643,TRUE,""
IMmotion150,4572,SNORD13;CCN3;POLQ;AC074386.1;TSPAN2,1.10140143566668,,0.619298135248719,FALSE,""
IMmotion150,4573,DSEL;P2RY10;HEY1;TTLL10;H2BC14,0.777058568719575,,0.188293240722872,TRUE,""
IMmotion150,4574,GPC4;MMP24;ABTB2;IDI2-AS1;MROH7,0.65410139080178,,0.0315140350132781,TRUE,""
IMmotion150,4575,ARFGEF3;EGF;STK32B;MICOS10P2;CCNF,1.06021468861732,,0.760221657366267,FALSE,""
IMmotion150,4576,TMEM91;ABT1;Telomerase-vert;AL033384.1;HLX,1.05392585662536,,0.780278998352249,FALSE,""
IMmotion150,4577,LEF1;SHC2;SCHIP1;SNORD115-30;CD83,0.817207042260124,,0.280160546803566,TRUE,""
IMmotion150,4578,FBLN2;SLAMF1;SLC4A11;AC006030.1;CCDC110,0.797531183503342,,0.273569120730835,TRUE,""
IMmotion150,4579,SLC11A1;AC139769.1;RNFT2;PLA2G4F;CETP,0.824029140337884,,0.360969270789768,TRUE,""
IMmotion150,4580,AK4;CCSAP;ZNF366;AC010834.1;CLEC4A,0.790770995058261,,0.213124581810252,TRUE,""
IMmotion150,4581,PTGIS;AC093668.1;CD247;TRBV7-2;TSPAN2,0.822362823700642,,0.297614888922062,TRUE,""
IMmotion150,4582,TMEM91;IKBKG;CD5;PLA2G12B;TMEM132A,0.914714793243395,,0.630336825246874,TRUE,""
IMmotion150,4583,TRBC2;ZNF215;TSGA10;PRSS44P;STK32B,0.849734695236494,,0.388584864312139,TRUE,""
IMmotion150,4584,PCDHB16;CHDH;CEBPD;PEX5L;AK1,1.00222236536682,,0.990495713674238,FALSE,""
IMmotion150,4585,MT-ND1;RPP14;EGFLAM;LINGO4;P3H3,0.957738916778857,,0.820287410301976,TRUE,""
IMmotion150,4586,ANG;SIRPG;ESR1;AC239859.5;CX3CL1,0.808671120569503,,0.271733267291633,TRUE,""
IMmotion150,4587,HRH2;RBP7;RNF138P1;AC116351.1;CD80,0.998782487084902,,0.995138625635196,TRUE,""
IMmotion150,4588,APOC1;COL24A1;ESR1;CFHR2;ANGPT1,0.964099830235943,,0.859020731177222,TRUE,""
IMmotion150,4589,FAT3;NRG3;FHDC1;IGHV3OR16-9;HEY1,0.832133018617087,,0.410657901056924,TRUE,""
IMmotion150,4590,FN3K;SLITRK4;ZNF483;NBPF18P;SNCA,0.905382898156727,,0.631926117167206,TRUE,""
IMmotion150,4591,FAM149A;GDF15;TLR8;GNG4;SLC15A2,0.687682378562119,,0.0441105985262585,TRUE,""
IMmotion150,4592,CCDC141;HMGN1P3;ADAMTS3;EPB42;PGM5,0.829163356826616,,0.327568918336367,TRUE,""
IMmotion150,4593,ANKS1B;SIDT1;AXIN2;SYN2;LPAR1,0.820504683004911,,0.298138768187502,TRUE,""
IMmotion150,4594,LAMB3;BTNL9;TMEM132A;PIK3C2G;MDGA1,0.888342599688882,,0.523780093549521,TRUE,""
IMmotion150,4595,CCL2;GCOM1;TSNAXIP1;FAM138D;HLX,1.12458309656688,,0.516028741861847,FALSE,""
IMmotion150,4596,PTGS1;LRCH2;SYDE2;SLC14A2;SNORA13,1.04517894085952,,0.814876505330513,FALSE,""
IMmotion150,4597,AFF3;RCAN2;TBX2;SNORD56;LYVE1,1.20739699988061,,0.356261745786456,FALSE,""
IMmotion150,4598,ANLN;CDC42BPG;FCMR;SLC22A24;MARCHF3,0.824990971443496,,0.358173025095645,TRUE,""
IMmotion150,4599,CD3D;FOXL1;IGF1;CST1;MACROD2,0.74885176620051,,0.113192098487917,TRUE,""
IMmotion150,4600,SDHAP2;CGREF1;AC138696.1;PPIAP13;AC136632.1,1.12756931561327,,0.475480336069238,FALSE,""
IMmotion150,4601,EGR2;ABHD14A-ACY1;IGFBP6;AIRE;TEF,1.02000037897072,,0.915750747485872,FALSE,""
IMmotion150,4602,PLVAP;ADAM23;PSTPIP1;TRAV25;NCAPH,0.742554044070542,,0.128421963085225,TRUE,""
IMmotion150,4603,PCDHB9;GPR160;CD72;FAM95B1;CYYR1,0.879063108128002,,0.475689518029552,TRUE,""
IMmotion150,4604,ANGPT2;ERV3-1;CENPU;RHBG;SNORD16,1.19165553998068,,0.377667431290127,FALSE,""
IMmotion150,4605,SCARNA4;PAK3;CHST2;MICOS10P2;HLA-L,1.1164442026592,,0.548173616940212,FALSE,""
IMmotion150,4606,IQGAP3;CFAP91;AKR1E2;OR1J4;LILRB5,1.28301911717682,,0.186206804375437,FALSE,""
IMmotion150,4607,AR;RERG;HOXD4;SCG3;UST,1.12966160885408,,0.498966414743591,FALSE,""
IMmotion150,4608,HILPDA;TRBC1;RPS20P14;LIX1;LOXL4,0.920552066118031,,0.695080686266194,TRUE,""
IMmotion150,4609,FILIP1;CHI3L2;RAB37;AL136419.1;GRAP2,0.901876703467681,,0.579400457723682,TRUE,""
IMmotion150,4610,TNFRSF11B;MT-ND4L;PRELID2;RPL12P35;CSRNP3,0.898549992724538,,0.609325534180662,TRUE,""
IMmotion150,4611,OLFML2A;LAG3;SOCS3;ENTHD1;STEAP2,0.936474402587666,,0.739202002025674,TRUE,""
IMmotion150,4612,PLA2G7;CCN4;FAXDC2;PLCZ1;NOVA2,0.977697129175781,,0.910651175272905,TRUE,""
IMmotion150,4613,TRO;MST1P2;SRRM5;LEFTY2;GRAP2,1.00498846746041,,0.977221930774017,FALSE,""
IMmotion150,4614,FAP;GRB14;ADAMTS17;OR2A1-AS1;VDR,0.856596095554634,,0.422930008676436,TRUE,""
IMmotion150,4615,EDIL3;MT1L;RALGPS1;AL160236.1;DNAJC6,0.954895472016405,,0.81238125269755,TRUE,""
IMmotion150,4616,SNORD13;TRIM45;TRGC2;SRI-AS1;LINGO1,0.987973633245357,,0.939022285556356,TRUE,""
IMmotion150,4617,FHL2;AC006254.1;ABLIM2;FAM169B;NLRC4,0.909103497857716,,0.613407179056712,TRUE,""
IMmotion150,4618,IRAG1;NOVA1;E2F7;CASKIN1;P2RY8,0.959765801290206,,0.84053677733292,TRUE,""
IMmotion150,4619,FILIP1;FKBP14;CDKN3;NUTM2G;CASZ1,1.04674930777224,,0.828198961466328,FALSE,""
IMmotion150,4620,STC1;BTNL9;SIRPB2;AC139099.2;ZNF214,1.3338155838306,,0.132642266912404,FALSE,""
IMmotion150,4621,CD3E;PCDHGA2;TMC4;AC022494.1;DRC3,0.769389531509628,,0.208292727697433,TRUE,""
IMmotion150,4622,ADAM12;LYSMD1;CEL;AC007537.1;TRIM73,0.952698937169236,,0.809958025477851,TRUE,""
IMmotion150,4623,VEPH1;NR2F1;MMP11;LINC01554;FGF2,1.43465483495029,,0.0593285457977043,FALSE,""
IMmotion150,4624,SNORA31;CDHR3;MAD2L1;GADL1;PCDHGA4,0.885157678749145,,0.539888869319156,TRUE,""
IMmotion150,4625,CEACAM1;WNT2B;TRIM34;AC005062.1;SPAG4,0.957770853793554,,0.807304119392761,TRUE,""
IMmotion150,4626,MT-ATP6;FAM86EP;HLA-L;AC073896.1;SHE,0.862357794792153,,0.39931634038568,TRUE,""
IMmotion150,4627,ZNF521;LIPG;GFOD1;AL390860.1;NEK10,0.875093973724873,,0.482050972346735,TRUE,""
IMmotion150,4628,KLF5;SLC9A3;HMMR;AC008763.3;GRIP1,0.698470806438892,,0.0955328587655683,TRUE,""
IMmotion150,4629,TLR7;TSSC2;BNIP3P1;AC027309.2;DHFR2,0.792290814805182,,0.240690793263405,TRUE,""
IMmotion150,4630,FN3K;CCNB2;NLGN3;PPIAL4G;FCMR,0.680328010114047,,0.0516863244128264,TRUE,""
IMmotion150,4631,SNORA71D;ILDR1;HSD17B14;AC090517.5;C5AR1,1.10357859078467,,0.625326838174236,FALSE,""
IMmotion150,4632,FCGR1B;DMRTA1;FAXDC2;NUDT10;IER3,0.906566600432244,,0.627634380370899,TRUE,""
IMmotion150,4633,CCL5;EXPH5;PCDHGA8;AC131160.1;PTGDR,0.642555257456557,,0.0175788707555279,TRUE,""
IMmotion150,4634,HSPA7;ZNF511;ATP8B3;RPL23AP25;GATD3A,0.734307261688222,,0.136504454917967,TRUE,""
IMmotion150,4635,CD248;AC138894.1;MCOLN2;PLPPR1;PCDHB18P,0.829610794869222,,0.375293907408011,TRUE,""
IMmotion150,4636,ZNF90;ASS1P1;RBP1;HNRNPA1P64;CLEC14A,0.849328200527912,,0.394802835234897,TRUE,""
IMmotion150,4637,PCDHB11;GIMAP1-GIMAP5;HOXD8;AQP7P1;TRPC4,0.937569313414123,,0.725176268637244,TRUE,""
IMmotion150,4638,BCAT1;PODN;OXER1;PPIAL4D;LSR,1.09951034190741,,0.629897256849545,FALSE,""
IMmotion150,4639,TRPC6;RIMBP3;RUNX1T1;AC021146.1;ADAMTS5,0.84483142183826,,0.319395977865016,TRUE,""
IMmotion150,4640,GABRE;TRIM45;SNORA3B;CCL7;IL12RB1,0.659019320713572,,0.0355226322884228,TRUE,""
IMmotion150,4641,CCL3;ADAMTS4;MARK1;CYP4F2;ZSCAN18,1.27403256625045,,0.252810565253171,FALSE,""
IMmotion150,4642,PCDH17;ANK1;CMKLR1;TBX5;LINC01550,0.921306111701487,,0.659181810042557,TRUE,""
IMmotion150,4643,BCAT1;SNCAIP;DTL;TRBV7-6;TNFRSF10C,0.762426878265877,,0.192307360222127,TRUE,""
IMmotion150,4644,TENM4;NSUN7;MEFV;SLC12A5-AS1;ALDH7A1P1,0.628800384210477,,0.0124815172707291,TRUE,""
IMmotion150,4645,SMIM3;PCDHGA2;PMEPA1;DDX11L9;MCOLN2,1.25483336139226,,0.231821793719043,FALSE,""
IMmotion150,4646,SNORD118;AC009093.9;KIF15;TUBB2BP1;MACROH2A2,0.793746881472862,,0.254525122265049,TRUE,""
IMmotion150,4647,PCOLCE;TSPAN7;PDCD1LG2;STEAP3-AS1;SPATA6L,0.779523394324823,,0.179987156564682,TRUE,""
IMmotion150,4648,EDIL3;ADGRD1;AXIN2;GCSAML;SHCBP1,1.17229955768387,,0.406026819666664,FALSE,""
IMmotion150,4649,DKK3;CATSPER3;ANO2;MTNR1A;ZNF214,0.690740558873843,,0.0546950156237608,TRUE,""
IMmotion150,4650,MT-CO2;FAM241A;KYAT1;HMGA2-AS1;SEC14L2,0.783853761421533,,0.239320789191972,TRUE,""
IMmotion150,4651,RHOB;CCN4;ABCA10;SNORA11E;HOMER1,1.02903254465796,,0.880686635146094,FALSE,""
IMmotion150,4652,KLF5;PRCD;RUNX3;AC135983.3;PDXDC2P,0.670650033405541,,0.0489315433459217,TRUE,""
IMmotion150,4653,ADAM22;GRB7;EMP2;ONECUT2;UBE2Q2L,1.22617203361929,,0.244287561303331,FALSE,""
IMmotion150,4654,PDE2A;RERG;CD6;SFTPA1;Z74021.1,0.736355491495735,,0.137419382023958,TRUE,""
IMmotion150,4655,MEIS1;AC026150.3;PAPPA;KCNN1;MTFP1,0.898614445419479,,0.58411083653648,TRUE,""
IMmotion150,4656,PHGDH;ADGRD1;ATL1;TYRP1;FAHD2B,1.01789272660647,,0.927726745254122,FALSE,""
IMmotion150,4657,STEAP4;AC026150.3;BCL2;INSYN2A;ZNF415,0.823335136352992,,0.327737486528152,TRUE,""
IMmotion150,4658,SDK1;AL627309.6;WDR17;LCN10;CCDC157,0.966271566091882,,0.853983928422626,TRUE,""
IMmotion150,4659,HILPDA;ZNF99;BNIP3P1;IGHV3OR16-17;ZNF366,1.06722339845887,,0.71808888353427,FALSE,""
IMmotion150,4660,IL2RG;ATP2A1;SNORA14B;DNASE2B;CNRIP1,0.743817715767812,,0.137506458597759,TRUE,""
IMmotion150,4661,CSRP2;GRB7;NCAPH;TTC36;HOMER1,1.1974821358208,,0.382696650208369,FALSE,""
IMmotion150,4662,AFF3;ROR2;HBEGF;TNNI3;GOLGA2P5,0.973004799220893,,0.890909545531065,TRUE,""
IMmotion150,4663,MTARC2;ACP3;P2RY8;AC012414.6;ZNF454,0.701085413610502,,0.0472845656037537,TRUE,""
IMmotion150,4664,BUB1;TRBC1;KLHL13;FP671120.6;RNLS,0.780347956143183,,0.192027237348921,TRUE,""
IMmotion150,4665,BAIAP2L1;HYAL1;HSD17B14;ULK4P1;EIF5A2,1.061468405223,,0.763576914669726,FALSE,""
IMmotion150,4666,PKD1P5;STEAP1;NRXN3;GRP;IL15RA,0.952272612751287,,0.80074484583301,TRUE,""
IMmotion150,4667,TRO;AL021368.4;DRC3;AC008132.1;AD000090.1,0.914994994139349,,0.649754119681268,TRUE,""
IMmotion150,4668,GBP5;AL627309.6;PPP1R16B;AC006486.2;VNN2,0.702936380385532,,0.0792520248794367,TRUE,""
IMmotion150,4669,ALDH1A3;Z83840.1;PCED1B;TWIST2;CPNE5,0.614035762954539,,0.00997670024909367,TRUE,""
IMmotion150,4670,FPR1;IQCA1;HOMER1;CCNO;HOXA4,0.983948570910822,,0.93631050043159,TRUE,""
IMmotion150,4671,FHL2;PYCR1;ZNF540;AC079298.3;KLF2,1.03288125746946,,0.853166121597773,FALSE,""
IMmotion150,4672,PSD3;CDCA7;PSTPIP1;POM121L2;CLEC4A,0.772274237567909,,0.204761032759268,TRUE,""
IMmotion150,4673,IFI44L;SNORA64;IKZF3;GOLGA6L22;RPSAP15,0.525290787803398,,0.00214042381807226,TRUE,""
IMmotion150,4674,BUB1;GIMAP1-GIMAP5;PATL2;SLC22A10;CATSPERE,0.577335398591952,,0.00400146433505963,TRUE,""
IMmotion150,4675,SPNS2;PHKA1P1;ZNF415;EPS8L3;OSBP2,0.820658804685323,,0.275668498165996,TRUE,""
IMmotion150,4676,NQO1;ACTG1P14;PEG3;ENTPD8;SEC14L2,0.886482710893913,,0.570867269034092,TRUE,""
IMmotion150,4677,MST1;CTAGE3P;SEC63P1;MAST1;MICU3,0.818658286668695,,0.303029724582178,TRUE,""
IMmotion150,4678,KDELR3;AC068831.6;MPP7;RNVU1-31;AC068580.4,0.835276266956063,,0.376780955691705,TRUE,""
IMmotion150,4679,TSPAN13;AL591806.2;CD302;TMEM72;RAD51,1.39751972296202,,0.131434111079516,FALSE,""
IMmotion150,4680,KIF4A;YBX1P10;CYP2D7;GNGT1;ASMTL-AS1,1.0075009387436,,0.970528967185122,FALSE,""
IMmotion150,4681,PLVAP;SHC2;GSKIP;ZNF804B;IQCN,0.936126143216748,,0.713705837673037,TRUE,""
IMmotion150,4682,MT-ND1;NPIPB8;SARDH;TAGLN3;AC093752.2,0.946380559856177,,0.780277602512558,TRUE,""
IMmotion150,4683,DSEL;SLC7A11;E2F8;AC103702.1;BASP1,0.7979498625944,,0.246240566792133,TRUE,""
IMmotion150,4684,KITLG;AC011497.2;POU2F2;G6PC2;KIF2C,0.83737681228173,,0.522705326368869,TRUE,""
IMmotion150,4685,TRAC;PYGM;IL15RA;TERF1P2;SNORD46,0.796291442714936,,0.21830181760065,TRUE,""
IMmotion150,4686,MEST;SPTB;TMEM220;SPATA22;GOLGA8K,1.12514354368786,,0.557436049702958,FALSE,""
IMmotion150,4687,CCL4;LRCH2;TLK2P2;FAM149B1P1;AC092068.3,0.643212058546698,,0.0205034235549482,TRUE,""
IMmotion150,4688,CCL5;ADAM23;ADAMTS3;OR6Q1;LNX1,0.904483466778998,,0.626094141872652,TRUE,""
IMmotion150,4689,FBP1;LIPC;SECTM1;TBC1D3P1;CCRL2,0.659448861049492,,0.0397902095027641,TRUE,""
IMmotion150,4690,MT-CO2;ACP3;EXOC3L1;IGLL3P;KLHL3,0.764031717360849,,0.174097562756024,TRUE,""
IMmotion150,4691,LDHAP4;AMIGO1;EMP2;HTR6;CCDC113,1.50227833035985,,0.0656549783496763,FALSE,""
IMmotion150,4692,FBLN2;CEP170P1;MBNL3;AC239859.5;PLEK2,0.758340272844367,,0.164614663136164,TRUE,""
IMmotion150,4693,OLFML3;EGR3;CD226;MRPS31P4;GCSHP5,1.08916151491493,,0.655556329299251,FALSE,""
IMmotion150,4694,TBX3;NPIPB8;CCR2;AC093915.1;TSGA10,0.634238123192723,,0.0160549762932237,TRUE,""
IMmotion150,4695,DLL1;PRLR;RANBP17;IFNA5;IL21R,0.83590181831426,,0.363043225384563,TRUE,""
IMmotion150,4696,IQGAP3;PCOLCE2;H3C7;RPS3AP39;JAM2,1.14356902228996,,0.506615875258007,FALSE,""
IMmotion150,4697,FER1L4;CFAP251;LCK;RPL32P29;FAM174B,0.8474989477825,,0.420810508234356,TRUE,""
IMmotion150,4698,GABRE;CFAP91;EYA2;NCMAP;ZNF491,1.16144415117166,,0.44592701216849,FALSE,""
IMmotion150,4699,ZNF90;SLAMF1;MAD2L1;PTCRA;PCDHB4,0.910577801077481,,0.633022158578084,TRUE,""
IMmotion150,4700,RNASE1;GRB14;DHFR2;OR2A1-AS1;HMMR,0.867269581247235,,0.515699286529852,TRUE,""
IMmotion150,4701,ZNF704;RGS4;SEMA4G;KRT18P27;CLEC14A,1.04822046533118,,0.801780454700637,FALSE,""
IMmotion150,4702,EIF2S2P4;ELAPOR1;IL12RB1;DAPL1;PGAP4,0.582633638543415,,0.00652838734927983,TRUE,""
IMmotion150,4703,SGPP2;ADAM1A;SMAD6;PDXP;AC015818.10,1.06755767985648,,0.739240975336753,FALSE,""
IMmotion150,4704,GRAMD1B;GPLD1;EPHB2;HTR6;TRIM6,0.993488191059161,,0.974143983099717,TRUE,""
IMmotion150,4705,FILIP1;NCR3LG1;CA11;TRBV7-6;SNORD46,0.891414093685558,,0.530066617315546,TRUE,""
IMmotion150,4706,TTC39A;KIF17;LRP8;HEPACAM2;BTG2,0.661957279314119,,0.0693368048716437,TRUE,""
IMmotion150,4707,SCARNA4;SUMO1P3;LZTS1;AC245041.2;DUSP4,0.969435887044789,,0.875508097381406,TRUE,""
IMmotion150,4708,RADX;NSUN7;ZNF816-ZNF321P;PLAC4;STMN3,0.857055180535713,,0.464529582246789,TRUE,""
IMmotion150,4709,PKD1P5;CD69;PCDHGA8;AC012531.2;RBP1,0.906445454562422,,0.610362620728627,TRUE,""
IMmotion150,4710,ZNF395;AC000093.1;IL2RB;ARMCX7P;AK1,0.716360006366994,,0.108810625303613,TRUE,""
IMmotion150,4711,HOOK1;ALDH4A1;FAXDC2;TAS2R7;ITGA10,1.25870797229143,,0.268815264073567,FALSE,""
IMmotion150,4712,SMOC2;CHDH;CACNB2;CFAP99;HEY2,1.4096348898526,,0.0597493349530076,FALSE,""
IMmotion150,4713,RADX;P2RX1;NOVA2;SNORD115-38;CD5,0.929800943697128,,0.697745290230464,TRUE,""
IMmotion150,4714,IRS2;SHB;RHOD;AC093827.5;LSR,1.12994427239001,,0.560808975882516,FALSE,""
IMmotion150,4715,GXYLT2;PPCDC;GSTM3;AC008132.1;IQCC,1.32783463909393,,0.149615831498461,FALSE,""
IMmotion150,4716,STC1;KBTBD3;RNF144A;TRBV7-6;TESPA1,0.5887588266008,,0.00869393020570537,TRUE,""
IMmotion150,4717,PCDHB12;ZNF391;GLI2;TBX5;C1QTNF1,0.768714945064151,,0.174050767476195,TRUE,""
IMmotion150,4718,PLVAP;CREB3L1;PSTPIP1;AC023968.1;GRAPL,0.786938953926073,,0.213530088314959,TRUE,""
IMmotion150,4719,ALDH1L2;AC026150.3;HMMR;CATSPERZ;H3C13,0.865799714727322,,0.505140274890099,TRUE,""
IMmotion150,4720,ALDH1A3;LIN7A;MICU3;TM4SF19;NR5A2,0.74621193757756,,0.161673680380203,TRUE,""
IMmotion150,4721,LEF1;FAM157C;PCED1B;FGF9;KCNJ5,0.798645529999903,,0.198353813531852,TRUE,""
IMmotion150,4722,ZFHX4;TMEM236;ZNF334;CWH43;CEL,1.03536835122015,,0.865210901228956,FALSE,""
IMmotion150,4723,PLVAP;AC138894.1;SUGCT;PRSS44P;H1-5,0.762550688672683,,0.143074117549771,TRUE,""
IMmotion150,4724,MYRF;PCDHB6;MEFV;OR10AB1P;ABTB2,0.969534620537197,,0.875192400117775,TRUE,""
IMmotion150,4725,HGF;CAPN12;MREG;KCNA4;UNC5C,0.954676553068447,,0.818413328850477,TRUE,""
IMmotion150,4726,EPHA3;IGFBP2;CLEC14A;OR2L6P;SNORA3A,1.38989664498532,,0.109465307132414,FALSE,""
IMmotion150,4727,DENND2A;FAM133DP;EDA;MRAP;RASIP1,0.99123202232403,,0.961897263138156,TRUE,""
IMmotion150,4728,EGR2;PDZRN3;PCDHGA5;LINC01558;MOB4,0.925870183825555,,0.68763012289068,TRUE,""
IMmotion150,4729,EIF2S2P4;PPCDC;FAM83D;PPAN-P2RY11;NANOGP8,1.61526527639804,,0.0583288603615689,FALSE,""
IMmotion150,4730,KCNN3;PLGLB2;CD226;RIIAD1;KATNAL2,0.937769692817635,,0.735587733753979,TRUE,""
IMmotion150,4731,FBN2;RPL7L1P9;EGFLAM;AC093840.1;LILRA2,0.974599400485199,,0.888337331112608,TRUE,""
IMmotion150,4732,PBLD;NEK5;ZDHHC11;AC002472.2;MEGF6,1.11310897305464,,0.591130936263838,FALSE,""
IMmotion150,4733,AOC3;MFSD2A;CD302;SH2D6;RTP4,1.32335073806329,,0.150424859398425,FALSE,""
IMmotion150,4734,ZNF395;PET117;BMERB1;C9orf129;SPAG4,0.93509646331263,,0.729890504524815,TRUE,""
IMmotion150,4735,KIF4A;AC139769.1;FZD7;PGAM1P4;SCD5,0.847504075157163,,0.442499868325121,TRUE,""
IMmotion150,4736,PTPN3;CLEC12A;CLEC4A;ACTBP7;RPS2P46,0.828254277146628,,0.315589551232178,TRUE,""
IMmotion150,4737,AMACR;HRC;ARVCF;BAGE2;SLC15A2,0.894346106891568,,0.553664282180074,TRUE,""
IMmotion150,4738,GHR;AL591806.2;GNAZ;HORMAD2;SFXN2,1.32695591786133,,0.163729847021333,FALSE,""
IMmotion150,4739,FPR1;PCDHB3;HOXB6;AC109583.4;CCND2,0.757977880604811,,0.173132431970867,TRUE,""
IMmotion150,4740,FBP1;PODN;TSPYL5;ASTN1;RFTN2,1.02306259462262,,0.901311960723785,FALSE,""
IMmotion150,4741,SNORA71D;CCN3;TBXA2R;GCSAML;SLC7A8,1.216051376669,,0.31430961293739,FALSE,""
IMmotion150,4742,PTER;TMEM236;SEC63P1;EDN3;ATL1,0.699904418174535,,0.0821309466715274,TRUE,""
IMmotion150,4743,IL7R;KLRC4-KLRK1;ADAM32;RPSAP69;METRNL,0.817220445011319,,0.324154758988997,TRUE,""
IMmotion150,4744,STC1;SPTB;SHE;OR13C3;SLC9A7P1,0.911682150333331,,0.64083902375633,TRUE,""
IMmotion150,4745,SEZ6L2;TRIM45;OSBP2;AL512590.2;PPM1H,0.957788970658468,,0.830083606504301,TRUE,""
IMmotion150,4746,FAM149A;INAVA;SEMA6D;TUBB2BP1;RCAN3,0.945622168057223,,0.770617579008597,TRUE,""
IMmotion150,4747,IRAG1;PSMG4;ARVCF;RPL21P7;ANKRD23,0.755636784636732,,0.12897367376693,TRUE,""
IMmotion150,4748,ITK;FNDC4;LYVE1;C8B;CCDC150,0.853720082511945,,0.441977881676109,TRUE,""
IMmotion150,4749,ADAM12;ZNF511;TMC7;FAM95B1;SNORA3A,1.11762031055021,,0.570239891459546,FALSE,""
IMmotion150,4750,ALDH1A3;DPY19L2P2;FCN1;ACTBL2;AK7,0.869421813004161,,0.473747256235629,TRUE,""
IMmotion150,4751,TMEM91;BCL2A1;BNIP3P1;LDHAP1;AC124944.2,1.25322762751231,,0.271757256484641,FALSE,""
IMmotion150,4752,BCAT1;C4orf47;C1QTNF3;CADM2;RPS2P46,1.35973354031694,,0.145625731200826,FALSE,""
IMmotion150,4753,PDE2A;AC036108.2;CEBPD;UBE2F-SCLY;TSPOAP1,1.18130064964804,,0.40548261117304,FALSE,""
IMmotion150,4754,H2BC9;GPR39;HCST;CSAG1;CD80,0.759666037235154,,0.166162739345522,TRUE,""
IMmotion150,4755,NOX4;FKBP14;IGFBP6;AKR1C4;AL590399.1,0.745611326016023,,0.159084084672237,TRUE,""
IMmotion150,4756,ETV1;EGF;NEFH;RNU5E-1;CD33,0.768019249568774,,0.138566986841399,TRUE,""
IMmotion150,4757,IRAG1;STEAP1;NEURL1B;JPH3;PRAM1,0.865222923162293,,0.465477057366401,TRUE,""
IMmotion150,4758,ZNF521;EPHB1;SMAGP;SNORD62A;STAG3,0.941161398267069,,0.748373550857076,TRUE,""
IMmotion150,4759,ITGA8;GCOM1;LOXL4;C1orf87;TLK2P2,0.883370414845463,,0.522838862122025,TRUE,""
IMmotion150,4760,ALDH1L2;ZNF727;NUPR1;OR1N2;PCDHB7,1.1090970167823,,0.611666202973508,FALSE,""
IMmotion150,4761,NETO2;SPTB;P3H3;IGHV3OR16-9;HSD17B14,1.00860332423368,,0.964994450027102,FALSE,""
IMmotion150,4762,PDGFD;STEAP1;PCDHGB8P;AC068896.1;FAM160A1,0.879530675381175,,0.474419887073498,TRUE,""
IMmotion150,4763,HILPDA;OLFM2;SCARA3;Z84466.1;SSPN,1.25396760929463,,0.233022517342327,FALSE,""
IMmotion150,4764,SNORD116-6;PIP5K1B;ZNF214;EFCAB10;PAFAH1B3,0.980715776984097,,0.910426135016731,TRUE,""
IMmotion150,4765,EDIL3;ADGRB1;SNORD67;SH2D5;CYP2S1,0.925595507947943,,0.691248772823801,TRUE,""
IMmotion150,4766,NCF1C;BTNL9;UST;FGF5;STX11,0.71161120228678,,0.0917184739548244,TRUE,""
IMmotion150,4767,HYDIN;ALDH4A1;ZNF596;ZNF804B;NEURL1B,1.0471600905304,,0.817329831464797,FALSE,""
IMmotion150,4768,MT-CYB;AC068831.6;CNRIP1;KBTBD12;IL15RA,0.762536476651765,,0.207864258139126,TRUE,""
IMmotion150,4769,IFI27;AC023055.1;WDR17;UGT2B24P;TPRG1,1.03907178184068,,0.825086630851749,FALSE,""
IMmotion150,4770,AMACR;IQCA1;ABTB2;AC015911.7;SCUBE2,0.723341787287559,,0.108812245761985,TRUE,""
IMmotion150,4771,PKD1P5;SNORA33;EIF5A2;AC008132.1;MSC,1.16530168333426,,0.429725603282362,FALSE,""
IMmotion150,4772,FAP;PHKA1P1;TMEM132A;ADAMTS20;SEMA6D,1.12154485323356,,0.591412210412356,FALSE,""
IMmotion150,4773,ALDOC;SNORA75;RNFT2;SHOC1;LRRC75B,1.21039537616333,,0.372163603081405,FALSE,""
IMmotion150,4774,PDGFD;BEND5;PIM2;LGSN;ARHGEF15,0.90058491690864,,0.594029411900326,TRUE,""
IMmotion150,4775,DLL1;TMEM236;ZAP70;PGPEP1L;SCIMP,0.726814935027183,,0.117843964205258,TRUE,""
IMmotion150,4776,TLR7;DNAJC19P9;FAXDC2;C9orf129;SCARF2,0.795138089067868,,0.239993836171091,TRUE,""
IMmotion150,4777,SELL;CEP55;SLC22A15;AC026362.1;MREG,0.634392975074589,,0.0193248989980054,TRUE,""
IMmotion150,4778,MEIS1;PHKA1P1;LZTS1;MUSK;DGKG,0.998757945092541,,0.994653563774203,TRUE,""
IMmotion150,4779,EIF2S2P4;C6orf132;E2F7;AC023590.1;PHEX,0.832956233226114,,0.334212388168071,TRUE,""
IMmotion150,4780,PDGFD;INMT-MINDY4;SEC63P1;CKM;EXOC3L1,0.615351513149039,,0.0217169879269473,TRUE,""
IMmotion150,4781,CDH23;LIPG;TMEM26;RPS14P5;GPAT3,1.26484354991424,,0.227027192940002,FALSE,""
IMmotion150,4782,GOLGA8M;AP002373.1;PRTFDC1;AC137056.1;ABTB2,1.06022429070837,,0.773848406026831,FALSE,""
IMmotion150,4783,EPHA3;C15orf48;CCND2;PGAM1P10;TMEM150C,0.558525826679211,,0.00508529008547005,TRUE,""
IMmotion150,4784,SPATA18;SLC12A8;FHAD1;PEX5L;HCST,0.649456092793153,,0.028142498364604,TRUE,""
IMmotion150,4785,ADAM12;TCIM;E2F7;IL1A;SPN,1.03053009779164,,0.874367792909757,FALSE,""
IMmotion150,4786,ABCA9;MXRA7P1;IL21R;AGR2;LY96,1.02927802896925,,0.879369881939674,FALSE,""
IMmotion150,4787,MST1;AKR1C2;PRKAR2B;FAM172BP;FCMR,0.680764785225709,,0.0480651558629874,TRUE,""
IMmotion150,4788,THSD7A;ADAMTS4;ZNF502;PVALB;EPHB2,0.918262285516174,,0.679923783052928,TRUE,""
IMmotion150,4789,GABRE;PLGRKT;ADAMTS3;AL669942.1;SOX18,0.904014249453199,,0.573204212088473,TRUE,""
IMmotion150,4790,FPR1;ACTG1P14;MYCT1;AC133561.1;ABCB9,1.30239251245739,,0.20620999414375,FALSE,""
IMmotion150,4791,AOC3;AC215522.2;DIPK2B;DMP1;GOLGA6L3,1.31199028332938,,0.142418079261771,FALSE,""
IMmotion150,4792,TMEM91;FLT3;KIAA1755;AC069287.1;DEPP1,0.951873702079714,,0.791637094171639,TRUE,""
IMmotion150,4793,LEF1;GPR171;MAGI2;UROC1;ORC1,0.762054552111212,,0.159540415806931,TRUE,""
IMmotion150,4794,CCL3;LLPH;FAHD2B;BFSP2;SAMD3,0.476076988852949,,0.000703557211297844,TRUE,""
IMmotion150,4795,POU5F1;FAM122A;NRXN3;PLPPR1;SLC16A6,0.686378781504445,,0.0569454225901123,TRUE,""
IMmotion150,4796,CSPG4;KRTCAP3;TSGA10;IGDCC3;AL096711.2,0.945670323903828,,0.760946904724926,TRUE,""
IMmotion150,4797,PSD3;GNLY;AK1;MMEL1;CFAP53,0.790136609173206,,0.19801098807627,TRUE,""
IMmotion150,4798,BOC;CEP170P1;CD33;ART3;KCNK5,0.663951027351509,,0.0523726648204459,TRUE,""
IMmotion150,4799,PLEKHA6;PCDH7;ABTB2;SPDYE5;RNF125,0.920312474571963,,0.682433119382344,TRUE,""
IMmotion150,4800,NETO2;GNLY;C1QTNF1;LINC01597;TTK,0.814445713127444,,0.274384451318452,TRUE,""
IMmotion150,4801,STC1;RTKN2;TSPAN2;SMARCE1P2;ELAPOR2,1.31129132821237,,0.189413379454458,FALSE,""
IMmotion150,4802,POU5F1;APOL4;PKDCC;RNU1-27P;PANK1,1.34447765065018,,0.124285059158286,FALSE,""
IMmotion150,4803,IL2RG;FMO5;SNORA16A;LIX1;NLRC3,0.646435628034075,,0.0403948115686545,TRUE,""
IMmotion150,4804,AGAP7P;CCDC136;SFXN2;PDE6A;CCNF,0.856507452167527,,0.523366473132021,TRUE,""
IMmotion150,4805,DENND2A;AL627309.6;TRIM36;SRRM3;HOXD8,1.05083538843337,,0.794767678211022,FALSE,""
IMmotion150,4806,IRS2;CCNB2;ADAMTS5;AL358472.6;P2RY1,1.45121695060475,,0.0583615206480155,FALSE,""
IMmotion150,4807,SDK1;ZNF511;NOL3;SLC22A24;LRP3,0.995007282235414,,0.977550323278449,TRUE,""
IMmotion150,4808,RASL11A;FLT3;CSTA;FDCSP;NEK10,0.756563693209357,,0.143687225982226,TRUE,""
IMmotion150,4809,SMAD9;CDHR3;UBBP4;SERINC4;RAB38,0.871865186397505,,0.454468135952336,TRUE,""
IMmotion150,4810,GRAMD1B;TNFRSF9;MROH7;AL450124.1;ADAMTS13,0.616284893444994,,0.0117972287277357,TRUE,""
IMmotion150,4811,MAP3K21;MMP16;FAM184A;RPL17P34;ZNF214,1.32963707227175,,0.128630821571271,FALSE,""
IMmotion150,4812,LAMB3;GPR39;SSPN;MYL12BP2;FZD7,1.18543066091594,,0.374454302204688,FALSE,""
IMmotion150,4813,LRP4;CCDC136;TP53INP2;RPL7L1P11;CCR1,1.00399850478327,,0.984484114401731,FALSE,""
IMmotion150,4814,PTGS1;AC048382.2;TRIM6;MUSK;TONSL,1.06572579379456,,0.734362287704268,FALSE,""
IMmotion150,4815,PCDHGB5;SPDYE18;ELMO3;EN2;ZNF470,0.683036522671906,,0.0520796226406986,TRUE,""
IMmotion150,4816,PLA2G7;TOX;MYCT1;NT5C1A;PRTG,0.850044039042055,,0.41328386779602,TRUE,""
IMmotion150,4817,APBA2;CX3CR1;FAM86DP;AC243562.2;MREG,0.698378154652326,,0.0733755157909587,TRUE,""
IMmotion150,4818,PDE2A;USP18;LOXL4;KLK4;TPPP3,1.06729262331562,,0.718266081175132,FALSE,""
IMmotion150,4819,FBP1;BTNL9;OSBP2;SLC9A4;FAM133CP,0.807008476522046,,0.282908222164335,TRUE,""
IMmotion150,4820,PARM1;ZP3;GGH;TUBB8P7;AKR1E2,1.20112141516721,,0.346171919042207,FALSE,""
IMmotion150,4821,KCNN3;INAVA;LILRB5;AC135983.5;C6orf163,0.987256202977978,,0.947970824940862,TRUE,""
IMmotion150,4822,SNORD118;ZNF711;CYGB;AC108734.3;PYROXD2,1.1385008289684,,0.499551514320968,FALSE,""
IMmotion150,4823,LDLR;IL1RL2;TTK;RORB;H3C2,1.06392419873194,,0.767443562149211,FALSE,""
IMmotion150,4824,DENND2A;MYBL2;ZNF454;AC133065.2;MTARC1,1.16569890854386,,0.438834923704352,FALSE,""
IMmotion150,4825,AK4;MST1P2;CETP;AL445685.3;SMAD6,1.17492868002277,,0.443395304717231,FALSE,""
IMmotion150,4826,ETV1;CDHR3;NUAK2;CIDEC;DNALI1,1.00572873562762,,0.974940060955674,FALSE,""
IMmotion150,4827,ACSS3;DNAJC22;CD83;TUBB8B;HK3,0.85896862493362,,0.476088033744908,TRUE,""
IMmotion150,4828,SPATA18;RGS4;LINGO1;SMIM5;ADRB2,0.950514064102454,,0.787562603368198,TRUE,""
IMmotion150,4829,PCSK5;TRAT1;BANK1;IGKV5-2;CASZ1,0.558786288990066,,0.00353537072662388,TRUE,""
IMmotion150,4830,POU5F1;ZNF713;MAP3K9;SCGB1D2;NAALADL2,0.982718463681025,,0.93539692260596,TRUE,""
IMmotion150,4831,APOC1;GBP1P1;EMP2;ARX;RAB38,0.799517064174647,,0.243333396944335,TRUE,""
IMmotion150,4832,SMIM3;HMGN5;SNORA44;OR7E125P;SFXN2,1.12591943923088,,0.549679032635269,FALSE,""
IMmotion150,4833,MAP3K21;IL1B;S1PR2;AC112229.3;NLRC4,0.915571145882063,,0.637188932564829,TRUE,""
IMmotion150,4834,ALPK3;POM121L9P;PRTFDC1;SNORD1C;ST6GALNAC6,0.847610081882768,,0.395723663576544,TRUE,""
IMmotion150,4835,BICDL1;CD27;STMN3;ZSCAN4;SLAMF8,0.699180349437127,,0.0610325107098435,TRUE,""
IMmotion150,4836,TLL1;RBP7;ZNF300;SMIM5;SRRM5,0.874712654482284,,0.444767887475416,TRUE,""
IMmotion150,4837,SDHAP2;LAG3;RAG1;CFHR2;SSPN,0.762075117554645,,0.164814848419029,TRUE,""
IMmotion150,4838,TMEM37;ASS1P1;HOXB6;CLC;PANK1,0.843440033666551,,0.363051782231459,TRUE,""
IMmotion150,4839,PTGS1;SNORA64;THRB;TRBV24-1;MAP3K7CL,0.803637897049339,,0.266691465748795,TRUE,""
IMmotion150,4840,ADAMTSL3;TK1;FAAH2;FSHR;SNORA71A,1.13313786579355,,0.542429427421954,FALSE,""
IMmotion150,4841,HYDIN;RPL9P7;CD200R1;NYX;OASL,0.652136055181341,,0.017665434279229,TRUE,""
IMmotion150,4842,AMACR;PRRX1;UBBP4;TMEM231P1;ID1,0.764297319971377,,0.180453349782265,TRUE,""
IMmotion150,4843,IQGAP3;ITGA2B;FSTL3;AC109446.2;H2BC14,0.833262429994616,,0.316137312236757,TRUE,""
IMmotion150,4844,SNAI2;CNTN4;CD72;OR1Q1;RGL3,1.08190190958339,,0.704565989519121,FALSE,""
IMmotion150,4845,FAM27E3;BORCS8-MEF2B;EYA2;ARSLP1;ORC6,1.18087063837419,,0.42521083789411,FALSE,""
IMmotion150,4846,KIF23;METTL7B;SPN;CIB4;LAT,0.59270977816445,,0.00608465408641583,TRUE,""
IMmotion150,4847,ALOX5AP;EVPL;AC124944.2;CPSF1P1;P2RY13,0.907841459260101,,0.658876229139202,TRUE,""
IMmotion150,4848,PCDHB15;CEP55;TLR8;AC011462.1;BMP4,0.949283941585119,,0.786681952793329,TRUE,""
IMmotion150,4849,ANOS1;ASAH2B;ACOX2;AL391987.2;CMKLR1,0.800065463446251,,0.26872021356097,TRUE,""
IMmotion150,4850,DLL1;AC006254.1;PDXDC2P;KDF1;SNORD116-14,1.10684218139006,,0.632712883836599,FALSE,""
IMmotion150,4851,MEIS1;ULBP2;HSD17B14;AL390198.2;CCDC113,1.43810673438792,,0.0873319108535153,FALSE,""
IMmotion150,4852,EGR2;HLA-H;RAD51AP1;FCER2;LETM2,0.726943363771769,,0.112124895834035,TRUE,""
IMmotion150,4853,OLFML2A;RRAD;TLK2P2;AC025279.2;MPP7,0.883120705095639,,0.501574976640316,TRUE,""
IMmotion150,4854,NR3C2;SLC19A3;KLRD1;GLP2R;TMEM132A,0.995662641229625,,0.98354223839471,TRUE,""
IMmotion150,4855,KIF26B;CNTN4;RCAN3;FCRLA;CEP295NL,0.606216014255504,,0.0124538665793724,TRUE,""
IMmotion150,4856,NQO1;MMP24;TMEM26;LINC02207;PHEX,0.917627704241751,,0.669717410885382,TRUE,""
IMmotion150,4857,CCL4;TSPAN7;FAM86DP;HCN4;GAMT,0.778553672510254,,0.21097076132065,TRUE,""
IMmotion150,4858,GGT5;PCDH7;PGM5;PLP1;TRPC4,1.10998217045984,,0.595287358412683,FALSE,""
IMmotion150,4859,CDCP1;TBKBP1;AK1;AC079781.4;AC004997.1,1.01297673543708,,0.950050500938008,FALSE,""
IMmotion150,4860,EPHX2;SLC5A4;SNORA26;AC073325.2;SLC19A2,1.17472719206232,,0.429061586866205,FALSE,""
IMmotion150,4861,SCIN;MDP1;THRB;NAT8L;SCARF2,0.971132073629555,,0.881504626095339,TRUE,""
IMmotion150,4862,SERPINI1;SLAIN1;CD6;IGHV3-64;HENMT1,0.70291855960347,,0.0581107382119875,TRUE,""
IMmotion150,4863,PCDHGB4;CFAP43;EPHB3;LY6H;SLC9A7P1,0.912420600733235,,0.645939549815098,TRUE,""
IMmotion150,4864,LMOD1;CHMP4BP1;KIF14;MYH16;CCNJL,0.801307726163215,,0.306783284297415,TRUE,""
IMmotion150,4865,MATN2;AMIGO1;ZNF610;COL6A5;CHRD,1.05726034662089,,0.783095554489371,FALSE,""
IMmotion150,4866,TPX2;IGF2BP2;H2BC3;TWIST2;RAMP2,0.902044301368974,,0.613792930959632,TRUE,""
IMmotion150,4867,ITGA8;SLC5A4;DUSP7;STRA8;SYT17,0.880473547287684,,0.511534167223082,TRUE,""
IMmotion150,4868,SDHAP2;JPH2;ORC6;HNRNPA1P24;LRRC75B,1.72989275054273,,0.00693474638553466,FALSE,""
IMmotion150,4869,PLVAP;RRAD;KBTBD8;AC073325.2;GAMT,0.992565470589561,,0.969210586309102,TRUE,""
IMmotion150,4870,IL7R;Z83840.1;RAI2;AC241377.2;SNORD16,0.595541169183932,,0.011812679400085,TRUE,""
IMmotion150,4871,ACSS3;AL591806.2;RPS20P14;TRAV10;CSPG4P12,0.7657204627096,,0.215240071545659,TRUE,""
IMmotion150,4872,MAP3K21;GPR174;STAG3;AL627422.1;SLAMF6,0.682667432525148,,0.0705095592203104,TRUE,""
IMmotion150,4873,THSD4;KCP;FBXL7;AC007342.3;PCDHB18P,1.01045809566431,,0.954739017250164,FALSE,""
IMmotion150,4874,PDE2A;MANEAL;TLR8;AKR1B10P1;AGER,0.988835435719316,,0.950624267031388,TRUE,""
IMmotion150,4875,TRAC;PCDHB6;KLHL13;AL160236.1;TUB,0.931409077831576,,0.730923709125255,TRUE,""
IMmotion150,4876,CCL3;PPT2-EGFL8;STRC;FAM95B1;SNORD46,0.740132361695727,,0.0935997436482214,TRUE,""
IMmotion150,4877,ETV1;C4orf47;ZNF491;SNORD62A;RPL23AP32,1.15383522296658,,0.467755961486438,FALSE,""
IMmotion150,4878,PCDHGB4;AC009078.3;PRRG4;CXCR5;LILRA5,0.712751762386406,,0.0963841259464273,TRUE,""
IMmotion150,4879,PCDHGB2;ENPP5;ORC6;AC109446.2;SPTBN5,0.846753721588699,,0.380386566717007,TRUE,""
IMmotion150,4880,PCDHB11;AKR1C2;MTHFS;GSTT2;TESPA1,0.787567035148535,,0.209249806270969,TRUE,""
IMmotion150,4881,CNTNAP3P2;AC004691.2;AL031727.1;KISS1;MARCKSL1,1.21146432655428,,0.281263072271577,FALSE,""
IMmotion150,4882,MT-ATP6;ACTG1P14;NRXN2;UNC45B;AK1,0.64163013805837,,0.0252045672262857,TRUE,""
IMmotion150,4883,NPNT;LY75;MAGI2;FAM138B;HENMT1,0.858605950751519,,0.398273010444941,TRUE,""
IMmotion150,4884,PARD6B;CCN3;HLA-DOA;LRRC14B;STEAP2,0.827770613794004,,0.323025181596186,TRUE,""
IMmotion150,4885,MDK;AIM2;KIF14;OACYLP;CSRNP3,0.760361460461198,,0.180244709532135,TRUE,""
IMmotion150,4886,ZFPM2;TBCEL-TECTA;TMC7;SEC22B3P;BTG2,1.33643607147483,,0.127443280458331,FALSE,""
IMmotion150,4887,KIF23;AC034102.1;TUB;MT1JP;MT-ND3,1.08249863495185,,0.710120826532786,FALSE,""
IMmotion150,4888,TNFRSF11B;GZMK;CEL;ATP10B;AC004997.1,0.762563434664081,,0.15057071632418,TRUE,""
IMmotion150,4889,GOLGA8M;COLEC12;PCDHGA4;GRIN1;RGS16,0.878796295456411,,0.493528486258079,TRUE,""
IMmotion150,4890,CCL4;CDC42BPG;TPRN;FLG2;SLC25A33,0.792825839720614,,0.228996819030962,TRUE,""
IMmotion150,4891,NTN4;ANO9;C17orf97;OIT3;LPAR1,0.688152133827014,,0.0717994213975949,TRUE,""
IMmotion150,4892,GXYLT2;AC048382.2;AK1;IGKV2D-40;HMMR,0.76868907275561,,0.212666292477212,TRUE,""
IMmotion150,4893,IFI44L;GPR39;SNORA55;AC099811.2;CCNF,0.666749351649701,,0.0637817226295378,TRUE,""
IMmotion150,4894,RASL11A;TNFRSF19;H3C2;OR1N2;IGFBP6,0.659258154293045,,0.0428259916541262,TRUE,""
IMmotion150,4895,SLC2A10;HSD17B3;SPN;AL138963.3;HCST,0.727768922100271,,0.118437959212219,TRUE,""
IMmotion150,4896,SMAD9;PRCD;SNORA59A;FAM172BP;RNF144A,1.01268071053529,,0.949258865340441,FALSE,""
IMmotion150,4897,ABCB4;IL12RB2;MAP3K9;SST;IFI6,0.775977970331451,,0.201710698078612,TRUE,""
IMmotion150,4898,EPHA3;FCGR3B;SSPN;UGT1A11P;FBXO17,1.43796015976895,,0.0533991939907112,FALSE,""
IMmotion150,4899,BCAT1;F2RL1;CKS2;AC133555.5;BNIP3P1,0.837165902048612,,0.369811648363767,TRUE,""
IMmotion150,4900,LAMB3;PHKA1P1;HAPLN3;ADCYAP1R1;ZNF660,1.07919769940651,,0.712846220958556,FALSE,""
IMmotion150,4901,TRIM9;SLITRK4;SYT17;PVALB;TSPOAP1,0.991706154247758,,0.968820856726808,TRUE,""
IMmotion150,4902,PTPN3;FAM86B1;ZNF334;PCSK9;LIMD2,0.937328361204891,,0.785713188938517,TRUE,""
IMmotion150,4903,PSD3;FAM122A;PCDH18;AC104389.5;ANKRD29,0.944965895763723,,0.770691405962581,TRUE,""
IMmotion150,4904,SDK1;SLC19A3;P2RY13;OPN4;SDC1,0.96567867039784,,0.850660058270293,TRUE,""
IMmotion150,4905,PCDHB12;FMO5;GRIP1;PON1;SNORA59B,0.930898602475286,,0.708255023890317,TRUE,""
IMmotion150,4906,OR2A7;RARRES1;IL21R;NRBF2P6;RFTN2,0.882637330248065,,0.490934893745514,TRUE,""
IMmotion150,4907,PLAUR;DMRTA1;AK7;AC104805.1;PRTFDC1,0.776133362113033,,0.197893514329329,TRUE,""
IMmotion150,4908,MYRF;PTGS2;MAFB;C14orf39;LY86,0.970476546628823,,0.873177688302377,TRUE,""
IMmotion150,4909,FBN2;CLEC3B;STX11;CTNNA2;TRIM6,0.736872789664447,,0.154099146216447,TRUE,""
IMmotion150,4910,CDCA2;BCL2A1;DEPP1;CIBAR2;LINGO1,1.38872982440768,,0.127761099581774,FALSE,""
IMmotion150,4911,OLFML2A;AC010655.3;ZNF491;RPL17P34;TRPC4,1.30153278075826,,0.176417720098493,FALSE,""
IMmotion150,4912,SCARNA4;TMEM184A;DUSP4;TP53TG3D;KLF4,0.923530833085014,,0.701980245174054,TRUE,""
IMmotion150,4913,HYDIN2;GRM8;ADRB2;PRSS44P;MBNL3,0.77003178432261,,0.187574448901738,TRUE,""
IMmotion150,4914,CSRP2;RTKN2;HLX;PCA3;NCAPG,1.14224483143896,,0.499654216372331,FALSE,""
IMmotion150,4915,SGPP2;ZFHX2;RAB37;ERVV-1;KIF15,0.702181587128822,,0.0675759976166117,TRUE,""
IMmotion150,4916,SNORD116-22;SLAMF7;TLK2P2;DUSP5P1;ZNF540,0.752958311666284,,0.137907347207135,TRUE,""
IMmotion150,4917,KIT;GRM8;HOXD4;OR2L1P;DUSP5,1.08899231805605,,0.675634102630019,FALSE,""
IMmotion150,4918,CAVIN2;MAGEE1;SNORA14B;SLC51B;TRIM36,1.04435202856531,,0.830752445324804,FALSE,""
IMmotion150,4919,NFASC;RIPK4;TBXA2R;POC1B-GALNT4;ITGA10,1.12756570036817,,0.536322079751418,FALSE,""
IMmotion150,4920,ARFGEF3;CDHR3;ZNF454;GPR27;CD302,0.849872987882223,,0.41075191981563,TRUE,""
IMmotion150,4921,SLC2A10;UBE2C;TRIM2;CYP2U1-AS1;RAG1,1.17830676194564,,0.441184065043502,FALSE,""
IMmotion150,4922,RGPD3;EXPH5;MPP3;SERPIND1;NEURL1B,0.849815742923336,,0.381845502946877,TRUE,""
IMmotion150,4923,ADAMTSL3;ADRA1B;FAM184A;CADM3-AS1;TEKT4P2,1.22002870682969,,0.26419193411567,FALSE,""
IMmotion150,4924,CD3E;ADRA1B;PDE8B;AC009955.4;MSS51,0.730034673401255,,0.082238154414045,TRUE,""
IMmotion150,4925,KRBA1;MARVELD2;STEAP2;CUX2;SIGLEC7,0.895197542949384,,0.569479150182843,TRUE,""
IMmotion150,4926,EHHADH;AC068831.6;SCIMP;IGKV1D-17;C2orf27A,0.739575591341914,,0.0789172988800689,TRUE,""
IMmotion150,4927,HSPA7;ZIK1;PCDHGB8P;FO681492.1;AL590399.1,0.627340469522363,,0.00976515246824214,TRUE,""
IMmotion150,4928,RGPD3;GZMK;SNORD67;LEP;PIM2,0.602741296177577,,0.0068563696356909,TRUE,""
IMmotion150,4929,SDHAP2;MICOS10-NBL1;RHOF;AC013489.1;GZMA,0.910326765990517,,0.616961446334931,TRUE,""
IMmotion150,4930,NCKAP5;MYOM2;ARNTL2;RAET1E;CENPI,0.687775864303403,,0.0490097573313483,TRUE,""
IMmotion150,4931,LDLR;SUMO1P3;TRIM73;IL1A;CFAP53,1.09944868298602,,0.637005426066775,FALSE,""
IMmotion150,4932,NQO1;PLCD4;NUAK2;RNVU1-7;LPAR1,0.982767559998002,,0.928553480719899,TRUE,""
IMmotion150,4933,SGIP1;EXPH5;DET1;FOLR3;RASSF7,0.906016527546837,,0.625662934238436,TRUE,""
IMmotion150,4934,RRAGD;ANKRD33B;NR5A2;FGF9;TRIM2,0.934676180422054,,0.720184504365801,TRUE,""
IMmotion150,4935,PCDHB16;GLB1L2;ADAMTS17;AC011498.4;TSNAXIP1,1.32477939999293,,0.168870161644084,FALSE,""
IMmotion150,4936,BICDL1;AC023055.1;PYHIN1;SLC30A10;ZNF540,0.61152443748691,,0.0277716671365032,TRUE,""
IMmotion150,4937,SLCO2A1;GLB1L2;TCF7;AMY1C;AC004832.3,1.07858613691718,,0.706374660746708,FALSE,""
IMmotion150,4938,IFI44L;ANK1;PCDHGB3;DHX40P1;ITGA10,0.86249720132021,,0.43914609421551,TRUE,""
IMmotion150,4939,PCDH17;RNF150;CD72;IGKV6-21;CD33,0.780591848227909,,0.206894505018395,TRUE,""
IMmotion150,4940,MAP7;BTBD11;AC015818.10;C6orf58;SEC63P1,0.755077893623503,,0.143095848549255,TRUE,""
IMmotion150,4941,BOC;GPR174;FAM160A1;HCN4;FCN1,0.711899925084985,,0.0855789303850899,TRUE,""
IMmotion150,4942,PDLIM3;LIPC;AD000090.1;TSLP;SSPOP,0.882458700195247,,0.522613490558102,TRUE,""
IMmotion150,4943,SLC2A10;GOLGA8H;HIC1;AL136982.6;CFAP53,0.828736893160982,,0.346779175774529,TRUE,""
IMmotion150,4944,SNORA21;AL162417.1;ACOX2;CSAG3;SFXN2,0.90468552296993,,0.657732291490264,TRUE,""
IMmotion150,4945,ZNF704;SLC19A3;PDE7B;RNVU1-29;ADAMTS6,1.2203122068258,,0.275724081568056,FALSE,""
IMmotion150,4946,TNFRSF11B;AC011497.2;ZNF483;GNG4;THEMIS,0.559300307872579,,0.00314554656769569,TRUE,""
IMmotion150,4947,ALDH1A3;MSANTD3-TMEFF1;P2RY13;C6orf118;TM7SF2,0.853103507241171,,0.438495722185028,TRUE,""
IMmotion150,4948,PCDH17;OLFM2;NPIPB9;AC007952.1;ZDHHC23,1.07400874587288,,0.692087663015786,FALSE,""
IMmotion150,4949,PCDHGB2;NOVA1;HOXD4;CALB2;NXN,1.17086601686496,,0.427653327321388,FALSE,""
IMmotion150,4950,RETREG1;ISCA1P1;SOCS2;AC021218.1;PYHIN1,0.685777613724349,,0.0345931384355574,TRUE,""
IMmotion150,4951,ANGPT2;RNF150;CDH24;SEC22B2P;AC015818.10,1.00782253101582,,0.970618674015544,FALSE,""
IMmotion150,4952,LDHAP4;HUNK;TRIM34;FP236383.4;RGS18,0.715947263657,,0.0733328606680273,TRUE,""
IMmotion150,4953,CD248;CDS1;KIF2C;ARX;PYHIN1,0.646514624466524,,0.0392525943356727,TRUE,""
IMmotion150,4954,C11orf96;ASS1P1;DHFR2;TBX4;ZNF610,0.594103638387366,,0.0195836218630355,TRUE,""
IMmotion150,4955,MT-ND1;PYGM;CD52;NAIPP3;SOX5,0.895688875727693,,0.58793974739922,TRUE,""
IMmotion150,4956,BUB1;GIMAP1-GIMAP5;FAM227A;MYL12BP2;H2BC3,0.867947158335566,,0.479126495287463,TRUE,""
IMmotion150,4957,FBLN2;SNORA64;NEURL1B;CYP2B6;SLC22A15,0.937943630922395,,0.724836461337334,TRUE,""
IMmotion150,4958,ITGA8;LY9;MAPK12;GUCA2B;LRRC37A6P,0.752204467596843,,0.144917038585053,TRUE,""
IMmotion150,4959,SGPP2;PCOLCE2;C17orf97;AL020996.2;BANK1,0.739666644018359,,0.119897240418852,TRUE,""
IMmotion150,4960,FILIP1;CXCR6;IL4I1;TUBBP10;FZD8,0.897233086707439,,0.599920930574441,TRUE,""
IMmotion150,4961,MAP3K21;P2RY12;TP53INP2;ANAPC1P3;PAFAH1B3,1.06992137612999,,0.698117135910854,FALSE,""
IMmotion150,4962,SNORD116-20;NOVA1;SLC39A4;AF001548.2;RAB38,1.21564400774611,,0.313367610737741,FALSE,""
IMmotion150,4963,KRBA1;BTBD11;BMP4;AC105233.5;DAPP1,0.803571960731645,,0.276664312701266,TRUE,""
IMmotion150,4964,ARFGEF3;APOL4;AGER;KRT25;SDC1,1.16742545813923,,0.417747020108176,FALSE,""
IMmotion150,4965,TSC22D3;HRC;TLK2P2;IGHV1-45;MAP3K9,1.11072135078948,,0.595229642953151,FALSE,""
IMmotion150,4966,DENND2A;PWAR5;CAMK2N1;PRSS2;CIART,0.956186753886307,,0.813460428290031,TRUE,""
IMmotion150,4967,CARD11;CHI3L2;PDE7B;FLG2;ITGA10,0.721979718248586,,0.103865327055409,TRUE,""
IMmotion150,4968,TSPAN13;RIPK3;SCARF2;GUCA2B;DET1,1.02428974463187,,0.912890972337008,FALSE,""
IMmotion150,4969,ZNF90;PRRX1;MACROD2;POM121L6P;PIM2,1.0358524274771,,0.859242207630909,FALSE,""
IMmotion150,4970,MYOM1;ERV3-1;DGKI;SNORD65;ELMO3,0.879050169413732,,0.497636092891583,TRUE,""
IMmotion150,4971,ADAMTSL3;RIPK3;ESR1;MAB21L1;TMEM97,1.14564454283297,,0.449368033503509,FALSE,""
IMmotion150,4972,SSC5D;ICA1L;HEY2;HAP1;SMAGP,0.656108904928734,,0.0315484298692147,TRUE,""
IMmotion150,4973,SELENBP1;MMP16;TMEM97;CYP4Z1;MCM10,2.27936013339714,,0.000145865513120035,FALSE,""
IMmotion150,4974,NCF1C;PRCD;TSPAN2;AC010185.1;SPOCK2,0.837491437415944,,0.371591287780831,TRUE,""
IMmotion150,4975,SNORA31;PODN;SLFN12L;AC133065.2;TSNAXIP1,1.04985438459855,,0.802005513407557,FALSE,""
IMmotion150,4976,GCNA;CX3CR1;C2orf27A;RSPO4;FAM160A1,0.784970455625681,,0.219125361583009,TRUE,""
IMmotion150,4977,GRAMD1B;CFAP94;FZD8;NEDD8-MDP1;PCDHGB8P,0.720390401476895,,0.104948362689564,TRUE,""
IMmotion150,4978,LRP4;FLT3;TIGD2;KCNS2;OASL,0.75451985080994,,0.142081048310197,TRUE,""
IMmotion150,4979,KIT;CATSPER3;C1QTNF3;FAM225A;SH3BGRL2,0.847761722142542,,0.40211620665176,TRUE,""
IMmotion150,4980,TMEM37;WSCD1;SLFN12L;CTSLP2;OSBP2,0.7775160544388,,0.186236238044461,TRUE,""
IMmotion150,4981,FAM149A;ANK1;IL12RB1;AC007687.1;HLA-L,0.913096825728151,,0.62207432590862,TRUE,""
IMmotion150,4982,VEPH1;IL12RB2;RHOF;PCP4;CCDC157,0.737140707151498,,0.134198071710437,TRUE,""
IMmotion150,4983,HILPDA;SIRPG;SNORA72;AC012313.3;SEMA7A,1.02651920139427,,0.893271106216148,FALSE,""
IMmotion150,4984,SDK1;RNF157;ZNF257;ITLN1;LILRA5,0.641589250902651,,0.0279271488829727,TRUE,""
IMmotion150,4985,CNTNAP3P2;FLT3;TONSL;BIRC7;SNORA3B,0.872390698527608,,0.504167755917673,TRUE,""
IMmotion150,4986,PCDHB15;FAM133DP;VNN2;BTBD6P1;SEC63P1,0.608696190932856,,0.0247358099807245,TRUE,""
IMmotion150,4987,AK4;HLF;PCDH18;GOLGA2P2Y;MBD3,0.90509782109125,,0.585471204803816,TRUE,""
IMmotion150,4988,IMPA2;GZMK;ARVCF;C8B;LZTS1,1.08974669911602,,0.649847783221779,FALSE,""
IMmotion150,4989,FHL2;CFAP251;WDR17;FAM9A;GLI2,1.26514880361065,,0.22939472648888,FALSE,""
IMmotion150,4990,SGPP2;P2RX1;LAT;TRAPPC3L;DGCR6,0.807976571987653,,0.274289033146458,TRUE,""
IMmotion150,4991,ANLN;AC026150.3;METRNL;MKRN8P;CD3G,0.809441226167882,,0.301313858466162,TRUE,""
IMmotion150,4992,GXYLT2;GRB7;TMEM150C;KRT23;PCDHGB8P,1.10977848141906,,0.647364069613466,FALSE,""
IMmotion150,4993,SNORD116-6;GIPC2;C2orf27A;MYBPC1;ZNF415,1.17186674481189,,0.431643716857092,FALSE,""
IMmotion150,4994,FAM149A;NUF2;KCNK1;PPP1R1C;SPATA6L,0.839478435380291,,0.392965558811143,TRUE,""
IMmotion150,4995,AR;ESCO2;NCAPH;SNORD61;MBNL3,0.80204067124473,,0.318844541309195,TRUE,""
IMmotion150,4996,NAV3;PPCDC;GSKIP;AC125611.4;TLE2,1.02328148336573,,0.92220144446851,FALSE,""
IMmotion150,4997,CDCP1;TENT5C;GJA4;MT-TV;RAB38,0.89499425209964,,0.577992306795741,TRUE,""
IMmotion150,4998,OLFML3;SLC6A16;H2BC3;AC007663.1;CD72,0.996465067666834,,0.985942329475018,TRUE,""
IMmotion150,4999,NCF1C;KCNQ1OT1;RAMP3;SERPINA4;CD83,1.03019265912677,,0.883608854456881,FALSE,""
IMmotion150,5000,CSPG4;MAPT;SNORA6;MAG;AKR1E2,1.47809601445941,,0.0458435830650549,FALSE,""
IMmotion150,5001,RRAGD;AC138894.1;SNORA55;AC244394.2;APOBEC3B,0.681880068259576,,0.066458270527386,TRUE,""
IMmotion150,5002,TSPAN13;PDCL3P4;GRHL1;AC005062.1;ZNF135,1.05227528366833,,0.786419964619254,FALSE,""
IMmotion150,5003,C11orf96;TRAT1;SRRM5;KIRREL3;H3C2,0.903527988000968,,0.629880684413348,TRUE,""
IMmotion150,5004,KIT;CREB3L1;CC2D2B;ULK4P3;LRP8,0.78702485169774,,0.236229598626177,TRUE,""
IMmotion150,5005,TENM4;TMEM184A;RTL5;CHODL;MT-ND3,0.765259429349485,,0.175850111794307,TRUE,""
IMmotion150,5006,LIF;PLAC8;TP53INP2;SERPIND1;CCR1,1.2578101990224,,0.272760256565236,FALSE,""
IMmotion150,5007,PDE2A;EGF;SCARNA8;MANEALP1;TRIM2,1.39604768712459,,0.079638930368454,FALSE,""
IMmotion150,5008,HYDIN2;PCDHB19P;TSHZ2;STH;AC021078.1,0.85744927034885,,0.440812192406144,TRUE,""
IMmotion150,5009,DCLK1;COX7A1;CFAP53;GLRA4;RUNX1T1,1.1235554856613,,0.572540640230435,FALSE,""
IMmotion150,5010,DKK3;AL627309.6;EXOC3L1;PLPPR1;CDH24,1.29329586591662,,0.183060146566781,FALSE,""
IMmotion150,5011,RGPD3;NEIL3;TMEM220;LINC01558;CISH,0.857273861376849,,0.490744090709255,TRUE,""
IMmotion150,5012,MT-ATP6;ANO9;FHAD1;KRT8P5;ABCG2,0.757197958332415,,0.15513098494527,TRUE,""
IMmotion150,5013,PLVAP;LAMP3;HEY2;SNORD45C;GSTM3,0.947198107561555,,0.800184482043158,TRUE,""
IMmotion150,5014,PCDHGB4;WDR53;HSPA6;CYP4Z1;TSPYL5,0.9785014656297,,0.915048659123063,TRUE,""
IMmotion150,5015,DLL1;MANEAL;ELOVL6;FCF1P6;PATL2,0.962963283337604,,0.839693046603233,TRUE,""
IMmotion150,5016,FPR1;SNORA40;ZNF214;AC125807.1;COL11A2,1.35425628905115,,0.0863542191862981,FALSE,""
IMmotion150,5017,AMACR;AP002373.1;TWF1P1;SLC9A4;FAM111B,1.01440380823277,,0.957408075554318,FALSE,""
IMmotion150,5018,TSC22D3;PLCH2;MEFV;GUCY2EP;TRPC4,1.0837866962616,,0.684706416768311,FALSE,""
IMmotion150,5019,PLAU;TRAT1;H3C8;NDST3;TBX2,0.685226098412197,,0.0737028325936387,TRUE,""
IMmotion150,5020,STEAP3;CNTN4;STON1;ANKRD30B;CD33,0.896345382047237,,0.569914742002703,TRUE,""
IMmotion150,5021,ANG;AC000093.1;Telomerase-vert;AL603832.3;PLEK2,1.00800595978294,,0.965058917011325,FALSE,""
IMmotion150,5022,CAVIN2;KLRC4-KLRK1;AC092068.3;EIF3LP2;SRRM5,0.781351500486618,,0.153613620835391,TRUE,""
IMmotion150,5023,KLF5;CCN4;S1PR2;DBH;AKR1E2,1.11437790282232,,0.550787883799741,FALSE,""
IMmotion150,5024,OLFML3;CCDC68;HLA-DOB;IGHV1OR15-3;DNALI1,0.743670135661953,,0.133589607617917,TRUE,""
IMmotion150,5025,PCDHB15;OSGIN1;AS3MT;AP001372.4;GFOD1,1.05624245297813,,0.764841671624059,FALSE,""
IMmotion150,5026,CCDC146;HMGN1P3;SLC4A11;ANGPTL5;NAALADL2,0.796709133372839,,0.239197105332135,TRUE,""
IMmotion150,5027,PCDHB16;CCL14;C1orf131;RSPO2;AD000090.1,0.818871986329518,,0.310253960676422,TRUE,""
IMmotion150,5028,AGAP7P;AP002373.1;RUNX3;FAM169B;ADAMTSL1,0.655139387542579,,0.0313819655431205,TRUE,""
IMmotion150,5029,MST1;METTL15P1;PLEK2;FGL1;PCDHB7,0.982912198328047,,0.932112220055245,TRUE,""
IMmotion150,5030,APBA2;SNORA62;CDKN3;NDUFAF4P2;FAXDC2,0.77842931798877,,0.210174604139417,TRUE,""
IMmotion150,5031,APBA2;RPSAP12;RAMP3;RAB44;ZNF366,0.812794041889161,,0.27300129963028,TRUE,""
IMmotion150,5032,LDHAP4;EFR3B;KLRD1;LINC01554;CD80,0.908571111673011,,0.639917940249408,TRUE,""
IMmotion150,5033,BCAT1;PHYHD1;MTHFS;TMEM174;MT-ND3,1.00630105110603,,0.975996850412802,FALSE,""
IMmotion150,5034,MT-CYB;CDCA7;CCRL2;TAT-AS1;RNFT2,0.690038300574903,,0.0492716274546833,TRUE,""
IMmotion150,5035,ABCA6;CHDH;PYROXD2;AL354718.1;GOLGA2P5,1.06124988645156,,0.756681729033792,FALSE,""
IMmotion150,5036,CD3D;CKAP2L;FBXO16;OVCH2;NOL3,0.887472908418816,,0.540653799671459,TRUE,""
IMmotion150,5037,ACSM3;PCOLCE2;GINS1;SMIM43;SCHIP1,0.858895125242059,,0.447165658811115,TRUE,""
IMmotion150,5038,SMOC2;RP9P;PLK1;CCL24;LIMD2,0.841817823721656,,0.464316291161544,TRUE,""
IMmotion150,5039,PSD3;NALCN;SPSB1;AC133555.3;H3C8,1.22032568771738,,0.326120829120997,FALSE,""
IMmotion150,5040,FBP1;CDC45;MDGA1;MIR205HG;DHFR2,0.751923265480273,,0.173582167544879,TRUE,""
IMmotion150,5041,IL7R;AMIGO1;GSTM3;LINC02249;HLA-DOB,0.768860213675947,,0.182412411460003,TRUE,""
IMmotion150,5042,RRAGD;MAPT;H3C8;SLC22A7;KIF2C,0.917034734249034,,0.689449169815136,TRUE,""
IMmotion150,5043,KCNN3;DYNC1I1;TRGC2;AC131160.1;BNIP3P1,0.762701774585343,,0.169960811423134,TRUE,""
IMmotion150,5044,ALDH1L2;RIPK3;ZNF502;RPL7P28;DGKG,0.744251559609884,,0.127300184050189,TRUE,""
IMmotion150,5045,EDIL3;INMT-MINDY4;SCARA3;MMP10;MT-ND3,0.873743829079835,,0.48847880875146,TRUE,""
IMmotion150,5046,MT-CYB;AC010655.3;LRRC37A6P;ANGPT4;ARVCF,1.06630067272,,0.763700444068129,FALSE,""
IMmotion150,5047,ZNF521;RBM20;LINC01138;CHRM5;HLX,0.989715464636819,,0.959002671020565,TRUE,""
IMmotion150,5048,MT-ATP6;NTRK3;AC138696.1;AC133561.1;SLC35G2,1.24486396138244,,0.236293962203905,FALSE,""
IMmotion150,5049,EDIL3;PCDHB3;SOD3;ANKRD30A;ZWINT,1.62182523495921,,0.0175070369474677,FALSE,""
IMmotion150,5050,THSD7A;CAPN12;SLC17A9;FCF1P6;ALS2CL,1.19029546689898,,0.365636687682428,FALSE,""
IMmotion150,5051,SNORD118;RTKN2;ZNF334;IGHV1OR15-1;THRB,1.34717941695449,,0.128672795235585,FALSE,""
IMmotion150,5052,SNORD116-20;BORCS8-MEF2B;NR5A2;FP236383.5;GNA15,0.783234591171324,,0.220067048983328,TRUE,""
IMmotion150,5053,GOLGA8M;EGR3;PGAP4;SFTPC;ABCB9,1.17517216261466,,0.424967499302016,FALSE,""
IMmotion150,5054,FCGR1B;FAM157C;ADRB2;LINC02384;TRIM2,0.768386428188163,,0.13158687006358,TRUE,""
IMmotion150,5055,MT-ATP6;TPD52L1;MCM10;ALG1L10P;H2BC14,0.979856093170452,,0.922413937966641,TRUE,""
IMmotion150,5056,OLFML3;SLC29A4;THSD1;OR9Q1;SIK1,1.04774694514246,,0.831845988346931,FALSE,""
IMmotion150,5057,FBP1;AC093899.2;STRC;AL079342.3;DIPK2B,0.713561453922891,,0.0674703519612482,TRUE,""
IMmotion150,5058,PCDHGB4;Z83840.1;PCDHGB3;AL355312.5;ZNF876P,0.76460378280091,,0.129158158990137,TRUE,""
IMmotion150,5059,EMCN;RRAD;H2BC14;HNRNPA1P30;HBEGF,1.00850278693504,,0.966307458335998,FALSE,""
IMmotion150,5060,NQO1;EXO5;TBXA2R;FOXJ1;FZD7,1.08642638083685,,0.713297439975787,FALSE,""
IMmotion150,5061,AMACR;HLA-H;RAB37;AC092153.1;MTHFS,0.905332351371407,,0.581897449309988,TRUE,""
IMmotion150,5062,FLG-AS1;PDZRN3;LY96;RSPO4;TSGA10,0.648604931129393,,0.0325141531469271,TRUE,""
IMmotion150,5063,SRPX2;FAM157C;PRRG4;HS6ST2;ARNTL2,0.753088491819026,,0.163785027818134,TRUE,""
IMmotion150,5064,NTN4;EGF;PCDHB2;ADAM18;SH3TC2,1.21584917947837,,0.350473730844131,FALSE,""
IMmotion150,5065,RADX;ZNF665;TMEM26;TIFAB;IGFBP6,0.653108808173942,,0.0222354243865889,TRUE,""
IMmotion150,5066,LDHAP4;TRBC1;PDXDC2P;ANKRD65;ZNF660,0.621505082554937,,0.00770252684295456,TRUE,""
IMmotion150,5067,AKAP6;RP9P;PCDHB4;AGTR2;CSTA,0.687675418785998,,0.0447526653456584,TRUE,""
IMmotion150,5068,IL7R;PPCDC;SLC16A5;HTR1D;CCND2,0.683940701693704,,0.0629129988073114,TRUE,""
IMmotion150,5069,ITGA11;RPL7L1P9;CAMK2N1;MAG;ENO3,0.870925404640674,,0.506572653100779,TRUE,""
IMmotion150,5070,AFF3;NME5;SNORD67;TCEAL2;SCD5,0.80742031023906,,0.26192462392663,TRUE,""
IMmotion150,5071,DCLK1;ZMYND19;CCDC113;ST13P20;PYHIN1,0.912216146494178,,0.657777552582474,TRUE,""
IMmotion150,5072,RNASE1;RNF157;ARHGEF15;AL121988.1;LILRA2,0.894052189321964,,0.521379819007963,TRUE,""
IMmotion150,5073,ANOS1;AL022238.3;GRAPL;ST13P13;PANK1,0.981985844291963,,0.921760192266197,TRUE,""
IMmotion150,5074,SELL;RBP7;SH3TC2;AL109615.2;SNORA59B,0.928439779635096,,0.673296698456376,TRUE,""
IMmotion150,5075,CSPG4;ZNF565;ARRDC5;CHRNB4;KCNK5,0.676568627012457,,0.0400091075907228,TRUE,""
IMmotion150,5076,MDK;ABCF2;KCTD15;SLC17A8;MPP7,1.0013699499877,,0.994622246932084,FALSE,""
IMmotion150,5077,GULP1;PEG10;MTFP1;ZP1;SUGCT,1.03104210804992,,0.86765273198265,FALSE,""
IMmotion150,5078,MAP3K21;ZNF565;ALS2CL;AC125807.1;MEGF6,1.05152852308987,,0.783613714409313,FALSE,""
IMmotion150,5079,STC1;CNTN4;KCNK5;AC138649.1;SCARF2,1.33947473009139,,0.160322152422328,FALSE,""
IMmotion150,5080,ANG;FLRT2;LILRA2;AC008073.3;IGSF9B,0.991871759973313,,0.964382602414349,TRUE,""
IMmotion150,5081,CSPG4;DNAJC22;TTK;LGALS9C;FSTL3,1.22169605306591,,0.295691980728751,FALSE,""
IMmotion150,5082,FBLN2;MAPT;SYT17;OR2L1P;MLF1,1.29109931918191,,0.191398446179593,FALSE,""
IMmotion150,5083,TSC22D3;SCN8A;KCNA3;AC087289.3;AC015818.10,1.11410506966085,,0.546217002935773,FALSE,""
IMmotion150,5084,FAP;DPY19L2P2;CCDC110;AC087203.3;H2BC3,0.930166854966817,,0.707280671624005,TRUE,""
IMmotion150,5085,PKD1P5;UGT8;LRRC75B;GYPE;MTFP1,1.27998732055975,,0.222128290725785,FALSE,""
IMmotion150,5086,HILPDA;LY9;TMC4;OIT3;DNALI1,1.00168181259785,,0.993052764783711,FALSE,""
IMmotion150,5087,SNORD116-23;NRN1;MBNL3;KRT8P24;CMKLR1,0.798131811570372,,0.251173718642131,TRUE,""
IMmotion150,5088,MEST;INAVA;SLC7A8;RPS14P5;EPHB2,0.99542411883298,,0.981544269702767,TRUE,""
IMmotion150,5089,TSPAN13;PNPLA3;GAMT;CD5L;MCOLN2,1.12676100272379,,0.561628748872065,FALSE,""
IMmotion150,5090,ABCA6;CTAGE3P;ADAMTS17;TCF23;NUPR1,1.22671163303192,,0.302607620600093,FALSE,""
IMmotion150,5091,IFI27;CCL14;PCDHGC5;CYP4B1;TUB,0.831881272394502,,0.330737682569344,TRUE,""
IMmotion150,5092,TTC39A;NLGN4X;CCDC9B;SPTY2D1OS;ATP8B3,0.894325201950649,,0.564523544632103,TRUE,""
IMmotion150,5093,HOOK1;ATP2A1;HSPA6;CASP1P2;RFTN2,0.741315586410269,,0.122016222579015,TRUE,""
IMmotion150,5094,AR;ATP2A1;CD28;AC069257.3;CD200R1,0.699497271698093,,0.0606397776014427,TRUE,""
IMmotion150,5095,ITGA8;LIPC;HLA-L;NOG;ZNF470,1.40520394118859,,0.0687438834010228,FALSE,""
IMmotion150,5096,C11orf96;PCDHGA2;FGD1;HRG;FSTL3,0.972548087572902,,0.888000663359738,TRUE,""
IMmotion150,5097,MEST;DPY19L2P2;ITGA10;HOXD13;GAMT,1.08172215513323,,0.674555345972214,FALSE,""
IMmotion150,5098,OLFML2A;MT1F;ESR1;SERPINA7;GCSHP5,1.71159935114746,,0.00978730454767901,FALSE,""
IMmotion150,5099,PLAU;AMIGO1;PCDHGB3;AC116348.4;LINGO1,1.02076548765318,,0.919237040644292,FALSE,""
IMmotion150,5100,ABCA6;KCNJ15;AGBL2;AC087499.2;GPR34,0.837754167414973,,0.367573221608651,TRUE,""
IMmotion150,5101,MOCOS;ZNF831;PIGAP1;AC007383.2;ATF5,0.878145806152614,,0.530141920228588,TRUE,""
IMmotion150,5102,ANG;MDP1;ABCG2;TCAP;CAMK4,0.700622965572542,,0.0967593582988614,TRUE,""
IMmotion150,5103,FAM83H;IL12RB2;PRH1;RAD21L1;ZNF876P,0.776951815046642,,0.22792006920091,TRUE,""
IMmotion150,5104,SNORA31;EXO5;MCOLN2;FGF20;PCDHGA8,0.562397986257449,,0.00403010459765891,TRUE,""
IMmotion150,5105,EIF2S2P4;AC233699.1;RNF144A;DCX;HOXC6,0.931525413648187,,0.769783176474234,TRUE,""
IMmotion150,5106,GPR183;PYGO1;AL590399.1;GJB3;DECR2,0.788343523800772,,0.228678929907911,TRUE,""
IMmotion150,5107,PCDHB8;AC000093.1;Z74021.1;DLGAP2;GPX7,1.13698039404857,,0.583751468739815,FALSE,""
IMmotion150,5108,PARM1;SIDT1;IGFBP6;AC135983.5;SSPOP,0.502148817178764,,0.00125164146080092,TRUE,""
IMmotion150,5109,EMCN;ZNF99;TPPP3;TMEM132C;ADAMTS3,1.05464927187559,,0.783524893652907,FALSE,""
IMmotion150,5110,ALDH1A3;METTL7B;AFF2;MAGEC1;CEL,0.819049618024848,,0.325815149112032,TRUE,""
IMmotion150,5111,H2BC17;INHBB;MICU3;PLA2G1B;FAM133CP,0.916908345703621,,0.670722338465314,TRUE,""
IMmotion150,5112,EDIL3;SLAIN1;UBE2Q2L;RAD21L1;IGF1,0.969329875600208,,0.866743568335874,TRUE,""
IMmotion150,5113,MT-ND2;PCDHB6;DGKG;VSNL1;GPX7,0.76642847115898,,0.163233818978556,TRUE,""
IMmotion150,5114,PPFIA4;ASS1P1;MFAP3L;RPL7L1P11;BASP1,0.649109233571478,,0.0348357402873464,TRUE,""
IMmotion150,5115,AR;RASSF6;DNAJC6;WFDC10B;ABCA10,0.661416248369627,,0.0307393887430574,TRUE,""
IMmotion150,5116,ABCA6;FAM86C2P;HOXD4;F7;BMP4,0.921862327433977,,0.654795751017786,TRUE,""
IMmotion150,5117,ALDH1L2;KCNQ1OT1;KIF15;HAUS6P3;TRIM34,0.851654316262733,,0.41894172716213,TRUE,""
IMmotion150,5118,TRIM9;ADGRB1;CD302;AC005324.2;LRRC37A6P,1.06367176740295,,0.743190577508634,FALSE,""
IMmotion150,5119,NOSTRIN;EXPH5;ADRB2;CADM2;KIFC1,0.894606211703407,,0.592511907137092,TRUE,""
IMmotion150,5120,SLCO2A1;GATA3;TM7SF2;SPIB;SLAMF8,0.718166471857234,,0.0999491379974571,TRUE,""
IMmotion150,5121,CD163L1;IGF2BP2;AC092068.3;CDRT15P6;ZDHHC11,0.803628611730152,,0.248795044429058,TRUE,""
IMmotion150,5122,PCDHB16;AL731577.2;ARMH4;CNTN2;MLF1,0.947474907355625,,0.802996592417372,TRUE,""
IMmotion150,5123,OLR1;HYLS1;NAALADL2;TRAPPC3L;ABLIM2,0.62406455669147,,0.0353071440598766,TRUE,""
IMmotion150,5124,FAM27E3;IL1B;EYA2;BAGE2;ZNF540,0.822399164835309,,0.282857425330814,TRUE,""
IMmotion150,5125,LDHAP4;MAGEE1;SNORA13;PLP1;CSPG4P12,1.05090872999144,,0.781863005706488,FALSE,""
IMmotion150,5126,MEST;AC026150.3;SLC39A4;PRPF4BP1;ASMTL-AS1,1.06015527762155,,0.758351887848286,FALSE,""
IMmotion150,5127,PCDHB12;NME5;ABCG2;VTRNA2-1;GCSHP5,1.24228828334388,,0.240439811316686,FALSE,""
IMmotion150,5128,HGF;PCDHB3;LETM2;GFI1B;ACTBP4,0.954486386117911,,0.803159002799702,TRUE,""
IMmotion150,5129,MT-CO3;TRAT1;CCR5;TM4SF4;ANKRD29,0.559869905040238,,0.00267165472061963,TRUE,""
IMmotion150,5130,ADAM12;TNFRSF9;RPPH1;NPTX1;LRRC37A6P,0.781322819508922,,0.178727165134283,TRUE,""
IMmotion150,5131,SELL;FAM157C;SLC15A2;AC010185.1;RAD54L,0.689762733275246,,0.0954491610548775,TRUE,""
IMmotion150,5132,PLCH1;PCDHGA2;PATL2;CIBAR2;ALS2CL,0.71045606160153,,0.0774911515621879,TRUE,""
IMmotion150,5133,ADAM22;CD27;GNAZ;PPP1R14D;MARK1,1.03085559992954,,0.8793579026718,FALSE,""
IMmotion150,5134,ADAMTSL2;FPGT-TNNI3K;SNORA71A;SRD5A2;TMC4,1.15011803176327,,0.470643292336123,FALSE,""
IMmotion150,5135,APBA2;CATSPER3;SPAG4;CAMK2N2;GRIP1,0.853628089669702,,0.446386772426372,TRUE,""
IMmotion150,5136,HKDC1;PCDHGA1;TSNAXIP1;AC109446.2;ZNF334,1.18164974056286,,0.400083342399369,FALSE,""
IMmotion150,5137,CCL5;PWAR5;MEFV;AL162457.1;KCNS3,0.546790078013318,,0.0019105039084381,TRUE,""
IMmotion150,5138,FPR1;KIF5C;ADCY1;ELANE;GFOD1,0.867858817059971,,0.457800172258615,TRUE,""
IMmotion150,5139,CCL4;F2RL1;GRAP2;RHOV;TRIP13,0.801149632611897,,0.247071009460711,TRUE,""
IMmotion150,5140,GULP1;TMEM184A;ZSCAN31;ST6GALNAC1;MREG,0.744937537972229,,0.150695824913221,TRUE,""
IMmotion150,5141,PDGFD;AC048382.2;SNORA60;IGHV3OR16-8;RGS18,0.767769156641792,,0.180303940245332,TRUE,""
IMmotion150,5142,FBP1;COL21A1;NRXN2;FSHR;CCDC74B,0.859452297615727,,0.463060280906772,TRUE,""
IMmotion150,5143,TSPAN13;EFNA5;TBX2;AGKP1;ZNF454,0.945633632980813,,0.761482978881227,TRUE,""
IMmotion150,5144,PCDHB16;LYSMD1;TTK;SHOX2;CCDC110,0.854997491903871,,0.487738973058888,TRUE,""
IMmotion150,5145,ACSS3;BORCS8-MEF2B;NCAPG;PHOSPHO1;LYVE1,0.960122717457995,,0.8526483214643,TRUE,""
IMmotion150,5146,GOLGA8M;CYB5R2;HIC1;FXYD3;E2F7,1.0639818187078,,0.744134116642279,FALSE,""
IMmotion150,5147,EMCN;CREB3L1;ANGPT1;ZIC2;PRTFDC1,1.27199908618681,,0.248040380331341,FALSE,""
IMmotion150,5148,SLCO2A1;ZNF726;PRELID2;SNORD1C;SCARA3,0.811457658628548,,0.293776506981768,TRUE,""
IMmotion150,5149,FHL2;SPTB;RTP4;SNORD116-27;CD5,0.800953181925649,,0.272458242987341,TRUE,""
IMmotion150,5150,NOSTRIN;EBF2;NEIL1;PROX2;GSTM3,1.06323184064154,,0.750458345384439,FALSE,""
IMmotion150,5151,PLEKHA7;FNDC4;EPHB3;AC091564.3;SSPN,1.02865452728997,,0.882622971547477,FALSE,""
IMmotion150,5152,OLR1;FAM86EP;CCDC150;AC018362.3;SNORD67,0.80569341337984,,0.25797221703326,TRUE,""
IMmotion150,5153,ZFPM2;MSANTD3-TMEFF1;PDXDC2P;SERPINC1;BNIP3P1,0.776344480936616,,0.234272125096321,TRUE,""
IMmotion150,5154,CDH23;TRIM45;ACAP1;KRTAP5-10;S1PR2,0.843952117056343,,0.347380908358508,TRUE,""
IMmotion150,5155,IL7R;COL21A1;BMERB1;OR2T34;PCDHGB8P,0.96851692587218,,0.869494971711653,TRUE,""
IMmotion150,5156,PBLD;AL512356.1;LETM2;IGHV2-70D;ASTN2,0.738872821762124,,0.122239399679399,TRUE,""
IMmotion150,5157,AOC3;AL022238.3;NAP1L4P1;LPA;H4C6,0.935395002572517,,0.749398740604134,TRUE,""
IMmotion150,5158,CSPG4;SURF2;MARK1;AC133065.2;EGFL7,0.971268800811347,,0.879212377446093,TRUE,""
IMmotion150,5159,ADAM12;KCNE4;DGCR6;FOXD4L3;HOXD4,1.64203397762914,,0.0287956005710385,FALSE,""
IMmotion150,5160,FAM27E3;AC009093.9;NPIPB9;LRRC31;CD28,0.895677272503513,,0.540206387841646,TRUE,""
IMmotion150,5161,CTAGE6;CBS;MAD2L1;SFTPB;DUSP4,0.905324913100724,,0.585002923825909,TRUE,""
IMmotion150,5162,DNAH6;PAQR5;LPAL2;RHOXF1;FAM111B,1.461065990123,,0.0675037283742191,FALSE,""
IMmotion150,5163,DLL4;RHEBP2;UBE2Q2L;MGAT4C;CENPK,1.27316630350183,,0.238903399330007,FALSE,""
IMmotion150,5164,PDE2A;TSSC2;SLC17A9;SLC9A4;ZNF257,1.2061630482588,,0.336766988220757,FALSE,""
IMmotion150,5165,PLVAP;PLGRKT;KCNJ5;AC091564.3;RUNX1T1,0.754389760800653,,0.125372970227899,TRUE,""
IMmotion150,5166,PC;PHYHD1;EIF5A2;AC005829.2;ASRGL1,1.03515040018677,,0.852480659279965,FALSE,""
IMmotion150,5167,NOX4;COL21A1;SPOCK2;GGT8P;PCDHB18P,1.10214402520926,,0.581904659553989,FALSE,""
IMmotion150,5168,STEAP3;PLGRKT;SNORA10;ULK4P3;SUGCT,0.846189950739453,,0.411103965831302,TRUE,""
IMmotion150,5169,ALOX5AP;KIF17;MREG;OR1S1;TIAM2,0.591717763855496,,0.00304095798902303,TRUE,""
IMmotion150,5170,ALDOC;ICA1L;H2BC14;VSTM2L;TRIM36,0.990592081666253,,0.962707953092863,TRUE,""
IMmotion150,5171,ABCA6;AC079594.1;RHPN1;SNORA56;UBE2Q2L,1.1890000576165,,0.392212922532147,FALSE,""
IMmotion150,5172,CSRP2;NAPSB;KYAT1;PGAM1P10;RGS9,0.774045164580078,,0.177057866985136,TRUE,""
IMmotion150,5173,SELL;PODN;BTG2;AP000926.1;H2BC3,0.919717481022332,,0.657473548421436,TRUE,""
IMmotion150,5174,DSEL;SYBU;PCDHGA8;GLTPD2;ZNF433,1.1817341840464,,0.403310339276131,FALSE,""
IMmotion150,5175,REPS2;KIF5C;SLC35G2;EPHA5;RBP1,0.966017106247275,,0.858000658010695,TRUE,""
IMmotion150,5176,CSPG4;ZFHX2;MAD2L1;AC004381.3;NRXN2,0.767286900418257,,0.228478968509345,TRUE,""
IMmotion150,5177,FILIP1;CCL14;H4C9;CLEC4C;SLC16A5,1.20400566791619,,0.342149852633853,FALSE,""
IMmotion150,5178,HOXA10;USP18;SNORA60;AC069257.3;AC112777.1,0.803311903738643,,0.291864856207249,TRUE,""
IMmotion150,5179,KIT;ASS1P1;LETM2;RPS3AP39;PLEK2,0.637486815001201,,0.0330248087246563,TRUE,""
IMmotion150,5180,IQGAP3;SNORA40;CCSER1;RHCG;FGF2,0.87663543703456,,0.507005216617552,TRUE,""
IMmotion150,5181,C5;PIP5K1B;ZNF334;ALPI;CD3G,0.742077856243019,,0.114764235538981,TRUE,""
IMmotion150,5182,PTGS1;BORCS8-MEF2B;CCRL2;CCL7;MCM10,0.780217042238522,,0.210505731880534,TRUE,""
IMmotion150,5183,CARD11;EXO5;PCDHGC5;ANKRD34B;PLK1,0.603154878040366,,0.0320696637991906,TRUE,""
IMmotion150,5184,PTER;PTGS2;RDH5;FDCSP;TESC,0.822491128329429,,0.332940585957165,TRUE,""
IMmotion150,5185,DNAH6;PDE6B;ZNF660;FAM47C;FMOD,0.825519391965671,,0.332318926827859,TRUE,""
IMmotion150,5186,SMIM3;IL1R2;GPR34;TERF1P7;ADAM32,1.10468235225227,,0.587298434002199,FALSE,""
IMmotion150,5187,FER1L4;S100A9;ABCB9;EPHA5;PRH1,1.3330419233141,,0.137763228188401,FALSE,""
IMmotion150,5188,ADM;PLGLB2;SNHG17;CNGA3;RCAN3,1.50681151562203,,0.0335665987931767,FALSE,""
IMmotion150,5189,FAM83H;ETNK2;MBNL3;PLA2G4D;TESC,1.00028969248822,,0.998912615035762,FALSE,""
IMmotion150,5190,AGAP7P;SUMO1P3;TREM2;MESTP1;HMMR,0.745384923494131,,0.122700297861728,TRUE,""
IMmotion150,5191,FAM149A;SLITRK4;SNORA72;RFPL2;GNA15,1.11613724621025,,0.565634329161587,FALSE,""
IMmotion150,5192,ADAMTSL2;CLEC10A;NAALADL2;ARHGAP40;MACROD2,1.13866682006107,,0.522531363764877,FALSE,""
IMmotion150,5193,CCDC146;CCL14;ELMO3;OR1E1;FAM83D,1.10598893768777,,0.582092622853289,FALSE,""
IMmotion150,5194,NFASC;ACTG1P14;MPP7;GUCA2B;HOXA3,0.727042877703513,,0.116982688449371,TRUE,""
IMmotion150,5195,FAP;KCNE4;STK32B;SIM2;H2AC16,1.21964137503895,,0.35783033034612,FALSE,""
IMmotion150,5196,LAMB3;NPHP3-ACAD11;KYAT1;KCNT1;NUPR1,1.73221113927089,,0.00960043937721485,FALSE,""
IMmotion150,5197,MAP3K21;INMT-MINDY4;SNORA3A;ENPP6;SCUBE2,0.916491240554709,,0.657837165583369,TRUE,""
IMmotion150,5198,PCDHGB4;LRCH2;ASTN2;RAD51AP2;CHRD,0.883727543713849,,0.535323222814887,TRUE,""
IMmotion150,5199,CARD11;EXPH5;CD28;ADAM18;LRRC17,1.146971810151,,0.507811634259251,FALSE,""
IMmotion150,5200,AK4;GJA5;PGAP4;HBD;SCARA3,1.0123671418711,,0.950129495603589,FALSE,""
IMmotion150,5201,HILPDA;COL21A1;HAPLN3;AC020629.1;RDH5,1.0330200061597,,0.862193280637346,FALSE,""
IMmotion150,5202,SLC2A10;KIF5C;C17orf97;GLP1R;SNORA16A,0.943686203168749,,0.783393201167346,TRUE,""
IMmotion150,5203,PARD6B;AC023055.1;LILRA1;OR2W3;SLC2A3P2,0.625992708360861,,0.0132475201677368,TRUE,""
IMmotion150,5204,GBP5;USP2;HOXA4;LRRC3B;GAMT,1.09648784110154,,0.619259844782343,FALSE,""
IMmotion150,5205,LEF1;AC233699.1;NOVA2;PHBP3;SLC16A5,0.890655900842402,,0.550414005451686,TRUE,""
IMmotion150,5206,FILIP1;RPL7L1P9;HOXA4;TRBV25-1;ADCY1,1.13393636988918,,0.48306888753486,FALSE,""
IMmotion150,5207,TRO;PLCD4;CYYR1;SPATA20P1;NLGN3,0.896379759777293,,0.564954099179763,TRUE,""
IMmotion150,5208,BAIAP2L1;NPHP3-ACAD11;CPNE5;RHOV;ADGRE4P,1.10061946757246,,0.557015088683803,FALSE,""
IMmotion150,5209,EDNRB;ELAPOR1;MAPK12;C1orf210;ANKRD23,0.836040279742537,,0.339895226945344,TRUE,""
IMmotion150,5210,CTAGE6;AC048382.2;FAXDC2;HPSE2;CEBPA,0.773040892068784,,0.148128147321019,TRUE,""
IMmotion150,5211,JAM3;CLEC10A;LY86;MARCHF4;ZNF334,1.3467339585571,,0.105330909394104,FALSE,""
IMmotion150,5212,FBP1;CDC45;SEMA4G;BTNL3;MTHFS,0.859479796823239,,0.492600790550105,TRUE,""
IMmotion150,5213,KIF4A;AIM2;PCDHB4;OR14K1;ACTBP4,0.9415448405722,,0.771878704219814,TRUE,""
IMmotion150,5214,ABCA6;SLC6A16;IER2;G6PC2;LETM2,0.918571472718745,,0.653262342648203,TRUE,""
IMmotion150,5215,KDELR3;CCDC148;ZNF334;TNFRSF6B;KIF14,1.11698821495315,,0.587895619337161,FALSE,""
IMmotion150,5216,SLCO2A1;STOX1;SPOCK2;KISS1;CD3G,1.03355348741426,,0.865160218184751,FALSE,""
IMmotion150,5217,DLL1;COX7A1;PGM5;ADARB2;DNALI1,0.819541779981415,,0.311339960453099,TRUE,""
IMmotion150,5218,DSEL;GALNT15;TMC7;HNRNPA1P54;FBXO16,1.08062456231496,,0.686934777408586,FALSE,""
IMmotion150,5219,KRBA1;SLC19A3;PYHIN1;CKLF-CMTM1;TP53INP2,1.03254132861384,,0.87943490921986,FALSE,""
IMmotion150,5220,SNORD116-20;GZMK;LETM2;AC242426.2;STAG3,0.566536106112636,,0.00269164090100495,TRUE,""
IMmotion150,5221,RGPD3;AC002470.2;RBP1;AC027682.3;DUSP7,0.706890425578781,,0.229467741394027,TRUE,""
IMmotion150,5222,GABRE;ZFYVE21;FCMR;ALOX12;RGS16,0.885468769152581,,0.566808937880916,TRUE,""
IMmotion150,5223,PLCH1;CKB;RPPH1;CELF4;TONSL,0.816755802778078,,0.295533675730001,TRUE,""
IMmotion150,5224,SNORA61;ENPP5;PRELID2;AC073896.1;KCTD15,1.08437887828433,,0.690486477231209,FALSE,""
IMmotion150,5225,KDELR3;AL731577.2;ANKRD29;CARD17;COL11A2,0.697102891882425,,0.072324979783385,TRUE,""
IMmotion150,5226,NOSTRIN;ANKRD33B;SNORD9;CFAP99;BASP1,0.85622423280042,,0.393740861467226,TRUE,""
IMmotion150,5227,STC1;NEIL3;SNCA;ZIC1;CCNJL,1.13028660413074,,0.514292148806498,FALSE,""
IMmotion150,5228,ALDH1L2;CST7;PCED1B;TUBB8B;NXN,0.614738856887184,,0.0131926084505759,TRUE,""
IMmotion150,5229,SERPINI1;MARVELD2;SNORA72;RPH3A;TIGD2,0.977488833129918,,0.91078726628183,TRUE,""
IMmotion150,5230,CD3E;SORCS2;PCDHGA4;CPN1;CCDC113,0.917819847970225,,0.677669338604781,TRUE,""
IMmotion150,5231,KIF23;SLC7A11;FAM227A;TBC1D3P1;NOL3,1.2629392463764,,0.220776171371646,FALSE,""
IMmotion150,5232,DENND2A;RP9P;TSPAN5;C4orf54;TP53INP2,1.0422402293705,,0.836165248706609,FALSE,""
IMmotion150,5233,GXYLT2;LIPG;STEAP2;CPSF1P1;TICRR,1.41370780726209,,0.0808290168989875,FALSE,""
IMmotion150,5234,RNASE1;KIF5C;FAM227A;STUM;GRHL1,1.1539505963851,,0.412784458616468,FALSE,""
IMmotion150,5235,MATN2;AC093668.1;SLAMF6;KRT8P8;ABCG2,0.66922227508333,,0.0307200930627849,TRUE,""
IMmotion150,5236,TRAC;CFAP221;SOCS3;GUCY2D;CCR1,0.813391567373326,,0.275129398002455,TRUE,""
IMmotion150,5237,EGR2;MT1F;HOXA3;C1GALT1P2;PEG3,0.822398047797363,,0.329785790300297,TRUE,""
IMmotion150,5238,PARM1;ZNF57;SPOCK2;LINC01597;LNX1,0.799486235343003,,0.233899725739272,TRUE,""
IMmotion150,5239,ADM;RIMBP3;ZFP2;GOLGA8DP;FCN1,0.807548558467459,,0.285445437875441,TRUE,""
IMmotion150,5240,ACP5;AL731577.2;CEBPA;TRAV27;FAM174B,0.541716962235289,,0.00347005959913954,TRUE,""
IMmotion150,5241,SLC2A10;TRABD2B;NANOGP8;CERS3;H4C9,0.886662553092608,,0.512093398619184,TRUE,""
IMmotion150,5242,IFI27;KBTBD3;DTX2P1;IL20RA;CD80,0.577034192925548,,0.0036040795200439,TRUE,""
IMmotion150,5243,PLAUR;MFSD2A;FAM13C;LPA;MBD3,1.24383635498311,,0.261866763037613,FALSE,""
IMmotion150,5244,ITK;CFAP94;RHOD;IGLV5-37;SSPN,1.0696141602823,,0.734173663605728,FALSE,""
IMmotion150,5245,NETO2;CFAP251;MFAP3L;ANKRD34B;CCDC113,1.1240507166903,,0.557180138044883,FALSE,""
IMmotion150,5246,RNASE1;RBP7;IQCN;EGLN1P1;MLF1,1.14350081110338,,0.466302602313303,FALSE,""
IMmotion150,5247,PDE2A;CFAP91;MAP3K7CL;LINC01546;IL12RB1,0.938757373375589,,0.746802490690348,TRUE,""
IMmotion150,5248,PBLD;FAM72B;SLC6A1;EHMT2-AS1;H2BC3,1.00736911567435,,0.972510221616569,FALSE,""
IMmotion150,5249,ALDH1L2;ZNF727;KLF2;ZDHHC8P1;KIFC1,1.10158261582932,,0.60366535297292,FALSE,""
IMmotion150,5250,ALPK3;BTNL9;B4GALT6;HMGA2-AS1;GPT2,0.936501106020984,,0.741921957074322,TRUE,""
IMmotion150,5251,MOCOS;ZNF669;TMEM26;AC005225.2;ACAP1,0.897739655974547,,0.569800262244198,TRUE,""
IMmotion150,5252,SEZ6L2;ZNF630;ACAP1;AC012414.6;MELK,0.798093727851946,,0.210413237700525,TRUE,""
IMmotion150,5253,NFASC;BAIAP3;CISH;AC103702.1;ABCG2,0.876037566405234,,0.496912081257263,TRUE,""
IMmotion150,5254,IRS2;GPER1;AD000090.1;IGKV1D-33;LY96,0.898597902808543,,0.583353551384276,TRUE,""
IMmotion150,5255,TSC22D3;XKR9;CCDC157;UGT2B26P;CD180,0.580287286495027,,0.00322603694170437,TRUE,""
IMmotion150,5256,GHR;TNFRSF19;FAHD2B;EDN3;CCSER1,0.695949930020824,,0.0742682116091883,TRUE,""
IMmotion150,5257,AKR1C1;GPR160;EBF4;ENTPD8;SH3BGRL2,1.01670370923282,,0.933692577677864,FALSE,""
IMmotion150,5258,PBLD;ZNF391;GOLGA6L3;ALOX15;NEK10,1.01498006560811,,0.942821389401919,FALSE,""
IMmotion150,5259,PCDHB16;GCOM1;LPAL2;OTC;AC138696.1,1.0356857812538,,0.858246228798599,FALSE,""
IMmotion150,5260,APOC1;PWP2;LNX1;AC093591.1;RGCC,1.05258692819871,,0.796922563484935,FALSE,""
IMmotion150,5261,LRP4;CSMD2;MCM10;TPSD1;GRAP2,1.22716984390995,,0.310292651536497,FALSE,""
IMmotion150,5262,TNFRSF11B;SNORA51;MT-ND3;RNU1-3;SLC6A1,1.01558849688706,,0.939237330855935,FALSE,""
IMmotion150,5263,KDELR3;SNRPEP4;PRELID2;MIR205HG;AMIGO2,0.845651203414835,,0.416221070826087,TRUE,""
IMmotion150,5264,VEPH1;FCGR3B;SNORA50A;OPN4;SLFN12L,0.899603754456799,,0.585091396738036,TRUE,""
IMmotion150,5265,SDK1;RERG;TSPAN2;AL591926.7;FZD7,1.06612532819165,,0.738197025489312,FALSE,""
IMmotion150,5266,EIF2S2P4;EGF;ABCA10;SEPTIN14P12;SPOCK2,0.8614598023173,,0.437026342887981,TRUE,""
IMmotion150,5267,SPATA18;PTGS2;PKDCC;HSPB7;AK1,0.87858186799309,,0.54231481494436,TRUE,""
IMmotion150,5268,LMOD1;LLPH;PRTG;LDHAP1;MROH7,0.78234968020817,,0.259391861512964,TRUE,""
IMmotion150,5269,ITGA8;GATA3;NUAK2;AGKP1;RPL32P3,0.828829381634341,,0.322295598794442,TRUE,""
IMmotion150,5270,SEZ6L2;PYCR1;FHDC1;AC015911.7;PTGDR,0.951706325710024,,0.786804451737579,TRUE,""
IMmotion150,5271,DNAH6;SNORD104;RAD51AP1;PRRX2;P2RY13,0.998171808039882,,0.992809128664823,TRUE,""
IMmotion150,5272,FAP;LYSMD1;SNORA60;OR9Q1;WASF3,1.10934944095592,,0.575377190634099,FALSE,""
IMmotion150,5273,PLVAP;AP000654.1;ASMTL-AS1;AL392172.1;TEF,0.896997367868893,,0.512005875027243,TRUE,""
IMmotion150,5274,MTARC2;RP9P;FBXO17;IFNE;CMKLR1,0.818965463074351,,0.214181863540049,TRUE,""
IMmotion150,5275,PARM1;LOXHD1;SNORA3B;KCNV1;STK26,0.768923430195921,,0.190823794791458,TRUE,""
IMmotion150,5276,AFF3;NCR3LG1;SLC4A11;OPN4;SCUBE2,0.789802476551372,,0.22502152626152,TRUE,""
IMmotion150,5277,FPR1;SPON2;MAGI2;FRMD1;KCNK1,1.0589725841095,,0.786054035746604,FALSE,""
IMmotion150,5278,COL5A3;PCDHB6;ARVCF;GRP;FAM160A1,1.34231739927876,,0.152581155993789,FALSE,""
IMmotion150,5279,CDCA2;GJA5;MBNL3;RXFP2;CCDC110,0.879613237551864,,0.530245415879203,TRUE,""
IMmotion150,5280,PTTG1;SLC12A8;AGBL2;AP003352.1;TICRR,1.07429736340567,,0.716645144348255,FALSE,""
IMmotion150,5281,SCARNA4;ZP3;SNORA44;CKLF-CMTM1;ZNF433,1.01228036910146,,0.945973203293988,FALSE,""
IMmotion150,5282,ITGA11;TMEM184A;AC092068.3;NRAP;MBD3,1.01529170764237,,0.937969261623448,FALSE,""
IMmotion150,5283,PTGIS;DPY19L2P2;TSPAN5;REG1B;HHEX,0.996809746038124,,0.986650407106542,TRUE,""
IMmotion150,5284,ALDOC;ZIK1;SECTM1;SHISA6;FAM111B,0.807254150193004,,0.341946828948205,TRUE,""
IMmotion150,5285,FAP;AC079594.1;H4C6;ADAMTS7P3;PMEPA1,0.930866149777466,,0.706624332263905,TRUE,""
IMmotion150,5286,PLCH1;MT1L;SCARA3;RHOXF1;TUB,0.856280895487729,,0.369354040401339,TRUE,""
IMmotion150,5287,SELENBP1;SEMA3B;RNF138P1;AL590627.1;CSPG4P12,1.15943492751557,,0.394848392219514,FALSE,""
IMmotion150,5288,GGT5;IGF2BP2;AL096711.2;FAM184B;CELSR3,0.753656793936564,,0.137629989390736,TRUE,""
IMmotion150,5289,AK4;FAM122A;KCNA3;EGFEM1P;ADCY1,0.78909854131643,,0.27849595520726,TRUE,""
IMmotion150,5290,HILPDA;SRR;RGL3;FAM43B;PDE1C,0.915590207631791,,0.615111583151051,TRUE,""
IMmotion150,5291,ADAMTSL3;CFAP43;IGSF9B;SMIM43;PCDHGB3,0.830050801857703,,0.324101621063508,TRUE,""
IMmotion150,5292,ITK;RASSF6;PHEX;EFCAB1;LILRA1,0.607876049205606,,0.0107973420049351,TRUE,""
IMmotion150,5293,ABCA9;ADAMTS4;ORC1;VWA5B2;WDR17,1.19566524453674,,0.36089273522568,FALSE,""
IMmotion150,5294,SMIM3;GRB14;GINS1;LCNL1;PRELID2,1.18676845066088,,0.413148654705232,FALSE,""
IMmotion150,5295,HKDC1;ZNF232;SEMA7A;MYH6;H3C8,0.776075368986962,,0.225866412544926,TRUE,""
IMmotion150,5296,PCDHGB4;RBP7;LRATD1;AC083809.1;DEPP1,1.08906717198581,,0.64851845739492,FALSE,""
IMmotion150,5297,GOLGA8M;STRIP2;MMP19;HSPE1P2;RAMP3,1.33090151996748,,0.125319305269344,FALSE,""
IMmotion150,5298,MT-ND1;EBF2;CETP;ZIC5;AC004832.3,1.12222613023808,,0.563720905563867,FALSE,""
IMmotion150,5299,SNORA21;ZNF831;KCTD15;AC123768.4;ZNF366,1.09792403265848,,0.634043573181803,FALSE,""
IMmotion150,5300,EMCN;AC233699.1;TSHZ2;NAIPP3;GPX7,0.952502509316,,0.80764936116057,TRUE,""
IMmotion150,5301,CD163L1;PMS2P7;TREM2;DNM1P28;BPTFP1,0.764542860866463,,0.187556522155707,TRUE,""
IMmotion150,5302,MAP2;CYB5R2;KYAT1;NKAIN1;C1QTNF1,1.19360069998062,,0.353759197737678,FALSE,""
IMmotion150,5303,CCL5;AL591806.2;GINS1;CYP2B6;DAPP1,0.696741478500704,,0.0680468090680824,TRUE,""
IMmotion150,5304,DLL4;CDC42BPG;SRRM5;TTTY14;HCST,0.970855492035543,,0.879687828943514,TRUE,""
IMmotion150,5305,PCOLCE;ABCF2;TSPYL5;AC133555.5;CD200R1,0.979351044958766,,0.915461707909185,TRUE,""
IMmotion150,5306,MT-ND1;ANK1;HLA-DOA;AGKP1;TRIM6,0.959567414184596,,0.82949968480541,TRUE,""
IMmotion150,5307,IFI27;PADI2;CELSR3;AL163540.1;HJURP,0.909757082952371,,0.622430726974287,TRUE,""
IMmotion150,5308,BCAT1;HLA-H;DUSP7;DNM1P28;TBXA2R,0.739391999464011,,0.170230232331801,TRUE,""
IMmotion150,5309,ADAM12;ZNF232;ANKRD23;ASPRV1;ZNF257,0.774151638076225,,0.19671483977412,TRUE,""
IMmotion150,5310,MST1;COL22A1;NBL1;SNORD57;S1PR2,0.959226642183324,,0.833575286473491,TRUE,""
IMmotion150,5311,EIF2S2P4;RP9P;TPRG1;HNRNPCL1;LCK,0.782533439449638,,0.240970174179736,TRUE,""
IMmotion150,5312,NOSTRIN;TSPAN7;FGF2;SYT15;TMC4,0.955526550676684,,0.816606595595055,TRUE,""
IMmotion150,5313,EPHX2;CHMP4BP1;SOCS3;OR9A3P;ANGPT1,0.910874147056192,,0.595704497327105,TRUE,""
IMmotion150,5314,RASL11A;ZNF391;ZDHHC23;PHOSPHO1;NLRC3,0.828640782960076,,0.327202414537577,TRUE,""
IMmotion150,5315,SNORD116-6;MST1P2;SNORD16;ANKRD2;NLRC3,0.852137922134028,,0.430161413112294,TRUE,""
IMmotion150,5316,CD209;KIAA1143P1;H3C11;LHFPL1;PIK3R6,0.646921348423712,,0.0657370355427293,TRUE,""
IMmotion150,5317,IMPA2;ZNF99;AGBL2;LCNL1;TSGA10,1.03166097071902,,0.864562541893786,FALSE,""
IMmotion150,5318,TPX2;IL1B;SEMA6D;NRBF2P6;ATL1,0.898010982855394,,0.551870055836479,TRUE,""
IMmotion150,5319,RETREG1;ZNF630;FAM227A;VIT;RUNX3,0.68818344261942,,0.0432331127619346,TRUE,""
IMmotion150,5320,OLFML3;PCDHB3;ADCY1;SAGE1;BTG2,1.08233858850994,,0.70444454897567,FALSE,""
IMmotion150,5321,ADAMTSL2;APOL4;SNORA3A;DRD1;RNF144A,1.19969450325255,,0.358633322877594,FALSE,""
IMmotion150,5322,LRP4;ITGA2B;BMP4;CDH9;TM7SF2,1.3498143995127,,0.121937457121541,FALSE,""
IMmotion150,5323,SRPX2;ASS1P1;PTPN7;AC087533.1;ADCY1,0.920656651511414,,0.671894842682521,TRUE,""
IMmotion150,5324,ITGA11;ZFYVE21;FAM133CP;OR4F29;SH3BGRL2,0.853108771524862,,0.480632487590771,TRUE,""
IMmotion150,5325,IRS2;AL162417.1;SOD3;TARDBPP2;MAP3K7CL,0.87490621058515,,0.486895287130744,TRUE,""
IMmotion150,5326,KIF23;TNFRSF19;KLF2;CHRNA3;CHRD,0.901040861310447,,0.60558295391691,TRUE,""
IMmotion150,5327,GRAMD1B;CSMD2;PCDHGA3;HNRNPA1P59;MMP19,0.774320659583711,,0.175996477463262,TRUE,""
IMmotion150,5328,PARM1;CTSW;ANO2;PROKR2;ADAMTS5,1.00323716160797,,0.98710350519902,FALSE,""
IMmotion150,5329,MYRF;WNT2B;FAHD2B;FOXC2-AS1;SEMA6D,0.742074872787176,,0.136111822951093,TRUE,""
IMmotion150,5330,DLL1;SLAIN1;PIGAP1;PPIAP40;STX11,0.69088503700785,,0.0527217674256396,TRUE,""
IMmotion150,5331,ADAM12;IGLV5-52;TBX2;ARMS2;ZNF454,1.06117582136456,,0.77304980214577,FALSE,""
IMmotion150,5332,KIF23;NOVA1;TMEM132A;DIO1;AFF2,0.959414466338114,,0.844552952773938,TRUE,""
IMmotion150,5333,PTER;CLDN7;AGBL2;AC025165.3;SLC7A8,0.744783559286892,,0.145347175263136,TRUE,""
IMmotion150,5334,ADM;PLAC8;IER3;HYAL4;SNORA3B,1.27862926988228,,0.201810679257916,FALSE,""
IMmotion150,5335,COL5A3;WDR53;NPIPA2;EPHA5;Telomerase-vert,1.06202731493301,,0.758725673950394,FALSE,""
IMmotion150,5336,TPX2;SNORA64;HSD17B14;AC002472.2;ASMTL-AS1,1.30452122699153,,0.1955792589433,FALSE,""
IMmotion150,5337,OR2A7;PDE6B;LILRA6;VWA5B1;ZNF433,0.838521701972021,,0.372767969252286,TRUE,""
IMmotion150,5338,AFF3;FDXACB1;PPP1R16B;AC242426.2;GMPR,0.584420246818265,,0.0115615029114809,TRUE,""
IMmotion150,5339,SMIM3;RTKN2;RGS16;AC079781.4;PRTFDC1,0.935788790641134,,0.739190629457202,TRUE,""
IMmotion150,5340,NPNT;TBKBP1;LAT;AL391987.2;ADAMTS17,0.778654479371445,,0.16681816034116,TRUE,""
IMmotion150,5341,VEPH1;LRCH2;AFF2;AC012441.2;EYA2,0.900374885021925,,0.604650901391436,TRUE,""
IMmotion150,5342,DLL1;SLC5A4;P2RY8;AKR1B1P7;FHDC1,0.982463086709437,,0.930097226024252,TRUE,""
IMmotion150,5343,TBX3;GIPC3;IL4I1;CSF2;PDCD1LG2,0.748304033454291,,0.167848616968128,TRUE,""
IMmotion150,5344,SCIN;EXO1;PPM1H;PTGER1;ADORA3,0.637741165305429,,0.0258204014060231,TRUE,""
IMmotion150,5345,PLAUR;CST7;GSTM3;GYPB;GTSE1,0.977295954838806,,0.909214058114163,TRUE,""
IMmotion150,5346,COL5A3;KIF5C;EGFLAM;LINC01139;ELAPOR2,1.03077173571981,,0.879589649649048,FALSE,""
IMmotion150,5347,TMEM91;SRPX;HLA-DOA;TMEM72;CHST2,1.55058254098476,,0.0396236245427124,FALSE,""
IMmotion150,5348,H2BC17;RNF213-AS1;FAM174B;TERF1P2;ZWINT,1.1354285336107,,0.554370608881844,FALSE,""
IMmotion150,5349,FAT3;ZP3;CEBPA;TRAV41;ENO3,0.654014395850444,,0.0388849394383404,TRUE,""
IMmotion150,5350,CCL5;ZNF57;CASZ1;CTBP2P10;IGSF9B,0.701502372488967,,0.066740103829438,TRUE,""
IMmotion150,5351,TMEM37;PDZRN3;RHOD;HMGN1P36;SNCA,1.21371524867851,,0.352251904979947,FALSE,""
IMmotion150,5352,TLR7;SIRPG;SIGLEC7;AL138899.2;MROH7,0.546323982653419,,0.00240858889670002,TRUE,""
IMmotion150,5353,ADAMTSL3;USP2;TM7SF2;UGT1A11P;NBL1,1.27734379961523,,0.223063984055019,FALSE,""
IMmotion150,5354,TNFRSF11B;PEG10;SOD3;AC005540.1;BPTFP1,1.1385092226086,,0.528128526733086,FALSE,""
IMmotion150,5355,FILIP1;ZNF630;EMP2;CDC42P2;EXOC3L1,1.05153023079034,,0.777195190986515,FALSE,""
IMmotion150,5356,ADAMTSL2;HRC;EPHB3;PRSS22;HLA-DOA,1.04736381614248,,0.813962752654567,FALSE,""
IMmotion150,5357,ADAMTSL3;GIMAP1-GIMAP5;CKS2;GGTLC2;CCR5,0.808023057488366,,0.276470626930442,TRUE,""
IMmotion150,5358,FBN2;AL731577.2;OASL;OR9Q1;SLC6A9,0.907304172937815,,0.623954870269583,TRUE,""
IMmotion150,5359,TRIM9;CDC45;H3C1;TGM3;FCN1,1.12565499971147,,0.596157422367512,FALSE,""
IMmotion150,5360,ADAMTSL3;CDCA7;SLC22A4;TMEM174;HOXB6,0.688315510796184,,0.0300114861599003,TRUE,""
IMmotion150,5361,STEAP4;CFAP91;RSAD2;EML2-AS1;TLE2,0.782956071825539,,0.235918133698413,TRUE,""
IMmotion150,5362,GCNA;FNDC4;EGFLAM;DDX11L9;FCMR,0.923780509551869,,0.696364872976673,TRUE,""
IMmotion150,5363,RNASE1;GATA2;HSPB2;TREH;CASS4,1.13187726207129,,0.489583734365153,FALSE,""
IMmotion150,5364,SNORD116-1;HOXA5;SNORA55;NYAP2;EIF5A2,0.669794406981403,,0.0402710098764848,TRUE,""
IMmotion150,5365,HRH2;TGFB2;CD180;TEKT4;BTG2,0.848183647233465,,0.359625031776254,TRUE,""
IMmotion150,5366,CD2;XKR9;KBTBD8;AP000317.2;AGER,0.733478253701507,,0.111355046478095,TRUE,""
IMmotion150,5367,HOXA10;FMO5;ZNF596;CIBAR2;TLK2P2,0.816670641652374,,0.278945942122645,TRUE,""
IMmotion150,5368,PLEKHA7;EVPL;GNA15;IGHV5-10-1;ADAM32,0.773499780386319,,0.201818584845302,TRUE,""
IMmotion150,5369,RNASE1;PLAC8;PHEX;PCSK2;GFOD1,0.705193681345191,,0.0928456122569998,TRUE,""
IMmotion150,5370,CAVIN2;TK1;ITGA10;SETP9;RGS9,0.856706837403394,,0.398931909088353,TRUE,""
IMmotion150,5371,ALDOC;ULBP2;TNFRSF10C;ABCG8;GFOD1,0.735539532983794,,0.1368798437392,TRUE,""
IMmotion150,5372,ALOX5AP;USP18;GPAT3;AL135905.2;ESR1,0.803666654538045,,0.258781995965593,TRUE,""
IMmotion150,5373,ZNF90;NDC80;BMP4;AC009977.1;ESR1,0.801634703653449,,0.205380534473648,TRUE,""
IMmotion150,5374,H2BC17;ABT1;ORC6;GJA1P1;GRHL1,1.28744954492182,,0.25658789212296,FALSE,""
IMmotion150,5375,PC;GZMK;SPTBN5;SFTPC;EVA1C,0.855340830531886,,0.406504965914855,TRUE,""
IMmotion150,5376,PPFIA4;ASS1P1;CAMK4;NBPF13P;SLC6A9,0.923034323798132,,0.67484438959438,TRUE,""
IMmotion150,5377,MXRA8;SLC7A11;CYP2S1;SLC5A8;TMEM97,1.25742809983867,,0.227699026558569,FALSE,""
IMmotion150,5378,PLA2G7;C15orf48;TBXA2R;FOXA2;LRATD1,0.95845537856238,,0.842862751598548,TRUE,""
IMmotion150,5379,PDLIM3;SHB;RANBP17;SHISAL1;RBKS,1.01817847578744,,0.933803830591494,FALSE,""
IMmotion150,5380,FTH1P20;IRF4;CEBPD;HSPB3;PCDHGA8,0.93330460911029,,0.705125219135536,TRUE,""
IMmotion150,5381,CD3E;ANKRD33B;RANBP17;AL034405.1;PRH1,0.880037510259311,,0.510086382537122,TRUE,""
IMmotion150,5382,AR;GPR39;LNX1;STH;ZFP2,0.938480340983554,,0.739602332389647,TRUE,""
IMmotion150,5383,BICDL1;GZMK;AC021078.1;ASB4;CAMK2N1,0.678727441472725,,0.0445733507920214,TRUE,""
IMmotion150,5384,RHOB;ZFYVE21;MEGF6;ENO1P1;SMAGP,0.893109386542553,,0.573450202876224,TRUE,""
IMmotion150,5385,PTGS1;PTH1R;ZDHHC11;AC099811.2;CAMK4,0.771187290664948,,0.181870320411811,TRUE,""
IMmotion150,5386,IQGAP3;EML5;SSPN;IGHV3-35;SSPOP,0.977917652094211,,0.905954142254844,TRUE,""
IMmotion150,5387,PCDHB15;AC104452.1;FHDC1;AC131160.1;ADRB2,0.817929514507073,,0.301368477025765,TRUE,""
IMmotion150,5388,EGR2;LRRC37A17P;LPAR1;STMN2;DTX2P1,0.812455602457101,,0.304772325184068,TRUE,""
IMmotion150,5389,PPFIA4;IL1RL2;RGS16;MS4A8;SNORA44,1.14518291864299,,0.517568285483956,FALSE,""
IMmotion150,5390,ITK;PIP5K1B;GADD45B;CHRNA3;FHAD1,0.670671937446077,,0.0371642832291843,TRUE,""
IMmotion150,5391,ALDOC;SRPX;NAP1L4P1;INHBC;HSPD1P4,1.09917547760167,,0.642051937336729,FALSE,""
IMmotion150,5392,SGIP1;ANO9;TRIM2;RFPL4AL1;TBXA2R,1.15897605832675,,0.434444221073583,FALSE,""
IMmotion150,5393,SEZ6L2;ULBP2;C1QTNF3;AC009065.6;ARRDC5,1.51174870332356,,0.0589263608685937,FALSE,""
IMmotion150,5394,ANOS1;ADAMTS4;ARHGEF37;ASS1P10;ADAMTSL1,1.54180119060032,,0.0273792056407422,FALSE,""
IMmotion150,5395,ZFHX4;UGT8;H3C11;GGT8P;RGS9,0.600249363104147,,0.006024300136766,TRUE,""
IMmotion150,5396,TMEM37;PWP2;SHROOM2;AC092153.1;RGS16,1.00287949609294,,0.988373096038448,FALSE,""
IMmotion150,5397,EPHX2;ICA1L;MAPK12;LINC02207;MYCT1,0.914162963437904,,0.609590444562316,TRUE,""
IMmotion150,5398,FAT3;ADAM1A;MT-ND3;ANGPTL8;CDH24,1.00777059771357,,0.96928266488753,FALSE,""
IMmotion150,5399,ANLN;FLT3;MAP3K7CL;CCDC38;HHEX,0.603414135956552,,0.00991324851336369,TRUE,""
IMmotion150,5400,FAT3;PLCD4;FCMR;IVL;OXER1,0.788094611878668,,0.241273120666517,TRUE,""
IMmotion150,5401,LIF;C11orf98;STX11;SNORD65;AC093752.2,0.85770664009199,,0.422816471428099,TRUE,""
IMmotion150,5402,ADAM12;AP002373.1;TCF7;ZIC5;CEBPA,0.884724571787906,,0.569938248987747,TRUE,""
IMmotion150,5403,HOXA10;PHKA1P1;TICRR;CLCA2;MOB4,0.895208424067718,,0.627181621539592,TRUE,""
IMmotion150,5404,IL2RG;CFAP91;TMC4;OR2G6;FAM184A,0.776903137659334,,0.221009094031195,TRUE,""
IMmotion150,5405,CRIP1;PODN;ZNF483;LCN10;NAALADL2,0.928930095342927,,0.704369789440195,TRUE,""
IMmotion150,5406,KIF26B;NRN1;LRP3;ZBED2;SH3TC2,0.832584005341946,,0.363282576402904,TRUE,""
IMmotion150,5407,MAP2;MST1P2;DLGAP5;CCR9;KCNK1,1.41520902238807,,0.096332111929535,FALSE,""
IMmotion150,5408,SCARNA4;ZNF286B;CIDEB;RNVU1-7;S1PR2,0.96335288002314,,0.839900279529014,TRUE,""
IMmotion150,5409,CD3E;MANEAL;RPL23AP32;SNORD27;KLF4,0.953705484474664,,0.803053236280622,TRUE,""
IMmotion150,5410,SNORD116-1;KIF20A;HMMR;CNTFR;SNORA3A,0.946566151803941,,0.791269154900755,TRUE,""
IMmotion150,5411,CCDC141;PDCL3P4;SECTM1;CNR2;UNC5C,0.734833351636465,,0.0993299400159117,TRUE,""
IMmotion150,5412,CCL5;STRIP2;SNORA60;LHX1;ANKRD29,0.699513876243894,,0.0643271103370585,TRUE,""
IMmotion150,5413,ZFPM2;SNORA40;KIF14;KBTBD12;DNM1P46,1.1760741787891,,0.449233570934145,FALSE,""
IMmotion150,5414,KDELR3;FLT3;LINC01550;CPB2;MSC,1.00742976305625,,0.969923169564519,FALSE,""
IMmotion150,5415,SMAD9;STOX1;P2RY13;PRRX2;RAI2,0.967542770639927,,0.866821719511338,TRUE,""
IMmotion150,5416,DSEL;CCNB2;TM9SF1;GPR182;KLRD1,0.868409134848113,,0.472502984262058,TRUE,""
IMmotion150,5417,CCDC146;ADAM1A;MAN1C1;AC010542.5;THEMIS,0.72278989726121,,0.108509395894168,TRUE,""
IMmotion150,5418,CCL3;PCDHA7;CACNB2;AL450992.1;EML6,0.747771036596856,,0.158248409992482,TRUE,""
IMmotion150,5419,ADAM12;EFNA5;NCAPG;AKR1C4;PCDHGA3,1.09266246066729,,0.665537710276134,FALSE,""
IMmotion150,5420,APBA2;AP000654.1;SPTBN5;PCDHB1;ADAMTS13,0.82253017137275,,0.313911556326844,TRUE,""
IMmotion150,5421,SLC2A10;CCL14;EIF5A2;AP000926.1;DAPP1,0.94130088271705,,0.760242588810593,TRUE,""
IMmotion150,5422,MDK;AC233699.1;MPP3;AL034405.1;SNORA3B,0.900141148340088,,0.591068594100752,TRUE,""
IMmotion150,5423,EGR2;SIDT1;ADAM32;OR13C2;TSPYL5,0.917534251846988,,0.655177511053363,TRUE,""
IMmotion150,5424,PCOLCE;BORCS8-MEF2B;STRC;RPS2P7;ANKRD23,0.937519627705347,,0.727117384305394,TRUE,""
IMmotion150,5425,RASL11A;EXO1;SARDH;FP236383.4;SCIMP,0.893667690534563,,0.576717454267713,TRUE,""
IMmotion150,5426,AGAP7P;TMEM184A;MAFB;C16orf74;CNRIP1,0.791149169318222,,0.228975556990944,TRUE,""
IMmotion150,5427,HKDC1;EVPL;TIAM2;LHX8;TRIP13,1.13781490768305,,0.52926759641615,FALSE,""
IMmotion150,5428,AR;AMIGO1;LRATD1;FAM172BP;CC2D2B,0.964408307782515,,0.856118698006625,TRUE,""
IMmotion150,5429,TBX3;LIN7A;AL158050.1;CERS1;PIM2,0.589396214313483,,0.0119340284140131,TRUE,""
IMmotion150,5430,MT-ND2;SRR;PRELID2;LINC01554;RANBP17,0.842530579588086,,0.366267434081295,TRUE,""
IMmotion150,5431,FAP;AL591806.2;SNORA10;PTPRT;SNORA59A,1.15213994219948,,0.448768699881677,FALSE,""
IMmotion150,5432,POU5F1;KBTBD3;CACNB2;AFAP1-AS1;PATL2,0.53672762627686,,0.000978184362442129,TRUE,""
IMmotion150,5433,MYRF;PDE6B;CD83;VWA5B2;ZNF596,0.731971923811034,,0.133929854930219,TRUE,""
IMmotion150,5434,SMAD9;NPIPB8;CLEC4A;GOLGA6C;HSPA6,0.837201955863902,,0.358349251467006,TRUE,""
IMmotion150,5435,CTAGE6;EPHB1;RNF138P1;SETP22;STEAP2,1.0382343888693,,0.839868703757368,FALSE,""
IMmotion150,5436,DENND2A;AC233699.1;ALS2CL;TBC1D3P1;NEIL1,1.02143621779468,,0.90732959226846,FALSE,""
IMmotion150,5437,ZNF395;UBE2C;PTCH2;B3GALT5-AS1;VDR,1.26468204734032,,0.2535319290323,FALSE,""
IMmotion150,5438,HKDC1;ZBP1;SNORA10;PEX5L;PHEX,0.729461707514097,,0.120688547315879,TRUE,""
IMmotion150,5439,FAP;PNMA2;EVI2A;LINC02313;PIGAP1,0.744035493366529,,0.137196630974451,TRUE,""
IMmotion150,5440,ETV1;DMRTA1;GFOD1;LPAR3;OXER1,0.696106074248141,,0.0687647896598513,TRUE,""
IMmotion150,5441,PCDHGB4;MT1L;ABCA10;GLP2R;H3C1,1.29685099683062,,0.152703798116326,FALSE,""
IMmotion150,5442,TRIM9;AC034102.1;ABCB9;SLC22A10;PCDHGA5,0.965936826750272,,0.851565014774885,TRUE,""
IMmotion150,5443,BOC;GPR171;GAMT;SPATA22;COL11A2,1.00026633825495,,0.998895523279374,FALSE,""
IMmotion150,5444,CCL2;HRC;CCR2;ALX4;H3C11,0.771007034772918,,0.193816106790056,TRUE,""
IMmotion150,5445,GBP5;SLAMF1;BRSK1;AC244394.2;SLC16A5,0.710252915545374,,0.0726936201028568,TRUE,""
IMmotion150,5446,PSD3;HMGN5;LOXL4;LINC00266-1;ADAMTS5,1.09752269691536,,0.642576586275867,FALSE,""
IMmotion150,5447,FAP;IL12RB2;RALGPS1;AC133561.1;BANK1,0.725373539694282,,0.124004460622767,TRUE,""
IMmotion150,5448,GCNA;DMRTA1;ZNF491;TRBV7-9;SHROOM2,0.846120071004111,,0.344277997285702,TRUE,""
IMmotion150,5449,NCF1C;UBE2T;SEMA6D;MND1;ANKRD23,0.709868810692784,,0.0791478542741314,TRUE,""
IMmotion150,5450,NCF1C;ZFHX2;ABCG2;OR2A1-AS1;ASTN2,0.58528552403126,,0.00421827440024282,TRUE,""
IMmotion150,5451,TENM4;IL17RD;STARD5;MAN1A2P1;SLFN12L,0.581827780485788,,0.00640957581963051,TRUE,""
IMmotion150,5452,TSC22D3;GPER1;MARK1;RNASE10;AMIGO2,0.982589957818152,,0.921398035177231,TRUE,""
IMmotion150,5453,ADAMTSL3;COL8A2;CFAP53;OR2A4;BANK1,0.839763336609986,,0.377525697226877,TRUE,""
IMmotion150,5454,CRIP1;RHEBP2;GZMA;ANGPTL5;ZNF366,0.766097062510036,,0.130384220846968,TRUE,""
IMmotion150,5455,BUB1B;SRR;RNF125;TMEM158;HSPB2,0.912079939514556,,0.721346843521367,TRUE,""
IMmotion150,5456,FBLN2;ABT1;HLX;ZNF705D;FAM184A,0.891882795190208,,0.593586898416694,TRUE,""
IMmotion150,5457,GXYLT2;ZNF391;SNORD46;RPL10P1;DRC3,1.31218648923178,,0.129558814874714,FALSE,""
IMmotion150,5458,VEPH1;PPT2-EGFL8;CCDC9B;MALLP1;KCNA3,0.758100348898375,,0.132655882639389,TRUE,""
IMmotion150,5459,PARM1;XRCC3;SRRM5;TCTE1;STON1,0.836720063836738,,0.389870293461472,TRUE,""
IMmotion150,5460,SNAI2;B4GALNT3;ANKRD29;AP003548.1;MAGI2,0.953605406963534,,0.810678595121369,TRUE,""
IMmotion150,5461,GHR;PDZRN3;SOCS2;AC087289.3;C1orf131,0.964675684032028,,0.867166521811898,TRUE,""
IMmotion150,5462,SPATA18;MT1F;STX11;IGFL2;CD180,0.570073816636004,,0.0039602654632553,TRUE,""
IMmotion150,5463,AKR1C1;ADGRB1;DAPK2;SHOX2;ZNF483,1.03472619466851,,0.862358851690477,FALSE,""
IMmotion150,5464,ADAM12;C4orf47;SECTM1;CLCA2;DNAJC6,0.943494336619655,,0.762686549296469,TRUE,""
IMmotion150,5465,FBLN2;RP9P;SNORA60;AC135068.5;CD247,0.710811125026722,,0.0726342952262,TRUE,""
IMmotion150,5466,FAM149A;C15orf48;MARCKSL1;UGT2B17;ARRDC5,0.751818637864488,,0.146831975133,TRUE,""
IMmotion150,5467,PSD3;GPR39;MREG;ANAPC1P6;MAP3K9,0.926863326821047,,0.690503041850978,TRUE,""
IMmotion150,5468,RETREG1;AL591806.2;SCIMP;FAM182A;NLGN3,0.565890157232509,,0.0012061985769547,TRUE,""
IMmotion150,5469,MEST;UBE2T;PLK1;CLCN1;MPP7,1.0090519199245,,0.968066790778724,FALSE,""
IMmotion150,5470,TMEM91;P2RY12;SLC6A1;SYN2;DOK2,0.957105146977704,,0.82569390668213,TRUE,""
IMmotion150,5471,PCDHB16;DMRTA1;ADAMTSL1;PDCD6IPP1;RGCC,1.02218035612074,,0.901524968110611,FALSE,""
IMmotion150,5472,KIF26B;GIPC3;ANO2;TBX4;FEZ1,0.719630691246023,,0.128656060535229,TRUE,""
IMmotion150,5473,AMACR;SLCO4A1;SNORA59A;GADL1;CSTA,0.792743477144707,,0.218021962020235,TRUE,""
IMmotion150,5474,REPS2;FAM241A;MMP11;ANAPC1P6;IL12RB1,0.915446154069633,,0.633403181656301,TRUE,""
IMmotion150,5475,ACSM3;CSMD2;RNF144A;GDF10;ZNF366,0.965991085797753,,0.857494678459806,TRUE,""
IMmotion150,5476,HYDIN2;CCDC136;C1QTNF3;ERN2;ADCY1,0.929874272903187,,0.704907700422912,TRUE,""
IMmotion150,5477,RETREG1;CCDC68;ARRDC5;SYCE3;POLQ,0.703150256978202,,0.0817104874124193,TRUE,""
IMmotion150,5478,SRPX2;AC023055.1;CYGB;AC118942.1;TMC4,1.14291436205161,,0.497478370082221,FALSE,""
IMmotion150,5479,ZNF704;CAPN12;MACROH2A2;AC131160.1;PCDHGC5,0.794451198281954,,0.237888560043326,TRUE,""
IMmotion150,5480,PTPN3;CD69;DGCR6;AL034405.1;PIGAP1,0.9713340570687,,0.897781495747547,TRUE,""
IMmotion150,5481,PKD1P5;P2RY12;SEC63P1;C1GALT1P2;HCST,0.623763480416551,,0.0121664516088314,TRUE,""
IMmotion150,5482,NOX4;P2RY12;ADAM8;UNC5D;GPX7,0.656593120945221,,0.057443492940167,TRUE,""
IMmotion150,5483,EIF2S2P4;DMRTA1;PGM5;VTCN1;TP53INP2,1.0978943116928,,0.618039358275848,FALSE,""
IMmotion150,5484,SNORD116-1;NALCN;CEBPD;TBC1D3E;CETP,1.48164466538658,,0.0690036151747168,FALSE,""
IMmotion150,5485,ACSM3;PPT2-EGFL8;TXK;SNORD116-11;STRC,0.691187570445782,,0.047065685104883,TRUE,""
IMmotion150,5486,ALDH1A3;ZNF57;ZNF610;MTND4P12;TRIB3,1.08916553532886,,0.656980338258282,FALSE,""
IMmotion150,5487,NTN4;ZMYND19;CCDC110;GDPD2;TRIM6,0.821467832243714,,0.320088519501355,TRUE,""
IMmotion150,5488,GXYLT2;HSD11B2;THRB;OOEP;TSHZ2,1.51419671320413,,0.0328452598376899,FALSE,""
IMmotion150,5489,PHGDH;FAM122A;CSRNP3;PCA3;RASIP1,1.02690956541262,,0.892211570460202,FALSE,""
IMmotion150,5490,MT-ND1;SNRPEP4;PRELID2;BRINP3;GALNT3,0.653980722355705,,0.0275540578236835,TRUE,""
IMmotion150,5491,TSPAN13;SPON2;AC021078.1;KCNA1;UNC5C,1.31589397339323,,0.182531026821293,FALSE,""
IMmotion150,5492,FTH1P20;AP002373.1;SNORA44;ADCYAP1;SOD3,1.17488653494007,,0.484369080152535,FALSE,""
IMmotion150,5493,NAV3;AVPR1A;CCND2;GPRIN2;STRC,0.762619409042633,,0.146820170665434,TRUE,""
IMmotion150,5494,DCLK1;ADAM23;SNORA50A;SLC26A5;CLEC4A,1.11368831218812,,0.581622333567051,FALSE,""
IMmotion150,5495,PLVAP;LAG3;CPNE5;SMIM5;PEG3,0.909980353522131,,0.623554499958963,TRUE,""
IMmotion150,5496,EMCN;TMEM232;INHBA;AL358232.2;CENPI,1.0831034843581,,0.693298612083301,FALSE,""
IMmotion150,5497,PSD3;ACTG2;SARDH;AC025259.1;LRP3,1.48969957628037,,0.0479444029215215,FALSE,""
IMmotion150,5498,CSPG4;AC104452.1;HID1;PON1;SEC63P1,0.833926841444459,,0.399071935274991,TRUE,""
IMmotion150,5499,PCDHB11;AIM2;LY96;PGA3;C1QTNF3,0.990203168546859,,0.959781248599115,TRUE,""
IMmotion150,5500,IQGAP3;CD69;CD101;MT2P1;TSNAXIP1,0.843644872703095,,0.362684230624935,TRUE,""
IMmotion150,5501,ACSM3;SLITRK4;ACTBP4;OR13C2;H3C1,0.909691967888485,,0.638184126764656,TRUE,""
IMmotion150,5502,PC;POM121L9P;IL2RB;TBC1D3I;ZNF483,0.96184834035503,,0.841806409145462,TRUE,""
IMmotion150,5503,CCL2;TBX15;SYNGR1;CREG2;ADRB2,0.925496400497724,,0.67075774575855,TRUE,""
IMmotion150,5504,AK4;IL12RB2;SLC6A1;ENHO;GNA15,0.930900340100884,,0.71657440446394,TRUE,""
IMmotion150,5505,SCARNA4;MAGEE1;FBXL7;AL117348.2;H4C6,1.04154111146629,,0.826897535443009,FALSE,""
IMmotion150,5506,JAM3;APOL4;MCOLN2;C5orf60;HK3,0.974083529002523,,0.893418376383242,TRUE,""
IMmotion150,5507,FAP;ENPP5;SUGCT;CNGB1;ASRGL1,0.838242671879528,,0.373376139506507,TRUE,""
IMmotion150,5508,MT-CO3;HMGB3;GRAP2;APOC3;FOXM1,0.778882671042138,,0.264058266980425,TRUE,""
IMmotion150,5509,SNORD118;RNF213-AS1;ARRDC5;TAFA1;SNORA26,0.729538616429364,,0.121178297455552,TRUE,""
IMmotion150,5510,ZNF521;CACNA2D3;SEC14L2;PSG4;ZNF300,0.79815769022856,,0.227256188622176,TRUE,""
IMmotion150,5511,RGS2;TPTEP2;SLFN12L;HBD;DGKG,0.718903058594418,,0.0981795315370887,TRUE,""
IMmotion150,5512,CD209;CHI3L2;CD72;BVES-AS1;DAPP1,0.884882065362069,,0.534390418507694,TRUE,""
IMmotion150,5513,IFI44L;CHDH;HSPD1P4;POPDC3;SYT17,0.896655106262522,,0.588798654193392,TRUE,""
IMmotion150,5514,IFI44L;AF241726.1;MEGF6;AL359273.2;LRATD1,0.73468926741565,,0.126026586261782,TRUE,""
IMmotion150,5515,PARD6B;EXO5;NCAPH;ASIC2;ELMO3,0.776042248979957,,0.240530401050666,TRUE,""
IMmotion150,5516,PDLIM3;SPTB;ACOX2;FAM83E;MYCT1,1.12006849625051,,0.57137946038742,FALSE,""
IMmotion150,5517,THSD4;AL022238.3;PRAM1;ZNF33BP1;KIF15,0.720335598633136,,0.110751845107474,TRUE,""
IMmotion150,5518,BICDL1;SUMO1P3;ABCA10;AC069287.1;CEBPA,0.61876151101127,,0.0147291930450982,TRUE,""
IMmotion150,5519,FTH1P20;SCN8A;TONSL;OR1E1;ZNF596,1.41852680101413,,0.0694720305045569,FALSE,""
IMmotion150,5520,REPS2;NPIPB8;GMPR;NKAIN2;Z74021.1,0.890023336151772,,0.575938572198584,TRUE,""
IMmotion150,5521,EMCN;AGBL3;NUPR1;LGALS9C;LPAR1,1.14601134780499,,0.491034638761361,FALSE,""
IMmotion150,5522,LAMB3;PITPNM3;PCDHGA3;LGALS9B;SCAMP5,1.08183250920916,,0.676668749920851,FALSE,""
IMmotion150,5523,FHL2;COLEC12;MYCT1;OR7E102P;DAPK2,1.09323188767209,,0.618309002600585,FALSE,""
IMmotion150,5524,GPC4;HOXA6;TRGC2;CLEC4C;ARVCF,0.786636748745236,,0.237601195634875,TRUE,""
IMmotion150,5525,PLVAP;AC048382.2;BMP2;CDHR4;DTX2P1,0.710615006082179,,0.0452227991772151,TRUE,""
IMmotion150,5526,PCDHGB2;PYGM;EBF4;ANKRD2;ABCA10,0.851736176312756,,0.433361969897211,TRUE,""
IMmotion150,5527,SEZ6L2;CLEC10A;GPX7;LRRC37A7P;VWA1,1.48855694324548,,0.0381652650401522,FALSE,""
IMmotion150,5528,PCDHGB5;ZNF665;SNORA6;SPATA22;SCD5,0.831236562608543,,0.326297642135962,TRUE,""
IMmotion150,5529,FBLN2;ACTG2;HID1;PPP1R14D;TPRN,0.89094223121402,,0.552717122167471,TRUE,""
IMmotion150,5530,ALOX5AP;ADAMTS4;INHBA;UGT2B26P;FAM227A,0.986015058705738,,0.941370743485878,TRUE,""
IMmotion150,5531,ZNF395;OLFML1;MAP3K7CL;PRICKLE4;RAMP3,1.13303651094166,,0.485452182612273,FALSE,""
IMmotion150,5532,HILPDA;TGFB2;MAP3K7CL;TBC1D3E;KIFC1,1.1529272031437,,0.48226082755502,FALSE,""
IMmotion150,5533,SMAD9;NDC80;TXK;IGHV1-58;SLC9A7P1,0.669086520488691,,0.0460562229217999,TRUE,""
IMmotion150,5534,CD248;SIRPG;CDKN3;HYAL4;CCDC113,0.916859683572373,,0.666492834361353,TRUE,""
IMmotion150,5535,MTARC2;SPDYE18;NBL1;FAM9B;STRC,0.7572099643594,,0.138511473108676,TRUE,""
IMmotion150,5536,PCDHGB4;SPTB;GOLGA8K;TARID;ANGPT1,0.940613303600925,,0.742394937363217,TRUE,""
IMmotion150,5537,MXRA7;SLC14A1;ZAP70;GABRB1;CCDC157,1.03846913552443,,0.834390598136783,FALSE,""
IMmotion150,5538,CD3D;NME5;TMC7;RSPO2;PPM1H,0.802157627505546,,0.222554716960967,TRUE,""
IMmotion150,5539,DCLK1;HLA-H;MEGF6;SFTPB;SNORA18,1.0271826418133,,0.884863756846785,FALSE,""
IMmotion150,5540,DLL1;GRB7;RPL23AP32;SLC47A1P2;FZD8,1.07424002187371,,0.72077449112076,FALSE,""
IMmotion150,5541,CNTNAP3;PCDHGA2;FGF2;KRT13;SLC16A6,0.972247820973376,,0.890015300503723,TRUE,""
IMmotion150,5542,FAM83H;FAM86C2P;RCAN3;KLRF2;LINC01138,0.678699516716898,,0.0461210064913104,TRUE,""
IMmotion150,5543,RRAGD;EBF2;ELOVL6;C9orf24;P2RY8,0.832370908111715,,0.381142471522944,TRUE,""
IMmotion150,5544,SRPX2;PCDHA7;ZNF334;AC112229.3;RNF144A,1.13667704828728,,0.518766580752632,FALSE,""
IMmotion150,5545,KIF23;AC048382.2;PCDHGA5;AC025279.2;KIF2C,0.991555316786035,,0.971378953103462,TRUE,""
IMmotion150,5546,APOC1;PCDHA7;NEIL1;GRIK1;SNORA10,0.698083540427281,,0.067708351490411,TRUE,""
IMmotion150,5547,FAT3;AC004691.2;TBX2;AC099811.2;C1QTNF3,1.29495578392975,,0.184402636434406,FALSE,""
IMmotion150,5548,ZNF704;INMT-MINDY4;NPIPA2;EXTL1;FAM227A,1.01629409553194,,0.935354722846501,FALSE,""
IMmotion150,5549,CAVIN2;ACP3;CYP2S1;AL139220.2;SECTM1,0.743533841566864,,0.117912350753112,TRUE,""
IMmotion150,5550,IRAG1;NCR3LG1;SFXN2;TRAV41;PCDHGA8,0.809535570902362,,0.239093165538445,TRUE,""
IMmotion150,5551,SCARNA4;PLAC8;MTARC1;AL355303.2;GOLGA2P5,1.0901493670148,,0.681987133806593,FALSE,""
IMmotion150,5552,MXRA8;SRR;BNIP3P1;PPP1R1C;DNAJC6,0.901386291186915,,0.571306508629159,TRUE,""
IMmotion150,5553,PCDHB8;CD69;WNK3;LYPD6B;INHBA,1.0209355473133,,0.928650639651993,FALSE,""
IMmotion150,5554,C11orf96;CD38;H4C6;TRIM17;CYGB,0.939484820923774,,0.77774987321463,TRUE,""
IMmotion150,5555,TTC39A;CFD;H3C13;AC009955.4;LNX1,1.14965223550627,,0.474128133304679,FALSE,""
IMmotion150,5556,TRPC6;RARRES1;PRKAR2B;MIA;CISH,0.845460997306601,,0.371480536556327,TRUE,""
IMmotion150,5557,NCKAP5;LIPG;CYP2D7;IGKV2-40;BPTFP1,0.883534951136637,,0.512786407936516,TRUE,""
IMmotion150,5558,ITGA11;RNF150;RPS20P14;ARPP21;RSAD2,0.904800664309077,,0.632413979802036,TRUE,""
IMmotion150,5559,PCDHGB5;METTL7B;IL12RB1;GDF5;TROAP,0.687238705119926,,0.0646554601814576,TRUE,""
IMmotion150,5560,TRBC2;INAVA;PEG3;BCAN;CD180,0.602536294070024,,0.0106911961126403,TRUE,""
IMmotion150,5561,OR2A7;LRRC37A17P;TIAM2;AC027309.2;HEYL,0.854458476794576,,0.412784672068156,TRUE,""
IMmotion150,5562,PDE2A;CAPN12;RPS2P46;ARMS2;HLX,1.34245106720366,,0.134874367235299,FALSE,""
IMmotion150,5563,SERPINI1;CLEC10A;CEL;OR2T11;ALDH7A1P1,0.952003348340831,,0.780172038609128,TRUE,""
IMmotion150,5564,ALDOC;TPD52L1;TAS2R5;VWA5B1;MFAP3L,0.830511714006292,,0.328508412581168,TRUE,""
IMmotion150,5565,NQO1;AP000654.1;NCAPG;HNRNPA1P37;LSR,0.9332271090573,,0.742573927049044,TRUE,""
IMmotion150,5566,GPR183;AL627309.6;HCST;AP001496.2;DNALI1,0.938467231784004,,0.73186601180341,TRUE,""
IMmotion150,5567,ALDH1L2;CD69;FEZ1;ELOVL3;SLC19A2,1.07485013655055,,0.721014911768867,FALSE,""
IMmotion150,5568,CEACAM1;CKB;ZNF214;LINC01159;ATF5,1.12594094845984,,0.606129628574259,FALSE,""
IMmotion150,5569,FCGR1B;DLG2;KIAA1614;ASS1P10;DEPP1,1.01164736093253,,0.953528518312849,FALSE,""
IMmotion150,5570,SNORD116-23;RRAD;DIPK2B;AC125634.1;STARD5,0.972479333718196,,0.891490640937487,TRUE,""
IMmotion150,5571,CCL5;LYSMD1;PRKCQ;SERINC4;SLC7A8,0.603972235872986,,0.0155658367477107,TRUE,""
IMmotion150,5572,KCNN3;TNFRSF19;SMAD6;LINC01597;FHAD1,0.76484168428543,,0.176351044694227,TRUE,""
IMmotion150,5573,FPR1;SEMA3B;PSTPIP1;OR2L13;DET1,0.704248289449346,,0.0685650226984172,TRUE,""
IMmotion150,5574,HOOK1;KIAA1143P1;SNORA59A;TTR;ZFP2,0.931914423481621,,0.703708751971041,TRUE,""
IMmotion150,5575,LRP4;AL021368.4;POLQ;KRT14;P2RY6,0.982732812399117,,0.930277887240816,TRUE,""
IMmotion150,5576,EPHA3;SURF2;KIAA1614;AC103591.2;ADORA3,0.689472968817648,,0.0310992663713358,TRUE,""
IMmotion150,5577,SELENBP1;GCOM1;PCDHGA5;EDN3;SLC16A5,1.11699229324056,,0.564660904690476,FALSE,""
IMmotion150,5578,CD3D;GOLGA8H;SPATA6L;ANAPC1P6;THEMIS,0.582134248293384,,0.00414077320427425,TRUE,""
IMmotion150,5579,PDLIM3;AC093668.1;CASS4;AC108734.3;SYT17,1.06682055848112,,0.737531662739879,FALSE,""
IMmotion150,5580,TMEM200A;CD69;VWA1;FAM205BP;CCRL2,1.05511440943562,,0.783143415883566,FALSE,""
IMmotion150,5581,FAP;MMP16;ALDH7A1P1;CA1;FZD8,1.41733810626983,,0.0699798798146898,FALSE,""
IMmotion150,5582,TRO;ANKRD33B;NUPR1;MANEALP1;SLC35G2,1.56444386557501,,0.0228439575597996,FALSE,""
IMmotion150,5583,EPHA3;RERG;FBXO17;CYP4Z1;TESPA1,1.31937750062334,,0.137276777548672,FALSE,""
IMmotion150,5584,HYDIN2;CGREF1;TRIM6;TRIM17;PDXDC2P,0.89147573179673,,0.585281240145274,TRUE,""
IMmotion150,5585,TENM4;APOL4;SLC22A4;SPDYE7P;BCL2,0.967909633563489,,0.84005307541498,TRUE,""
IMmotion150,5586,GULP1;ZNF665;H3C7;LINC01622;FAM72A,0.700029014725579,,0.118295038958094,TRUE,""
IMmotion150,5587,CD163L1;TENT5C;FCMR;NDP;SLFN12L,0.678307474908903,,0.0654293224396977,TRUE,""
IMmotion150,5588,PCDHB12;PCDHB19P;SPOCK2;MYL2;SOD3,1.16282828848529,,0.438722393379868,FALSE,""
IMmotion150,5589,GXYLT2;CACNA2D3;RASSF7;GRM3-AS1;NRXN3,1.07383701759501,,0.675319548538357,FALSE,""
IMmotion150,5590,SRPX2;PCDHA7;SSPOP;TRAV25;GPAT3,0.73761262896285,,0.129614209459311,TRUE,""
IMmotion150,5591,KIF23;EFR3B;Z74021.1;RGS20;CCDC110,0.925289698140805,,0.732651650049568,TRUE,""
IMmotion150,5592,BUB1B;MYBL2;PAFAH1B3;MYL2;RASSF7,1.14494539453936,,0.497717180982471,FALSE,""
IMmotion150,5593,SPNS2;SCN8A;KLF2;GRID2;AFF2,1.26739584849212,,0.23991113071806,FALSE,""
IMmotion150,5594,SCIN;NELL2;DGCR6;KRT1;TBXA2R,0.927770866486328,,0.692934042797978,TRUE,""
IMmotion150,5595,ANKS1B;LOXHD1;TMEM132A;SRRM3;MYCT1,0.981430920642695,,0.920795888481584,TRUE,""
IMmotion150,5596,IMPA2;RNF152;PRELID3A;AC125807.1;LRRC37A6P,1.27522170481819,,0.172753884847824,FALSE,""
IMmotion150,5597,AOC3;KCNJ15;FAM133CP;ADIPOQ;IL4I1,1.04251829841956,,0.832749995241523,FALSE,""
IMmotion150,5598,PTPN3;PSMG4;EML6;SNORD63;ZNF793,0.816617398470163,,0.297789152301975,TRUE,""
IMmotion150,5599,TENM4;ZNF57;CCDC150;VWA5B2;RDH5,0.816531728476842,,0.283934210453031,TRUE,""
IMmotion150,5600,CDH23;NAPSB;SNORA59B;CNGA3;ATF5,0.994668704711976,,0.977971250916852,TRUE,""
IMmotion150,5601,RASL11A;PPT2-EGFL8;SLC39A4;NPFFR2;RSAD2,0.886334559291171,,0.560568998831782,TRUE,""
IMmotion150,5602,BICDL1;AC215522.2;SEMA7A;POM121L6P;H1-5,0.940957419125217,,0.759824116645556,TRUE,""
IMmotion150,5603,AR;GNLY;AC093752.2;AL355102.4;ADRB2,0.829867464389118,,0.346272210320048,TRUE,""
IMmotion150,5604,PCOLCE;GATA2;VWA1;P2RX3;SNHG17,1.5507081977362,,0.0227094518531465,FALSE,""
IMmotion150,5605,ABCA9;ZNF471;RBP1;AC025287.1;RNF138P1,0.979986065203468,,0.916549363918834,TRUE,""
IMmotion150,5606,SCIN;IL1R2;PRELID3A;SLC8A2;BAMBI,0.960787838833721,,0.828434223707068,TRUE,""
IMmotion150,5607,BUB1B;VANGL2;CISH;OSTCP1;MACROD2,0.972797208571378,,0.88586676818821,TRUE,""
IMmotion150,5608,TRBC2;FPGT-TNNI3K;RASSF7;OR2T8;CHRD,0.762793758577153,,0.154943302194346,TRUE,""
IMmotion150,5609,OLFML3;PCDHGA1;DAPK2;FAM9A;SCARA3,1.1113868476748,,0.618885161367416,FALSE,""
IMmotion150,5610,SNORD116-6;LAG3;PDE1C;KCNN1;CASZ1,0.841962511379373,,0.365942392059426,TRUE,""
IMmotion150,5611,EGR2;PSMG4;CFAP70;DBH;LILRA2,0.724452626340235,,0.106946504239205,TRUE,""
IMmotion150,5612,GULP1;ZNF215;AL031727.1;HNRNPA1P40;TLK2P2,0.819806930758514,,0.298250623590726,TRUE,""
IMmotion150,5613,NTN4;ABHD14A-ACY1;TSPAN2;ACSBG1;AL158050.1,1.01410305142776,,0.935230691809251,FALSE,""
IMmotion150,5614,TMEM200A;FAM122A;SPSB1;CLEC4C;P2RY1,0.949123885817991,,0.76235370724472,TRUE,""
IMmotion150,5615,ADAM22;TCIM;SLC2A3P2;AP003498.2;SNORA3A,1.25238615433393,,0.23896275369773,FALSE,""
IMmotion150,5616,PCDHB11;MYOM2;CCND2;AC015911.9;HOXA3,0.72854619339803,,0.137506432292884,TRUE,""
IMmotion150,5617,IRS2;CFAP94;AD000090.1;GLTPD2;CCNJL,1.03399297513861,,0.869241523137163,FALSE,""
IMmotion150,5618,PCSK5;PEG10;C2orf27A;TYRP1;FAHD2B,0.771992831319705,,0.17655845608234,TRUE,""
IMmotion150,5619,TMEM200A;NCR3LG1;TEKT4P2;IGFALS;ADAMTS5,1.28449652556817,,0.175144896552761,FALSE,""
IMmotion150,5620,CAVIN2;WDR53;SHROOM2;SLC30A3;SNORA72,1.10324128278669,,0.601279577727055,FALSE,""
IMmotion150,5621,CAVIN2;FAM86C2P;TMEM156;AC079360.1;GFOD1,0.642506046393925,,0.0205184020470899,TRUE,""
IMmotion150,5622,BAIAP2L1;Z83840.1;MARK1;TAGLN3;FAAH2,0.736020466172935,,0.119626594924213,TRUE,""
IMmotion150,5623,TRO;RPL9P7;AXIN2;RNASEH1P2;NPIPB9,0.728812800323903,,0.132277000692446,TRUE,""
IMmotion150,5624,PCDHB12;RIMBP3;LZTS1;KRT19P1;E2F8,1.17028009175371,,0.423278297718851,FALSE,""
IMmotion150,5625,MT-CO2;HLA-H;SNORA3B;MIA-RAB4B;MARCHF3,0.798154936620065,,0.244532176419664,TRUE,""
IMmotion150,5626,GRAMD1B;CKAP2L;C1QTNF3;LHX9;EGFL7,1.1224664903009,,0.578007184194272,FALSE,""
IMmotion150,5627,ZNF704;TRAT1;CAMK4;FOXD4L3;FAM72A,0.727871958990554,,0.102711374478376,TRUE,""
IMmotion150,5628,PARM1;DPY19L2P2;IER2;OR14J1;MSC,1.14868528102203,,0.500409651944822,FALSE,""
IMmotion150,5629,PCDHGB4;GPR160;SLC17A9;OR11H2;TBXA2R,1.16447388191429,,0.454396479236116,FALSE,""
IMmotion150,5630,LMOD1;HSD11B2;PCDHGA8;TMEM35A;TMEM156,0.989218185610796,,0.952535202470761,TRUE,""
IMmotion150,5631,SCARNA4;AGBL3;SLC6A9;INSYN2A;PDE7B,1.12708947005803,,0.523590498504056,FALSE,""
IMmotion150,5632,IFI44L;RNF157;VNN2;TRPM1;IQCC,0.495311684753655,,0.000339006253093297,TRUE,""
IMmotion150,5633,EIF2S2P4;KRTCAP3;AC092068.3;IGHV3OR16-17;SNORA50A,0.84548898887854,,0.398244733768551,TRUE,""
IMmotion150,5634,CD3E;MDP1;ITGA10;MANSC4;CA11,0.596660214609106,,0.00918051776442134,TRUE,""
IMmotion150,5635,ALDH1L2;ABCF2;DGKI;ABCA17P;TMC7,0.945596342996619,,0.762339871546356,TRUE,""
IMmotion150,5636,HYDIN;HSD17B3;PRKAR2B;SNORD55;PCDHB7,0.79425729646033,,0.24761265696767,TRUE,""
IMmotion150,5637,PDE2A;METTL15P1;CCNJL;AL031666.2;SLC9A7P1,0.911376294509324,,0.622281887801823,TRUE,""
IMmotion150,5638,SGPP2;QPCT;SCIMP;CRYGN;DGKI,0.81960013651071,,0.306291707383847,TRUE,""
IMmotion150,5639,CNTNAP3P2;GREB1;PCDHGA5;MAPK8IP1P2;GRIP1,0.917371206488643,,0.676369399880799,TRUE,""
IMmotion150,5640,MAP2;SNORD104;H1-5;CMA1;KATNAL2,1.23370780324121,,0.284078192672189,FALSE,""
IMmotion150,5641,TMEM37;FAM72B;EID3;RNY4;FEZ1,0.906505189972194,,0.637492179541953,TRUE,""
IMmotion150,5642,PCSK5;GALNT15;STAG3;NRAP;PLK1,0.669073488297427,,0.0584537487231587,TRUE,""
IMmotion150,5643,BUB1;SCN8A;GOLGA8K;HEPACAM;AMIGO2,1.04094956258163,,0.827477341052363,FALSE,""
IMmotion150,5644,CD248;TRPM6;SDC1;RNY4;C1orf21,0.964996141610065,,0.872030096386789,TRUE,""
IMmotion150,5645,LDLR;FAM86EP;P2RY13;RCVRN;ZNF135,0.671117721675972,,0.0535717268223749,TRUE,""
IMmotion150,5646,HSPA7;ICA1L;PLEK2;PCA3;PGAP4,0.631545067100095,,0.0167551706561708,TRUE,""
IMmotion150,5647,ANGPT2;MT1F;KCNJ5;CELP;SIRPB2,0.98373094367482,,0.933436139211973,TRUE,""
IMmotion150,5648,LEF1;FAM157C;LRRC17;ACTBL2;PMEPA1,1.14953247499383,,0.432809227682728,FALSE,""
IMmotion150,5649,THSD4;CBS;GINS1;ART3;PCDHB7,1.35574823946668,,0.153721731401327,FALSE,""
IMmotion150,5650,LEF1;ADAMTS4;HOXA4;SOX8;SEPTIN1,0.872202192344617,,0.475931472308713,TRUE,""
IMmotion150,5651,IRAG1;SLC19A3;TNFRSF11A;TLR9;CETP,1.06785997650278,,0.737940946936163,FALSE,""
IMmotion150,5652,CRIP1;AL731577.2;SNORD16;AP000926.1;SLC15A2,0.811101952096084,,0.297301153773691,TRUE,""
IMmotion150,5653,FCGR1B;RPL7L1P9;WNK3;EPO;LYVE1,1.1930765643055,,0.361081023246018,FALSE,""
IMmotion150,5654,PTER;TRGC1;GRHL1;CALR3;SNORA10,1.02414930956629,,0.902902447375273,FALSE,""
IMmotion150,5655,MXRA8;LOXL1;GRIP1;AC025279.1;NLGN3,1.03707324819087,,0.848390899461798,FALSE,""
IMmotion150,5656,EPHA3;GIMAP1-GIMAP5;RGCC;NEDD8-MDP1;GRAPL,1.03969143480998,,0.833992645766115,FALSE,""
IMmotion150,5657,KDELR3;ITIH4;ADAMTS13;BFSP2;PCDHB4,1.03935090871312,,0.838864862975853,FALSE,""
IMmotion150,5658,HRH2;WDR53;MYCT1;DNM1P41;GNAZ,1.1361852305432,,0.508483484623045,FALSE,""
IMmotion150,5659,KITLG;CAPN12;AC004890.2;CUBNP3;KLHL13,1.08190784831488,,0.680662498265312,FALSE,""
IMmotion150,5660,PLVAP;GLB1L2;GATD3A;ADAMTS7P3;PTPN7,0.883540667154988,,0.541346778221886,TRUE,""
IMmotion150,5661,FBN2;ENPP5;TONSL;TTR;DHFR2,1.05470609004256,,0.80334363439156,FALSE,""
IMmotion150,5662,RHOB;KIF20A;ZNF470;ALPI;MAN1C1,1.11569422916452,,0.590219344063556,FALSE,""
IMmotion150,5663,RASL11A;PTH1R;C1QTNF3;SLN;MARK1,1.27513902245417,,0.249438900631954,FALSE,""
IMmotion150,5664,CD3E;TRIM16L;LAT;AC078899.4;SHROOM2,0.629494720002237,,0.0177791591727624,TRUE,""
IMmotion150,5665,SPNS2;CHI3L2;C1QTNF3;CD5L;NBL1,0.970836731839638,,0.878212964609205,TRUE,""
IMmotion150,5666,SDK1;SIDT1;NAALADL2;PPIAL4G;ORC6,0.861020937034471,,0.445342340556939,TRUE,""
IMmotion150,5667,NFASC;SLC7A9;BPTFP1;OR2I1P;P2RY1,0.838692213900208,,0.364268116139829,TRUE,""
IMmotion150,5668,FLG-AS1;EXO1;HAPLN3;RPL17P34;GAL3ST4,0.796978420515951,,0.252640618592219,TRUE,""
IMmotion150,5669,CDCP1;GLB1L2;PCDHB18P;RPS26P31;FBXL7,0.833369607160684,,0.340257882122325,TRUE,""
IMmotion150,5670,PLAU;C6orf132;CDKN3;OR2B6;PKDCC,0.840496315096129,,0.391501744562558,TRUE,""
IMmotion150,5671,ALOX5AP;AL512356.1;KLRD1;KIF1A;GZMA,0.554154217994067,,0.00477948526317437,TRUE,""
IMmotion150,5672,RADX;PADI2;CENPU;TAGLN3;RUNX3,0.755942712135718,,0.136598581367664,TRUE,""
IMmotion150,5673,AKR1C1;TBX15;SIGLEC7;AGTR2;MSC,1.07669680013519,,0.720430717734369,FALSE,""
IMmotion150,5674,KCNN3;PMS2P7;SCD5;CSMD3;ADAM32,0.683498069211655,,0.0700863092525727,TRUE,""
IMmotion150,5675,SERPINI1;ITGA2B;PCDHB18P;SLFN14;CCR5,0.78849144142206,,0.22683871729985,TRUE,""
IMmotion150,5676,MAP3K21;ABHD14A-ACY1;TROAP;HORMAD2;ZWINT,1.06111634702722,,0.778716252534326,FALSE,""
IMmotion150,5677,PCDHB11;BTNL9;RCAN3;TMPRSS4;TRIM2,0.96781377809169,,0.873579291777633,TRUE,""
IMmotion150,5678,FHL2;PLGLB2;FMOD;HAO1;KLHL13,1.24185536397809,,0.283891301802584,FALSE,""
IMmotion150,5679,EPHX2;CGREF1;GAL3ST4;C1orf210;RSAD2,0.982526985376181,,0.923904832260922,TRUE,""
IMmotion150,5680,FCGR1B;AC000093.1;MPP7;TNNI3K;HOXB6,0.527235743072376,,0.00361952250402183,TRUE,""
IMmotion150,5681,CCDC146;KLHL4;H3C3;AL079342.3;ADAM8,0.730360988215938,,0.129333977652816,TRUE,""
IMmotion150,5682,ALDH1A3;WDR53;SEMA4G;MUC22;SCARF2,0.863406084210385,,0.482749066719443,TRUE,""
IMmotion150,5683,CDCA2;AC093668.1;TSGA10;CCDC38;ZWINT,0.731655853043006,,0.117416029061971,TRUE,""
IMmotion150,5684,C11orf96;ACKR4;LSR;ALG1L10P;CD72,0.972695781088373,,0.886440347637121,TRUE,""
IMmotion150,5685,TPX2;QPCT;KLRB1;MUSK;SSPOP,0.915424762876026,,0.649453218679849,TRUE,""
IMmotion150,5686,FAM27E3;AMIGO1;H3C2;SERPINB2;ZNF214,1.00791773017619,,0.969384128113108,FALSE,""
IMmotion150,5687,TMEM91;PTH1R;TESC;HMGN1P18;PANK1,1.05627561377557,,0.773325687090235,FALSE,""
IMmotion150,5688,MT-CYB;ADGRB1;TRIM73;TWIST2;SSPN,0.843774178660201,,0.388460100037123,TRUE,""
IMmotion150,5689,CDH23;TRGC1;CD226;CTSLP2;RFLNB,0.863192736792828,,0.47654065715043,TRUE,""
IMmotion150,5690,PLEKHA6;C6orf132;SH3TC2;PSG4;ADAM32,1.02521431603319,,0.905713357503829,FALSE,""
IMmotion150,5691,NAV3;MFAP2;PGM5;FAM184B;RHOD,0.842996793184471,,0.383170533949922,TRUE,""
IMmotion150,5692,SNORD118;SNORA64;ASMTL-AS1;C16orf74;E2F8,0.949213033531353,,0.794584701033412,TRUE,""
IMmotion150,5693,HGF;CCSAP;PANK1;MAB21L1;H3C1,1.01170340531075,,0.960067258418863,FALSE,""
IMmotion150,5694,PLAU;AL731577.2;PRELID2;MB;STAG3,0.862417387714256,,0.489607114511082,TRUE,""
IMmotion150,5695,TRBC2;ADRA1B;CA11;AC003002.3;MTARC1,0.976127740444525,,0.897252993231044,TRUE,""
IMmotion150,5696,DLL4;MAP1LC3B2;AS3MT;KBTBD12;LIMD2,0.913571674316732,,0.602223887114592,TRUE,""
IMmotion150,5697,PTPN3;ZNF831;KLF2;TRAV16;LPAR1,0.833106092600505,,0.381851903554345,TRUE,""
IMmotion150,5698,PCDHB15;CLDN7;CD28;KRTAP5-10;DTX2P1,1.04373599978899,,0.830369274007716,FALSE,""
IMmotion150,5699,SMAD9;STOX1;MAGI2;TERF1P7;RPL32P3,0.836793078261988,,0.346319620164051,TRUE,""
IMmotion150,5700,TNFRSF11B;SHB;SAMD3;ARSLP1;TEF,0.700108412322581,,0.0793039342157479,TRUE,""
IMmotion150,5701,DSEL;C11orf98;ARRDC5;KRT72;AC124944.2,0.636767431974526,,0.0134710494103684,TRUE,""
IMmotion150,5702,GXYLT2;C4orf47;PAFAH1B3;SNORA32;FHDC1,1.59615658596751,,0.018624641901646,FALSE,""
IMmotion150,5703,STEAP4;FAM133DP;SIRPB2;FOLR3;MAFB,0.82625504994202,,0.380741850686367,TRUE,""
IMmotion150,5704,NQO1;RHEBP2;FCN1;ALOXE3;SLC16A6,1.07539932186919,,0.743379557387398,FALSE,""
IMmotion150,5705,PTPN3;P2RY10;SHROOM2;TRIM63;LINC01138,0.84685032535975,,0.4578506745254,TRUE,""
IMmotion150,5706,TENM4;AKR7A3;HENMT1;AL139220.2;EML6,0.814736242004554,,0.261690208108352,TRUE,""
IMmotion150,5707,CDH23;CREB3L1;PDE1C;SLC22A6;WNK3,1.31139327921881,,0.172243620250137,FALSE,""
IMmotion150,5708,DNAH6;MT1L;TMEM273;CYP27C1;CD3G,0.862572572267355,,0.429249686969181,TRUE,""
IMmotion150,5709,PCDHGB2;PTN;SNORD116-14;URAHP;HOXA4,1.1261905545133,,0.543874987365924,FALSE,""
IMmotion150,5710,APOC1;SNORA64;MSC;CST1;SCIMP,0.711820481033068,,0.0888721838751162,TRUE,""
IMmotion150,5711,MYRF;FPGT-TNNI3K;LILRA6;AHSP;DACT1,0.968338224649485,,0.876333911384016,TRUE,""
IMmotion150,5712,H2BC17;CARMIL2;HOXB6;AP000346.1;MARCKSL1,0.845620844173779,,0.388248047504023,TRUE,""
IMmotion150,5713,LIF;RERG;DRC3;HMGN1P4;MPP3,1.05590311978513,,0.791497773084784,FALSE,""
IMmotion150,5714,MTARC2;CX3CR1;FCMR;SFTPA2;SH3BGRL2,0.845252924145547,,0.408257811988003,TRUE,""
IMmotion150,5715,APOC1;C15orf48;ZSCAN31;AC093512.2;LNX1,0.843830199539904,,0.447685094735438,TRUE,""
IMmotion150,5716,GHR;NEK5;GSTM3;SNORD55;CKS2,1.16965072862704,,0.465983332881377,FALSE,""
IMmotion150,5717,LMOD1;PLGLB2;FAM160A1;FAM43B;TMEM54,1.28391000642867,,0.237677479431489,FALSE,""
IMmotion150,5718,MATN2;PMS2P7;ZWINT;SNORD105;EMILIN1,0.91101490058948,,0.673026439333509,TRUE,""
IMmotion150,5719,ZFPM2;KIF17;TBX2;ZG16B;RHOD,1.17610297425967,,0.430345050418969,FALSE,""
IMmotion150,5720,ACP5;PHKA1P1;INHBA;DCAF12L2;CETP,0.791851133369979,,0.277402778034386,TRUE,""
IMmotion150,5721,FBP1;AKR1C2;KLRB1;KRT79;PCDHGA7,0.73292713412239,,0.113311252980585,TRUE,""
IMmotion150,5722,KITLG;HLF;ARVCF;VCX3A;SCARNA8,0.857457074589272,,0.414451392383318,TRUE,""
IMmotion150,5723,CCDC141;PPFIA2;Z74021.1;SLC7A10;CD72,0.738607651456684,,0.0980194169956872,TRUE,""
IMmotion150,5724,AOC3;SNORA33;H3C8;RHOXF1;EIF5A2,0.963371330075862,,0.845558782037646,TRUE,""
IMmotion150,5725,PTGIS;ZNF57;GRHL1;ARSF;C5AR1,1.23383393901277,,0.28198066674614,FALSE,""
IMmotion150,5726,GGT5;ZNF286B;SLC22A4;NDUFAF4P2;LRRC75B,0.908341228363263,,0.628168731250085,TRUE,""
IMmotion150,5727,BUB1;DLG2;UST;UNC5D;MEFV,0.977378590620904,,0.901961404048924,TRUE,""
IMmotion150,5728,TSC22D3;FAM86B1;KBTBD8;CACNG8;FAM111B,0.900602572986277,,0.593150623096577,TRUE,""
IMmotion150,5729,PDGFD;PRLR;HENMT1;FSTL4;SLC43A1,0.817962629087584,,0.301093818470448,TRUE,""
IMmotion150,5730,OLFML2A;TCIM;LYVE1;CNTN5;GNA15,1.36374297781878,,0.125745654061544,FALSE,""
IMmotion150,5731,KDELR3;HMGN5;POLQ;TBX5;NOL3,1.09588250707636,,0.61820349655665,FALSE,""
IMmotion150,5732,APBA2;ZNF727;TSPAN5;LGI1;H3C2,0.90793228701708,,0.61936617789523,TRUE,""
IMmotion150,5733,TNFRSF11B;PADI2;TRIM2;TTTY14;FAM111B,0.959608686886636,,0.83855386857035,TRUE,""
IMmotion150,5734,PBLD;ADAMTS4;CCSER1;SLC22A24;MTHFS,1.15199284928618,,0.470577393396411,FALSE,""
IMmotion150,5735,PLEKHA6;NAPSB;CKS2;AC239801.1;RAB37,0.775639733082091,,0.218181803318245,TRUE,""
IMmotion150,5736,FCGR1B;UGT8;SARDH;VWA5B2;NEFH,0.752833927136223,,0.155477278162766,TRUE,""
IMmotion150,5737,MDK;TM4SF18;HOXD4;TRBV4-1;GOLGA2P5,0.978616891847743,,0.914396763745148,TRUE,""
IMmotion150,5738,ANKS1B;SEMA3A;RAMP2;OR14J1;ARHGEF15,1.1232759208531,,0.575569546389404,FALSE,""
IMmotion150,5739,RNASE1;HMGN5;FBXO16;URAHP;PDE1C,0.866732401962992,,0.39143550130758,TRUE,""
IMmotion150,5740,SNORA21;CLEC10A;FAM86DP;RPSAP29;CSTA,1.07609859827462,,0.725284214840738,FALSE,""
IMmotion150,5741,IL2RG;CLEC12A;AS3MT;OR13C3;GNAZ,0.906574851969264,,0.60593437818006,TRUE,""
IMmotion150,5742,FPR1;MST1P2;NXN;UMOD;PPM1H,0.869025732740565,,0.471152944468981,TRUE,""
IMmotion150,5743,ZNF704;UGT8;TROAP;FXYD3;TRIM73,0.97207683990334,,0.886836440319651,TRUE,""
IMmotion150,5744,ARFGEF3;GATA2;ATL1;MYBPC1;SMAD6,0.785725126056921,,0.222061851235292,TRUE,""
IMmotion150,5745,FLG-AS1;CFD;TRIM36;CCL16;PAFAH1B3,1.11199493414551,,0.568749672310062,FALSE,""
IMmotion150,5746,PDE2A;ZNF669;STON1;LDHAP1;ABCA10,0.752655665743601,,0.18538050336531,TRUE,""
IMmotion150,5747,NCKAP5;GNLY;GTSE1;NANOGP1;ZNF540,0.505641419370945,,0.000472520130531827,TRUE,""
IMmotion150,5748,NCF1C;CAPN12;DAPP1;DDX11L1;HBEGF,0.940113037395821,,0.748427885497804,TRUE,""
IMmotion150,5749,GXYLT2;SLAMF1;CCDC9B;BCYRN1;MTHFS,1.00139516974878,,0.994240671617558,FALSE,""
IMmotion150,5750,CNTNAP3P2;KLRC4-KLRK1;RHPN1;SVOPL;AC021078.1,0.849461380038238,,0.406886750478962,TRUE,""
IMmotion150,5751,SLC11A1;MICOS10-NBL1;ZNF135;LMX1B;GGH,1.10699360630699,,0.630154728697893,FALSE,""
IMmotion150,5752,BAIAP2L1;ADAMTS4;GADD45B;AC008132.1;AC138696.1,1.60842765586148,,0.0230814063487991,FALSE,""
IMmotion150,5753,CTAGE6;AC093668.1;UBE2Q2L;CPN1;ARHGEF15,1.03274300607811,,0.854273027253135,FALSE,""
IMmotion150,5754,CNTNAP3;APOL4;C5AR1;DACT2;EID3,1.10988138620197,,0.575719087628343,FALSE,""
IMmotion150,5755,EPHX2;AC215522.2;HLA-L;TRBV7-9;STARD5,1.01321318752059,,0.943948377237214,FALSE,""
IMmotion150,5756,H2BC17;STEAP1;ARHGEF15;PRSS45P;EID3,1.06154562344149,,0.773869525154459,FALSE,""
IMmotion150,5757,OR2A7;TRIM45;GOLGA8K;LGALS9B;PCDHGC5,0.759685149909884,,0.131803360889426,TRUE,""
IMmotion150,5758,MT-ND2;ZIK1;C2orf27A;AL512590.2;BMERB1,0.85023005403336,,0.3879279843225,TRUE,""
IMmotion150,5759,SNORD116-6;AKR1C2;ZNF793;AADAC;ADAMTS17,0.988572358178238,,0.95390263143772,TRUE,""
IMmotion150,5760,TSC22D3;ETNK2;HLA-DOA;LINC01597;RAD51,0.744418293397477,,0.105897296169131,TRUE,""
IMmotion150,5761,SDHAP2;SRR;MTHFS;DCAF12L1;TLK2P2,0.732245015691886,,0.111759014583088,TRUE,""
IMmotion150,5762,CDCA2;ZNF391;FAAH2;HORMAD2;PYHIN1,0.565491378318482,,0.00194613479270418,TRUE,""
IMmotion150,5763,HYDIN;FTH1P5;AC004890.2;DHX40P1;CYP2S1,0.957533864530746,,0.819177268173478,TRUE,""
IMmotion150,5764,RASL11A;NTRK3;FOXM1;CLVS1;ZNF660,1.05755720014715,,0.762718162549616,FALSE,""
IMmotion150,5765,HILPDA;TRGC1;ZNF660;ZBED6;KCNK1,0.729830843873384,,0.106330002189158,TRUE,""
IMmotion150,5766,LDLR;SNORA33;PAFAH1B3;FAM163A;EDA,1.25383680342388,,0.217598666616274,FALSE,""
IMmotion150,5767,ACP5;CTAGE3P;ZNF135;HNRNPA1P54;RDH5,0.845945334942284,,0.391207775402987,TRUE,""
IMmotion150,5768,EHHADH;ADAMTS4;E2F8;FREM3;GOLGA8K,1.00884253075804,,0.964203564898662,FALSE,""
IMmotion150,5769,RNASE1;AC104452.1;LRRC37A6P;RNF183;CSPG4P12,0.800616613817819,,0.271764710373345,TRUE,""
IMmotion150,5770,NAV3;TSSC2;TRIM2;IGKV1D-42;DNALI1,0.963231365494143,,0.84518453748327,TRUE,""
IMmotion150,5771,IL7R;GOLGA8IP;SLC22A4;RHBG;FGD1,0.7383298845691,,0.137700201445332,TRUE,""
IMmotion150,5772,PDE2A;DNAJC19P9;PRKAR2B;MYH16;FBXO16,0.670446801555154,,0.0514974961178173,TRUE,""
IMmotion150,5773,MTARC2;KCNJ15;GLI2;MNX1;CD72,0.681734187753067,,0.0492899845355904,TRUE,""
IMmotion150,5774,HYDIN2;LOXL1;FBXO16;AC144548.1;S1PR2,0.884034249091665,,0.498671889674156,TRUE,""
IMmotion150,5775,ANKS1B;GREB1;CAMK4;AC073325.2;HK3,0.835242480922666,,0.331161304689935,TRUE,""
IMmotion150,5776,RRAGD;NPIPB8;TECTA;TRAV1-1;LY86,0.640124633105708,,0.0585105056665255,TRUE,""
IMmotion150,5777,AR;PWP2;H2BC3;AC119673.2;PCDHB4,0.835648040228092,,0.373481632874576,TRUE,""
IMmotion150,5778,ETV1;WNT2B;EXOC3L1;PCSK9;TRIM36,1.00309556606067,,0.986915073683527,FALSE,""
IMmotion150,5779,LMOD1;CEP55;MARCKSL1;TCAP;LY96,1.21959221577726,,0.376730482330836,FALSE,""
IMmotion150,5780,ADM;SYBU;RPSAP15;OR4F14P;MYCT1,1.15618264278715,,0.544038348304338,FALSE,""
IMmotion150,5781,ACSM3;CST7;CLEC4A;OR1J2;GGH,0.829075430198174,,0.32902007210483,TRUE,""
IMmotion150,5782,MYOM1;OSBPL6;ABCB9;KBTBD12;ACOX2,1.18848239530307,,0.361588272706257,FALSE,""
IMmotion150,5783,CSPG4;CDCA7;KIF2C;POU5F1P6;PDE1C,1.06634208613739,,0.760787061478338,FALSE,""
IMmotion150,5784,BUB1B;STOX1;TMEM220;IGKV2D-40;RTP4,0.782625893771385,,0.243508907836044,TRUE,""
IMmotion150,5785,FOLR2;GCOM1;NUPR1;SETP9;RPL32P3,1.07120224696086,,0.706478645459651,FALSE,""
IMmotion150,5786,MOCOS;NANOGP4;PRTFDC1;AL358472.6;ZNF470,1.06188233090467,,0.764018178624713,FALSE,""
IMmotion150,5787,AR;CAPN12;SNORA3A;BRINP2;TPRG1,1.25466800380904,,0.287958234858354,FALSE,""
IMmotion150,5788,CD248;SPDYE18;SLAMF8;DMP1;IL21R,0.739149761318903,,0.119567803065353,TRUE,""
IMmotion150,5789,ALOX5AP;MYOM2;ADAMTS13;PRDM9;ZNF540,0.69901698572991,,0.0997650026831656,TRUE,""
IMmotion150,5790,TSC22D3;RPP14;TMEM25;SH2D5;ZNF300,0.76567656877542,,0.177144389876348,TRUE,""
IMmotion150,5791,RRM2;C4orf47;JAM2;GFAP;BMP2,0.988771643018703,,0.955764709790387,TRUE,""
IMmotion150,5792,CDCP1;GJA5;AK7;WBP1P2;NAP1L4P1,0.901974058782418,,0.57363047463072,TRUE,""
IMmotion150,5793,MAP7;MYBL2;TWF1P1;GPR37L1;PCDHB2,1.09979807416619,,0.649749996769069,FALSE,""
IMmotion150,5794,KRBA1;CD27;HOXB6;AL031666.2;GATD3A,0.817520363719876,,0.298276009118345,TRUE,""
IMmotion150,5795,ANLN;TRIM16L;ST6GALNAC6;TGM5;FHAD1,0.830150466063366,,0.380465987631239,TRUE,""
IMmotion150,5796,EGR2;DLG2;HENMT1;CDC27P1;LRRC17,0.986193634275564,,0.945623747179989,TRUE,""
IMmotion150,5797,SNORD116-23;ZFHX2;SNORA16A;OR9Q2;NBL1,0.818805126787574,,0.301832683074785,TRUE,""
IMmotion150,5798,APBA2;GPLD1;PPP1R16B;CCN6;TSPAN5,0.733877265680686,,0.127504774588603,TRUE,""
IMmotion150,5799,AKR1C1;IL1R2;PRKAR2B;GJC3;HSPB2,1.20473995601467,,0.308657109323967,FALSE,""
IMmotion150,5800,HOXA10;MDP1;GOLGA6L3;C5orf38;FAM86DP,0.965674728449608,,0.862251371215227,TRUE,""
IMmotion150,5801,ABCB4;ZMYND19;CCDC74A;DHRS2;DRC3,0.667320893530529,,0.0619889454190177,TRUE,""
IMmotion150,5802,EMCN;MYBL2;P2RY1;LGALS9C;CETP,1.16732922918526,,0.447975968848274,FALSE,""
IMmotion150,5803,PCDHB16;MYBL2;SNORA10;DDX11L9;E2F7,1.04643421739854,,0.817769066369619,FALSE,""
IMmotion150,5804,TRAC;KIF17;MOB4;HNRNPA1P36;TMEM26,0.7341380700401,,0.143750988381036,TRUE,""
IMmotion150,5805,PARD6B;LY9;OPLAH;YIPF7;CACNB2,1.17550346007841,,0.432217971994842,FALSE,""
IMmotion150,5806,MST1;BAIAP3;PTPN7;MRAP2;HOXD4,0.886375878578511,,0.540735453162284,TRUE,""
IMmotion150,5807,MT-ND1;SRR;DRC3;C12orf56;SLC16A6,0.670933853073898,,0.0387919740453991,TRUE,""
IMmotion150,5808,SNORD13;AKR7A3;HENMT1;NR0B2;FZD8,0.87405057315539,,0.500754234223464,TRUE,""
IMmotion150,5809,ANKS1B;GPLD1;ZNF334;TARDBPP2;LSR,1.25058824911139,,0.28240300213752,FALSE,""
IMmotion150,5810,RGPD3;ECHDC3;ALDH7A1P1;AL138899.2;HOXD4,1.02222382452277,,0.901707811720729,FALSE,""
IMmotion150,5811,FN3K;F2RL1;UBBP4;CNTNAP4;FBXO16,0.728276503396745,,0.110281035017347,TRUE,""
IMmotion150,5812,RASL11A;DEPDC7;P3H3;LINC02348;NRXN2,1.0308334212655,,0.877818133449336,FALSE,""
IMmotion150,5813,SNORD116-1;SLC29A4;PCDHGA3;KIR2DS4;SNORA6,1.04841544656742,,0.81681133645138,FALSE,""
IMmotion150,5814,NPNT;Z83840.1;FHAD1;TRAV8-3;HHEX,0.638077534648252,,0.0311230031644696,TRUE,""
IMmotion150,5815,SDHAP2;GATA3;TMEM220;STAR;CLEC4A,0.786500015821751,,0.213375593592031,TRUE,""
IMmotion150,5816,CCL2;GPR174;C17orf97;AC135178.3;RHPN1,0.593435932966758,,0.00865869387144482,TRUE,""
IMmotion150,5817,MT-ATP6;EFNA5;GZMA;DIRAS1;STK26,0.602922396822238,,0.00805625633122832,TRUE,""
IMmotion150,5818,SDHAP2;RNF213-AS1;CACNB2;MTNR1A;ZSCAN31,0.739181349262085,,0.116242617644977,TRUE,""
IMmotion150,5819,ABCA6;PRLR;GJA4;SHISA2;IL15RA,0.981632869562426,,0.92860032886615,TRUE,""
IMmotion150,5820,SDHAP2;APOL4;KLHL3;AC133555.5;GAL3ST4,1.05692669486943,,0.773223462916783,FALSE,""
IMmotion150,5821,HKDC1;HSD11B2;SCARF2;CYP4F24P;SHROOM2,1.16834871363145,,0.459860321389132,FALSE,""
IMmotion150,5822,PLAUR;AKR7A3;MMP11;KCNS1;ELAPOR2,1.44043128064101,,0.0621613553713169,FALSE,""
IMmotion150,5823,FHL2;OSGIN1;RBP1;PF4V1;FAM83D,1.36963451754461,,0.110424939633845,FALSE,""
IMmotion150,5824,PTPN3;SLC5A4;MDGA1;OR2T3;ADAMTSL1,0.819760519178216,,0.348620832081131,TRUE,""
IMmotion150,5825,PCDHB15;DLG2;PYROXD2;IGHV2-26;APCDD1,0.823167171775244,,0.311917902838044,TRUE,""
IMmotion150,5826,PPFIA4;OLFM2;NOVA2;PRH2;KIAA1614,0.89905463365895,,0.593567150876963,TRUE,""
IMmotion150,5827,CDCA2;SRR;NCAPG;LHX8;C17orf97,1.01147778873789,,0.959735629650101,FALSE,""
IMmotion150,5828,DSEL;AKR1C2;PDE7B;CXorf65;GADD45B,1.01316894205282,,0.94342142956961,FALSE,""
IMmotion150,5829,SPATA18;GPR160;P3H3;GOLGA8DP;SLC25A33,0.905361709861988,,0.589410791921203,TRUE,""
IMmotion150,5830,SERPINI1;PROM2;H1-5;SMIM5;SNORA55,0.921370956974958,,0.677188851923419,TRUE,""
IMmotion150,5831,HILPDA;GPR160;ZNF483;LCN10;DLGAP5,0.935597449697677,,0.737127124213174,TRUE,""
IMmotion150,5832,AK4;SPEG;LINGO1;DMRT3;TECTA,1.1204891113802,,0.578844193271382,FALSE,""
IMmotion150,5833,OR2A7;AC233699.1;ASMTL-AS1;OR2T10;CD28,0.746316147416375,,0.126598339581944,TRUE,""
IMmotion150,5834,MXRA8;FAM86C2P;SIGLEC7;PROKR2;CASS4,0.819164428858515,,0.342777322709675,TRUE,""
IMmotion150,5835,RHOB;RGN;SLC39A4;PRSS3;PPP1R16B,1.1304196611192,,0.522141816214405,FALSE,""
IMmotion150,5836,HYDIN;AC000093.1;LRP3;CUBNP3;FHDC1,1.06833854764999,,0.740501276388723,FALSE,""
IMmotion150,5837,SNORD116-22;CDS1;FAM184A;ACTBL2;SNORA50A,0.983573251146595,,0.934195229148686,TRUE,""
IMmotion150,5838,ZFHX4;SIDT1;TBXA2R;AC138951.1;ABCB9,0.808050236043297,,0.307891763010515,TRUE,""
IMmotion150,5839,MT-ND2;GIPC3;HBEGF;CTBP2P9;P3H3,0.918981642748449,,0.678658824241491,TRUE,""
IMmotion150,5840,LAMB3;CDC42BPG;TPPP3;GAGE10;CD6,1.07097974714848,,0.73216152423916,FALSE,""
IMmotion150,5841,FCGR1B;AMIGO1;CCSER1;PPP1R1C;CIART,0.971100846619388,,0.881485948656455,TRUE,""
IMmotion150,5842,ACSM3;SLC9A3;ZNF135;AC011330.3;DHFR2,0.888758131229186,,0.514731123635949,TRUE,""
IMmotion150,5843,ANOS1;GCOM1;SSPOP;POU5F1P6;STMN3,0.850112749009042,,0.395915210684616,TRUE,""
IMmotion150,5844,FN3K;ITGA2B;PLEK2;DMP1;FGD1,1.00686293370509,,0.971921491764194,FALSE,""
IMmotion150,5845,FAT3;CDCA7;IER2;C12orf50;GJA4,0.985191593378838,,0.935093091790228,TRUE,""
IMmotion150,5846,GPR183;IGFBP2;ALS2CL;AC005329.1;C1orf21,1.03408215995221,,0.867489265388135,FALSE,""
IMmotion150,5847,ALDOC;PDE6B;RAB38;GAL;PDE8B,0.888551664711444,,0.561764560894583,TRUE,""
IMmotion150,5848,PTPN3;AL731577.2;SLC22A15;AC005829.2;CLCN4,0.984397904675806,,0.939884409409355,TRUE,""
IMmotion150,5849,MT-ND2;PADI2;CCDC157;AC009977.1;STEAP2,0.792231854809462,,0.218263967806222,TRUE,""
IMmotion150,5850,C11orf96;AC009078.3;SCHIP1;AC010542.5;RNLS,0.952670201931001,,0.776760219177104,TRUE,""
IMmotion150,5851,CCL2;AL022238.3;SYNGR1;AP003352.1;MEGF6,0.857011663764301,,0.437297876110116,TRUE,""
IMmotion150,5852,EHHADH;AC008878.1;NANOGP8;PGAM1P4;RAMP3,0.926543935374342,,0.655107506498553,TRUE,""
IMmotion150,5853,NQO1;TENT5C;TIGD2;TACR1;TBX2,0.896599216711202,,0.609094827311503,TRUE,""
IMmotion150,5854,MXRA8;ZNF311;FRMD3;TCL6;SHCBP1,0.843568524155545,,0.433044782835141,TRUE,""
IMmotion150,5855,SNORA31;ZSWIM5;SLAMF8;RBM11;KIF15,0.701647550526847,,0.0697765584771696,TRUE,""
IMmotion150,5856,TRAC;PHKA1P1;PCDHGA8;ONECUT2;NEIL1,0.795196932569913,,0.241047037114485,TRUE,""
IMmotion150,5857,SELENBP1;EXPH5;UHRF1;KDF1;NPIPB9,1.13530563561408,,0.540978658008203,FALSE,""
IMmotion150,5858,STC1;MT-ND4L;SOX18;IGKV5-2;IKZF3,0.845667444245577,,0.392557061416364,TRUE,""
IMmotion150,5859,MDK;INHBB;OXER1;AC011767.1;SECTM1,0.926795844932569,,0.693854413259407,TRUE,""
IMmotion150,5860,HILPDA;GDF15;ANKRD23;RPSAP5;PLEK2,1.35670154768331,,0.104140814168874,FALSE,""
IMmotion150,5861,PLAU;NEK5;STK32B;CYP2U1-AS1;PCDHB2,1.33988436411345,,0.145439006148032,FALSE,""
IMmotion150,5862,AOC3;SRPX;TMEM156;NRN1L;SLC6A9,1.02060667312761,,0.91190379740322,FALSE,""
IMmotion150,5863,TENM4;POM121L9P;HIC1;TRBV24-1;CFAP53,0.917122240627365,,0.654035230951969,TRUE,""
IMmotion150,5864,PBLD;ZNF831;NEK10;DPPA2P4;EBF4,0.986561469467798,,0.946674536330131,TRUE,""
IMmotion150,5865,CCL5;AL731577.2;LRATD1;AC087533.1;DUSP5,0.835886201753869,,0.390418331050138,TRUE,""
IMmotion150,5866,HOXA10;MMP24;AS3MT;NYX;MAPK12,1.01636143682035,,0.932617254230336,FALSE,""
IMmotion150,5867,SCARNA4;PCDHB3;LY96;GABRB1;HOXB6,0.880503370104402,,0.546872021250728,TRUE,""
IMmotion150,5868,EIF2S2P4;CCN4;CDH24;PPIAP78;GSTM3,1.06126317418615,,0.776804486805686,FALSE,""
IMmotion150,5869,CRIP1;LAG3;BNIP3P1;AC003002.3;MCM10,0.778655850291227,,0.221000436746614,TRUE,""
IMmotion150,5870,CSRP2;USP18;ZNF334;IGHV2-70D;TSHZ2,1.10040929363446,,0.623991057068884,FALSE,""
IMmotion150,5871,TRIM9;ABCF2;HBEGF;AC011511.5;STAG3,0.970185243268365,,0.887329829897367,TRUE,""
IMmotion150,5872,EHHADH;GZMK;TMEM97;RAET1E;RGS16,1.0174724435158,,0.933147262346487,FALSE,""
IMmotion150,5873,EDNRB;TRAT1;ADAM8;AC008073.3;RGS18,0.671132656308646,,0.0468059133696512,TRUE,""
IMmotion150,5874,SNORA31;S100A9;AS3MT;GPR27;EMP2,1.06029860115078,,0.76638745839707,FALSE,""
IMmotion150,5875,PDLIM3;SNRPEP4;SLC16A6;CRNDE;UNC5C,0.94644851064534,,0.780518489014732,TRUE,""
IMmotion150,5876,NTN4;NEK5;CMPK2;LINC00862;EVA1C,0.692930865425176,,0.0540552871782498,TRUE,""
IMmotion150,5877,HSPA7;P2RY12;ZNF540;AC132803.1;CHST2,0.617598119113852,,0.00620640410285114,TRUE,""
IMmotion150,5878,PCSK5;SGK2;TSPAN2;IGKV1D-33;TESPA1,0.888544984132855,,0.575207488367889,TRUE,""
IMmotion150,5879,MT-ND2;KCP;GTSE1;CLCN1;STX11,0.712982031746721,,0.0836798009902113,TRUE,""
IMmotion150,5880,POU5F1;CEP55;LETM2;ARTN;DGKI,0.910503186430557,,0.643564252113324,TRUE,""
IMmotion150,5881,NOSTRIN;KRTCAP3;NRXN3;FAM205BP;C17orf97,0.950195757192869,,0.787610760650061,TRUE,""
IMmotion150,5882,MEIS1;MYBL2;BASP1;AC007878.1;SHCBP1,0.894881996794273,,0.572733052706563,TRUE,""
IMmotion150,5883,PCDHGB5;AL627309.6;CENPU;ENPP6;ZNF491,1.023641804059,,0.89798421591254,FALSE,""
IMmotion150,5884,NAV3;CLEC3B;TMC7;GUCY2C;IL21R,1.08318113994491,,0.64779543750051,FALSE,""
IMmotion150,5885,AOC3;SLC19A3;ZNF300;HAP1;SOD3,1.21758906736204,,0.322037918825058,FALSE,""
IMmotion150,5886,TSPAN13;ZNF391;CCR1;SBSN;DTL,1.02479877442224,,0.89705660679267,FALSE,""
IMmotion150,5887,FILIP1;SNORA62;AK1;TJAP1P1;EPHB3,1.10901171245607,,0.576726422305422,FALSE,""
IMmotion150,5888,NPNT;AKR1C2;TPRG1;TTLL10;UNC5C,0.970453436615855,,0.875342885176081,TRUE,""
IMmotion150,5889,TRAC;STOX1;AL096711.2;AC027682.3;ORC1,0.802221719798282,,0.271537930077877,TRUE,""
IMmotion150,5890,HOOK1;TRPM6;CENPI;AC004805.1;ABTB2,1.04828768053821,,0.817374774449726,FALSE,""
IMmotion150,5891,ANGPT2;SGK2;ZNF300;AC138951.1;SHE,0.986322444073555,,0.94420297777898,TRUE,""
IMmotion150,5892,C5;USP18;ACOX2;STMN2;GMPR,1.00882094330757,,0.96998431342335,FALSE,""
IMmotion150,5893,PARD6B;SRPX;EMP2;PPP1R42;TESPA1,0.870689759149246,,0.481075790663255,TRUE,""
IMmotion150,5894,SNAI2;AC048382.2;PCDHGA8;AC006486.2;LY96,1.04822675327997,,0.812287503550688,FALSE,""
IMmotion150,5895,FAM27E3;ZNF711;DGKI;PAQR9;DLGAP5,0.773800435349421,,0.160489502642748,TRUE,""
IMmotion150,5896,DNAH6;AC233699.1;MMP19;ENTPD8;ELAPOR2,0.9272902108262,,0.699738475287291,TRUE,""
IMmotion150,5897,NQO1;GPR39;H3C3;RPSAP52;DEPP1,1.18012949338151,,0.423045314028841,FALSE,""
IMmotion150,5898,FILIP1;ABHD14A-ACY1;Z74021.1;AC079298.3;TEKT4P2,1.10942703358566,,0.560414088987638,FALSE,""
IMmotion150,5899,BUB1;CCL14;RNLS;HCG4B;STX11,0.804443204435391,,0.244538868493303,TRUE,""
IMmotion150,5900,IRS2;AMIGO1;TRIM73;C9orf129;RHOD,1.31444558366743,,0.192465391309754,FALSE,""
IMmotion150,5901,PLAUR;P2RX1;PRKAR2B;OR10AB1P;FAM111B,0.97554648804358,,0.898298332353083,TRUE,""
IMmotion150,5902,STEAP4;P2RY12;ADAMTS6;CARD17;AL590399.1,0.690603332281783,,0.0394331214901458,TRUE,""
IMmotion150,5903,ANOS1;CNTN4;CD180;DHX40P1;HENMT1,0.811966933845834,,0.286694119173873,TRUE,""
IMmotion150,5904,SNORD116-20;COL21A1;HENMT1;ASTN1;BRSK1,1.04577090106812,,0.797541987394289,FALSE,""
IMmotion150,5905,NETO2;RNF213-AS1;NPIPB9;SCRG1;HSD17B14,1.0496739869793,,0.788534695355676,FALSE,""
IMmotion150,5906,FBP1;CDC45;DNAJC6;SLCO1B1;SYDE2,0.8774328983187,,0.551775330250981,TRUE,""
IMmotion150,5907,DLL1;WDR53;TSPYL5;INSYN2A;GPR75,1.2753920832425,,0.289770718813737,FALSE,""
IMmotion150,5908,PHGDH;SNORA64;CEBPD;IGKV1D-43;MAP3K9,1.37734771471913,,0.12543030974137,FALSE,""
IMmotion150,5909,CD163L1;NME1-NME2;RUNX1T1;DLX2;ZFP2,0.948774587576186,,0.781966416207669,TRUE,""
IMmotion150,5910,SLC11A1;CREB3L1;SEMA6D;GDPD2;TESPA1,0.812253137374755,,0.288689480998446,TRUE,""
IMmotion150,5911,GABRE;ARHGEF16;ADAM8;WEE2;CISH,0.761538889513856,,0.167723262716247,TRUE,""
IMmotion150,5912,ANGPT2;PDZRN3;RAG1;AC133555.5;SOX5,0.807157165799412,,0.292968205547512,TRUE,""
IMmotion150,5913,BICDL1;AIM2;MAD2L1;SIGLEC5;FHDC1,0.659774746929051,,0.0330888268794129,TRUE,""
IMmotion150,5914,CRIP1;NANOGP4;STMN3;LINC02207;TSHZ2,0.625759927967934,,0.0143609738124819,TRUE,""
IMmotion150,5915,EIF2S2P4;TPD52L1;NLRC3;SYT8;MARCHF3,0.927906089790011,,0.713987047425616,TRUE,""
IMmotion150,5916,NOX4;CCDC136;TUB;Z84466.1;UBBP4,0.945515574404123,,0.80443424406587,TRUE,""
IMmotion150,5917,ABCA9;CCNB2;POLQ;ENHO;SNORD16,1.30460791720068,,0.219969441233029,FALSE,""
IMmotion150,5918,ABCB4;ABT1;H3C7;AC009065.6;LIMD2,0.987981901774794,,0.956336638634376,TRUE,""
IMmotion150,5919,PCDH17;RNF213-AS1;P3H3;ARHGDIG;PIK3R6,0.886197667404483,,0.523457051126757,TRUE,""
IMmotion150,5920,NR3C2;CDS1;NLRC4;TCTE1;STK32B,0.922509246151465,,0.697160177072107,TRUE,""
IMmotion150,5921,FTH1P20;JPH2;ZNF876P;CDC42EP2;DGKG,0.945422019331629,,0.752325248120886,TRUE,""
IMmotion150,5922,FER1L4;AVPR1A;NAP1L4P1;PPIAP43;SPAG4,1.23220697974114,,0.283524848710933,FALSE,""
IMmotion150,5923,FILIP1;ENPP5;PCDHB4;LDHC;C1orf131,1.03397939142201,,0.867899066598551,FALSE,""
IMmotion150,5924,ZFHX4;ITIH4;SNORD67;WFDC5;CEBPA,0.826179470527578,,0.351962391930666,TRUE,""
IMmotion150,5925,PCDHB8;BTBD11;SLC35G2;CCL24;GRAPL,1.04593216950973,,0.823999827406364,FALSE,""
IMmotion150,5926,RRM2;PWAR5;DEPP1;RIMBP2;RSAD2,0.730987271036688,,0.131105387968637,TRUE,""
IMmotion150,5927,PPFIA4;PODN;SLC19A2;C1GALT1P2;CHRD,1.27028915023025,,0.251326767050436,FALSE,""
IMmotion150,5928,TMEM37;MST1P2;DUSP7;EXTL1;SLAMF8,0.917186817288706,,0.664511782667154,TRUE,""
IMmotion150,5929,PCOLCE;AC002470.2;SNORD16;SV2C;EXOC3L1,0.96712857241616,,0.853484513881952,TRUE,""
IMmotion150,5930,ZNF90;ADGRB1;TONSL;FSTL5;WDR17,1.16398941317185,,0.433162061879514,FALSE,""
IMmotion150,5931,BUB1;AP002373.1;FCMR;AC018362.3;H4C6,0.745928937695219,,0.191701429614388,TRUE,""
IMmotion150,5932,KIT;TPTEP2;MAN1C1;AADAC;MCOLN2,0.790792400496225,,0.229503561409475,TRUE,""
IMmotion150,5933,TMEM200A;AC036108.2;KIFC1;AC241377.2;SCHIP1,0.904637392510164,,0.630006165749444,TRUE,""
IMmotion150,5934,MAP2;RNF157;LRRC75B;SNTG2;EGFL7,1.133131474829,,0.516755790515841,FALSE,""
IMmotion150,5935,PPFIA4;COLEC12;CD180;AC103809.1;MAGI2,0.704601751745965,,0.0677979889870825,TRUE,""
IMmotion150,5936,PTER;PCDHGA2;GPR75;AC245041.2;TM9SF1,0.847061911438079,,0.406272524295834,TRUE,""
IMmotion150,5937,PPFIA4;STOX1;CD200R1;AP000356.2;COL11A2,1.11974403592811,,0.57331412433872,FALSE,""
IMmotion150,5938,CD163L1;DYNC1I1;STX11;TRIM54;H2AC16,1.03136381282903,,0.878117991323905,FALSE,""
IMmotion150,5939,PCDHB15;MSANTD3-TMEFF1;C5AR1;LINC02716;AFF2,0.800044965401194,,0.256541014891091,TRUE,""
IMmotion150,5940,MTARC2;GIMAP1-GIMAP5;ZNF257;PIK3C2G;LRATD1,0.941720533674001,,0.769572574486189,TRUE,""
IMmotion150,5941,HKDC1;AC068831.6;HSD17B14;PPIAL4F;GINS1,1.28817749077846,,0.214621679750499,FALSE,""
IMmotion150,5942,GULP1;ZNF669;TCF7;AC002472.2;LYVE1,0.873812073635311,,0.495724846488228,TRUE,""
IMmotion150,5943,KIT;PIP5K1B;B4GALT6;CERNA2;GATD3A,0.638457467788129,,0.0211850935120796,TRUE,""
IMmotion150,5944,TRPC6;OSGIN1;CIART;CSDC2;TESC,1.34702076262587,,0.124922187093901,FALSE,""
IMmotion150,5945,FAP;HMGN1P3;SNORA26;AC008554.1;PPM1H,0.804859083446654,,0.274919408260882,TRUE,""
IMmotion150,5946,PDE2A;RP9P;PIK3R6;AL603832.3;BANK1,0.637392160245073,,0.0299375784708762,TRUE,""
IMmotion150,5947,PHGDH;GCOM1;EML6;ST8SIA2;CCDC110,0.977927376826915,,0.904307483072914,TRUE,""
IMmotion150,5948,FAM149A;PADI2;HEYL;ZNF804B;MMP19,1.05861891413878,,0.77694432859507,FALSE,""
IMmotion150,5949,MT-ND1;ECHDC3;WDR17;SNORD57;PCDHGB3,1.21126076691724,,0.301175399589411,FALSE,""
IMmotion150,5950,PTPN3;SGK2;SNORA3A;AC125611.3;LINC01002,1.26953768596597,,0.269537956934771,FALSE,""
IMmotion150,5951,NAV3;FAM86B1;KIFC1;BAGE2;PCDHGA5,0.838707414517929,,0.379381230749419,TRUE,""
IMmotion150,5952,EPHA3;PDZRN3;FOXM1;AKR1D1;DACT1,1.11471633188477,,0.617221558731601,FALSE,""
IMmotion150,5953,AR;ADRA1B;CCRL2;HNRNPA3P1;TMC4,1.14506112913846,,0.522608212701862,FALSE,""
IMmotion150,5954,ACSM3;EML5;AL158050.1;KRT18P48;ZNF662,0.896297849317824,,0.58980809856997,TRUE,""
IMmotion150,5955,PKD1P5;OLFML1;ADCY1;PPIAP50;SCHIP1,1.29264071750095,,0.185313954466065,FALSE,""
IMmotion150,5956,HOOK1;KCNJ15;PMEPA1;BCAN;CCDC157,1.21683079354416,,0.324065265073819,FALSE,""
IMmotion150,5957,KIF4A;MMP16;MARCKSL1;SNORD65;PRTG,1.37807760304264,,0.108184649782556,FALSE,""
IMmotion150,5958,SNORA21;PCDHB19P;SSPN;AC015802.6;SCARA3,0.855189115309555,,0.4366476789091,TRUE,""
IMmotion150,5959,APBA2;AC010655.3;RFLNB;MAPK4;FAAH2,1.09242173411383,,0.677525184419946,FALSE,""
IMmotion150,5960,SNORD116-20;PPT2-EGFL8;SDC1;RPTN;RHOD,1.11298087451189,,0.582608224693099,FALSE,""
IMmotion150,5961,EIF2S2P4;SNORA40;H2BC3;PPIAP43;AL590399.1,1.02058121249367,,0.91313432911953,FALSE,""
IMmotion150,5962,EMCN;PCDH7;UBE2Q2L;AC098935.1;EPHB2,1.21404957456223,,0.318426060505112,FALSE,""
IMmotion150,5963,MT-ATP6;IL1R2;RCAN3;GRHL3;MBNL3,0.624822220054938,,0.0202143453534463,TRUE,""
IMmotion150,5964,FAM149A;LRRC37A17P;APCDD1;IGKV2D-30;SEMA7A,0.921604986875612,,0.710400170053697,TRUE,""
IMmotion150,5965,PARD6B;AC004691.2;CNRIP1;AC092667.1;CD302,1.10877765705748,,0.550689690987505,FALSE,""
IMmotion150,5966,TLR7;YBX1P10;DAPP1;PRDM9;HSD17B14,0.815581553782072,,0.305615625478765,TRUE,""
IMmotion150,5967,ZNF521;GDF15;NOL3;AC005523.2;MTHFS,1.21399262469757,,0.27790371407266,FALSE,""
IMmotion150,5968,ABCA6;ATP2A1;SCARF2;SCGB3A1;CPNE5,1.08700342448039,,0.655029401412275,FALSE,""
IMmotion150,5969,SCIN;AC093668.1;SNORA3B;AL392172.1;CD101,0.676755452739699,,0.0370990788533246,TRUE,""
IMmotion150,5970,PCSK5;ASAH2B;FZD8;MAPK4;EXOC3L1,0.83465974488644,,0.371294859878753,TRUE,""
IMmotion150,5971,PLAU;RHEBP2;STAG3;TBC1D3E;DTX2P1,0.878767691515474,,0.480209907464288,TRUE,""
IMmotion150,5972,KLF5;PLCD4;RAD54L;VPS35P1;CD226,0.85658424614962,,0.442744545896724,TRUE,""
IMmotion150,5973,OR2A7;KIF17;PCDHGB3;TRAV41;CENPU,0.610961350304058,,0.0122080345300113,TRUE,""
IMmotion150,5974,SLCO2A1;PMS2P7;TRIP13;CHRNA3;H4C9,0.972927016499053,,0.901316710739999,TRUE,""
IMmotion150,5975,CD2;SLC5A4;IGFBP6;AC074124.1;STX11,0.558359904081121,,0.00325211073973025,TRUE,""
IMmotion150,5976,PTGS1;NOVA1;CCR2;CHEK2P2;CYP2D7,1.0100059060884,,0.960026092673929,FALSE,""
IMmotion150,5977,IFI44L;KCNJ15;PRTG;RHO;MAN1C1,0.761200083038048,,0.157074870929721,TRUE,""
IMmotion150,5978,ZNF704;COL22A1;RUNX3;TRPM1;ABTB2,0.822170157988956,,0.320504393364033,TRUE,""
IMmotion150,5979,OLR1;CTAGE3P;STON1;AC117378.1;CELSR3,0.739490498291894,,0.0915766103784091,TRUE,""
IMmotion150,5980,RADX;SPON2;CASZ1;C12orf56;P3H3,1.13083480602518,,0.526134466765897,FALSE,""
IMmotion150,5981,MEIS1;ALDH4A1;ADGRE4P;HSPB3;LRRC37A6P,1.06445353401287,,0.73729819986872,FALSE,""
IMmotion150,5982,SNORD13;FPGT-TNNI3K;RFTN2;RPL21P39;CYP2S1,0.785279312873846,,0.164515421293936,TRUE,""
IMmotion150,5983,KLF5;CD69;GNA15;NELL1;RBP1,0.806908399950305,,0.300351600364323,TRUE,""
IMmotion150,5984,PCOLCE;GPR174;ABLIM2;DNM1P41;CCDC9B,0.754732961828013,,0.147716024802084,TRUE,""
IMmotion150,5985,THSD7A;ADGRD1;SARDH;RPH3A;FAM160A1,1.20101247212089,,0.35438200571587,FALSE,""
IMmotion150,5986,IL7R;AMIGO1;SPATA6L;IYD;PCDHGA7,0.749974616391345,,0.136873542357723,TRUE,""
IMmotion150,5987,ANLN;PNMA2;KCNS3;AC005020.2;GPX7,0.829104693364893,,0.348238368251607,TRUE,""
IMmotion150,5988,MT-CO3;AP000654.1;PHEX;AL033384.1;CNRIP1,0.762359066750136,,0.179616859648072,TRUE,""
IMmotion150,5989,MAP7;PNPLA3;TSPYL5;C1QTNF1-AS1;MAGI2,1.3042375804068,,0.196735724548817,FALSE,""
IMmotion150,5990,MATN2;SNORA75;SPOCK2;CRABP1;ACOX2,1.07143278068732,,0.72300735381446,FALSE,""
IMmotion150,5991,ZNF704;SCN8A;LIMD2;LY6E-DT;GRIP1,1.3332515481786,,0.139424682445424,FALSE,""
IMmotion150,5992,ANOS1;LY75;SLC4A11;BCRP2;CCND2,0.695156081781724,,0.0631942913464931,TRUE,""
IMmotion150,5993,DCLK1;GATA3;H3C1;EPYC;SEC14L2,0.796845703354932,,0.258247858617448,TRUE,""
IMmotion150,5994,KIT;CCN4;CD302;SOWAHA;CCR5,0.817721285388172,,0.312380495233506,TRUE,""
IMmotion150,5995,KCNN3;CXADR;DUSP7;AC125611.4;INHBA,0.986931733153479,,0.94548804843857,TRUE,""
IMmotion150,5996,ITGA11;MDP1;SLC25A33;CADM3-AS1;NOVA2,1.1271314526056,,0.555900933769753,FALSE,""
IMmotion150,5997,H2BC17;SCN8A;KIF2C;ELANE;APOBEC3B,1.33394334825679,,0.144307793156102,FALSE,""
IMmotion150,5998,IFI44L;GRB14;LIMD2;MYH7;H3C11,0.512897586581097,,0.000857561860528646,TRUE,""
IMmotion150,5999,MXRA7;AC023055.1;NOL3;AL359091.2;RBP1,1.16648702556811,,0.538132566313085,FALSE,""
IMmotion150,6000,CDCA2;CDHR3;TRIM2;LRRTM4;PRTG,1.10587889295062,,0.625673166211628,FALSE,""
IMmotion150,6001,STEAP3;CYB5R2;MCM10;PVALB;EDA,1.31454016255935,,0.189232408952235,FALSE,""
IMmotion150,6002,SNORA31;RPL7L1P9;DHFR2;CPSF1P1;NAP1L4P1,1.02210448552598,,0.911623169884555,FALSE,""
IMmotion150,6003,SNORD116-1;ZNF630;POU2F2;C21orf62;ARRDC5,0.667653353255528,,0.034743139023917,TRUE,""
IMmotion150,6004,CD3D;ILDR1;CD3G;EGFEM1P;CNRIP1,0.71984381057401,,0.0943693612030921,TRUE,""
IMmotion150,6005,AGAP7P;SNORD104;AC068580.4;FP236383.5;ZNF793,0.82436968489848,,0.350823643866207,TRUE,""
IMmotion150,6006,CD163L1;P2RX1;CMTM8;IGHV4-55;AL031727.1,0.910907300706399,,0.635320647225985,TRUE,""
IMmotion150,6007,TMEM91;SEC14L6;IL4I1;VTCN1;NANOGP8,1.23404037385417,,0.308938553103914,FALSE,""
IMmotion150,6008,PTTG1;PCDHGA1;SNORA71A;TAGLN3;TMC4,1.01093770245517,,0.957769695265543,FALSE,""
IMmotion150,6009,NETO2;AC011497.2;ADCY1;AC091564.3;TUB,0.955599819927266,,0.814647041286107,TRUE,""
IMmotion150,6010,FN3K;PCDHB6;TPRG1;SPINK2;HBEGF,0.923347620332484,,0.719706853155578,TRUE,""
IMmotion150,6011,OLFML2A;ZNF311;RTP4;AC245041.2;TEF,0.741458549640883,,0.111961865613788,TRUE,""
IMmotion150,6012,H2BC9;FKBP14;CD28;SH3GL1P2;SLC6A1,1.07044020563255,,0.749281212834121,FALSE,""
IMmotion150,6013,MT-CYB;CGREF1;SMAD6;NPM1P51;CCR2,0.760170941177544,,0.190119266865207,TRUE,""
IMmotion150,6014,PLAU;CGREF1;PIGAP1;WEE2;CCDC74B,0.904924023557793,,0.651053272950094,TRUE,""
IMmotion150,6015,SLC2A10;EFNA5;FZD8;AC007938.2;UST,1.2088569503701,,0.361359833647721,FALSE,""
IMmotion150,6016,ACSM3;CFAP43;LIMS2;CTSLP2;ZNF334,1.16064458850163,,0.467748996085761,FALSE,""
IMmotion150,6017,SNORA21;S100A9;RAMP3;INTS4P2;AC112777.1,1.01495083099816,,0.937940910764173,FALSE,""
IMmotion150,6018,PTGS1;GIMAP1-GIMAP5;SLAMF8;SIM2;STARD5,0.678983945640671,,0.0478419658282249,TRUE,""
IMmotion150,6019,APBA2;FAM86C2P;GPAT3;AL606469.1;SLC6A1,0.805669418794068,,0.300820951307556,TRUE,""
IMmotion150,6020,ITGA8;SLC9A3;CDH24;FAM138D;ABLIM2,1.17343651806065,,0.424741027027719,FALSE,""
IMmotion150,6021,CD248;METTL15P1;SLC7A8;CCL13;SCARNA8,1.06363193683161,,0.778805548076196,FALSE,""
IMmotion150,6022,OLR1;CCDC68;SNORA60;GNG4;PSORS1C1,0.651467855045208,,0.039325594469549,TRUE,""
IMmotion150,6023,IRAG1;JPH2;SLC6A1;AC025279.2;TONSL,1.36738978228034,,0.106242730166345,FALSE,""
IMmotion150,6024,PCSK5;PET117;SLC2A3P2;AP000356.2;SNORA16A,0.715430235654687,,0.0749024171200072,TRUE,""
IMmotion150,6025,FLG-AS1;HYLS1;TMEM156;SLAMF9;RALGPS1,0.494269043455689,,0.00790110877397232,TRUE,""
IMmotion150,6026,TBX3;GPR39;RSAD2;GABRB1;BAMBI,0.620309265230827,,0.0204342946543916,TRUE,""
IMmotion150,6027,PDLIM3;ZNF229;LINC01138;FBLL1;HOXB6,1.08679010423901,,0.689961420751441,FALSE,""
IMmotion150,6028,MATN2;CCL14;IKZF3;ARPP19P2;ESR1,0.843767432008936,,0.386837245387424,TRUE,""
IMmotion150,6029,LEF1;ANK1;ORC6;IGHV1-58;H3C8,0.858285052210061,,0.431352144464357,TRUE,""
IMmotion150,6030,PTGS1;KIF5C;ALDH7A1P1;EN2;Z74021.1,0.699546667100363,,0.12382077209136,TRUE,""
IMmotion150,6031,SERPINI1;INAVA;LY96;BAALC-AS2;SLC17A9,1.04720982428601,,0.82375923355312,FALSE,""
IMmotion150,6032,ALPK3;ZNF669;PRRG4;TBC1D3I;OSBP2,0.83537606024441,,0.382498101275512,TRUE,""
IMmotion150,6033,PLEKHA7;FAM72B;ST6GALNAC6;RPS20P12;KCNK5,0.775062390330119,,0.17104682235625,TRUE,""
IMmotion150,6034,SNORD116-1;ICA1L;ZNF876P;IRGM;TICRR,0.990388261505488,,0.96242055041369,TRUE,""
IMmotion150,6035,NOX4;PCDH7;SOCS3;RNASE10;PKDCC,1.37875046223158,,0.140582827004704,FALSE,""
IMmotion150,6036,DENND2A;ZNF99;SIK1;GSDMA;KIF15,1.016633198532,,0.933872438010254,FALSE,""
IMmotion150,6037,PPFIA4;ZNF669;RPL23AP32;IGKV6D-21;ADAM32,0.962824188478318,,0.85819515187486,TRUE,""
IMmotion150,6038,SNORD116-23;TRAT1;C1QTNF1;PCSK2;ANKRD29,0.621547243496851,,0.0201051955408157,TRUE,""
IMmotion150,6039,GGT5;LYSMD1;PSORS1C1;STEAP3-AS1;SNORA55,0.686136417994611,,0.0534332429080976,TRUE,""
IMmotion150,6040,FILIP1;INMT-MINDY4;ZNF816-ZNF321P;SNORD65;SNORA71A,0.93251585852072,,0.68166979532215,TRUE,""
IMmotion150,6041,TSPAN13;LOXL1;AC112777.1;SLFN14;AC021078.1,1.23157929524495,,0.334013825777234,FALSE,""
IMmotion150,6042,ITK;INAVA;DUSP7;CCNO;STEAP2,0.73240441530114,,0.117163557547996,TRUE,""
IMmotion150,6043,MXRA8;MDP1;SLC22A4;AC239859.5;PRKAR2B,0.695856752048053,,0.0749524677933227,TRUE,""
IMmotion150,6044,MAP2;ZNF565;IER2;H2AB2;ADAMTS6,1.2534250993605,,0.185371136529431,FALSE,""
IMmotion150,6045,CD248;SHB;SNORA59B;SYCE1;GRHL1,1.08867619374132,,0.681842076329165,FALSE,""
IMmotion150,6046,HYDIN;CDA;LILRB5;DDX18P3;MEFV,1.05159440699643,,0.786319504035777,FALSE,""
IMmotion150,6047,ADAM12;CFAP91;IL2RB;AC073534.1;SRRM5,0.788979123558465,,0.262861952054975,TRUE,""
IMmotion150,6048,GPR183;AGBL3;CLEC14A;UNC5D;GOLGA8K,1.03058695149134,,0.88343261173702,FALSE,""
IMmotion150,6049,PLAU;CFAP94;PCDHGB3;GGTLC3;DUSP7,0.823396358966543,,0.316029392552165,TRUE,""
IMmotion150,6050,SLCO2A1;ETNK2;AK1;PHOSPHO1;SLC2A3P2,0.975360654777137,,0.894933638421515,TRUE,""
IMmotion150,6051,TRBC2;COL22A1;ACTBP4;AC004947.2;PTGDR,0.826108326773051,,0.292251762210078,TRUE,""
IMmotion150,6052,BUB1B;LYSMD1;GAMT;SNORA36A;HOXA3,0.920367450896931,,0.657754010402878,TRUE,""
IMmotion150,6053,NCF1C;CCN4;CC2D2B;SLC6A14;POU2F2,0.681562689607526,,0.0477978533848456,TRUE,""
IMmotion150,6054,OR2A7;SEC14L6;DET1;PLCZ1;HOXD8,0.934075519076993,,0.728160135356018,TRUE,""
IMmotion150,6055,BUB1;AL512356.1;GCSHP5;ARHGDIG;CSTA,0.963772505715697,,0.858268285389763,TRUE,""
IMmotion150,6056,CCDC141;MICOS10-NBL1;RHPN1;ADAM21;IL12RB1,1.02096554792531,,0.914331691287643,FALSE,""
IMmotion150,6057,PKD1P5;AC026150.3;MACROD2;DLX3;TSPAN5,0.869296237940211,,0.430833864365351,TRUE,""
IMmotion150,6058,KCNN3;CNTN4;ZWINT;CNTN2;TCF7,0.919134973803415,,0.707528862211787,TRUE,""
IMmotion150,6059,IRAG1;ACP3;GPX7;AC007384.1;CIART,0.945588434955792,,0.759697926659738,TRUE,""
IMmotion150,6060,KIF4A;TOX;DTX2P1;ZNF705A;SNORA72,0.857290790491298,,0.431305946440816,TRUE,""
IMmotion150,6061,SDK1;BTNL9;PLK1;FOXA1;EPHB3,1.08749919094285,,0.664512492440946,FALSE,""
IMmotion150,6062,SMAD9;FLRT2;TLR8;ARC;ACAP1,0.763063095859721,,0.186397876753017,TRUE,""
IMmotion150,6063,SNORA31;HLF;ADAMTS6;ST13P20;KATNAL2,0.937053114513166,,0.737499847186298,TRUE,""
IMmotion150,6064,SSC5D;CKAP2L;ZNF257;NCCRP1;CEBPD,1.11435298308476,,0.581403545833646,FALSE,""
IMmotion150,6065,PLA2G7;GRID1;RAG1;POC1B-GALNT4;ZNF454,0.86258741709672,,0.431837901889028,TRUE,""
IMmotion150,6066,ITK;CNTN4;KLF2;AL513478.4;ABCA10,0.874737399289768,,0.511893653649762,TRUE,""
IMmotion150,6067,ITGA11;AP000654.1;UBBP4;RPL32P29;SOCS2,0.944858927924982,,0.79886583770957,TRUE,""
IMmotion150,6068,MAP2;CBS;AC092068.3;TFAP2B;MTHFS,1.16429134257703,,0.451687531427456,FALSE,""
IMmotion150,6069,CSPG4;NDC80;DAPK2;EIF3LP2;HSD17B14,1.04544423974679,,0.814417856209864,FALSE,""
IMmotion150,6070,NOSTRIN;CREB3L1;AXIN2;IGKV2-29;THRB,0.95205164681086,,0.797984879346435,TRUE,""
IMmotion150,6071,SGPP2;SPDYE18;ZNF491;PCP2;TSPAN2,0.805107275314714,,0.205111718917056,TRUE,""
IMmotion150,6072,ADAM12;RNF152;TPRN;ENTPD8;CIDEB,1.12470847915759,,0.540071081683021,FALSE,""
IMmotion150,6073,MT-ND1;CTAGE3P;H3C11;LYPD6;TLK2P2,0.718148275186021,,0.0725245950839709,TRUE,""
IMmotion150,6074,MAP2;EFR3B;PCED1B;CRB2;RAD51,0.718309197311179,,0.0751586142864645,TRUE,""
IMmotion150,6075,ALDH1L2;OLFML1;ZNF483;SNORA11D;PHEX,0.942194896277709,,0.758607325781728,TRUE,""
IMmotion150,6076,IFI27;RBP7;ORC6;AC007687.1;MILR1,0.821286605510255,,0.360323342139907,TRUE,""
IMmotion150,6077,POU5F1;AC068831.6;LINC02449;ALLC;EYA2,0.875476799109681,,0.496880857421006,TRUE,""
IMmotion150,6078,FLG-AS1;PLGLB2;CCR1;AC079298.3;CD80,0.89277545870076,,0.535949992730792,TRUE,""
IMmotion150,6079,TBX3;GOLGA8IP;NEURL1B;MT1H;LILRB5,0.897102652912586,,0.613957517700582,TRUE,""
IMmotion150,6080,SCIN;NANOGP4;TBXA2R;AC091564.3;ELOVL6,0.941428585741544,,0.761860901719303,TRUE,""
IMmotion150,6081,REPS2;SNORA51;AL096711.2;OIT3;SPTBN5,1.15117616301527,,0.423952282340086,FALSE,""
IMmotion150,6082,AKAP6;FTH1P5;SCUBE2;AGGF1P2;CASS4,0.816846029048923,,0.260855791654206,TRUE,""
IMmotion150,6083,CAVIN2;TSPAN7;DHFR2;PRSS2;PAFAH1B3,0.926068336591516,,0.680909102034413,TRUE,""
IMmotion150,6084,PKD1P5;AL162417.1;IER2;AC093512.2;SPSB1,1.03420628778205,,0.857879620674001,FALSE,""
IMmotion150,6085,SNORD116-20;CKAP2L;IKZF3;MKRN8P;GINS1,0.928140625149088,,0.72238212958653,TRUE,""
IMmotion150,6086,SNORD116-22;KCP;CD180;PLA2G1B;C1QTNF3,0.947561195056977,,0.792221127827832,TRUE,""
IMmotion150,6087,CDCA2;MANEAL;SOCS2;PMS2P11;CENPI,1.28208514194822,,0.244898784682011,FALSE,""
IMmotion150,6088,FTH1P20;IQCA1;ITGA10;FAM25BP;SNORA6,1.00979462618454,,0.959873628266062,FALSE,""
IMmotion150,6089,BUB1B;NRG3;H3C1;ZBED2;ADAMTS17,0.78412760965791,,0.215435351028554,TRUE,""
IMmotion150,6090,ADAMTSL2;RPP14;SSPN;CYP2B6;DAPP1,0.780662948752027,,0.215083695261589,TRUE,""
IMmotion150,6091,SNORD13;SHC2;RNF138P1;TRAPPC3L;DUSP4,1.1467369514508,,0.494934211973805,FALSE,""
IMmotion150,6092,MEST;GRID1;SSPOP;AL117348.2;ABCA10,1.21334842879454,,0.333554046119155,FALSE,""
IMmotion150,6093,ABCB4;UBE2C;PLEK2;C5orf38;TTK,0.9994031719868,,0.997545640716553,TRUE,""
IMmotion150,6094,EHHADH;GCOM1;DTL;AGKP1;KLF2,1.18002364554467,,0.400708765454334,FALSE,""
IMmotion150,6095,GBP5;MANEAL;RFTN2;OTC;TSHZ2,0.837556285842298,,0.346598160068118,TRUE,""
IMmotion150,6096,JAM3;FNDC4;TRIM6;ANKRD34B;PATL2,0.874383504428977,,0.525400073135409,TRUE,""
IMmotion150,6097,TMEM200A;PCDHGA2;CYP2S1;PON1;EIF5A2,0.935684496915481,,0.721500434833737,TRUE,""
IMmotion150,6098,AMACR;EXO5;TEKT4P2;IGLV10-54;PCDHGA5,0.75880242422659,,0.174314360780082,TRUE,""
IMmotion150,6099,GPC4;LRRC37A17P;GSTM3;HAO1;PCDHGA3,0.802860595742686,,0.331005682473961,TRUE,""
IMmotion150,6100,LAMB3;TRIM45;FZD7;OR11H2;NEURL1B,1.21337599826674,,0.290358313829407,FALSE,""
IMmotion150,6101,AGAP7P;CBS;ARHGEF15;LYPD6B;COL11A2,1.07776838398389,,0.704741453626529,FALSE,""
IMmotion150,6102,C5;CEP170P1;H3C1;LHX9;HLA-DOA,0.933545360817564,,0.74650954411474,TRUE,""
IMmotion150,6103,PCDHGB4;PTGS2;TEKT4P2;CST1;CC2D2B,0.96476477153359,,0.837392630418838,TRUE,""
IMmotion150,6104,OLR1;NTRK3;ZNF214;RPL3P5;TREM2,0.917775974334794,,0.666447882432338,TRUE,""
IMmotion150,6105,AK4;AC068831.6;SEMA6D;CACNG5;FCN1,0.733217370331963,,0.154094317526865,TRUE,""
IMmotion150,6106,LDLR;RP9P;TMEM150C;KPNA7;SCD5,0.686756797724125,,0.0778414421958579,TRUE,""
IMmotion150,6107,LEF1;SHC2;VNN2;SLC34A3;H3C13,0.898803987731434,,0.598084344426688,TRUE,""
IMmotion150,6108,PSD3;GIMAP1-GIMAP5;SSPOP;LINC01159;ARHGEF15,0.806463960543947,,0.260282233254484,TRUE,""
IMmotion150,6109,AFF3;SLAMF7;CENPU;FOXG1;UBE2Q2L,0.754292417139169,,0.152131017730315,TRUE,""
IMmotion150,6110,DKK3;MT-ND4L;ZNF483;VWA3B;TSPAN2,0.852506725094314,,0.412954489437153,TRUE,""
IMmotion150,6111,PCDHGB5;ILDR1;SNORD9;CPN1;SLC25A33,1.08801604400306,,0.664366944574414,FALSE,""
IMmotion150,6112,FCGR1B;CDHR3;SLC16A5;ATP2B3;SNORA3A,0.969351140776419,,0.878166575389621,TRUE,""
IMmotion150,6113,RRAGD;AC068831.6;SNORD116-14;AC008758.5;SLC35G2,0.985529199976358,,0.938553646768806,TRUE,""
IMmotion150,6114,CTAGE6;AC009078.3;SLC43A1;GLTPD2;COL11A2,0.819828949422042,,0.276105031487968,TRUE,""
IMmotion150,6115,FCGR1B;ENPP5;PKDCC;UGT2B26P;WASF3,0.684908694950427,,0.054610259848103,TRUE,""
IMmotion150,6116,ABCB4;TRIM16L;NRXN2;SLN;RBKS,0.794571515046313,,0.228253479469691,TRUE,""
IMmotion150,6117,CD2;CCDC148;DET1;MORN5;TMC4,0.668317802233819,,0.046428511299579,TRUE,""
IMmotion150,6118,TBX3;OSGIN1;TPPP3;AC132872.3;SNORA16A,1.44136846510774,,0.0663415873224729,FALSE,""
IMmotion150,6119,PCDHGB5;AL591806.2;HJURP;RPL21P7;SARDH,0.903137980597229,,0.61617092918638,TRUE,""
IMmotion150,6120,HILPDA;MDP1;CCRL2;CDH19;AK7,0.686202121831169,,0.0509691908389883,TRUE,""
IMmotion150,6121,THSD7A;SLC14A1;LRATD1;PPIAP51;BRSK1,1.07397611884913,,0.713178565260968,FALSE,""
IMmotion150,6122,PCDHGB2;CNTN4;EML6;GPA33;TONSL,0.975312488877692,,0.900038404097421,TRUE,""
IMmotion150,6123,SNORD116-23;VANGL2;HEYL;PMCH;STEAP2,1.03043142751148,,0.87905348802542,FALSE,""
IMmotion150,6124,SNORD118;DEPDC7;SNORD16;AC011767.1;RCAN3,0.881364078081281,,0.533047356007124,TRUE,""
IMmotion150,6125,IL2RG;NEIL3;NEK10;TRBV30;ZDHHC23,0.752575763272885,,0.16614112448706,TRUE,""
IMmotion150,6126,PCDHB11;ITIH4;SYDE2;PM20D1;B4GALT6,0.879060152995246,,0.506147539559152,TRUE,""
IMmotion150,6127,CNTNAP3P2;CGREF1;SLC9A7P1;SNORD27;IL21R,0.917966816823069,,0.689788331152859,TRUE,""
IMmotion150,6128,MEIS1;ZNF565;CD33;PRSS2;FAM184A,0.655601326259282,,0.0397506636728938,TRUE,""
IMmotion150,6129,PCSK5;MT1F;CCR2;GRIA2;NANOGP8,0.755801656196669,,0.151539491275807,TRUE,""
IMmotion150,6130,RETREG1;ZSWIM5;H3C11;MGAT4C;PDCD1LG2,0.698483166350473,,0.0727023954620239,TRUE,""
IMmotion150,6131,RETREG1;CNTN4;FHAD1;OIT3;RNF125,0.700758794908579,,0.0923348455678572,TRUE,""
IMmotion150,6132,TLR7;NANOGP4;GRAPL;SNORD12B;FAM83D,0.922948411162053,,0.680812428846109,TRUE,""
IMmotion150,6133,PCDHB11;ZNF713;CATSPERE;AC004947.2;SNORA72,0.818284916878355,,0.33163582475283,TRUE,""
IMmotion150,6134,FAT3;FLRT2;E2F8;VWA5B2;STON1,0.957867351309447,,0.819413129507503,TRUE,""
IMmotion150,6135,TRBC2;NR2F1;ZNF596;RPL32P29;NEK10,0.755656378439034,,0.180107081183366,TRUE,""
IMmotion150,6136,MYRF;CEP170P1;PCDHGA8;SLC23A4P;RGS18,0.576065902595458,,0.00529908220825586,TRUE,""
IMmotion150,6137,MT-CO2;RPP14;NCAPG;STAC2;LYVE1,1.02637933122866,,0.903663434346731,FALSE,""
IMmotion150,6138,PTGS1;AVPR1A;PIGAP1;H2AB3;GALNT3,1.17343294595971,,0.436806109806111,FALSE,""
IMmotion150,6139,PTPN3;OLFML1;CACNB2;SPDYE2;AC124944.2,1.01562245209235,,0.939088317151205,FALSE,""
IMmotion150,6140,BAIAP2L1;LRCH2;NANOGP8;HNRNPA1P30;TRIM34,0.877526445511758,,0.469877087980336,TRUE,""
IMmotion150,6141,SNORA61;TNFRSF9;ZNF257;KRT19P1;KIFC1,0.867437435395446,,0.468663700339613,TRUE,""
IMmotion150,6142,ALOX5AP;KIF20A;EYA2;LHX2;AGER,0.927569721386274,,0.687342850774368,TRUE,""
IMmotion150,6143,ANG;ESRP2;ZNF257;NPAS4;LETM2,0.914421869599653,,0.612073783719915,TRUE,""
IMmotion150,6144,FHL2;CLDN7;BANK1;RASSF10;SOCS3,1.06015488966259,,0.765019575559139,FALSE,""
IMmotion150,6145,OLFML2A;OSBPL6;SSPN;PGPEP1L;BMERB1,1.09286679544496,,0.65895140673331,FALSE,""
IMmotion150,6146,SNORD116-1;ZNF727;AC004997.1;ELOVL3;AKR1E2,1.39876471306254,,0.0746382955776206,FALSE,""
IMmotion150,6147,TTC39A;NTRK3;GALNT3;SHOX2;LZTS1,1.19925405639001,,0.342837081257173,FALSE,""
IMmotion150,6148,FHL2;TRIM16L;ELAPOR2;AC111000.1;H3C7,0.997786950550326,,0.990545766412126,TRUE,""
IMmotion150,6149,SNORD13;ARHGEF16;IKZF3;NPFFR1;HHEX,0.666088164642942,,0.0476725336033826,TRUE,""
IMmotion150,6150,PLVAP;BTNL9;MDGA1;IGHV7-4-1;TSNAXIP1,1.2342448680349,,0.301991205069322,FALSE,""
IMmotion150,6151,FTH1P20;EXPH5;ABCG2;FOLR3;RGS16,1.04067396101325,,0.860087395964018,FALSE,""
IMmotion150,6152,RGPD3;GRB7;ZNF470;UMODL1;KCNA3,0.818420048959685,,0.278115108550486,TRUE,""
IMmotion150,6153,PHGDH;CD69;LZTS1;UTS2;EPHB3,1.54077991946407,,0.0493708093574839,FALSE,""
IMmotion150,6154,SNORA21;ADAM23;CFAP53;TMEM74;ZNF483,0.921302142530562,,0.679178003988655,TRUE,""
IMmotion150,6155,CSPG4;OSBPL6;CD33;IGKV1D-43;SNORA3B,0.836975453923518,,0.339535969331866,TRUE,""
IMmotion150,6156,IL2RG;SNORA51;SCUBE2;RPL23AP87;TESC,0.781361996194107,,0.212005223617747,TRUE,""
IMmotion150,6157,HYDIN;ZNF669;SNORA59A;RPS4XP5;SNORA50A,0.857615269255584,,0.43527385974396,TRUE,""
IMmotion150,6158,MYOM1;TMEM184A;CD6;AC234781.2;IQCC,1.06482957472427,,0.737533318630123,FALSE,""
IMmotion150,6159,GOLGA8M;GNLY;FAM72A;SYCE3;KLHL3,0.785370084552504,,0.217473661803481,TRUE,""
IMmotion150,6160,APOC1;ZNF711;ADRB2;KRT19P1;SLC7A8,0.97723664037529,,0.908350681875542,TRUE,""
IMmotion150,6161,SMAD9;ZNF565;RALGPS1;TRAV20;CASZ1,0.716648002617703,,0.138183615139272,TRUE,""
IMmotion150,6162,NOSTRIN;FAM157C;SNORD67;RNVU1-7;AD000090.1,0.793815137925904,,0.193084863147339,TRUE,""
IMmotion150,6163,PLAUR;C11orf98;SNORA71A;BTNL3;LSR,0.93528753778941,,0.712844184422406,TRUE,""
IMmotion150,6164,AKAP6;CFAP43;RBKS;CIDEC;KLRD1,0.852714711729081,,0.363662326584924,TRUE,""
IMmotion150,6165,CEACAM1;USP2;SNORD67;RPL7L1P2;CLCN4,0.949122637956181,,0.786568795421016,TRUE,""
IMmotion150,6166,ZFHX4;EBF2;P2RY1;SYCE3;ELAPOR2,1.12518503333247,,0.557434457127515,FALSE,""
IMmotion150,6167,CD3E;SEMA3B;RAD51;AC233968.1;FOXM1,0.806563110022126,,0.280798543434307,TRUE,""
IMmotion150,6168,CD2;PTN;AGBL2;ONECUT1;MARK1,0.994025762816842,,0.976115741194605,TRUE,""
IMmotion150,6169,KRBA1;KLHL4;LILRA5;AC133561.1;LY96,1.13247317698984,,0.553088826834076,FALSE,""
IMmotion150,6170,KIT;ACKR4;AMIGO2;LINGO4;FRMD3,0.674696870598985,,0.0408999877395764,TRUE,""
IMmotion150,6171,NAV3;F2RL1;UBE2Q2L;AC002472.2;SCAMP5,0.983457208178198,,0.928703614972823,TRUE,""
IMmotion150,6172,SEZ6L2;SHC2;GRAP2;MTND4P12;RSAD2,1.03081311092582,,0.878452194214026,FALSE,""
IMmotion150,6173,PTER;RASSF6;GPR34;DSG1;HID1,0.734337863227103,,0.102635917315706,TRUE,""
IMmotion150,6174,BCAT1;PYGO1;HK3;C6orf141;TIGD2,0.727952857026202,,0.126934111081995,TRUE,""
IMmotion150,6175,SMOC2;NR2F1;MBD3;B3GALT5-AS1;LINC02449,1.42370245041895,,0.0581790826402488,FALSE,""
IMmotion150,6176,KITLG;RIPK4;KCNS3;SLC7A10;TPRG1,1.02324950710881,,0.907279764449864,FALSE,""
IMmotion150,6177,ACP5;CHMP4BP1;PTCH2;PPP1R42;SNORD67,0.676596150035686,,0.0406679283152743,TRUE,""
IMmotion150,6178,MXRA8;GPR160;AC021078.1;CEACAM20;HSPA6,1.04731771335889,,0.814890145683986,FALSE,""
IMmotion150,6179,H2BC17;IGFBP2;RUNX3;LINC00092;BMP2,0.70890030417828,,0.0859730804483465,TRUE,""
IMmotion150,6180,RGS2;SLAMF1;CDK1;FAM163A;MTHFS,0.975327258429826,,0.907006051067858,TRUE,""
IMmotion150,6181,TSPAN13;SLCO4A1;ASMTL-AS1;LRRTM4;SNORA60,1.05987998381531,,0.760121654355806,FALSE,""
IMmotion150,6182,SMOC2;FAM122A;PGM5;AC117378.1;DIPK2B,0.810406303167982,,0.287442060489775,TRUE,""
IMmotion150,6183,HGF;KBTBD3;GPT2;FCER2;ESR1,0.941068368275503,,0.771176452866995,TRUE,""
IMmotion150,6184,GXYLT2;PLAC8;AC092068.3;GPA33;KIF15,0.838433587137446,,0.351033773172177,TRUE,""
IMmotion150,6185,MXRA8;GPR160;IGSF9B;SLC6A14;ADORA3,0.788414661858511,,0.236297492251474,TRUE,""
IMmotion150,6186,CCL2;BAIAP3;PRELID2;DPPA2P4;SOX18,1.3568026806664,,0.11829680902198,FALSE,""
IMmotion150,6187,GGT5;ABT1;EDA;GLTPD2;NAP1L4P1,0.838850554541527,,0.340202324719049,TRUE,""
IMmotion150,6188,CDCP1;YBX1P10;SOX5;AC005329.1;MBNL3,0.998048581743408,,0.992186276598419,TRUE,""
IMmotion150,6189,PPFIA4;SLITRK4;SSPN;AC083809.1;ZNF660,0.762587817015941,,0.125768418368634,TRUE,""
IMmotion150,6190,PCDHB12;MYOM2;SCAMP5;AC133555.3;PRH1,1.27737572494581,,0.190274439176929,FALSE,""
IMmotion150,6191,PCDH17;ACTG1P14;TP53INP2;SLC6A15;RGS9,0.874405872224286,,0.455920923981957,TRUE,""
IMmotion150,6192,SELL;ZNF665;NEURL1B;AC013489.1;IL4I1,0.708180458118871,,0.0931674901133463,TRUE,""
IMmotion150,6193,NOX4;TRIM16L;PPP1R16B;DIO1;C1orf21,0.766180789397067,,0.304136884484391,TRUE,""
IMmotion150,6194,TRPC6;ESRP2;ADAMTS3;POU5F1P4;CYP2D7,1.33051173928523,,0.162105178125394,FALSE,""
IMmotion150,6195,KCNN3;PWP2;RPSAP15;IMMTP1;NUAK2,0.866462465166869,,0.432902758734013,TRUE,""
IMmotion150,6196,ADM;METTL7B;FBXL7;LINC01622;CCR5,0.931840055948104,,0.692586137113897,TRUE,""
IMmotion150,6197,HYDIN;PYCR1;IL12RB1;AC112491.1;GNA15,0.775486789835232,,0.175362520766871,TRUE,""
IMmotion150,6198,RETREG1;BMPR1AP2;IGF1;CEACAM5;ZNF334,0.920731591813499,,0.629496658702783,TRUE,""
IMmotion150,6199,KDELR3;TRGC1;AC136632.1;AC011330.3;ABCB9,1.06661761677587,,0.74423010830615,FALSE,""
IMmotion150,6200,SELENBP1;HRC;PRTFDC1;OR2T10;CLEC14A,1.16214397716298,,0.410043208997197,FALSE,""
IMmotion150,6201,SNORA31;TCIM;HHEX;HRG;EIF5A2,1.09919080008926,,0.66764701108,FALSE,""
IMmotion150,6202,SELL;GZMK;NAALADL2;AC254629.1;AL158050.1,0.726165591284731,,0.103317981344678,TRUE,""
IMmotion150,6203,RHOB;ZNF669;H3C2;KIR3DL2;MSC,1.13474775842651,,0.534073578264004,FALSE,""
IMmotion150,6204,TSPAN13;SYBU;MMP11;CDHR4;FEZ1,1.23680516104053,,0.284965922183917,FALSE,""
IMmotion150,6205,OR2A7;AP000654.1;MROH7;OTC;CD101,0.75667881572293,,0.149310571351969,TRUE,""
IMmotion150,6206,DLL4;ABT1;SPOCK2;DRC1;CMTM8,0.723058518816592,,0.111996723847137,TRUE,""
IMmotion150,6207,NCKAP5;ABCF2;GNA15;AC007326.1;ARHGEF15,0.828950382505784,,0.324243882012561,TRUE,""
IMmotion150,6208,PCDHB15;GJA5;MPP7;CACNG5;CCR1,0.677181192934068,,0.0483850194158926,TRUE,""
IMmotion150,6209,SNORD116-23;SPON2;SPN;TTC4P1;KCNK5,1.0882394018053,,0.666195179652156,FALSE,""
IMmotion150,6210,IRAG1;RNF157;TMC7;CMA1;TSHZ2,0.935666045363648,,0.72028219343105,TRUE,""
IMmotion150,6211,DLL1;TRPM6;H4C6;PF4;ARNTL2,0.923621621243714,,0.688115388005974,TRUE,""
IMmotion150,6212,FCGR1B;KLHL4;CSPG4P12;STAR;CDH24,0.924998060188102,,0.674877873780679,TRUE,""
IMmotion150,6213,CD3E;PYCR1;KCNA3;AC244517.11;FAM13C,0.843267117183034,,0.39541591265848,TRUE,""
IMmotion150,6214,LEF1;MAGEE1;HIC1;AC009951.4;PIH1D2,0.786078356521177,,0.2214458366944,TRUE,""
IMmotion150,6215,MATN2;LOXHD1;FAM227A;AC242426.2;PATL2,0.892950171190092,,0.534757245844638,TRUE,""
IMmotion150,6216,DSEL;FTH1P5;AL590399.1;KCNJ13;SLC9A7P1,0.814817863655322,,0.32361390778739,TRUE,""
IMmotion150,6217,IFI27;AVPR1A;FBXO16;CAPN9;ZNF433,1.05688744002701,,0.758034045226619,FALSE,""
IMmotion150,6218,SMOC2;RIPK3;PCDHGA7;A4GNT;PECAM1,0.789701149652315,,0.133179139749069,TRUE,""
IMmotion150,6219,SLCO2A1;AC036108.2;PGAP4;AC098935.1;CFAP53,1.36623072478042,,0.143643521791531,FALSE,""
IMmotion150,6220,PLEKHA7;EGF;RGS9;AP000356.2;HOXA2,0.890649893896611,,0.570461262144995,TRUE,""
IMmotion150,6221,FBP1;FAM86B1;ZNF366;UGT2B24P;GJA4,1.16483441564924,,0.427216046317129,FALSE,""
IMmotion150,6222,GPC4;ESCO2;SIK1;NR0B1;CD6,0.718354787019279,,0.102708096668319,TRUE,""
IMmotion150,6223,TMEM200A;MMP16;PAPPA;AL138963.3;GRAP2,0.851548463347422,,0.465763763999956,TRUE,""
IMmotion150,6224,RASL11A;LRRC37A17P;RPS2P46;FAM71A;SNORA50A,1.27362538310295,,0.198433536305597,FALSE,""
IMmotion150,6225,SDHAP2;SPATA17;SNORA46;SERPINB7;MACROD2,1.13895762088969,,0.537730103613156,FALSE,""
IMmotion150,6226,MXRA7;QPCT;SLC25A33;C6orf118;ZNF454,1.21285336847431,,0.332417324906006,FALSE,""
IMmotion150,6227,GOLGA8M;AC139769.1;ZNF257;KCNH1;CLEC14A,1.00942248480419,,0.956625574234173,FALSE,""
IMmotion150,6228,PDGFD;NPIPB8;DIPK2B;EGFEM1P;FAHD2B,0.80726805071235,,0.227200928655868,TRUE,""
IMmotion150,6229,PDLIM3;EML5;GGH;MRAP2;CCSER1,1.03960582993491,,0.834347447703568,FALSE,""
IMmotion150,6230,COL4A4;SLC9A3;MARCKSL1;CDCP2;HHEX,0.96534393222357,,0.857424191455561,TRUE,""
IMmotion150,6231,NAV3;SORCS2;MREG;AVPR1B;CIART,0.95031682360103,,0.785423015773508,TRUE,""
IMmotion150,6232,TENM4;NANOGP4;AC092068.3;RORB;SFXN2,0.726679442333165,,0.166937764823496,TRUE,""
IMmotion150,6233,PARM1;CDHR3;EPHB3;RAB25;RANBP17,1.04494733918182,,0.827368267088708,FALSE,""
IMmotion150,6234,ALDH1L2;ZNF630;AC004890.2;LPA;ACOX2,0.894970123151904,,0.559708957792793,TRUE,""
IMmotion150,6235,SDK1;SUMO1P3;CASZ1;MAGEC1;AL096711.2,0.704936039014446,,0.0883045033213126,TRUE,""
IMmotion150,6236,HYDIN;BMPR1AP2;TMEM132A;RPL32P20;CCDC110,0.71968014158235,,0.140504919659582,TRUE,""
IMmotion150,6237,ETV1;ICOS;TBXA2R;ANKRD62;ASTN2,0.780833760766653,,0.217259710683095,TRUE,""
IMmotion150,6238,PTGIS;ETNK2;SPAG4;NDUFB4P12;RNU4ATAC,1.25361099568438,,0.23756903820582,FALSE,""
IMmotion150,6239,LDHAP4;METTL7B;COL11A2;TCEAL2;ABCA10,1.0254544115068,,0.894437996543616,FALSE,""
IMmotion150,6240,GHR;TBCEL-TECTA;BRSK1;ENTPD3;SCAMP5,1.13490666921132,,0.519352006300336,FALSE,""
IMmotion150,6241,ZNF90;PROM2;KCNS3;AVPR2;CHST2,0.824305857886015,,0.343450202540996,TRUE,""
IMmotion150,6242,LRP4;P2RY12;DAPP1;TCEAL5;LILRB5,0.796117449526181,,0.229759356494223,TRUE,""
IMmotion150,6243,KIT;AC034102.1;SEPTIN1;HEPHL1;ARNTL2,0.574493655781848,,0.0126028268657763,TRUE,""
IMmotion150,6244,MT-ND2;SHB;DGKG;MORN5;MT-ND3,0.688216552202856,,0.041534972035872,TRUE,""
IMmotion150,6245,GGT5;GRID1;TWF1P1;EFCAB3;ABTB2,1.16233891560815,,0.506021041321918,FALSE,""
IMmotion150,6246,PC;TRGC1;CFAP53;MICOS10P2;MTHFS,0.982334512773836,,0.926415888813877,TRUE,""
IMmotion150,6247,CEACAM1;AC233699.1;ABCG2;AC005329.1;EID3,0.682640370713652,,0.0988440398988253,TRUE,""
IMmotion150,6248,PCDH17;PWP2;DGCR6;C8B;POU2F2,0.817190107834698,,0.299977383482828,TRUE,""
IMmotion150,6249,ANG;AC011497.2;IGFBP6;TRGV5P;ADAM32,0.691439205218634,,0.0385109007195911,TRUE,""
IMmotion150,6250,TSC22D3;ZNF471;AL031727.1;IGFL2;CD72,0.617112241704534,,0.012177430822099,TRUE,""
IMmotion150,6251,EPHA3;TNFRSF19;WASF3;KRT8P37;ZNF135,0.818684464301977,,0.303252562750058,TRUE,""
IMmotion150,6252,NCF1C;TGFB2;PCDHGA8;AL391987.2;TMEM132A,0.749831492300919,,0.121748445400424,TRUE,""
IMmotion150,6253,H2BC17;KCNE4;STAC3;MYT1;HLX,1.18951053274872,,0.397034711351978,FALSE,""
IMmotion150,6254,FN3K;GATA3;CAMK4;VIT;FAM184A,0.670019407590407,,0.0427927641737269,TRUE,""
IMmotion150,6255,PLCH1;SEC14L6;FAM160A1;TRAV5;CD226,0.6045542496389,,0.00741087143268457,TRUE,""
IMmotion150,6256,GHR;DLG2;CENPU;MTND4P12;CD180,0.910833288889327,,0.656453474300597,TRUE,""
IMmotion150,6257,SMOC2;PPT2-EGFL8;TMEM156;SERHL;CYYR1,0.761406790150309,,0.162884721250634,TRUE,""
IMmotion150,6258,TRIM9;CCN4;CISH;IGKV2-40;RAB38,0.907807253957361,,0.605371245997339,TRUE,""
IMmotion150,6259,KCNN3;SNCAIP;AC112777.1;STAC2;ZNF540,0.918134929447963,,0.643462408938179,TRUE,""
IMmotion150,6260,DLL1;ESCO2;MOB4;ZNF560;RGS9,0.914050920676305,,0.713078582919463,TRUE,""
IMmotion150,6261,PLEKHA6;PLCD4;EIF5A2;CLDN22;TREM2,0.791138077423915,,0.253648120827011,TRUE,""
IMmotion150,6262,SNORD116-20;SLITRK4;GAMT;IRX1;BRSK1,0.867538037591632,,0.460294231426837,TRUE,""
IMmotion150,6263,NQO1;SNORA33;AC092068.3;IGFALS;MFAP3L,0.955913925671698,,0.824203553683677,TRUE,""
IMmotion150,6264,ITGA8;AP000654.1;SNORA46;XKR3;ATL1,0.882195217315142,,0.513349442617998,TRUE,""
IMmotion150,6265,RRAGD;CX3CR1;TNFRSF11A;LRRC31;HID1,0.823770342936886,,0.32931734456147,TRUE,""
IMmotion150,6266,TBX3;HOXA5;ACTBP4;LGALS9B;CDK1,0.866732564746261,,0.452888557785697,TRUE,""
IMmotion150,6267,KIF4A;RNF152;GSTM3;CMA1;DIPK2B,1.48315389930652,,0.0815357754758763,FALSE,""
IMmotion150,6268,CDCA2;INHBB;CENPU;RAB3B;PANK1,1.05880979528523,,0.783060890070624,FALSE,""
IMmotion150,6269,CEACAM1;AC009078.3;HLA-DOB;ARL2-SNX15;FCMR,0.594808229650359,,0.00731682672672935,TRUE,""
IMmotion150,6270,MDK;ACKR4;ADAMTS13;OR2A4;NUPR1,1.03098776731759,,0.876102145143595,FALSE,""
IMmotion150,6271,AK4;HLA-H;EML6;TCEAL5;ADGRE4P,0.855699109919016,,0.402494374436823,TRUE,""
IMmotion150,6272,COL5A3;PDE6B;ADAMTS3;SERPIND1;TSPYL5,1.15422576817804,,0.468586753783601,FALSE,""
IMmotion150,6273,PCDHB16;PTGS2;CCSER1;MMP3;CATSPERG,0.869608444236615,,0.492711827450818,TRUE,""
IMmotion150,6274,TRBC2;AGBL3;PIGAP1;TBC1D3P1-DHX40P1;DHFR2,0.584636770901555,,0.00521066195154941,TRUE,""
IMmotion150,6275,IL2RG;NANOGP4;TRPC4;TRDV1;KIF15,0.657620065609334,,0.0288168577812701,TRUE,""
IMmotion150,6276,CDCA2;PTN;SCUBE2;FAM155B;CEL,0.843049977575206,,0.355344078233185,TRUE,""
IMmotion150,6277,H2BC17;SEMA3B;BMP4;SPATA31C2;RAB38,0.857641616258779,,0.423859443978333,TRUE,""
IMmotion150,6278,TBX3;CDS1;HSPD1P4;AL034405.1;TMEM150C,0.751381328332854,,0.152796772655904,TRUE,""
IMmotion150,6279,FBN2;ASS1P1;NUPR1;SCTR;AC138696.1,1.09403289789537,,0.648470245344635,FALSE,""
IMmotion150,6280,PLEKHA7;GREB1;AC004832.3;OSTCP1;E2F8,0.964061955967372,,0.847144125094571,TRUE,""
IMmotion150,6281,SEZ6L2;AC233699.1;HLA-DOA;C5orf60;PCED1B,0.71456612322458,,0.055348651724089,TRUE,""
IMmotion150,6282,AR;PWP2;P2RY13;FAM138F;ANKRD23,0.594216377507399,,0.00944276267462595,TRUE,""
IMmotion150,6283,ANKS1B;CLEC12A;CLEC4A;AC120036.4;STON1,0.773314198345938,,0.178204043214354,TRUE,""
IMmotion150,6284,SCARNA4;CCDC136;CYYR1;BX088651.1;P2RY1,0.878928938481535,,0.50565012465946,TRUE,""
IMmotion150,6285,BCAT1;CFAP251;TPRN;SEPTIN14P12;DUSP5,0.810404778299369,,0.325776750552223,TRUE,""
IMmotion150,6286,ADAMTSL3;ZNF471;SOCS2;SNORD116-18;SNCA,1.0013948199094,,0.994044241744469,FALSE,""
IMmotion150,6287,SPNS2;USP2;ACTBP4;FAM9A;NR5A2,1.40083249617381,,0.0946056314423399,FALSE,""
IMmotion150,6288,AKAP6;PDCL3P4;ZNF433;PHBP3;AC124944.2,0.870029454607142,,0.372324199363263,TRUE,""
IMmotion150,6289,ZNF90;ZNF471;KLRD1;IGKV2D-24;TAS2R5,0.774013229158973,,0.160204289145444,TRUE,""
IMmotion150,6290,SNORA21;ACP3;SLC39A4;AC007342.3;AFF2,0.916711196441618,,0.662128159391856,TRUE,""
IMmotion150,6291,FLG-AS1;PHYHD1;ZNF491;AC087203.3;FAM83D,1.12837271076585,,0.513634879836968,FALSE,""
IMmotion150,6292,TRO;ZNF727;DRC3;PGAM1P10;TLK2P2,0.800345333018389,,0.229633841343897,TRUE,""
IMmotion150,6293,PHGDH;IL1RL2;H4C6;KRTAP5-10;SLC17A9,1.25507106049392,,0.25330948061521,FALSE,""
IMmotion150,6294,TTC39A;GDF15;GINS1;ATP12A;SPSB1,1.12628499690587,,0.549384558103599,FALSE,""
IMmotion150,6295,ANLN;TBKBP1;ZNF502;AC044860.1;ZNF334,0.908127885436154,,0.649503228127593,TRUE,""
IMmotion150,6296,CCL3;ZNF229;DRC3;C14orf39;ADAMTS13,0.863852309570365,,0.48033199796182,TRUE,""
IMmotion150,6297,PLAUR;ADGRD1;CCR5;AC135983.5;PCDH18,0.859602036089676,,0.40345440130202,TRUE,""
IMmotion150,6298,FAP;RNF213-AS1;DGKG;GDF5;GLI2,0.945139909881414,,0.769245382515564,TRUE,""
IMmotion150,6299,EPHA3;AC023055.1;TSPYL5;SH3GL1P2;ZNF483,1.0197067614747,,0.917093233780169,FALSE,""
IMmotion150,6300,REPS2;PCDHA7;OPLAH;INTS4P2;EXOC3L1,1.17487065184519,,0.383325383682999,FALSE,""
IMmotion150,6301,FBP1;AGBL3;LINC01550;KRT18P48;ST6GALNAC6,0.650285553258066,,0.0414197190681784,TRUE,""
IMmotion150,6302,SNORD13;PAK3;SNORA55;ARMCX7P;HENMT1,0.879825146251288,,0.5095332045826,TRUE,""
IMmotion150,6303,SPNS2;FAM241A;C2orf27A;GSTT2;STAG3,0.978174103217784,,0.900193511360174,TRUE,""
IMmotion150,6304,SCARNA4;AP000654.1;RPSAP15;FAM9A;PATL2,0.805113157270406,,0.262406698967626,TRUE,""
IMmotion150,6305,ANKS1B;SUMO1P3;HOMER1;DLX6;KIF15,0.870119895272686,,0.533576796652618,TRUE,""
IMmotion150,6306,HOOK1;RPL12P4;ZNF540;MYH6;TSPOAP1,0.63702510935536,,0.0223328106064548,TRUE,""
IMmotion150,6307,CCL5;MAP1LC3B2;GPR34;DUSP26;CNRIP1,0.687589820400315,,0.0498652110877588,TRUE,""
IMmotion150,6308,CDCP1;SNRPEP4;CD200R1;NDST3;RUNX1T1,0.67315585226619,,0.0504617022065136,TRUE,""
IMmotion150,6309,VEPH1;SLC14A1;INHBA;SCGB3A1;STK26,0.913564673419235,,0.635896220608963,TRUE,""
IMmotion150,6310,AMACR;ANO9;RAD51;ANKRD65;CD302,0.747663897195178,,0.14793482146509,TRUE,""
IMmotion150,6311,CD3E;TNFRSF9;LAT;NCMAP;HSD17B14,0.632799411909743,,0.0227480620522346,TRUE,""
IMmotion150,6312,CSPG4;ZNF726;HSPD1P4;HEPHL1;RDH5,0.902495613760377,,0.553770488071118,TRUE,""
IMmotion150,6313,HGF;SLCO4A1;PIGAP1;SYT15;SNORA72,0.91437521626941,,0.653762971356617,TRUE,""
IMmotion150,6314,CD248;QPCT;MICU3;OVCH2;SLAMF6,0.787787030021177,,0.272303530919017,TRUE,""
IMmotion150,6315,NPNT;DNAJC19P9;NAP1L4P1;AC006486.2;SIK1,0.791955638796183,,0.264572987256424,TRUE,""
IMmotion150,6316,PCDHGB4;RNF213-AS1;RNU4ATAC;AC118942.1;GPX7,1.05623102082319,,0.770286536810617,FALSE,""
IMmotion150,6317,GHR;RPP14;KLHL3;HOXB-AS3;PECAM1,0.768668662972491,,0.177038250572856,TRUE,""
IMmotion150,6318,SMAD9;METTL15P1;FBXO16;AC133555.3;GTSE1,0.99643019322554,,0.987227907518555,TRUE,""
IMmotion150,6319,ADAM22;PET117;CD247;TSLP;POU2F2,0.53557193780749,,0.000226777472407581,TRUE,""
IMmotion150,6320,TMEM200A;IGLV5-52;NEK10;HNRNPA1P37;TRIM36,0.973347053475592,,0.896365114238565,TRUE,""
IMmotion150,6321,TMEM91;FAM133DP;GALNT3;CLCN1;CD101,0.796086770569284,,0.267918849581375,TRUE,""
IMmotion150,6322,PTTG1;UBE2T;GCSHP5;SHISAL1;SNORD116-14,1.331889375232,,0.136222762016167,FALSE,""
IMmotion150,6323,TENM4;MFSD2A;RAB38;ADARB2;CD72,0.77309710384473,,0.156624924539324,TRUE,""
IMmotion150,6324,SDK1;CSMD2;PMEPA1;SEC22B3P;RAB37,1.25583968928973,,0.259408622274913,FALSE,""
IMmotion150,6325,ARFGEF3;SLC7A9;GSTM3;FABP1;ANKRD23,0.946890998293659,,0.799551532423996,TRUE,""
IMmotion150,6326,PCDHGB2;CCDC148;TROAP;POTEG;TAS2R5,1.02950690175376,,0.878266029349875,FALSE,""
IMmotion150,6327,THSD4;AC026150.3;CD3G;AC013271.1;PCDHGC5,0.521041167848005,,0.0014087623602295,TRUE,""
IMmotion150,6328,FBN2;C6orf132;GGH;AC027309.2;HSPD1P4,1.00131315723078,,0.994828959692678,FALSE,""
IMmotion150,6329,VEPH1;UGT8;SNORA26;TTC36;PDXDC2P,0.891832663165582,,0.584923142927265,TRUE,""
IMmotion150,6330,IFI27;PLCH2;BMERB1;AC073325.2;SNORA18,1.04244009972633,,0.831851279078002,FALSE,""
IMmotion150,6331,NQO1;NPIPB8;ARHGEF37;DNAI2;PEG3,1.11979412082768,,0.552844698568263,FALSE,""
IMmotion150,6332,DKK3;AC006254.1;AGER;ANGPTL8;H3C7,0.970892290734806,,0.879903637738399,TRUE,""
IMmotion150,6333,GPR183;PPIAP2;SLC15A2;DLX1;SPTBN5,0.88362766250016,,0.512916447269759,TRUE,""
IMmotion150,6334,SNORD13;GRB7;SYDE2;AC026464.1;SPOCK2,1.0215927610129,,0.916131658768549,FALSE,""
IMmotion150,6335,SNORD116-20;AKR1C2;HSPA6;PLA2G12B;MMP19,1.01683892266705,,0.932585847078956,FALSE,""
IMmotion150,6336,H2BC17;EXPH5;CHRD;SCGB3A1;TRIM6,1.25647242293814,,0.293900879605067,FALSE,""
IMmotion150,6337,FLG-AS1;METTL7B;SDC1;DGUOK-AS1;TWF1P1,0.689335483679729,,0.0569709692926961,TRUE,""
IMmotion150,6338,CDH23;CHI3L2;NPIPA2;AC123912.3;ASRGL1,0.974310708706449,,0.892430879796379,TRUE,""
IMmotion150,6339,PTTG1;ZNF669;PTGDR;RPS14P8;CCR5,0.610419357834218,,0.0131169343668744,TRUE,""
IMmotion150,6340,TNFRSF11B;EPHB1;LRP3;RAB3B;MSC,1.48421853152091,,0.0526385783976067,FALSE,""
IMmotion150,6341,SMIM3;P2RY12;P2RY6;CRHR2;ZNF610,0.864117962274176,,0.430460406702978,TRUE,""
IMmotion150,6342,NETO2;GPR171;MAGI2;SAA2-SAA4;DET1,0.91473597947943,,0.655700866462577,TRUE,""
IMmotion150,6343,ADAM12;CD27;RPSAP15;AL356124.2;H3C3,0.764378106475653,,0.219126840684584,TRUE,""
IMmotion150,6344,SNAI2;NSUN7;SLC43A1;HNRNPA1P30;SH3BGRL2,0.979483308856974,,0.920772559446406,TRUE,""
IMmotion150,6345,ZNF704;TSSC2;ORC6;SMARCE1P2;NUAK2,1.54185644513435,,0.0315322643156371,FALSE,""
IMmotion150,6346,MST1;OLFM2;PCED1B;GABRB1;HOXA3,0.808396963479852,,0.257207775976487,TRUE,""
IMmotion150,6347,SNORA71D;ESRP2;WNK3;PLAAT5;NOL3,1.53398270857885,,0.0291570947812741,FALSE,""
IMmotion150,6348,MYRF;NTRK3;CELSR3;ADAMTS20;MFAP3L,1.28008431718126,,0.199139150112874,FALSE,""
IMmotion150,6349,C11orf96;CARMIL2;PDXDC2P;EFCAB1;TBX2,0.831830252743691,,0.375865497687236,TRUE,""
IMmotion150,6350,PLS1;ZNF232;CATSPERG;ACKR4P1;SNORA14A,0.661663967492348,,0.0461151340149719,TRUE,""
IMmotion150,6351,ZFPM2;DCDC1;FAM184A;KY;SLC16A5,1.26498606098049,,0.235159586424992,FALSE,""
IMmotion150,6352,HGF;DNAJC19P9;ADGRE4P;GDNF;KIF14,0.804409957403671,,0.35371902539491,TRUE,""
IMmotion150,6353,SSC5D;HTRA3;KYAT1;PDCD6IPP1;NCAPG,0.962301606220267,,0.844163127235242,TRUE,""
IMmotion150,6354,NQO1;SLC7A9;CATSPERE;GRHL2;Telomerase-vert,0.849742567917362,,0.468576952560099,TRUE,""
IMmotion150,6355,TRAC;MT1L;LINC01002;AD000091.1;KIAA1614,0.608590812692712,,0.00548377765830397,TRUE,""
IMmotion150,6356,FLG-AS1;OLFM2;CCR1;C2CD4A;ANO2,0.811583962697924,,0.274192571936193,TRUE,""
IMmotion150,6357,PKD1P5;TRAT1;IGSF9B;POU5F1P4;PECAM1,1.08648309389424,,0.684196888736177,FALSE,""
IMmotion150,6358,CAVIN2;TSSC2;LIMD2;CPB1;AGBL2,1.05364843600077,,0.786352617874144,FALSE,""
IMmotion150,6359,SMOC2;HMGB3;NPIPA2;AC123912.3;SPN,0.73701067585571,,0.0905508007881467,TRUE,""
IMmotion150,6360,GXYLT2;USP2;PDCD1LG2;GALR1;UBE2Q2L,1.22963414571274,,0.278580790123959,FALSE,""
IMmotion150,6361,ALDH1L2;AMIGO1;WASF3;LPA;PLEK2,1.01550167123844,,0.932007634857585,FALSE,""
IMmotion150,6362,AMACR;SLC19A3;TSPAN2;SNORA11G;CYGB,1.42543610399651,,0.124313137779985,FALSE,""
IMmotion150,6363,MXRA8;MFSD2A;LRP3;CLVS2;GFOD1,1.21907288225046,,0.346438788779552,FALSE,""
IMmotion150,6364,NTN4;IKBKG;FGF2;NXPE4;SNORA72,0.785705485892122,,0.228298465424281,TRUE,""
IMmotion150,6365,HILPDA;INHBB;FBXO16;AC135178.3;KCNJ5,1.22169247768424,,0.288695444596814,FALSE,""
IMmotion150,6366,IFI27;SEMA3A;SLAMF6;MICOS10P2;ST6GALNAC6,0.64425497603693,,0.0261328767468102,TRUE,""
IMmotion150,6367,APBA2;SGK2;IGFBP6;EXTL1;GJA4,0.864403354906862,,0.485572122072317,TRUE,""
IMmotion150,6368,CD248;NME1-NME2;BASP1;AC099668.1;TMEM156,0.696547800873521,,0.128763579799963,TRUE,""
IMmotion150,6369,VEPH1;IL1R2;PCED1B;TRBV27;ADAMTS13,0.769392866996114,,0.127504045593146,TRUE,""
IMmotion150,6370,VEPH1;SS18L2;ZNF366;SPDYE2B;NBL1,0.983394925321254,,0.92880785157241,TRUE,""
IMmotion150,6371,HRH2;CKAP2L;P2RY13;ENPP6;CCDC74B,0.914624355717065,,0.646697695380674,TRUE,""
IMmotion150,6372,SLCO2A1;SLC14A1;KCNS3;PDXP;PATL2,0.964320947117971,,0.852546248970272,TRUE,""
IMmotion150,6373,BCAT1;CFAP251;TMEM273;TMEM231P1;H2BC14,0.858979529404086,,0.467451055049826,TRUE,""
IMmotion150,6374,KIT;AC026150.3;RHOF;RNY3;PCDHGA3,0.751662278216118,,0.147659438553156,TRUE,""
IMmotion150,6375,LDHAP4;IGLV5-52;RNF138P1;LINC00840;WDR17,1.20462745941808,,0.347195729336886,FALSE,""
IMmotion150,6376,CNTNAP3;ZNF630;AC138696.1;FAM155B;RAG1,0.702723894105173,,0.069728298080458,TRUE,""
IMmotion150,6377,DCLK1;PDE6B;TPPP3;AL138963.3;LIMD2,1.04261367316186,,0.825727762534567,FALSE,""
IMmotion150,6378,NAV3;GPR160;RHOF;AC009163.3;C2orf27A,0.824979470146395,,0.358379569815308,TRUE,""
IMmotion150,6379,DSEL;GRID1;CD28;AC005062.1;HBEGF,0.969994742330893,,0.880096645843305,TRUE,""
IMmotion150,6380,KIF23;RGN;TLK2P2;RPS27P29;DLGAP5,1.1894027194093,,0.387705693220068,FALSE,""
IMmotion150,6381,SNORD116-20;TLCD4;HOXD4;MFSD2B;GRHL1,1.35557266273709,,0.1140530406968,FALSE,""
IMmotion150,6382,GCNA;DNAJC19P9;TREM2;AC008760.2;TESPA1,0.5235293078479,,0.00198519696954909,TRUE,""
IMmotion150,6383,VEPH1;RGS4;SOX18;AL353608.4;GAL3ST4,1.23541844378125,,0.271466897392626,FALSE,""
IMmotion150,6384,AK4;AC138894.1;ZSCAN31;WNT11;LILRA6,0.931392671570478,,0.710176422592998,TRUE,""
IMmotion150,6385,SCARNA4;SLITRK4;MAFB;TMEM179;GRIP1,0.866439967791644,,0.470566230521668,TRUE,""
IMmotion150,6386,MAP3K21;AC000093.1;FBXO16;IGLV2-5;SCAMP5,0.891773042292334,,0.555562226877464,TRUE,""
IMmotion150,6387,SLCO2A1;UBE2C;PKDCC;TMIGD1;HENMT1,1.00121150796243,,0.995039106347681,FALSE,""
IMmotion150,6388,ACSM3;FNDC4;ASTN2;BCRP2;FZD7,0.914699039948237,,0.658683230466534,TRUE,""
IMmotion150,6389,SNORA31;CSMD2;LETM2;LCNL1;CD33,0.74073587937175,,0.135568234517393,TRUE,""
IMmotion150,6390,GPC4;SLC14A1;RASSF7;SHISAL1;SNORA14A,0.872539268918048,,0.526350023684062,TRUE,""
IMmotion150,6391,ZNF90;RPL7L1P9;SNORA50A;SNX32;AC004890.2,1.02653134238517,,0.88355755975812,FALSE,""
IMmotion150,6392,EPHA3;SLC19A3;THEMIS;NANOS3;AL158050.1,0.838695267001827,,0.320614698726477,TRUE,""
IMmotion150,6393,PDE2A;TRPM6;MACROH2A2;AL589669.1;ASRGL1,0.741747336446635,,0.0990419428832121,TRUE,""
IMmotion150,6394,PBLD;PROM2;NLRC4;GOLGA6L7;PRELID3A,0.898263533198481,,0.593599180852533,TRUE,""
IMmotion150,6395,ITGA8;RNF157;LSR;TUBB8;ADCY1,0.929879472046186,,0.71122783073021,TRUE,""
IMmotion150,6396,C11orf96;PWP2;RNFT2;OBP2A;CASS4,1.39867862603062,,0.0881383555441081,FALSE,""
IMmotion150,6397,CAVIN2;MAPT;SLC35G2;AC112229.3;C1orf131,1.18877266382265,,0.337571702234581,FALSE,""
IMmotion150,6398,CD248;INMT-MINDY4;RBKS;SBSN;TPRG1,0.99122969716284,,0.960645060308977,TRUE,""
IMmotion150,6399,NPNT;SCN8A;CYGB;AC234781.2;CASZ1,1.32877464454039,,0.139598037069428,FALSE,""
IMmotion150,6400,ADM;EPHA1;ADGRE4P;SRD5A2;CYP2D7,1.26883570478626,,0.203349833033138,FALSE,""
IMmotion150,6401,PLA2G7;SNORA62;MPP7;LINC01597;C1QTNF3,0.814270352538944,,0.292810383802562,TRUE,""
IMmotion150,6402,PDE2A;COL22A1;UBE2Q2L;ZNF37CP;FAM133CP,0.972087231650724,,0.877518737529991,TRUE,""
IMmotion150,6403,SDHAP2;SEMA3A;SNORD116-14;RNF17;SLC16A6,0.930985013802058,,0.738621797233446,TRUE,""
IMmotion150,6404,DSEL;KIAA1143P1;GPAT3;HORMAD2;DRC3,0.77006204849165,,0.148517525019735,TRUE,""
IMmotion150,6405,CD3D;AC026150.3;TONSL;SNORA56;P2RY8,0.715961447550716,,0.100881326099307,TRUE,""
IMmotion150,6406,PC;CHI3L2;LY96;ONECUT2;DGCR6,1.29289504721133,,0.169332539014566,FALSE,""
IMmotion150,6407,GABRE;AC011497.2;BCL2;ELF5;BRSK1,0.826888133859815,,0.329352818194061,TRUE,""
IMmotion150,6408,PLAUR;NR2F1;ITGA10;CTSLP2;GCSHP5,1.20972195889233,,0.363333225150842,FALSE,""
IMmotion150,6409,REPS2;NLGN4X;FAAH2;DHRS2;COL11A2,0.954075905883111,,0.816690961238386,TRUE,""
IMmotion150,6410,TSC22D3;AGBL3;ZNF257;SLC5A5;SNORA14A,0.836753325557689,,0.377291439816756,TRUE,""
IMmotion150,6411,SMOC2;COLEC12;RANBP17;AC119751.3;SNORD16,1.07492774558069,,0.69824609089494,FALSE,""
IMmotion150,6412,RGPD3;NTRK3;SLC15A2;IGKV1D-42;NRXN2,0.782450630666777,,0.185619769528364,TRUE,""
IMmotion150,6413,LDHAP4;ACP3;RPPH1;TEKT4;RGCC,0.813170155784032,,0.253601426555213,TRUE,""
IMmotion150,6414,IRS2;COL21A1;RUNX1T1;TCL6;DAPP1,0.941209995588364,,0.753584223843089,TRUE,""
IMmotion150,6415,PTGS1;IL1R2;ELOVL6;NPY4R2;SIGLEC7,0.794556324958653,,0.229777175011406,TRUE,""
IMmotion150,6416,TMEM200A;GRB7;SNORA10;GPR45;SLC7A8,1.11219313994398,,0.642168877188803,FALSE,""
IMmotion150,6417,DNAH6;NME5;S1PR2;ABCA17P;ZNF334,1.11260638939844,,0.590904143011654,FALSE,""
IMmotion150,6418,RGS2;SNORA64;HCST;LINC00923;SLC39A4,0.755690673819975,,0.159284290814978,TRUE,""
IMmotion150,6419,FPR1;KIF5C;PRELID3A;LINC00887;BCL2,0.72717251370546,,0.0658938887776977,TRUE,""
IMmotion150,6420,TSKU;UBE2T;STK32B;SNORD65;SHROOM2,1.16079495137097,,0.450781053367624,FALSE,""
IMmotion150,6421,ETV1;PCDHA7;PLK1;AC004148.1;H2AC16,0.855939730871948,,0.42669805759818,TRUE,""
IMmotion150,6422,LMOD1;FOXL1;ADAM8;TRBV10-2;C1orf131,0.633042035176155,,0.0167468203549274,TRUE,""
IMmotion150,6423,H2BC17;PPCDC;ZNF610;HMGB1P35;DNM1P46,0.763627554189842,,0.291256896284049,TRUE,""
IMmotion150,6424,SERPINI1;CKB;TRIM73;SUPT20HL1;TMC7,1.24985567253535,,0.258582936415299,FALSE,""
IMmotion150,6425,PDE2A;TBCEL-TECTA;TRIB3;TCTE1;PCDHGA4,1.39139633417073,,0.0826107621517212,FALSE,""
IMmotion150,6426,ADM;INAVA;TRIM73;IL1A;GRAPL,1.26278618058769,,0.243898418173481,FALSE,""
IMmotion150,6427,AOC3;AC104452.1;KCNK5;SNORD24;CCR5,0.857024057275844,,0.393511496064483,TRUE,""
IMmotion150,6428,MT-ND1;LAMP3;HOXC6;USP41;SLAMF8,0.624382609261913,,0.0232787895263103,TRUE,""
IMmotion150,6429,SGPP2;WSCD1;CACNB2;SNORD36A;TBX2,0.90063780753788,,0.59233241616454,TRUE,""
IMmotion150,6430,SSC5D;PHKA1P1;ZNF214;IFNA5;ZNF610,0.768994626745448,,0.182740827088387,TRUE,""
IMmotion150,6431,CD163L1;GNLY;SUGCT;CR383656.1;HHEX,1.0047270015426,,0.98239086343845,FALSE,""
IMmotion150,6432,GOLGA8M;ITIH4;CENPU;UGT2B26P;SCD5,0.823963353095241,,0.334170301397225,TRUE,""
IMmotion150,6433,SRPX2;AL162417.1;FAM160A1;CHAT;RAD51AP1,0.923735128979951,,0.683487597646305,TRUE,""
IMmotion150,6434,PTGIS;CDCA7;LY86;TMEFF1;RASSF7,1.04738466457968,,0.815540817649588,FALSE,""
IMmotion150,6435,DNAH6;PCDHGB1;ZNF300;PDCD6IPP1;TMEM97,1.14232116226407,,0.493330918652507,FALSE,""
IMmotion150,6436,RRM2;ADAMTS4;SPSB1;KRT8P25;DGKI,1.23273421210821,,0.287827640644658,FALSE,""
IMmotion150,6437,OLR1;CCN4;MARCHF3;RNU1-2;ZAP70,0.753110778395756,,0.122546670257038,TRUE,""
IMmotion150,6438,PLA2G7;RPP14;MARK1;ELOVL3;CDH24,1.06489702109076,,0.755438658722608,FALSE,""
IMmotion150,6439,MAP2;RHEBP2;ZNF366;STMN2;MMP11,1.22222416674483,,0.311254708019149,FALSE,""
IMmotion150,6440,ANGPT2;EPHB1;PIK3R6;VDAC3P1;TRPC4,1.13822782592276,,0.508309202566369,FALSE,""
IMmotion150,6441,HRH2;LOXHD1;BTG2;FIBCD1;AFF2,1.07907092310725,,0.731605314054559,FALSE,""
IMmotion150,6442,HRH2;FAM241A;GAL3ST4;PPIAP78;LINC01002,0.879993884043763,,0.48960531147812,TRUE,""
IMmotion150,6443,AR;SNRPEP4;ARVCF;AC239859.5;CLCN4,0.952196772885406,,0.775204107508396,TRUE,""
IMmotion150,6444,FN3K;RRAD;HIC1;FSD2;FBXO16,0.953168361571927,,0.814832125949,TRUE,""
IMmotion150,6445,NCKAP5;CST7;NOVA2;SAA2-SAA4;SECTM1,0.671480860540668,,0.0474529433963376,TRUE,""
IMmotion150,6446,MYOM1;ICOS;NLRC4;ADAM21;SEMA6D,0.971924918698838,,0.880998938540736,TRUE,""
IMmotion150,6447,SNORD116-22;ECHDC3;DIPK2B;GYPA;UHRF1,1.56686782678817,,0.0206830809475004,FALSE,""
IMmotion150,6448,PCOLCE;SPDYE18;PCDHGB3;IGLV3-27;IL4I1,0.784723927450839,,0.242934684459211,TRUE,""
IMmotion150,6449,TMEM91;AKR1C2;SOCS3;TMEFF1;SLC17A9,1.59733267113675,,0.012830764312973,FALSE,""
IMmotion150,6450,ADAMTSL3;GPR39;LIMD2;EVPLL;SNORA16A,0.83546420231525,,0.35575429862166,TRUE,""
IMmotion150,6451,PLA2G7;APOL4;HEYL;ZSCAN4;COL9A2,0.9988195922961,,0.995353603889537,TRUE,""
IMmotion150,6452,FBLN2;MT1F;SLC22A4;AC009065.9;BPTFP1,0.899844945228429,,0.568279848150952,TRUE,""
IMmotion150,6453,PLS1;NELL2;HAPLN3;CERNA1;ZSCAN18,0.77882840356824,,0.185574804815624,TRUE,""
IMmotion150,6454,HKDC1;ICOS;SNORA72;AC025580.2;SLC9A7P1,0.870133302938882,,0.494809739912126,TRUE,""
IMmotion150,6455,SPNS2;AC034102.1;PSTPIP1;TNFRSF13B;S1PR2,0.717536595413396,,0.150445895474637,TRUE,""
IMmotion150,6456,DLL4;PAQR5;SSPOP;PTGER1;ZNF135,1.11848000889252,,0.584476383224197,FALSE,""
IMmotion150,6457,NETO2;SPATA17;MROH7;SST;CIART,0.914330173039542,,0.632828346971641,TRUE,""
IMmotion150,6458,ANG;CFAP94;ASMTL-AS1;KRT8P24;MARCHF3,1.05864848650384,,0.758474294539117,FALSE,""
IMmotion150,6459,CD163L1;PYCR1;LAT;AL160408.2;CCNJL,0.896039683402753,,0.573358664368094,TRUE,""
IMmotion150,6460,GCNA;CCDC68;SLC22A4;UGT2B10;LIMD2,0.652831925869196,,0.0241111191125789,TRUE,""
IMmotion150,6461,LDLR;AL021368.4;IQCC;GNG4;CLCN4,1.0205671906848,,0.918044321561624,FALSE,""
IMmotion150,6462,SMIM3;EGF;BMP2;AC123912.1;CYYR1,1.43726882951732,,0.084827427500112,FALSE,""
IMmotion150,6463,FTH1P20;SHC2;BANK1;CRNDE;EPHB3,0.824497673935024,,0.319860351176709,TRUE,""
IMmotion150,6464,SNORD116-1;IL12RB2;HIC1;MYPN;ZNF816-ZNF321P,0.612925703952968,,0.0165131418494445,TRUE,""
IMmotion150,6465,SMOC2;ADGRD1;NANOGP8;SLC6A19;PYROXD2,1.03529592019665,,0.851570770989513,FALSE,""
IMmotion150,6466,PBLD;IRX3;LPAL2;CHRND;MT-ND3,1.22228775956253,,0.31473084289036,FALSE,""
IMmotion150,6467,NOX4;FOXL1;OXER1;RNASEH1P2;TLR8,0.798849636274566,,0.230309537919642,TRUE,""
IMmotion150,6468,CAVIN2;NPIPB8;PLK1;FRMD1;TRGC2,0.72438881460732,,0.109689260353296,TRUE,""
IMmotion150,6469,LDLR;MICOS10-NBL1;STMN3;AL121988.1;LINC02449,1.46365861311753,,0.0457472914698343,FALSE,""
IMmotion150,6470,TRIM9;ZNF229;P2RY6;OR2T11;SCARF2,1.17902528662032,,0.414989099302494,FALSE,""
IMmotion150,6471,GPR183;SIRPG;ANO2;CERS3;DUSP4,0.799844055504679,,0.265228999145833,TRUE,""
IMmotion150,6472,MYRF;UBE2T;SLC2A3P2;ERFL;RAD51,0.661159329899515,,0.0657829014909967,TRUE,""
IMmotion150,6473,EDIL3;AGBL3;SOCS3;GADL1;SLC7A8,1.06525215545668,,0.757046401297754,FALSE,""
IMmotion150,6474,RETREG1;ZFYVE21;CLEC14A;DEUP1;SOX18,1.04618577210088,,0.777527787952502,FALSE,""
IMmotion150,6475,IRAG1;EFNA5;EID3;DUX4L27;AD000090.1,0.865678811397895,,0.398980715352244,TRUE,""
IMmotion150,6476,SNORA71D;PPFIA2;RGCC;SPDYE6;GTSE1,0.997189851585039,,0.98897062242388,TRUE,""
IMmotion150,6477,PLCH1;FLRT2;PGAP4;ZG16B;TECTA,0.764833643946841,,0.184754433194313,TRUE,""
IMmotion150,6478,FBN2;HUNK;SLFN12L;OIT3;GPX7,0.729712237065706,,0.118587366778559,TRUE,""
IMmotion150,6479,ZFHX4;ZIK1;PCDHGA3;ARMCX7P;AC015818.10,0.742176713998635,,0.17224578222597,TRUE,""
IMmotion150,6480,SLCO2A1;RNF150;CD5;HMGCLL1;SLC22A4,0.682775066270989,,0.0686875046798947,TRUE,""
IMmotion150,6481,TLR7;SLC12A8;CATSPERG;ATP2B3;FAAH2,0.815026548081167,,0.312732639172339,TRUE,""
IMmotion150,6482,CCDC141;C6orf132;AC112777.1;BX571818.1;HSPD1P4,0.707095107208243,,0.0481101347291772,TRUE,""
IMmotion150,6483,SPNS2;IL1R2;ZNF578;TNFRSF6B;AKR1E2,1.17641588598082,,0.429504803343334,FALSE,""
IMmotion150,6484,CCL5;CAPN12;RHOD;FXYD3;TRIM2,1.00632965099868,,0.974965543455094,FALSE,""
IMmotion150,6485,CSRP2;CCN3;NRXN2;ZNF33BP1;SNORA55,1.03330011731567,,0.866866863843492,FALSE,""
IMmotion150,6486,EIF2S2P4;AF241726.1;TLR8;BCORP1;ZNF793,0.664036224853953,,0.0376903833128911,TRUE,""
IMmotion150,6487,EPHA3;GPER1;CLEC4A;RNVU1-31;MSC,1.06121339409095,,0.77375619471727,FALSE,""
IMmotion150,6488,CD209;EGF;SH3BGRL2;FAM90A2P;AKR1E2,1.5693079286163,,0.0176106230776292,FALSE,""
IMmotion150,6489,TRAC;RPL9P7;CATSPERE;AACSP1;WDR17,0.664547156841819,,0.0234441257737179,TRUE,""
IMmotion150,6490,PTER;PAQR5;MELK;STUM;CNRIP1,1.02468967787041,,0.904825384939424,FALSE,""
IMmotion150,6491,OR2A7;ZNF471;UST;AC069287.1;CD302,0.972723018503466,,0.892027349346798,TRUE,""
IMmotion150,6492,ADM;IL1B;LCK;DPP10;NEK10,0.823084697982465,,0.322670271888044,TRUE,""
IMmotion150,6493,PCDHGB4;CYB5R2;TRIM36;AC007952.1;TLE2,1.03007662723097,,0.87993501927461,FALSE,""
IMmotion150,6494,PLEKHA6;LIN7A;PCDHGA5;TTLL10-AS1;H3C3,0.808039432625748,,0.297346221701305,TRUE,""
IMmotion150,6495,KCNN3;TBCEL-TECTA;APCDD1;PIANP;HOXA2,1.03599523649375,,0.851282031550356,FALSE,""
IMmotion150,6496,PCDHB8;WSCD1;P3H3;BTNL3;FAM111B,0.98346655774236,,0.937532801116834,TRUE,""
IMmotion150,6497,GOLGA8M;F3;AC004890.2;NYAP2;SYDE2,0.855965156386858,,0.364844498160876,TRUE,""
IMmotion150,6498,ADAMTSL3;FAM157C;PKDCC;C1QTNF9;PYHIN1,0.755967839403628,,0.1333687457133,TRUE,""
IMmotion150,6499,FN3K;FAM157C;FAM160A1;XGY2;MBNL3,0.967570022811258,,0.857082676331202,TRUE,""
IMmotion150,6500,AR;KIF5C;TRIM34;SYT10;SNORA18,0.798883082602479,,0.2184682096411,TRUE,""
IMmotion150,6501,PLVAP;RP1;TIAM2;ACTBL2;SNORA71A,1.08930424712998,,0.649058812689611,FALSE,""
IMmotion150,6502,PBLD;ICA1L;HOXD8;AC133555.2;VNN2,0.807397492331582,,0.254407706203512,TRUE,""
IMmotion150,6503,AOC3;FAM86EP;H1-5;SNORA11D;SLC25A33,1.20971977942228,,0.389667312716209,FALSE,""
IMmotion150,6504,BICDL1;TRAT1;ASRGL1;BTNL3;SLC7A8,0.684776386979277,,0.0589864206633389,TRUE,""
IMmotion150,6505,PDGFD;LRRC37A17P;RASSF7;BCYRN1;FGF2,0.737012941801497,,0.128929807864255,TRUE,""
IMmotion150,6506,CDCP1;FCGR3B;OSBP2;KCTD4;LILRA5,0.839166829379925,,0.380621112503953,TRUE,""
IMmotion150,6507,IFI27;DCDC1;DEPP1;TMEM174;RPL23AP32,1.04679424519669,,0.822745333093098,FALSE,""
IMmotion150,6508,ALDH1A3;AVPR1A;ARVCF;MYOC;PTGDR,1.01176970216139,,0.953827694941015,FALSE,""
IMmotion150,6509,ABCB4;RARRES1;STAG3;EAF1-AS1;TRIM73,0.819695690061953,,0.324379392668323,TRUE,""
IMmotion150,6510,MT-ND1;DPY19L2P2;PCDHB7;FOXA3;TMC7,1.07219496316686,,0.721427921940973,FALSE,""
IMmotion150,6511,H2BC9;ESCO2;MMP11;KIAA1210;ELOVL6,1.25892721873008,,0.27503804908335,FALSE,""
IMmotion150,6512,HSPA7;B4GALNT3;LRRC75B;AC009951.4;NR5A2,0.77118827295258,,0.202580185919137,TRUE,""
IMmotion150,6513,FAM83H;CFAP43;MMP19;TTC6;TNFRSF11A,0.899414956482419,,0.583575136918875,TRUE,""
IMmotion150,6514,ZNF90;NR2F1;PKDCC;TRAV38-1;PRELID3A,0.81889730327272,,0.28252913162246,TRUE,""
IMmotion150,6515,ITGA11;GALNT15;HOXA2;KRT8P31;KCNS3,0.706544661169035,,0.0900306324395849,TRUE,""
IMmotion150,6516,PC;TRBC1;LILRA5;NTS;DUSP7,1.06311672463402,,0.784848436408495,FALSE,""
IMmotion150,6517,SGIP1;RBP7;KYAT1;AQP7P1;APCDD1,1.03188537108784,,0.867385662937395,FALSE,""
IMmotion150,6518,JAM3;PTN;ANGPT1;C1QTNF9B;H3C8,1.02491914288912,,0.904877384650595,FALSE,""
IMmotion150,6519,SNORA71D;AL512356.1;SCAMP5;AC093840.1;SLAMF6,0.734068957243449,,0.124858480438968,TRUE,""
IMmotion150,6520,EDIL3;SIRPG;H3C13;HTR1D;SCARF2,0.875274301984021,,0.484550483493316,TRUE,""
IMmotion150,6521,THSD7A;ZSWIM5;SLC6A1;SNX18P12;RNF144A,0.988006978925255,,0.952475209809989,TRUE,""
IMmotion150,6522,PCDHB15;DLG2;GRIP1;IFITM3P1;FAM83D,1.03047778279711,,0.8800593569165,FALSE,""
IMmotion150,6523,TBX3;PYGM;H3C8;RPL9P21;FHAD1,0.791984564666566,,0.259490158737482,TRUE,""
IMmotion150,6524,FAP;ZBP1;ZNF454;ABCG8;PCDHB18P,0.743076524628003,,0.12309878069454,TRUE,""
IMmotion150,6525,PBLD;QPCT;ADAMTS6;LHX2;CYP2S1,0.981630365458646,,0.922156204189338,TRUE,""
IMmotion150,6526,TMEM91;EFNA5;NR5A2;IGHV7-4-1;CASS4,1.20066409519617,,0.333454588540072,FALSE,""
IMmotion150,6527,ANKS1B;KIF17;AK1;HOXC11;MAN1C1,0.725999600295151,,0.118977525668708,TRUE,""
IMmotion150,6528,MT-CO2;LIPG;LIMD2;AC004687.2;SYT17,0.847315204280927,,0.420946497739163,TRUE,""
IMmotion150,6529,LDLR;TMEM236;STX11;FGF7P3;DOK2,0.799656158204063,,0.253471371209231,TRUE,""
IMmotion150,6530,ZNF521;OSGIN1;NXN;RAET1E;UNC5C,1.23607699928607,,0.266741296746257,FALSE,""
IMmotion150,6531,GABRE;ATP2A1;ARHGEF15;TMEFF1;CCDC74A,1.00565982083585,,0.977107361189467,FALSE,""
IMmotion150,6532,CEACAM1;KCNJ15;H1-5;ZNF716;CDK1,0.932860651482371,,0.742286688470073,TRUE,""
IMmotion150,6533,IRAG1;AL512356.1;CCR1;TTLL10;CNRIP1,0.81832520265869,,0.295120399085517,TRUE,""
IMmotion150,6534,BUB1B;ZNF57;C17orf97;NBEAP6;CCR5,0.676573003860033,,0.0704268456110592,TRUE,""
IMmotion150,6535,TRAC;SUMO1P3;LINC02449;TRAV36DV7;SHCBP1,0.735538342725398,,0.130649611449303,TRUE,""
IMmotion150,6536,PCDHB11;SPON2;PRTFDC1;GUCY2D;CSRNP3,0.925162416767882,,0.690009085097429,TRUE,""
IMmotion150,6537,LIF;YBX1P10;ABTB2;NR2E1;CLEC4A,1.17836163497132,,0.413688043084681,FALSE,""
IMmotion150,6538,GHR;RPL12P4;HLA-DOA;AACSP1;MFAP3L,0.79451198452814,,0.166394250841264,TRUE,""
IMmotion150,6539,PCDHGB5;NME1-NME2;TMC4;TUBB8B;SLC19A2,0.978958190030835,,0.921324277114362,TRUE,""
IMmotion150,6540,AKAP6;GPR39;FAM227A;AVPR2;KLHL3,1.03894860325782,,0.840317354997485,FALSE,""
IMmotion150,6541,PCDHGB2;P2RX1;PGM5;OOEP;H3C7,0.936689673854828,,0.72353574493029,TRUE,""
IMmotion150,6542,MYRF;FPGT-TNNI3K;EIF5A2;AC018475.1;PCED1B,0.641014235092198,,0.0178982225699555,TRUE,""
IMmotion150,6543,POU5F1;CDA;MARCKSL1;SMIM43;SNORA50A,1.15410952776578,,0.466328609318741,FALSE,""
IMmotion150,6544,EIF2S2P4;RBP7;CD72;AC004805.1;LOXL4,0.678656636355957,,0.0826502038829734,TRUE,""
IMmotion150,6545,NQO1;GPR160;PCDHGA5;AC113189.2;CEBPD,1.17647382818769,,0.432138729939985,FALSE,""
IMmotion150,6546,RASL11A;SNORA75;PCDHGA4;GRM5-AS1;GADD45B,1.15589731917532,,0.444000265559458,FALSE,""
IMmotion150,6547,SCIN;PSMG4;PCDHGB8P;RPS3AP39;SLC25A33,0.763280338451801,,0.177382289719207,TRUE,""
IMmotion150,6548,PDE2A;SLC5A4;MARK1;HHATL;MOB4,0.995365833738198,,0.980855019860726,TRUE,""
IMmotion150,6549,AMACR;S100A9;LILRA1;CDH9;LRP8,0.839241402781511,,0.400268550035108,TRUE,""
IMmotion150,6550,MXRA7;SYBU;COL9A2;CA1;HOXB6,0.910127861724747,,0.643577229794804,TRUE,""
IMmotion150,6551,KDELR3;ZNF831;ANO2;TCAF2C;IGSF9B,0.991828035970259,,0.966444482152011,TRUE,""
IMmotion150,6552,ACSM3;SNORA64;KLF2;RPSAP5;KIAA1614,1.04957986116845,,0.790892078759374,FALSE,""
IMmotion150,6553,ADAM22;SLC14A1;HSPA6;TRDV1;RTP4,0.742247025317597,,0.112388673414756,TRUE,""
IMmotion150,6554,GXYLT2;ABHD14A-ACY1;LINC01138;MYH6;INHBA,1.1603320535605,,0.451532953605394,FALSE,""
IMmotion150,6555,VEPH1;KCNE4;PLEK2;AC005021.1;SNORA6,1.2148959896715,,0.33112712783971,FALSE,""
IMmotion150,6556,ADAMTSL2;STRIP2;PCDHB4;NRBF2P6;NLRC3,1.00695078824374,,0.970949972930167,FALSE,""
IMmotion150,6557,DKK3;RRAD;KIFC1;RERGL;PTGDR,0.889538182989669,,0.54245577898604,TRUE,""
IMmotion150,6558,PLVAP;FLRT2;CMPK2;AC245041.2;MAN1C1,0.863971426589935,,0.45249919023162,TRUE,""
IMmotion150,6559,CCL5;PCDHGA1;SSPN;KRT8P24;KATNAL2,0.880251762002452,,0.497037657399786,TRUE,""
IMmotion150,6560,PLVAP;EBF2;ZSCAN31;AP005018.2;CAMK4,0.732534425212043,,0.128823249054784,TRUE,""
IMmotion150,6561,ABCA6;SIDT1;PECAM1;CD1B;GTSE1,0.76441617491369,,0.191446339894535,TRUE,""
IMmotion150,6562,AKR1C1;FAM157C;ARHGEF37;HTR3A;CCDC74A,1.0472829175387,,0.82295678294259,FALSE,""
IMmotion150,6563,ZNF704;EXPH5;NOVA2;HSFY1;BANK1,1.05321725533769,,0.781895293483071,FALSE,""
IMmotion150,6564,TRIM9;TNFRSF19;ZNF491;PRPF4BP1;SNORA13,1.0786611216435,,0.691042551698582,FALSE,""
IMmotion150,6565,SNORD116-22;KLHL4;MAP3K7CL;MB;SNORD46,1.07715964126522,,0.693892220732205,FALSE,""
IMmotion150,6566,GBP5;CCN4;LY96;KCNA1;MT-ND3,0.724958135524162,,0.105362675326311,TRUE,""
IMmotion150,6567,SNORD116-20;DMRTA1;MLF1;ZNF716;CD3G,0.832364987668826,,0.323988617107452,TRUE,""
IMmotion150,6568,RGS2;PMS2P7;ZNF660;HAS1;TTC25,0.839151931121046,,0.450590217696864,TRUE,""
IMmotion150,6569,ABCA6;CFAP251;CYYR1;HSPB7;SNORA18,1.28100930337223,,0.210977934451222,FALSE,""
IMmotion150,6570,FHL2;CDC45;SLC17A9;NMBR;AC093752.2,1.40982173933837,,0.0778047182597455,FALSE,""
IMmotion150,6571,FHL2;NSUN7;ASTN2;NLRP2B;KCNK1,0.967252127382462,,0.875963035605526,TRUE,""
IMmotion150,6572,AFF3;RP9P;PRKAR2B;AC091390.2;BMP2,0.747993634681554,,0.127176003153505,TRUE,""
IMmotion150,6573,EPHA3;GRB7;AC093752.2;RSPO2;FAM227A,1.42597264001655,,0.0864690857128079,FALSE,""
IMmotion150,6574,TPX2;LIPG;CD52;KRT19P1;H3C7,0.956017313492419,,0.82534281922562,TRUE,""
IMmotion150,6575,PCDHB11;TRGC1;CD80;NYAP2;EIF5A2,0.695362774985424,,0.0441654709190135,TRUE,""
IMmotion150,6576,GCNA;CCDC68;WDR17;ARMS2;PAPPA,0.739280757473627,,0.113248273226607,TRUE,""
IMmotion150,6577,EIF2S2P4;TENT5C;ABTB2;ALPI;AC112777.1,0.844262044709031,,0.47118818795127,TRUE,""
IMmotion150,6578,KIF26B;UNC5CL;TPRG1;SLC22A9;PCDHGB3,1.00860526890394,,0.968251500712418,FALSE,""
IMmotion150,6579,MXRA8;MYBL2;CMKLR1;TTTY14;TESPA1,0.876921770114015,,0.524839098118405,TRUE,""
IMmotion150,6580,IRAG1;SPTB;RPL23AP32;ANGPTL7;PDE7B,1.07666471924909,,0.700895762791448,FALSE,""
IMmotion150,6581,CD248;UBE2T;RBP1;LINC01460;PCDHGC5,0.920281416500367,,0.718191972604826,TRUE,""
IMmotion150,6582,AK4;LIPG;HOXA3;AGGF1P2;MELK,0.881477559012236,,0.547821973311574,TRUE,""
IMmotion150,6583,OLFML2A;FAM157C;CELSR3;AL356124.2;CCDC9B,0.999300490492526,,0.996957785914796,TRUE,""
IMmotion150,6584,PCDHB11;C11orf98;TMEM132A;FOLH1B;DNAJC6,0.816097878476346,,0.332767400599533,TRUE,""
IMmotion150,6585,ADAMTSL2;NRG1;LINC01138;EPO;CATSPERG,1.39596621352857,,0.0764199827139634,FALSE,""
IMmotion150,6586,NPNT;IRX3;TRGC2;PRSS21;IQCN,0.689719780367887,,0.0708167194795168,TRUE,""
IMmotion150,6587,MAP2;ZMYND19;FHDC1;TRBV27;RGS9,0.679276931022693,,0.0444568875519397,TRUE,""
IMmotion150,6588,FAM83H;AC006254.1;SEC63P1;AL109615.2;SLAMF8,0.692811890426377,,0.0911132588448548,TRUE,""
IMmotion150,6589,GABRE;GPR174;ST6GALNAC6;TRIM54;ZDHHC11,0.848871133010712,,0.393990659118072,TRUE,""
IMmotion150,6590,FPR1;IGLV5-52;GRIP1;BCRP2;MARK1,1.13586807566215,,0.538422692935018,FALSE,""
IMmotion150,6591,PSD3;CDC45;C17orf97;KCNF1;ADRB2,0.969200106504561,,0.88985597649891,TRUE,""
IMmotion150,6592,ADM;HMGN1P3;ACTBP4;ADAMTS19;AGER,1.09482003873251,,0.594335873367943,FALSE,""
IMmotion150,6593,BOC;CDCA7;TNFRSF11A;CCL24;AC092068.3,0.770100106643507,,0.238776235513261,TRUE,""
IMmotion150,6594,BICDL1;CCSAP;MSS51;AC007182.1;GRAPL,0.620579133376963,,0.0116554479084711,TRUE,""
IMmotion150,6595,PLS1;EBF2;HOXD8;PSCA;MAGI2,1.08660867282523,,0.662945665406868,FALSE,""
IMmotion150,6596,PLVAP;FLT3;UBE2Q2L;PGAM1P4;CNRIP1,1.02148945318394,,0.909824497725492,FALSE,""
IMmotion150,6597,KIT;SNORA75;CEBPA;GRIA2;KCNK1,1.02463258100005,,0.903693819427408,FALSE,""
IMmotion150,6598,KIF4A;CHI3L2;PHEX;OR7E47P;STARD5,0.924691423922845,,0.684559618212101,TRUE,""
IMmotion150,6599,KIT;RGN;CCNJL;SNORA15B-2;RBP1,1.01472911842762,,0.945406133766865,FALSE,""
IMmotion150,6600,MATN2;CHI3L2;ELAPOR2;SLC4A9;LOXL4,0.968741071571299,,0.870233343054885,TRUE,""
IMmotion150,6601,ADAMTSL3;SNCAIP;HCST;PSG5;LY96,0.802723555936577,,0.272169249751095,TRUE,""
IMmotion150,6602,ANGPT2;ADAM1A;TSGA10;URAHP;LYVE1,0.983231728666171,,0.925671993276758,TRUE,""
IMmotion150,6603,FAT3;PDCL3P4;MCM10;FOXD4L5;AC004832.3,1.02578067152671,,0.897314697984996,FALSE,""
IMmotion150,6604,AMACR;LAMP3;LSR;C1QL4;RAD51,0.700404540523473,,0.0825662099610002,TRUE,""
IMmotion150,6605,MAP3K21;CD38;SH3BGRL2;NUTM2G;CETP,0.777342202651295,,0.209000300095046,TRUE,""
IMmotion150,6606,PLS1;ZBP1;CCRL2;AHSP;SLC25A33,0.718089281930813,,0.131311627669019,TRUE,""
IMmotion150,6607,KLF5;CD69;NUAK2;AL139423.1;DUSP4,0.911763424589238,,0.670887589569346,TRUE,""
IMmotion150,6608,MYOM1;LYSMD1;FBXO16;AC007384.1;TRIM73,0.820795953407656,,0.275920513343737,TRUE,""
IMmotion150,6609,PLVAP;PYCR1;CPNE5;XGY2;HOXB6,0.949785838663541,,0.789885122360929,TRUE,""
IMmotion150,6610,FOLR2;CD27;PRKCQ;MYT1;HOXD8,0.853765191393307,,0.424762408828881,TRUE,""
IMmotion150,6611,LAMB3;CXCR6;CENPI;NKAIN4;ANGPT1,1.01963453031205,,0.921127538786495,FALSE,""
IMmotion150,6612,PLA2G7;AC079594.1;AK7;ARHGDIG;SMAD6,0.652011097049673,,0.0231502917453129,TRUE,""
IMmotion150,6613,LRP4;CKAP2L;ACAP1;AC073150.1;EDA,0.865157885656405,,0.43259344108175,TRUE,""
IMmotion150,6614,PCDHB8;NCR3LG1;NPIPA2;IQCJ;TONSL,1.01613483345264,,0.93670396042584,FALSE,""
IMmotion150,6615,MOCOS;DLG2;AC004832.3;AL136419.1;TAS2R5,0.951587729390373,,0.797538970063632,TRUE,""
IMmotion150,6616,HOXA10;CEP55;SFXN2;DRD1;IQCN,1.11638710473921,,0.596788015391066,FALSE,""
IMmotion150,6617,IFI44L;CKAP2L;VNN2;PGA3;KIF14,0.810780943537518,,0.298631090498189,TRUE,""
IMmotion150,6618,CD3D;ACTG2;TMC7;VWA5B1;TLK2P2,0.837359693584459,,0.346729410308964,TRUE,""
IMmotion150,6619,CD248;FNDC4;H2AC16;YIPF7;PGM5,1.0709953965348,,0.745320708494169,FALSE,""
IMmotion150,6620,AMACR;RPP14;TEF;SPAG6;PEG3,0.696188747689782,,0.0649243250500957,TRUE,""
IMmotion150,6621,MT-CYB;GPR174;DAPK2;AC007537.1;GCSHP5,1.04402861343676,,0.82360839436725,FALSE,""
IMmotion150,6622,FAM149A;ABHD14A-ACY1;GJA4;AIDAP1;AC015818.10,1.4370238796648,,0.0616658855858708,FALSE,""
IMmotion150,6623,PCDHB11;ECHDC3;SNORA55;TMEM179;TMEM25,1.40099935145804,,0.0699948354881859,FALSE,""
IMmotion150,6624,LDHAP4;CCN4;LPAL2;FAM184B;C1orf131,0.8226976444009,,0.349305956186157,TRUE,""
IMmotion150,6625,CCDC141;AC009093.9;TBXA2R;AC126544.2;LINC01138,1.14525169642494,,0.443758818051512,FALSE,""
IMmotion150,6626,THSD7A;MFSD2A;SMAD6;AC011330.3;SLC22A15,0.978422542670883,,0.90929298127731,TRUE,""
IMmotion150,6627,NPNT;P2RY12;MAGI2;RNF183;SNHG17,0.819948497123811,,0.320132640055495,TRUE,""
IMmotion150,6628,TENM4;ESRP2;RAD51;PSCA;RAI2,0.936179276180592,,0.737213926852858,TRUE,""
IMmotion150,6629,NAV3;TRBC1;SLC4A11;WFDC5;SNORA72,0.71773981587853,,0.105183921880587,TRUE,""
IMmotion150,6630,MT-CO2;SPEG;ZNF257;IL20RA;HID1,0.82465969037422,,0.312837204040161,TRUE,""
IMmotion150,6631,PARM1;PCDHGA1;CD33;CLCA2;FAXDC2,0.705491201792443,,0.0855827285027137,TRUE,""
IMmotion150,6632,FAT3;STOX1;HLA-L;DDX11L10;RAMP2,1.65307077058316,,0.010180686526473,FALSE,""
IMmotion150,6633,OLFML2A;RCAN2;ADRB2;TTC39A-AS1;CMPK2,0.800995024018441,,0.257512840244971,TRUE,""
IMmotion150,6634,PCDHB8;TK1;ZNF257;AC007537.1;CD6,0.9268132983638,,0.701849740837297,TRUE,""
IMmotion150,6635,ZNF704;NPIPB8;HEY2;AC234781.2;AC138696.1,0.980871894047595,,0.908832934019781,TRUE,""
IMmotion150,6636,ACSM3;SURF2;GMPR;TNFRSF13B;ATL1,0.723002391520688,,0.134121862864704,TRUE,""
IMmotion150,6637,ZNF704;PLCH2;KLF2;CDSN;GINS1,1.21257095054221,,0.338389207160903,FALSE,""
IMmotion150,6638,BAIAP2L1;PTN;WDR17;NPFFR2;CENPI,1.31751238530261,,0.153417971490734,FALSE,""
IMmotion150,6639,C5;RTKN2;LINGO1;CLCN1;ZDHHC23,1.25780147288756,,0.254296643573553,FALSE,""
IMmotion150,6640,ADAMTSL2;ZFYVE21;RAB37;AL603832.3;NPIPB9,0.83068123613811,,0.374018394826334,TRUE,""
IMmotion150,6641,ABCB4;AC004691.2;SNCA;CACNG5;KLHL13,1.10196925473318,,0.599422908367664,FALSE,""
IMmotion150,6642,DLL4;SUSD2;SLC9A7P1;RSPO2;LILRA1,0.926733174394431,,0.666897473683291,TRUE,""
IMmotion150,6643,HYDIN2;ZNF471;EVI2A;AC104805.1;LPAL2,0.778625374607393,,0.195260995233635,TRUE,""
IMmotion150,6644,PCDHB11;DPY19L2P2;EYA2;VSNL1;CIART,1.09382199652108,,0.640552364968366,FALSE,""
IMmotion150,6645,FAM83H;FAM86B1;ADORA3;TPSG1;AKR1E2,0.925618210414996,,0.708386065684459,TRUE,""
IMmotion150,6646,PLEKHA7;UNC5CL;CASS4;KRT18P27;RTP4,0.696377862230797,,0.0687546774800223,TRUE,""
IMmotion150,6647,ABCA6;KLRC4-KLRK1;CD101;BFSP2;LILRB5,0.738444648211948,,0.134303797622334,TRUE,""
IMmotion150,6648,GPC4;SNORA51;CSRNP3;C6orf141;S1PR2,0.726781092981133,,0.127771333494484,TRUE,""
IMmotion150,6649,C11orf96;BEND5;TMEM97;MEOX1;NEFH,1.37504007803841,,0.117366442119637,FALSE,""
IMmotion150,6650,CTAGE6;PPCDC;FGF2;SHROOM3-AS1;DACT1,0.8022181223656,,0.208021245431137,TRUE,""
IMmotion150,6651,SNORD116-6;ACKR4;SCAMP5;SSUH2;SLC22A15,0.936131964006452,,0.732160696398994,TRUE,""
IMmotion150,6652,STEAP3;GOLGA8H;MDGA1;HSPB7;CD3G,0.805815793822601,,0.264072274718549,TRUE,""
IMmotion150,6653,ZFHX4;POM121L9P;SLC6A1;C10orf90;UNC5C,1.14095972320218,,0.523529898187686,FALSE,""
IMmotion150,6654,FLG-AS1;WNT2B;C2orf27A;DSCAM;ZNF334,1.23589243324139,,0.298875391606556,FALSE,""
IMmotion150,6655,CEACAM1;CCDC68;C6orf163;SERPINA10;FBXL7,0.975396638664862,,0.903121733942805,TRUE,""
IMmotion150,6656,CD248;ZFHX2;KBTBD8;KRT18P10;FAM227A,0.876251958026775,,0.50728424392505,TRUE,""
IMmotion150,6657,EMCN;KLHL4;LAT;HNRNPA1P37;SLC6A9,0.870019833614604,,0.467194326536137,TRUE,""
IMmotion150,6658,MEST;PYGM;SIK1;VAC14-AS1;NPIPA2,1.05850696431589,,0.788977363654426,FALSE,""
IMmotion150,6659,SNORD116-1;KRTCAP3;IL2RB;MARCHF10;PIK3R6,0.652651244312398,,0.0483680498220055,TRUE,""
IMmotion150,6660,FILIP1;RIMBP3;KLF4;C1QTNF9B;CD3G,0.698614990463238,,0.0415343470503114,TRUE,""
IMmotion150,6661,H2BC9;PSMG4;PHEX;NLRP2B;FAHD2B,0.849101704208666,,0.432577516706034,TRUE,""
IMmotion150,6662,SGPP2;FAM133DP;ARHGEF37;PKP4P1;CCR2,0.761446258699599,,0.141380794894999,TRUE,""
IMmotion150,6663,ABCA9;ZNF229;CD3G;NPFFR1;TSGA10,0.721537140531335,,0.0965429553700914,TRUE,""
IMmotion150,6664,ACP5;CHI3L2;CSPG4P12;AL358472.6;CCDC110,0.764060803978308,,0.220763465994362,TRUE,""
IMmotion150,6665,PCDHB8;MMP24;AL158050.1;TMEFF1;SLC7A8,1.02430791586858,,0.902800470135953,FALSE,""
IMmotion150,6666,GBP5;GRID1;OASL;AL606469.1;APCDD1,0.695794993058368,,0.063820629363906,TRUE,""
IMmotion150,6667,MT-CYB;AL627309.6;MACROD2;G6PC2;LNX1,1.10851560021164,,0.605376071809973,FALSE,""
IMmotion150,6668,CCL3;GOLGA8IP;H2AC16;GPA33;TSPOAP1,0.699844440447517,,0.0836480519655925,TRUE,""
IMmotion150,6669,PCDH17;AC000093.1;CASS4;FUNDC2P4;UBE2Q2L,1.03306451033081,,0.850408899188283,FALSE,""
IMmotion150,6670,ACSS3;TMEM232;CKS2;C8A;IL2RB,0.776112520993274,,0.208734212970061,TRUE,""
IMmotion150,6671,ALDH1L2;GIPC3;KCNA3;IGHV3-64;DUSP7,0.808152975416751,,0.324482500344272,TRUE,""
IMmotion150,6672,FAM27E3;BMPR1AP2;UNC5C;AC008554.1;SLC35G2,0.875204662473225,,0.453068320467929,TRUE,""
IMmotion150,6673,BUB1B;PDCL3P4;TROAP;CFAP157;PRELID3A,1.00087115756282,,0.99706929808512,FALSE,""
IMmotion150,6674,CAVIN2;ADGRD1;ARRDC5;SNORD36A;PYROXD2,0.813028076797375,,0.298830282823362,TRUE,""
IMmotion150,6675,HYDIN2;SLC12A8;CYGB;TRAV6;ZNF660,0.819769076606658,,0.278957345776647,TRUE,""
IMmotion150,6676,MST1;CD27;PRTG;ONECUT1;DIPK2B,1.04225047658645,,0.84248624966524,FALSE,""
IMmotion150,6677,MT-CO2;FPGT-TNNI3K;TLR8;CRB2;SNORA14A,0.615900860022346,,0.0129504000015856,TRUE,""
IMmotion150,6678,TTC39A;CHMP4BP1;SIK1;AL512310.7;KIFC1,0.953566263951357,,0.820447178029762,TRUE,""
IMmotion150,6679,IL7R;CTAGE3P;MAFB;STYXL2;ZAP70,0.633898531545551,,0.0205195927038725,TRUE,""
IMmotion150,6680,COL4A4;FKBP14;C1QTNF3;AC100827.2;RHPN1,1.09820744074944,,0.626040801819776,FALSE,""
IMmotion150,6681,NOSTRIN;RP1;IGFBP6;SNORD27;CFAP70,0.878501642631342,,0.514030483165417,TRUE,""
IMmotion150,6682,ABCA6;FAM86EP;UBBP4;NPAP1;ZNF483,0.74327027352133,,0.158901100716675,TRUE,""
IMmotion150,6683,ITK;WNT2B;RGS9;SCN2B;LRRC75B,0.740936150671344,,0.124782401030232,TRUE,""
IMmotion150,6684,CNTNAP3P2;ABCF2;SECTM1;OR4F14P;SNORA50A,0.83727387897706,,0.398013267746955,TRUE,""
IMmotion150,6685,BUB1B;DYNC1I1;SLC17A9;CBLN1;HLA-DOA,0.915462343222809,,0.632486703092218,TRUE,""
IMmotion150,6686,BICDL1;GRB14;LILRA1;DUX4L27;GOLGA6L3,0.778789278931189,,0.209170485474101,TRUE,""
IMmotion150,6687,ZNF90;NPHP3-ACAD11;H2BC3;RXRG;ZNF433,1.24886281565037,,0.221030023023314,FALSE,""
IMmotion150,6688,ACSS3;TMEM232;SIRPB2;HPCAL4;RALGPS1,0.63464162869235,,0.014707755762328,TRUE,""
IMmotion150,6689,PARD6B;HOXA5;UNC5C;ZFAND6P1;EMP2,0.763852243134506,,0.125355713187972,TRUE,""
IMmotion150,6690,EMCN;GNLY;RBKS;AC087499.2;WDR17,0.914621023258384,,0.641927451833122,TRUE,""
IMmotion150,6691,TRO;LAMP3;PCDHB7;PSG4;HENMT1,0.924510723073906,,0.654655857291144,TRUE,""
IMmotion150,6692,PCDHB9;CLEC10A;FHAD1;INTS4P2;CLCN4,1.05346530511415,,0.792499427282947,FALSE,""
IMmotion150,6693,CD248;ZNF726;CCNF;MGAT4EP;PKDCC,1.03153491223925,,0.880906641638364,FALSE,""
IMmotion150,6694,PDLIM3;ZNF713;ANO2;CCR6;ADAMTS13,0.876589224574149,,0.501428500866165,TRUE,""
IMmotion150,6695,NTN4;CCNB2;SNORA10;DUSP9;MBNL3,0.987552943030652,,0.949337398153285,TRUE,""
IMmotion150,6696,PCDHGB5;ITIH4;RAB38;NUTM2F;MEFV,0.982906397153899,,0.929544608956891,TRUE,""
IMmotion150,6697,STEAP4;AC068831.6;CFAP53;DSC3;ZNF257,1.09164263722373,,0.666194871390553,FALSE,""
IMmotion150,6698,CARD11;CFAP43;LILRA6;OR14J1;ADORA3,0.620769330960109,,0.0144796104432714,TRUE,""
IMmotion150,6699,ANOS1;ETNK2;CD226;GGTLC4P;UNC5C,0.876142647298494,,0.48925161861465,TRUE,""
IMmotion150,6700,RNASE1;CTSW;ADAMTS3;SAA2-SAA4;LIMS2,0.93530657106953,,0.73700751012307,TRUE,""
IMmotion150,6701,GBP5;PYGO1;GAMT;YIPF7;PIM2,0.691478568162624,,0.0536918561798969,TRUE,""
IMmotion150,6702,FER1L4;SPDYE18;PLEK2;SPOCK3;CCDC157,0.710891377969596,,0.0762117500314579,TRUE,""
IMmotion150,6703,ANKS1B;COLEC12;ORC6;RXFP2;RAB38,1.00389453005341,,0.984202669490031,FALSE,""
IMmotion150,6704,ZNF521;AKR1C2;SLC17A9;AP003352.1;TP53INP2,1.12605134416084,,0.545774752518703,FALSE,""
IMmotion150,6705,RRM2;WNT2B;CCND2;TM4SF19;FAM111B,0.753236345787332,,0.124166899178516,TRUE,""
IMmotion150,6706,HYDIN2;CCN4;ZNF660;KLK1;RBP1,0.677799757456794,,0.0468320770162077,TRUE,""
IMmotion150,6707,HYDIN2;AIM2;EPHB3;EPHA10;PRKAR2B,0.839622188687969,,0.349582669314967,TRUE,""
IMmotion150,6708,MT-CO2;STOX1;LPAR1;AL603832.3;CCRL2,0.856926057888795,,0.425675926999249,TRUE,""
IMmotion150,6709,RGPD3;SNORA51;THSD1;SPATA22;MACROH2A2,0.880617844992207,,0.511124026009876,TRUE,""
IMmotion150,6710,HILPDA;ZFHX2;HEY2;CYP4A22;ABCG2,0.868876186467089,,0.43248429240699,TRUE,""
IMmotion150,6711,MST1;SIDT1;CD247;IGLV1-41;EPHB2,0.646470440960372,,0.0302576586514196,TRUE,""
IMmotion150,6712,ZFHX4;TMEM236;H2BC14;EHMT2-AS1;SNORA3B,0.858967350616657,,0.452501859030555,TRUE,""
IMmotion150,6713,PTPN3;KIF20A;SNORA13;PRSS21;DIPK2B,0.94746680210045,,0.797486157191194,TRUE,""
IMmotion150,6714,RRAGD;TRIM16L;SCARNA8;PLPPR1;P2RY13,0.654480190697269,,0.0504585046126953,TRUE,""
IMmotion150,6715,SNORA61;CNTN4;DTX2P1;HSFY1;PRKCQ,0.810259449578958,,0.32878750332473,TRUE,""
IMmotion150,6716,PCDHB16;PSMG4;EYA2;AL138899.2;RAD54L,0.894084268379075,,0.559100062035347,TRUE,""
IMmotion150,6717,SNORA61;DNAJC19P9;FAHD2B;TRAV38-1;KLRD1,0.539549132974858,,0.00370704877623228,TRUE,""
IMmotion150,6718,C11orf96;MXRA7P1;C1orf131;ANGPT4;NCAPH,1.53685777801965,,0.0927783407555374,FALSE,""
IMmotion150,6719,LEF1;ZNF669;TRIM34;AC109583.4;SNORA26,0.769578150348815,,0.199121931248169,TRUE,""
IMmotion150,6720,PLEKHA7;RBP7;ZNF454;AC027682.3;ST6GALNAC6,0.778956500840535,,0.213778592043546,TRUE,""
IMmotion150,6721,ARFGEF3;TRIM16L;H2AC16;RPL23AP87;HJURP,0.925408504452416,,0.681390388306895,TRUE,""
IMmotion150,6722,MST1;ELAPOR1;ANGPT1;OR1E1;PSORS1C1,0.840826286489288,,0.307426517851822,TRUE,""
IMmotion150,6723,ALOX5AP;IL1B;ADORA3;AC131160.1;EGFL7,0.780834439655738,,0.193522253567347,TRUE,""
IMmotion150,6724,CNTNAP3;CFAP251;SNORD46;TBC1D3F;RCAN3,0.727865776755285,,0.136226137874653,TRUE,""
IMmotion150,6725,ADM;DMRTA1;EGFL7;AC245041.2;PCDHGA7,1.14892801002544,,0.482199943975924,FALSE,""
IMmotion150,6726,SPATA18;TRGC1;ZAP70;TMEM40;SNORA55,0.643361783000027,,0.0190039446268678,TRUE,""
IMmotion150,6727,GABRE;NDC80;SSPN;IGDCC3;PGAP4,0.750715862376381,,0.161711403963111,TRUE,""
IMmotion150,6728,SNORA71D;CDC42BPG;SLC17A9;NPAP1;CCDC74B,0.96660384264371,,0.870656549098039,TRUE,""
IMmotion150,6729,DLL1;SPDYE18;OPLAH;OSTCP1;NXN,1.11921230538749,,0.505096389022052,FALSE,""
IMmotion150,6730,PCDHGB2;MT-ND4L;SCARNA8;ART5;ARRDC5,0.742723876955424,,0.128742472916,TRUE,""
IMmotion150,6731,PTTG1;ZMYND19;AXIN2;SCRG1;DAPK2,1.05333198419934,,0.787651577820346,FALSE,""
IMmotion150,6732,ITK;GOLGA8H;CEL;ENPP6;H3C13,0.739605044509739,,0.126476340368438,TRUE,""
IMmotion150,6733,SNORD116-23;NEIL3;LILRA1;ZNF355P;E2F8,0.765090150215553,,0.209714786069321,TRUE,""
IMmotion150,6734,CD3E;USP18;MREG;HS6ST2;CD6,0.506447118841816,,0.000772293375494317,TRUE,""
IMmotion150,6735,CEACAM1;CCDC136;RHPN1;KCNN1;SECTM1,0.834499434979089,,0.41833645350419,TRUE,""
IMmotion150,6736,CCL5;LOXHD1;LRP8;FOXD4L6;TMEM26,0.947586942339625,,0.781957447499344,TRUE,""
IMmotion150,6737,OLFML2A;RTKN2;SNORA13;SNX18P12;CCDC9B,1.09497675528616,,0.639423256872754,FALSE,""
IMmotion150,6738,PCDHB8;TRPM6;MREG;CASP1P2;GTSE1,0.772986798969394,,0.205489386017058,TRUE,""
IMmotion150,6739,EIF2S2P4;PRLR;METRNL;CR383656.1;GPR34,0.982503781589368,,0.928329281103535,TRUE,""
IMmotion150,6740,MT-CYB;PAK3;FAHD2B;RPSAP41;TMEM54,0.820482999665101,,0.264497433747211,TRUE,""
IMmotion150,6741,LAMB3;CLEC3B;GOLGA6L3;NSG2;SNORA16A,1.32086688803852,,0.143772622372288,FALSE,""
IMmotion150,6742,PCOLCE;ACTG1P14;MEGF6;LEP;NRXN2,0.820872225785946,,0.300316883982516,TRUE,""
IMmotion150,6743,LDHAP4;ZNF665;SLC25A33;LINC01159;H2BC3,1.06045978676229,,0.787263827016198,FALSE,""
IMmotion150,6744,PLEKHA6;AC011497.2;NRXN3;DPPA3P2;SYT17,0.918140976919724,,0.645565366569947,TRUE,""
IMmotion150,6745,CARD11;AC215522.2;BAMBI;GRM5-AS1;SPATA6L,0.72041894149904,,0.090983492041585,TRUE,""
IMmotion150,6746,PTPN3;STOX1;UHRF1;DACT2;PIK3R6,1.09716118665858,,0.682289235056893,FALSE,""
IMmotion150,6747,TNFRSF11B;SNORD104;VNN2;AC023590.1;MAN1C1,0.768606713747401,,0.193810116833268,TRUE,""
IMmotion150,6748,ALDH1L2;SIRPG;MCOLN2;AC137932.3;HK3,0.618528254241634,,0.0234764638188198,TRUE,""
IMmotion150,6749,GBP5;C11orf98;TLR8;CARD17;RALGPS1,0.508795904577089,,0.00239764524401126,TRUE,""
IMmotion150,6750,MT-ND2;AC022415.2;EML6;AL049650.1;PHEX,0.720214253444868,,0.0746473366215066,TRUE,""
IMmotion150,6751,SELL;NPIPB8;BCL2;MYPN;LYVE1,0.669509713520037,,0.0500779346414256,TRUE,""
IMmotion150,6752,SPATA18;TMEM232;E2F7;AC109583.4;TBX2,0.813563989892336,,0.325854847613954,TRUE,""
IMmotion150,6753,CDCA2;MST1P2;RAD51;MYH13;GALNT3,1.07216179714964,,0.728276495616485,FALSE,""
IMmotion150,6754,CD2;MT1F;GRHL1;SPDYE2;DET1,0.770003080934988,,0.177731049826624,TRUE,""
IMmotion150,6755,MYOM1;ADAM1A;KCNK5;GPR182;SLFN12L,0.915406662478948,,0.667015965199991,TRUE,""
IMmotion150,6756,ETV1;GABRD;GLI2;PDE6B-AS1;STARD5,0.919280195463359,,0.654626247195897,TRUE,""
IMmotion150,6757,JAM3;IKBKG;PMEPA1;ZNF705G;SEMA7A,1.49405428760995,,0.0439264322009991,FALSE,""
IMmotion150,6758,SNORA31;EXO5;P2RY13;TSPAN19;PCDHB7,0.841087929687396,,0.375289694149959,TRUE,""
IMmotion150,6759,MT-CYB;SURF2;CSTA;RNF17;RGS9,0.592819992365147,,0.00826147499860501,TRUE,""
IMmotion150,6760,IFI27;ACTG2;ANO2;KLF17;MSS51,0.716241937230957,,0.105839943790247,TRUE,""
IMmotion150,6761,NTN4;FAM133DP;METRNL;TNNI3;DRC3,0.711627447683438,,0.07563421951198,TRUE,""
IMmotion150,6762,APBA2;PCDHA7;MAD2L1;AL355102.4;TIAM2,0.695084023760053,,0.0567412080521499,TRUE,""
IMmotion150,6763,KITLG;ARHGEF16;GNA15;NCAN;RAD51,0.725782752164671,,0.105052413299174,TRUE,""
IMmotion150,6764,CDH23;FAM86B1;MMP19;PIK3C2G;CCR1,0.987498483309956,,0.94605535031573,TRUE,""
IMmotion150,6765,TBX3;CST7;EVI2A;SV2C;KATNAL2,0.604237872559659,,0.00866825149093222,TRUE,""
IMmotion150,6766,PLEKHA6;RTKN2;EML6;TMEM179;BMP2,1.21493347220103,,0.349866565505246,FALSE,""
IMmotion150,6767,JAM3;SYBU;SH3TC2;TRAV8-3;CHST2,1.16718546111864,,0.471990710877362,FALSE,""
IMmotion150,6768,CD209;SNCAIP;SNORA59A;HOXC11;IGSF9B,1.11061366975855,,0.591052849409086,FALSE,""
IMmotion150,6769,HYDIN2;IGF2BP2;STK26;MOGAT1;CASZ1,0.678330619089165,,0.0476300912586132,TRUE,""
IMmotion150,6770,FOLR2;C15orf48;CD3G;SCGB1D2;GPR34,0.759908154285092,,0.158037710077935,TRUE,""
IMmotion150,6771,MST1;ZNF726;SECTM1;LYPD6;RNLS,0.754158246045138,,0.165009438778688,TRUE,""
IMmotion150,6772,MTARC2;AC010655.3;BMERB1;RNY3;CD72,1.04603635278893,,0.831608171420086,FALSE,""
IMmotion150,6773,FAM27E3;ADGRB2;RPL23AP32;AC142381.1;GOLGA2P5,0.954742869802044,,0.827588275611491,TRUE,""
IMmotion150,6774,RRAGD;ABT1;PCDHB18P;TCAF2C;CCR5,0.479225838990155,,0.000171587528354879,TRUE,""
IMmotion150,6775,PCDHB15;MXRA7P1;NOVA2;PPIAP50;UBE2Q2L,1.27470067306838,,0.214228683303169,FALSE,""
IMmotion150,6776,PTPN3;SLAIN1;TRIM73;FO082814.1;GAL3ST4,0.832826486505945,,0.413055850086636,TRUE,""
IMmotion150,6777,CTAGE6;CX3CR1;MCOLN2;ASS1P12;EBF4,0.820671760103277,,0.30296308155341,TRUE,""
IMmotion150,6778,DNAH6;AL627309.6;COL9A2;CNTNAP4;MAP3K9,0.972132223827868,,0.880802688203177,TRUE,""
IMmotion150,6779,SMOC2;GJA5;PLEK2;AC011767.1;HK3,0.979215583877778,,0.917214879787401,TRUE,""
IMmotion150,6780,LMOD1;SCN8A;NAP1L4P1;AC109446.2;ARHGEF37,1.01270745312119,,0.942119260356914,FALSE,""
IMmotion150,6781,RGPD3;ZNF391;RNFT2;KRT8P4;PDXDC2P,0.658096003022772,,0.0499714027945789,TRUE,""
IMmotion150,6782,BOC;PWP2;ARHGEF15;LUZP2;EPHB3,0.906384025412644,,0.597345701630856,TRUE,""
IMmotion150,6783,ITGA8;AL162417.1;TRIM73;DCAF12L2;SHE,0.824359509216922,,0.280351200499694,TRUE,""
IMmotion150,6784,DLL4;CCNB2;LCK;CLC;TMEM156,0.740958034930871,,0.13634032903776,TRUE,""
IMmotion150,6785,MT-ATP6;FAM86C2P;TTK;OR13C4;LILRB5,0.808113271047958,,0.325870637774171,TRUE,""
IMmotion150,6786,CDCP1;COLEC12;RBP1;LRRN4CL;ZSCAN31,0.941547826050473,,0.761048685042389,TRUE,""
IMmotion150,6787,SMOC2;STOX1;RGS18;HEPACAM2;ARMH4,1.13005379178555,,0.536435435631485,FALSE,""
IMmotion150,6788,ITGA8;PADI2;APCDD1;AL132671.2;AC004832.3,0.965299427826236,,0.871517234765244,TRUE,""
IMmotion150,6789,JAM3;EXPH5;SLC16A5;AC008758.5;VNN2,1.24043602940783,,0.304041202236296,FALSE,""
IMmotion150,6790,CCL5;PCDHB6;SNORA13;RPS3AP25;RGS9,0.739019166887892,,0.131077577922637,TRUE,""
IMmotion150,6791,MATN2;CD69;HLA-L;DIRAS1;ABCG2,0.982625994985765,,0.925443831162938,TRUE,""
IMmotion150,6792,RGS2;HOXA6;FAM13C;WEE2;THSD1,1.01417053032708,,0.944135416118425,FALSE,""
IMmotion150,6793,H2BC17;SEC14L6;DGKI;GJB4;TUB,0.920293138301494,,0.667497576774045,TRUE,""
IMmotion150,6794,SMOC2;NRN1;ACOX2;AC091390.1;HOXA3,1.12290933759433,,0.540252223397781,FALSE,""
IMmotion150,6795,SEZ6L2;HOXA5;NLRC4;TBC1D3;VWA1,0.966283436955979,,0.84880123949651,TRUE,""
IMmotion150,6796,NOSTRIN;PET117;PMEPA1;STRA8;FAM72A,0.776131367940114,,0.214976497333858,TRUE,""
IMmotion150,6797,MT-ATP6;KCNE4;SLC15A2;TRIM31;EML6,0.637920597708343,,0.0300778633648389,TRUE,""
IMmotion150,6798,KLF5;GPLD1;BMP2;CYP2C19;P2RY1,1.21563425585113,,0.373530992365635,FALSE,""
IMmotion150,6799,FTH1P20;IGF2BP2;CLEC14A;MALLP1;DTL,1.03935631064068,,0.843630843710929,FALSE,""
IMmotion150,6800,SNORA21;NUF2;RDH13;SNORA15B-2;SUGCT,0.906055922781364,,0.592757633695315,TRUE,""
IMmotion150,6801,AFF3;FLRT2;PRH1;CST6;PCDHGA5,1.01690680559058,,0.931038719481215,FALSE,""
IMmotion150,6802,SDK1;NOVA1;ZNF578;AC254629.1;TRPC4,1.37777392487314,,0.127872781969394,FALSE,""
IMmotion150,6803,MYOM1;SLITRK4;STON1;OR1S1;SIGLEC7,0.73388163105821,,0.0687264707325206,TRUE,""
IMmotion150,6804,EPHA3;RNF157;CLCN4;TREH;C1QTNF3,1.3129978317167,,0.165716150304671,FALSE,""
IMmotion150,6805,LMOD1;NCR3LG1;SNORA13;UGT1A11P;AS3MT,1.38341007607799,,0.0991197670688359,FALSE,""
IMmotion150,6806,TMEM200A;HRC;DNALI1;SLC9C2;KBTBD8,1.1167039785631,,0.58120116264121,FALSE,""
IMmotion150,6807,SMIM3;LY9;CD72;SMARCE1P2;MELK,0.839901153667914,,0.371163344108105,TRUE,""
IMmotion150,6808,CSRP2;OLFML1;GPR34;KRT8P34;PRTG,0.960222514818384,,0.827543139881634,TRUE,""
IMmotion150,6809,IRS2;EXO1;PRH1;HPDL;ABCG2,1.53003797020689,,0.0377724456435049,FALSE,""
IMmotion150,6810,RHOB;PLCD4;WNK3;AC013489.1;SLC19A2,1.09113077353893,,0.654914854364495,FALSE,""
IMmotion150,6811,SNORD116-23;LOXL1;ZNF578;ADGRG7;NPIPA2,1.09872153945219,,0.604392326553211,FALSE,""
IMmotion150,6812,GGT5;FLT3;RASSF7;FGF20;NBL1,0.700621806779785,,0.0695053936567744,TRUE,""
IMmotion150,6813,EDNRB;SNORA33;HK3;FAM74A3;BPTFP1,1.23585234729248,,0.259777917100346,FALSE,""
IMmotion150,6814,HKDC1;NANOGP4;ZNF491;AC007192.1;ZWINT,1.13768153301244,,0.500360092658236,FALSE,""
IMmotion150,6815,IMPA2;YBX1P10;KCNK5;STXBP5L;ST6GALNAC6,0.986569803928075,,0.940578823499415,TRUE,""
IMmotion150,6816,KIF23;TNFRSF9;GPR34;CATSPERZ;ASRGL1,0.651033784817149,,0.0290746310480598,TRUE,""
IMmotion150,6817,CCDC146;CKB;ARNTL2;FAM166C;MTHFS,0.724476731443171,,0.0986283101121559,TRUE,""
IMmotion150,6818,MEIS1;AC000093.1;ZNF470;MAB21L1;PEG3,1.02190463898232,,0.906236401836805,FALSE,""
IMmotion150,6819,SDK1;SNCAIP;TMC7;MYH6;ZNF596,0.788103566129716,,0.210168980499452,TRUE,""
IMmotion150,6820,PLAU;WSCD1;CCND2;SFTPA1;CCR2,0.598063467533812,,0.011066547211194,TRUE,""
IMmotion150,6821,VEPH1;PDZRN3;SAMD3;KCNJ6;CDKN3,0.793592208720713,,0.261265442140152,TRUE,""
IMmotion150,6822,DLL1;GDF15;BNIP3P1;MIR9-1HG;TIGD2,0.951190989091128,,0.805450892076894,TRUE,""
IMmotion150,6823,EHHADH;NPIPB8;PEG3;VTCN1;ZNF610,0.925894426730905,,0.688091936136103,TRUE,""
IMmotion150,6824,SNORD116-6;NTRK3;GNAZ;VDAC3P1;TMEM25,1.43679769839141,,0.0515532389939286,FALSE,""
IMmotion150,6825,ALDOC;TRPM6;KCNA3;ST6GALNAC5;CX3CL1,0.845344275527904,,0.382884540026726,TRUE,""
IMmotion150,6826,ANG;TGFB2;GSKIP;DLK2;GOLGA6L3,1.16125175070697,,0.477063156763556,FALSE,""
IMmotion150,6827,SNORA61;AC023055.1;SLAMF6;ENHO;SARDH,0.790681474655217,,0.246154357843176,TRUE,""
IMmotion150,6828,CDCA2;RBM20;MCOLN2;FOXB2;TMEM150C,0.665703888979665,,0.035496885931584,TRUE,""
IMmotion150,6829,CDCP1;AC139769.1;SLC9A7P1;AC004381.3;ZNF214,1.0041957850327,,0.98359762002489,FALSE,""
IMmotion150,6830,SNAI2;OLFM2;CIART;TRBV5-5;SNCA,1.35183683395165,,0.0923499349931373,FALSE,""
IMmotion150,6831,SNORA21;SHC2;SLC17A9;FABP1;CCDC113,1.07183158730856,,0.732295413137692,FALSE,""
IMmotion150,6832,TSC22D3;KIAA1143P1;ZSCAN18;RPL7P19;H3C3,1.01211498548424,,0.949556080425206,FALSE,""
IMmotion150,6833,KLF5;SGK2;CCND2;AADAC;ZNF816-ZNF321P,0.73046585953045,,0.152322985899353,TRUE,""
IMmotion150,6834,AR;LAMP3;ZNF483;HEPACAM2;ZNF135,0.727791528730674,,0.103230566745008,TRUE,""
IMmotion150,6835,TNFRSF11B;PNMA2;LINGO1;HNRNPA1P54;INHBA,0.979086421901485,,0.915547840131235,TRUE,""
IMmotion150,6836,SNORA21;SCN8A;GLI2;AC074386.1;LINC01138,1.24263606398494,,0.2498814332862,FALSE,""
IMmotion150,6837,CD248;OLFML1;RAD51AP1;STRA8;ZDHHC23,1.41562168320369,,0.117298161933776,FALSE,""
IMmotion150,6838,MXRA8;CCL14;SOCS2;TGM3;LRRC17,1.26543178905266,,0.250319354584886,FALSE,""
IMmotion150,6839,PDGFD;ANK1;LNX1;AC009275.1;AC021078.1,1.05261138487054,,0.793839341900637,FALSE,""
IMmotion150,6840,MT-ATP6;TBX15;CEP295NL;RPL23AP61;FZD7,0.704548002595781,,0.0869443405317138,TRUE,""
IMmotion150,6841,FHL2;KIF17;GJA4;VCX3A;SIRPB2,0.799837684393027,,0.197589816612779,TRUE,""
IMmotion150,6842,FBN2;ZNF711;P2RY1;RPL23AP87;AL031727.1,0.889604725637271,,0.554216132229244,TRUE,""
IMmotion150,6843,SPNS2;ROR2;ZNF433;GATA4;SNORA14A,1.2835967067748,,0.221009519137464,FALSE,""
IMmotion150,6844,SNAI2;SNORA33;RASSF7;IGKV1-37;CAMK2N1,1.09951062117077,,0.630974507518103,FALSE,""
IMmotion150,6845,CEACAM1;TENT5C;NRXN2;IGKV1D-33;SIK1,0.798127259401921,,0.248540375997441,TRUE,""
IMmotion150,6846,TRPC6;TM4SF18;GPX7;PF4V1;AXIN2,0.993781149834168,,0.97297746985735,TRUE,""
IMmotion150,6847,JAM3;FLRT2;FRMD3;MGAT4EP;COL11A2,1.14859518117034,,0.47514429191479,FALSE,""
IMmotion150,6848,TRAC;PCDHGA2;CELSR3;AL034405.1;CEP295NL,0.967329849171461,,0.865366943493601,TRUE,""
IMmotion150,6849,CTAGE6;RERG;WNK3;AC074386.1;SNORA46,1.14389605253408,,0.483900733898088,FALSE,""
IMmotion150,6850,IRAG1;ECHDC3;SHCBP1;IGHV3-35;PDE7B,1.34779264463821,,0.132435614143123,FALSE,""
IMmotion150,6851,SELL;NEK5;SLC25A33;MYLPF;AK7,0.780901151942596,,0.249126037452972,TRUE,""
IMmotion150,6852,TTC39A;CD69;COL11A2;ONECUT2;MAP3K7CL,1.03386523517591,,0.868198432140725,FALSE,""
IMmotion150,6853,ABCA6;CYB5R2;TSGA10;RFPL2;RASSF7,1.06750889494652,,0.739855769399206,FALSE,""
IMmotion150,6854,TLR7;RBM20;NAALADL2;IGHV3-35;NCAPG,0.891236579759753,,0.554671042765616,TRUE,""
IMmotion150,6855,FBN2;CKB;DECR2;KIR3DL2;CD247,0.701427163884949,,0.0751238226783876,TRUE,""
IMmotion150,6856,PC;WDR53;FRMD3;SHROOM3-AS1;SLC22A15,0.771100654686084,,0.173695352636592,TRUE,""
IMmotion150,6857,FTH1P20;ZSWIM5;SNORA50A;ZAN;MAP3K7CL,1.23163694513779,,0.300945068106987,FALSE,""
IMmotion150,6858,BUB1B;OSGIN1;FAM133CP;KISS1;HLX,1.46822140991466,,0.0617820463963174,FALSE,""
IMmotion150,6859,RRM2;NANOGP4;EVA1C;ST13P13;UBBP4,0.857434251299521,,0.462057338235497,TRUE,""
IMmotion150,6860,SERPINI1;GOLGA8IP;NLRC4;UGT2B26P;SH3TC2,0.679727930054029,,0.038973172849207,TRUE,""
IMmotion150,6861,CD3E;FNDC4;FOXM1;CD1A;LINC02449,0.920820957231369,,0.677212253076672,TRUE,""
IMmotion150,6862,SCIN;PCDHB6;MEFV;S100A14;SCARNA8,0.890252643997516,,0.576584942304624,TRUE,""
IMmotion150,6863,ANGPT2;PIP5K1B;ACOX2;CLEC4C;SNORA18,1.08278532957585,,0.686228733286002,FALSE,""
IMmotion150,6864,ANG;RPL7L1P9;C1QTNF3;AC137056.1;RGS18,1.08752951950964,,0.645649905216821,FALSE,""
IMmotion150,6865,PPFIA4;RP1;H2BC3;TTPA;DNALI1,1.0393220075158,,0.859759467130982,FALSE,""
IMmotion150,6866,PTGIS;COL8A2;LY96;RHBG;SNORA18,0.955550700448377,,0.819603342113827,TRUE,""
IMmotion150,6867,MATN2;ZMYND19;SNORA44;MIR194-2HG;SYDE2,0.859853651692422,,0.389246533643863,TRUE,""
IMmotion150,6868,TENM4;AC006254.1;GAL3ST4;OR2T11;ZNF415,0.836809876379508,,0.364409098071577,TRUE,""
IMmotion150,6869,MEIS1;AMIGO1;FAM184A;AC005020.2;MBNL3,0.948516500794712,,0.780736047353637,TRUE,""
IMmotion150,6870,HKDC1;CSMD2;SCAMP5;MYH13;ORC1,1.19617545141442,,0.384939377618128,FALSE,""
IMmotion150,6871,RGPD3;GLB1L2;HSD17B14;RPSAP29;ARHGEF15,1.10347192520209,,0.57907067191688,FALSE,""
IMmotion150,6872,NPNT;YBX1P10;KCTD15;CDC42EP2;CD80,0.929724296085354,,0.715863558271573,TRUE,""
IMmotion150,6873,FN3K;PLCH2;RGS9;LY6K;ACOX2,1.15078493207724,,0.483631941482084,FALSE,""
IMmotion150,6874,PCDHB8;SPON2;NPIPB9;SFTA2;RAD54L,0.933550571760052,,0.718282374137085,TRUE,""
IMmotion150,6875,GGT5;LIPG;SCHIP1;GGTLC2;CD28,0.965914914568443,,0.865524635593786,TRUE,""
IMmotion150,6876,SNORD116-23;C4orf47;KLF2;SNORD116-27;CLEC4A,1.18285064303905,,0.374421936204597,FALSE,""
IMmotion150,6877,SNORA71D;GDF15;LIMD2;ISL2;ADAMTS5,1.17180246263708,,0.441424555146322,FALSE,""
IMmotion150,6878,CD3E;NPIPB8;GPR34;FAM83F;CCDC74B,0.599110652898469,,0.0091667533338146,TRUE,""
IMmotion150,6879,GBP5;LOXL1;GRIP1;PPIAP78;SNORA59B,0.743272916592722,,0.135303333425477,TRUE,""
IMmotion150,6880,HOXA10;HOXA6;RPL23AP32;BCORP1;NEFH,0.763503166763849,,0.191490765044793,TRUE,""
IMmotion150,6881,PSD3;HOXA5;FAM72A;RPL3P5;ANO2,0.825500012517303,,0.288777515976005,TRUE,""
IMmotion150,6882,TRBC2;TOX;GINS1;PIK3C2G;RFTN2,0.703428683090091,,0.0710610309711752,TRUE,""
IMmotion150,6883,ACP5;SNORA40;GRAPL;AC239859.5;RFLNB,0.799056893872153,,0.256161703016188,TRUE,""
IMmotion150,6884,SGIP1;FAM86EP;ZNF578;TBC1D3P2;WDR17,0.817608178266459,,0.317715507301717,TRUE,""
IMmotion150,6885,ABCA6;ZNF99;HLA-DOB;SLC27A6;CHRD,0.97944113721201,,0.912990380612087,TRUE,""
IMmotion150,6886,LAMB3;AC138894.1;CATSPERG;NRBF2P6;KLRB1,0.904609743805474,,0.590448571396361,TRUE,""
IMmotion150,6887,ZNF90;IL1B;WDR17;OR2L6P;RAD51AP1,1.04768736242976,,0.802312603277825,FALSE,""
IMmotion150,6888,BUB1B;PHYHD1;RDH13;SPDYE6;AGER,0.994148851970853,,0.975762805129922,TRUE,""
IMmotion150,6889,MAP7;AC006254.1;ACTBP4;SH3GL2;DTX2P1,1.12904460235635,,0.557935875430155,FALSE,""
IMmotion150,6890,PLEKHA6;TPTEP2;STON1;AC109446.2;HENMT1,0.518560260169679,,0.00224628549191857,TRUE,""
IMmotion150,6891,CSPG4;SLCO4A1;AC138696.1;PVALB;FAM160A1,1.05048442446511,,0.779998092718892,FALSE,""
IMmotion150,6892,AGAP7P;PPFIA2;CD180;DRD1;METRNL,0.687724077116518,,0.0536933751765652,TRUE,""
IMmotion150,6893,TMEM91;AC023055.1;NUPR1;DHRS2;RPPH1,1.18449719410903,,0.370972301453155,FALSE,""
IMmotion150,6894,PBLD;FAM133DP;H3C1;AC112229.3;CDKN3,1.4135296652412,,0.172013388207298,FALSE,""
IMmotion150,6895,SELL;NTRK3;RSAD2;ARL2-SNX15;RAD51AP1,0.719368751411121,,0.0945501581242636,TRUE,""
IMmotion150,6896,BOC;NME5;LILRA2;AC060834.1;LINC02449,0.846465515014698,,0.375441102160694,TRUE,""
IMmotion150,6897,ALDOC;TRIM16L;LSR;AL049650.1;CELSR3,0.933112384326735,,0.731721359970492,TRUE,""
IMmotion150,6898,IL7R;GABRD;RUNX1T1;MANEALP1;BAMBI,0.846485858276677,,0.405546699140115,TRUE,""
IMmotion150,6899,SMOC2;ZSWIM5;TMC4;NOG;LILRA5,1.13232086206092,,0.580857816372236,FALSE,""
IMmotion150,6900,ANKS1B;RHEBP2;LIMD2;TSIX;CASS4,0.793250869752882,,0.18874658716004,TRUE,""
IMmotion150,6901,PCDHGB4;CSMD2;THSD1;SPDYE5;RGCC,1.01451495619148,,0.938052131929349,FALSE,""
IMmotion150,6902,FLG-AS1;LY75;GZMA;AC104389.6;HMMR,0.672580550053377,,0.032817277816993,TRUE,""
IMmotion150,6903,DSEL;ACKR4;PGM5;AGGF1P1;PPP1R16B,0.755183967007321,,0.136119041390139,TRUE,""
IMmotion150,6904,KIF23;SNORA62;P2RY1;NWD2;ADRB2,0.958597958285106,,0.827880286575818,TRUE,""
IMmotion150,6905,NPNT;MXRA7P1;PCDHB4;OR2A4;AC112777.1,1.18002924264589,,0.380732486880048,FALSE,""
IMmotion150,6906,MXRA7;PYGM;NR5A2;AC091167.2;RGL3,0.977176198891179,,0.905160215133935,TRUE,""
IMmotion150,6907,GOLGA8M;AMIGO1;CACNB2;KIR3DL1;RHOF,0.877876338673316,,0.503425168607191,TRUE,""
IMmotion150,6908,AR;ZNF665;METRNL;AC114803.1;KCNJ5,0.752665796189788,,0.161246791245159,TRUE,""
IMmotion150,6909,MST1;ACTG2;ZNF876P;LDHAP1;NUPR1,1.32652430925005,,0.185220585221974,FALSE,""
IMmotion150,6910,PBLD;HYAL1;SNORD9;CFAP126;CD226,0.959084825312425,,0.82706162831338,TRUE,""
IMmotion150,6911,JAM3;EXO5;C5AR1;POU5F1P4;STAG3,1.04943547371356,,0.807721503343727,FALSE,""
IMmotion150,6912,CTAGE6;S100A9;SLC39A4;NBPF4;CD226,0.929548714779436,,0.718537038226237,TRUE,""
IMmotion150,6913,THSD7A;ITIH4;CMPK2;IGLV5-45;IL12RB1,0.801014367099053,,0.260375662751095,TRUE,""
IMmotion150,6914,BICDL1;HMGB3;TLK2P2;KRT8P5;NR5A2,0.8697738336927,,0.474795565709139,TRUE,""
IMmotion150,6915,OLFML3;CCN4;ALDH7A1P1;UPP2;PIGAP1,0.855685535203915,,0.413494771875515,TRUE,""
IMmotion150,6916,TRAC;RBP7;NPIPA2;AC244394.2;CIDEB,0.83125979391776,,0.330134711164291,TRUE,""
IMmotion150,6917,NFASC;GPR160;FBXO17;AC135068.5;ELMO3,1.11721367238329,,0.570112278606236,FALSE,""
IMmotion150,6918,TLL1;FLT3;KIF14;LGSN;MT-ND3,0.717570386273113,,0.103487029184938,TRUE,""
IMmotion150,6919,DNAH6;CHMP4BP1;TTK;KCNV1;NCAPH,0.831734943525236,,0.369879773252057,TRUE,""
IMmotion150,6920,ANKS1B;EBF2;FZD7;AC103591.2;TSPAN2,1.16584271078633,,0.402718888670096,FALSE,""
IMmotion150,6921,CDCP1;OSGIN1;GNA15;MNX1;TSGA10,0.863883038852361,,0.452068225869473,TRUE,""
IMmotion150,6922,ADAMTSL3;TBCEL-TECTA;KIAA1755;TRBV4-2;CDKN3,0.90488631673794,,0.641692280266762,TRUE,""
IMmotion150,6923,MDK;ZNF713;AGER;FAM169B;MBD3,0.979278061907018,,0.906870678604006,TRUE,""
IMmotion150,6924,CCL2;ADGRD1;TPPP3;PDCD6IPP1;THRB,1.27259040894012,,0.191347034350179,FALSE,""
IMmotion150,6925,TMEM200A;STEAP1;CCDC74B;SFTPB;AL158050.1,0.7742381557595,,0.142383351991622,TRUE,""
IMmotion150,6926,PCSK5;DPY19L2P2;HEY2;GRM5-AS1;ASTN2,0.822565920137699,,0.343245215273169,TRUE,""
IMmotion150,6927,PTER;ISCA1P1;BAMBI;RNASE3;GFOD1,0.631118275531506,,0.0166121677546156,TRUE,""
IMmotion150,6928,KIF4A;KRTCAP3;AS3MT;ENPP7;PCDHB18P,1.03827427839054,,0.860131102364176,FALSE,""
IMmotion150,6929,SGIP1;AL021368.4;ZNF793;TRAV5;SLFN12L,0.639557000834846,,0.0107402443433521,TRUE,""
IMmotion150,6930,FN3K;RGN;SEMA6D;CLVS2;MCM10,1.23706485536752,,0.275458357350808,FALSE,""
IMmotion150,6931,PTTG1;ZNF511;CD83;ANOS2P;KLHL3,0.901641358678193,,0.608748645819393,TRUE,""
IMmotion150,6932,SEZ6L2;COLEC12;COL11A2;SNORD116-27;MYCT1,1.2144841382964,,0.301138769505005,FALSE,""
IMmotion150,6933,RETREG1;AC079594.1;SCARF2;AC114324.1;MEFV,0.738458841035752,,0.139160279136598,TRUE,""
IMmotion150,6934,CCDC146;SUMO1P3;LPAL2;EN1;DEPP1,1.14586564014497,,0.502137179291079,FALSE,""
IMmotion150,6935,FN3K;AL512356.1;ACOX2;GAGE10;MCOLN2,1.0267564051922,,0.904564209275808,FALSE,""
IMmotion150,6936,APBA2;CACNA2D3;TPRG1;TBX20;IQCC,0.824215240878766,,0.326606304284357,TRUE,""
IMmotion150,6937,MDK;AC048382.2;SNORA55;AC112229.3;AXIN2,0.97490992685779,,0.900319073008353,TRUE,""
IMmotion150,6938,MT-ATP6;PCDHGA1;SNHG17;GOLGA6L11P;CMPK2,0.991132058264201,,0.962934858057667,TRUE,""
IMmotion150,6939,SELL;PCDHB5;SLC15A2;PLP1;GPR34,0.779740396342413,,0.197674869938883,TRUE,""
IMmotion150,6940,SNORD116-22;AL022238.3;SLC22A4;A4GNT;RALGPS1,0.645604699239798,,0.0438613829609759,TRUE,""
IMmotion150,6941,PCSK5;CD69;CD6;ULK4P3;RAD54L,0.604050382689373,,0.0112339643330827,TRUE,""
IMmotion150,6942,FAM149A;NELL2;SCARA3;PAEP;CC2D2B,0.785201936503751,,0.199386923214276,TRUE,""
IMmotion150,6943,FTH1P20;MDP1;ELMO3;CAVIN2-AS1;FMOD,0.830547300103001,,0.432945540625177,TRUE,""
IMmotion150,6944,OLFML3;P2RY12;TRGC2;AC012531.2;TESPA1,0.667675114501229,,0.042573421895101,TRUE,""
IMmotion150,6945,SELL;NCR3LG1;SNORA59A;AC022217.1;SLC2A3P2,0.973168310878179,,0.883649752674023,TRUE,""
IMmotion150,6946,SELL;COL22A1;CLCN4;FOLR3;SLC22A4,0.981313049115639,,0.920875634109603,TRUE,""
IMmotion150,6947,AR;RBP7;OXER1;GALNT9;GAMT,1.07556297010269,,0.709416423478655,FALSE,""
IMmotion150,6948,FAT3;GREB1;SHCBP1;AL160408.2;ORC1,0.824377555524728,,0.330292353329837,TRUE,""
IMmotion150,6949,MYOM1;ARHGEF16;ADAMTS13;BRINP2;HOXA4,1.0312685040816,,0.86888418058334,FALSE,""
IMmotion150,6950,SPATA18;CDA;SLC2A3P2;AC142381.1;AC138696.1,0.698273825826396,,0.0617032103019357,TRUE,""
IMmotion150,6951,PKD1P5;ZNF711;DNM1P46;DLGAP2;MYCT1,0.900823792416547,,0.566833317626967,TRUE,""
IMmotion150,6952,PLCH1;ISCA1P1;HLA-L;AC133555.3;ADAMTS3,0.784933406293533,,0.233454303914111,TRUE,""
IMmotion150,6953,ALPK3;PAQR5;PDE8B;USP41;H3C2,1.04678624444477,,0.82729887636981,FALSE,""
IMmotion150,6954,LIF;KIF20A;GSKIP;TMEM125;MCM10,1.25613180204146,,0.252321965606845,FALSE,""
IMmotion150,6955,SDHAP2;P2RX1;SRRM5;HAUS6P3;FRMD3,0.838886996374521,,0.375820805110728,TRUE,""
IMmotion150,6956,MT-CYB;STEAP1;BMP2;SERPINB2;CCR1,0.807782253698068,,0.276637577503653,TRUE,""
IMmotion150,6957,ANG;ERV3-1;GCSHP5;AL138752.2;DHFR2,1.20845894770098,,0.366722639911487,FALSE,""
IMmotion150,6958,VEPH1;SNRPEP4;FZD8;ZAN;PRELID3A,1.54105014971047,,0.0412816573366893,FALSE,""
IMmotion150,6959,RNASE1;ACTG2;CDKN3;CNR2;HIC1,1.15434522268829,,0.470595196564418,FALSE,""
IMmotion150,6960,FAP;WSCD1;IGFBP6;LINC00887;ESR1,0.887627282943185,,0.522584459957488,TRUE,""
IMmotion150,6961,ARFGEF3;FCGR3B;TMEM273;NUDT11;SNORA59A,1.15085833832193,,0.453930727058597,FALSE,""
IMmotion150,6962,TENM4;SUSD2;INHBA;LRRC3B;CELSR3,1.37723696313777,,0.0887863738733182,FALSE,""
IMmotion150,6963,FER1L4;CATSPER3;TSNAXIP1;TCL1A;GSTM3,0.875675810432982,,0.49781383256603,TRUE,""
IMmotion150,6964,ALOX5AP;TOX;ARHGEF37;SVOPL;NRXN3,0.719812853813569,,0.117505652586874,TRUE,""
IMmotion150,6965,MXRA8;SPEG;KIF14;KRT79;CDK1,1.05315885753425,,0.799398711473308,FALSE,""
IMmotion150,6966,PCDH17;AC009078.3;PCDHGA5;AC069257.3;SEC14L2,0.814919153862191,,0.236044758529365,TRUE,""
IMmotion150,6967,PLVAP;SLC7A9;BCL2;SERPINA10;CCR5,0.988727375259617,,0.951213365398953,TRUE,""
IMmotion150,6968,MAP2;AC006254.1;ATP8B3;DLL3;PCED1B,0.734145611931008,,0.112754781506296,TRUE,""
IMmotion150,6969,ACSS3;IL1R2;ZNF540;AGR2;TWF1P1,0.902430655494709,,0.593652975756973,TRUE,""
IMmotion150,6970,PDLIM3;COL22A1;ZNF300;CDRT15P6;EGFL7,1.0202347638385,,0.9163079222619,FALSE,""
IMmotion150,6971,SLC2A10;NR2F1;TSPAN5;KRT8P25;SPSB1,1.15924572518309,,0.46674833416146,FALSE,""
IMmotion150,6972,EDNRB;PLXNB3;LILRA6;MYH16;SUGCT,0.966355133364573,,0.862311653961697,TRUE,""
IMmotion150,6973,CD2;PTGS2;CASZ1;BCL2L10;MELK,0.841590897927269,,0.39116617986024,TRUE,""
IMmotion150,6974,TRIM9;IRF4;LRATD1;LPA;AC004832.3,0.828399937981126,,0.354348601898179,TRUE,""
IMmotion150,6975,THSD7A;HYAL1;ORC6;NKAIN1;S1PR2,1.03052827729655,,0.878619513324929,FALSE,""
IMmotion150,6976,ALDOC;ECHDC3;RPL32P3;LINC02694;KLF2,0.901078024498172,,0.59290440890998,TRUE,""
IMmotion150,6977,SGPP2;PCDHGB1;ASRGL1;BX571818.1;STX11,0.667670201975458,,0.0268955528856596,TRUE,""
IMmotion150,6978,NAV3;ZP3;ZFP2;LRRC37A7P;SEC14L2,0.815857574683012,,0.280408876383219,TRUE,""
IMmotion150,6979,CDH23;BEND5;MEGF6;ASTN1;STX11,0.839581700369737,,0.366906010673077,TRUE,""
IMmotion150,6980,MST1;HSD17B3;ACOX2;SLCO1B1;RALGPS1,0.93255729449753,,0.738449695910487,TRUE,""
IMmotion150,6981,STEAP3;ZNF215;CFAP53;TMIGD1;RNU4ATAC,1.3395105639687,,0.140656107788175,FALSE,""
IMmotion150,6982,FBN2;NPHP3-ACAD11;SNORA26;OR13C9;JAM2,0.90923052649732,,0.631547772001206,TRUE,""
IMmotion150,6983,NETO2;COX7A1;KCNJ5;RBFOX1;ABTB2,0.971606843131011,,0.883166172231695,TRUE,""
IMmotion150,6984,AGAP7P;UNC5CL;TRGC2;SLC26A5;SLAMF8,0.632082399021751,,0.0212453167477458,TRUE,""
IMmotion150,6985,MT-ATP6;RARRES1;ZSCAN18;AL355303.2;STK32B,0.957532901735108,,0.830143453015384,TRUE,""
IMmotion150,6986,MAP7;LY9;LPAR1;AL590132.1;FGD1,0.734342111613366,,0.124206458022262,TRUE,""
IMmotion150,6987,SGIP1;PODN;AC021078.1;H2BU2P;PIK3R6,0.868313741493565,,0.459681915333115,TRUE,""
IMmotion150,6988,MT-CYB;ESCO2;ZNF257;INHBC;SYT17,1.03998960574315,,0.845275513742417,FALSE,""
IMmotion150,6989,TENM4;AC036108.2;PCDHB2;AL450124.1;JAM2,0.993062052195974,,0.971745671954919,TRUE,""
IMmotion150,6990,HRH2;RGN;RGS18;AKNAD1;FBXO16,1.03405144736426,,0.855490846876549,FALSE,""
IMmotion150,6991,CDCA2;NALCN;GNA15;KCNJ10;SHE,0.801725068083005,,0.270060698936937,TRUE,""
IMmotion150,6992,SMOC2;IL1B;ADRB2;AL358232.2;JAM2,0.822936947232214,,0.323139373229611,TRUE,""
IMmotion150,6993,HYDIN2;EXO1;SOX5;ITIH1;MACROD2,1.06091475096768,,0.762542385999593,FALSE,""
IMmotion150,6994,ARFGEF3;AL512356.1;UBE2Q2L;HTR1D;PIK3R6,0.776850382057047,,0.215217757805208,TRUE,""
IMmotion150,6995,ADM;GOLGA8H;LINC01138;GREM2;H2BC3,1.19653951932401,,0.390762752058974,FALSE,""
IMmotion150,6996,SDHAP2;HMGN1P3;GOLGA2P5;AL031777.1;ZSCAN31,0.92237461273603,,0.688438587604897,TRUE,""
IMmotion150,6997,KLF5;NPHP3-ACAD11;STK32B;VWA5B1;AC138696.1,0.942691021862753,,0.725163698376974,TRUE,""
IMmotion150,6998,PCDHB9;TBX15;SCAMP5;AC009119.1;SPAG4,1.05062028622763,,0.796438428249353,FALSE,""
IMmotion150,6999,FBN2;STRIP2;RTL5;C9orf129;LINGO1,1.0857388466415,,0.66757126906309,FALSE,""
IMmotion150,7000,KITLG;SRR;AMIGO2;PAOX;THEMIS,0.742083950913541,,0.119049583543574,TRUE,""
IMmotion150,7001,MAP2;ASAH2B;ADAMTSL1;ZNF705D;SLC35G2,1.23795414583352,,0.250034747279474,FALSE,""
IMmotion150,7002,CD3D;DNAJC22;SNORA55;SEC22B2P;THSD1,0.866640605192252,,0.491211351639609,TRUE,""
IMmotion150,7003,ANOS1;FLT3;TNFRSF11A;RPL21P39;SEC14L2,0.778882283849431,,0.172195689426858,TRUE,""
IMmotion150,7004,MST1;TRBC1;HMMR;SNORD115-23;KYAT1,0.776446424724409,,0.229113546093598,TRUE,""
IMmotion150,7005,ACSS3;ADRA1B;RAD54L;TMPRSS4;ZNF454,1.06732035491212,,0.782539570358311,FALSE,""
IMmotion150,7006,TNFRSF11B;SYBU;ATL1;AC005225.2;SLC2A3P2,0.750957204120239,,0.145847858003379,TRUE,""
IMmotion150,7007,KIF4A;AL512356.1;DUSP4;IGHV4-55;LRP8,0.736188149577061,,0.130619321805968,TRUE,""
IMmotion150,7008,KITLG;ZNF391;ANKRD29;OR9A1P;PIK3R6,0.586455103306507,,0.00745977376807329,TRUE,""
IMmotion150,7009,NCKAP5;SLC12A8;ELOVL6;CEACAM5;STAG3,0.713790164905978,,0.0889418589935592,TRUE,""
IMmotion150,7010,NOSTRIN;GIPC2;IL4I1;AC127502.3;HSD17B14,1.11421651909371,,0.581462615458736,FALSE,""
IMmotion150,7011,PCDHB15;CDS1;PCDHB4;AC008758.5;SLC35G2,1.26836305344225,,0.213875917214567,FALSE,""
IMmotion150,7012,THSD4;SPATA17;CD247;TEX13C;MAP3K9,0.806678286647935,,0.31081174854927,TRUE,""
IMmotion150,7013,FLG-AS1;TRGC1;TRIP13;EPYC;CLCN4,0.807793665592488,,0.288510418677667,TRUE,""
IMmotion150,7014,CD3E;UBE2T;ANO2;NAIPP3;THEMIS,0.631749180635831,,0.0217224604009697,TRUE,""
IMmotion150,7015,TRBC2;SNORD104;SLC22A15;TM4SF19;ADORA3,0.549964807745591,,0.00185415671676431,TRUE,""
IMmotion150,7016,TRPC6;FLT3;GFOD1;AC092153.1;CYYR1,0.777102101338676,,0.169296607730314,TRUE,""
IMmotion150,7017,FAM149A;GBP1P1;IQCC;NPM1P51;MICU3,0.84747309111027,,0.375271472446993,TRUE,""
IMmotion150,7018,RHOB;IL1RL2;ITGA10;UGT1A11P;STRC,1.26342451415178,,0.22464360400299,FALSE,""
IMmotion150,7019,AOC3;MT1F;TIGD2;AC145676.1;DHFR2,0.958830607636937,,0.84271459958024,TRUE,""
IMmotion150,7020,RADX;OSGIN1;MFAP3L;OR1J2;BMERB1,1.26358093944136,,0.241085225644473,FALSE,""
IMmotion150,7021,SNORA71D;FNDC4;MILR1;TBX4;CYGB,0.96305101195146,,0.84937956772594,TRUE,""
IMmotion150,7022,ZNF90;SNORA33;ZNF366;AL590627.1;P2RY13,0.998777827155295,,0.994726242871286,TRUE,""
IMmotion150,7023,SSC5D;SPEG;RUNX1T1;TMEM72;TRIM34,0.826915640254124,,0.302989601118765,TRUE,""
IMmotion150,7024,SMOC2;PLCH2;HMMR;FAM163A;HOXD8,0.968062496683511,,0.864122088500556,TRUE,""
IMmotion150,7025,PDGFD;MXRA7P1;THRB;ARC;CHRD,1.29590400275872,,0.165125317794465,FALSE,""
IMmotion150,7026,DNAH6;EGF;SNORA14A;ZNF648;TSPOAP1,1.09113507800323,,0.700067436568185,FALSE,""
IMmotion150,7027,EPHA3;TNFRSF19;MILR1;RAD51AP2;KIF15,0.738456395337909,,0.120609502356303,TRUE,""
IMmotion150,7028,SELL;METTL7B;DEPP1;RAD21L1;CD33,0.69949466479267,,0.0611614279596633,TRUE,""
IMmotion150,7029,ZNF521;ZFHX2;CCR1;KRT8P31;AC136632.1,0.711587697787733,,0.0538763014320173,TRUE,""
IMmotion150,7030,TSC22D3;FDXACB1;MARK1;AC010185.1;PEG3,0.740641038396501,,0.0985999190627305,TRUE,""
IMmotion150,7031,PTER;GDF15;ADAMTSL1;HJV;PIGAP1,1.01811628164835,,0.931454811072218,FALSE,""
IMmotion150,7032,FBN2;GZMK;MARCKSL1;BCAR3-AS1;PYHIN1,0.788990403105575,,0.265494846856289,TRUE,""
IMmotion150,7033,SERPINI1;CCNB2;KATNAL2;NPTX1;NR5A2,1.10824050568423,,0.63536737560355,FALSE,""
IMmotion150,7034,ABCA9;SNORA62;LYVE1;MKRN8P;GPT2,1.27864536183133,,0.210180243739229,FALSE,""
IMmotion150,7035,PCDHGB4;SEMA3B;LILRA1;TRAV16;ID1,0.708397125017828,,0.0779062648233559,TRUE,""
IMmotion150,7036,EDNRB;ZNF713;PIM2;SYCE3;TAS2R5,0.663808700148439,,0.0442923746015668,TRUE,""
IMmotion150,7037,ALOX5AP;BORCS8-MEF2B;AL096711.2;AC009275.1;TESPA1,0.657219012991183,,0.0229150092870886,TRUE,""
IMmotion150,7038,IL2RG;ZSWIM5;CPNE5;LMO1;HLA-DOB,0.900901916438562,,0.625820899178799,TRUE,""
IMmotion150,7039,IRAG1;AL162417.1;ARHGEF15;SYT14;H2AC16,0.82993797476483,,0.330403423345804,TRUE,""
IMmotion150,7040,H2BC9;AC079594.1;TXK;KRT19P1;SNORA50A,0.789503855150548,,0.25216407854762,TRUE,""
IMmotion150,7041,H2BC9;CFAP43;P2RY1;DUSP9;KLF4,1.01857482370851,,0.926952589322999,FALSE,""
IMmotion150,7042,CCL5;PET117;COL9A2;STH;CCSER1,0.5808518034059,,0.00436488579691284,TRUE,""
IMmotion150,7043,OLFML2A;MT1F;ITGA10;PPIAP50;RAD51AP1,1.23775431036551,,0.252867430129099,FALSE,""
IMmotion150,7044,MYRF;AC034102.1;ZNF816-ZNF321P;BIRC7;GAL3ST4,0.735317232798737,,0.0962333031221412,TRUE,""
IMmotion150,7045,FTH1P20;ZNF215;EML6;MUSTN1;SFXN2,1.1356979161368,,0.514445877774768,FALSE,""
IMmotion150,7046,ITK;ZNF232;CD101;ADRB1;PCDHGA8,0.568854218501349,,0.00334621201438724,TRUE,""
IMmotion150,7047,RRM2;AGBL3;MFAP3L;AC026471.3;ARVCF,1.10166606697892,,0.64691021721483,FALSE,""
IMmotion150,7048,ANGPT2;MST1P2;TP53INP2;AC103591.2;PATL2,1.30894983715939,,0.160777941958236,FALSE,""
IMmotion150,7049,PKD1P5;EGF;CSTA;RNVU1-29;ZSCAN31,1.15272842227443,,0.446542649836787,FALSE,""
IMmotion150,7050,STEAP4;GPR39;FAM13C;INO80B-WBP1;SLC9A7P1,1.16712647788588,,0.387759056099453,FALSE,""
IMmotion150,7051,COL4A4;DLG2;CCRL2;RPL3P5;PCDHB2,0.823876749991783,,0.331486604635005,TRUE,""
IMmotion150,7052,ANKS1B;HSD11B2;C2orf27A;RBM11;EYA2,1.31528819079633,,0.174166435361752,FALSE,""
IMmotion150,7053,SNORD116-22;GIPC2;FAXDC2;CDH9;EYA2,1.17742170747512,,0.376003992905576,FALSE,""
IMmotion150,7054,FAM149A;ZNF471;KATNAL2;SNORD65;EPHB3,1.17630471129242,,0.359721436740528,FALSE,""
IMmotion150,7055,DCLK1;YBX1P10;CCR2;AP000926.1;MPP3,0.872331948124927,,0.526090463612812,TRUE,""
IMmotion150,7056,FBP1;ANKRD33B;ACTBP4;AC020765.6;MMP11,1.18075252131374,,0.425675622095116,FALSE,""
IMmotion150,7057,ALDOC;RPSAP12;IFI6;C1orf210;RNU4ATAC,0.941723425184216,,0.760962693418586,TRUE,""
IMmotion150,7058,SELENBP1;SHB;HHEX;EYS;ST6GALNAC6,1.10811695752893,,0.605569405924643,FALSE,""
IMmotion150,7059,MAP3K21;ZNF286B;ZNF578;LINC00671;TROAP,0.891449948567155,,0.582019504310659,TRUE,""
IMmotion150,7060,H2BC9;PODN;MSS51;ALOX15;DUSP7,0.963690831019945,,0.860204489227602,TRUE,""
IMmotion150,7061,BAIAP2L1;GPLD1;CD247;GFAP;AXIN2,0.821822673962378,,0.315602491656877,TRUE,""
IMmotion150,7062,ABCA6;AKR7A3;ARHGEF15;ZNF716;CC2D2B,1.07497505580013,,0.702892368353496,FALSE,""
IMmotion150,7063,CNTNAP3P2;S100A9;DTL;SNORD56;NLRC4,1.05948627683668,,0.765370507979361,FALSE,""
IMmotion150,7064,LMOD1;F3;LRP3;ZNF37CP;APOBEC3B,1.04631813991918,,0.81102032756675,FALSE,""
IMmotion150,7065,ADAMTSL2;KLRC4-KLRK1;TSPYL5;DCLRE1CP1;IQCC,0.899557049352043,,0.591963764599039,TRUE,""
IMmotion150,7066,PLS1;AL591806.2;SEPTIN1;Y_RNA;FAM184A,0.552878592849838,,0.00145988840336674,TRUE,""
IMmotion150,7067,RASL11A;ICOS;ATP8B3;AC091390.1;FHAD1,0.783176545074737,,0.210645206029395,TRUE,""
IMmotion150,7068,CEACAM1;NRG1;ADCY1;GSTT2;PTGDR,1.01720266196764,,0.926763279914675,FALSE,""
IMmotion150,7069,NQO1;TPTEP2;MAP3K9;FP236383.5;ZNF483,0.95752060902333,,0.849220467212222,TRUE,""
IMmotion150,7070,TNFRSF11B;SRR;ZNF454;FBXL16;JAM2,0.696182794536194,,0.0338618070560006,TRUE,""
IMmotion150,7071,CDH23;IRF4;FHAD1;WNT9B;LNX1,0.857939522523674,,0.432058702545441,TRUE,""
IMmotion150,7072,SMOC2;ZNF471;DUSP5;PCDH11Y;ZNF470,1.03437882305307,,0.856006581906587,FALSE,""
IMmotion150,7073,SNORD116-6;GIPC2;NAALADL2;CHRND;TRIB3,1.30918876287014,,0.186786127455396,FALSE,""
IMmotion150,7074,LMOD1;CHI3L2;SNORD9;LNCOC1;PCDHB4,1.20603641995442,,0.335658012554277,FALSE,""
IMmotion150,7075,BUB1B;GATA3;SEMA7A;IGHV3-64D;SNORD16,0.853883698973852,,0.465565442909219,TRUE,""
IMmotion150,7076,CCL5;PET117;AGER;PDIA2;PRTFDC1,0.811980588819323,,0.293835488133064,TRUE,""
IMmotion150,7077,PARD6B;GBP1P1;PTPN7;CRHR2;PCDHB18P,0.738473423021719,,0.122065134890891,TRUE,""
IMmotion150,7078,CDH23;CXADR;DHFR2;AGBL1;LILRA6,0.902597570603389,,0.560635970712029,TRUE,""
IMmotion150,7079,SELL;NPHP3-ACAD11;RNF125;AC138749.1;CD72,0.796565330755456,,0.205947133012865,TRUE,""
IMmotion150,7080,SNORA31;RRAD;FZD7;SLC47A1P2;ZSCAN31,0.974527192464971,,0.90124036219852,TRUE,""
IMmotion150,7081,ADAMTSL3;SLAMF7;PDXDC2P;SLC34A1;KLF2,0.850598659633285,,0.430178964965386,TRUE,""
IMmotion150,7082,FLG-AS1;FAM86EP;BRSK1;POTEG;AK7,0.714016605337719,,0.115192681838067,TRUE,""
IMmotion150,7083,SGPP2;SLC14A1;SYNGR1;AC027682.3;FBXO17,1.40003421462909,,0.0965892056479609,FALSE,""
IMmotion150,7084,BAIAP2L1;AC004691.2;ZNF214;CHODL;RASSF7,1.11798693579699,,0.48698998627165,FALSE,""
IMmotion150,7085,ZNF704;EXPH5;TSPAN2;CCL24;P3H3,1.34694113627971,,0.164776299206374,FALSE,""
IMmotion150,7086,ADAM12;C15orf48;SNORD9;ZNF536;TXK,0.80370863077437,,0.260346785832662,TRUE,""
IMmotion150,7087,PCDHB11;HYLS1;SIRPB2;SNORD116-27;ADORA3,0.651135905605862,,0.0194103546634109,TRUE,""
IMmotion150,7088,ZFPM2;TRABD2B;UHRF1;AC008750.1;NCAPG,1.03921855999057,,0.843040308910416,FALSE,""
IMmotion150,7089,PBLD;PMS2P7;MT-ND3;INSYN2A;ZSCAN18,1.06741854796494,,0.732515302088796,FALSE,""
IMmotion150,7090,LRP4;RPP14;LY96;CSDC2;EGFLAM,1.33270987307351,,0.174252700170004,FALSE,""
IMmotion150,7091,BOC;ADAMTS14;FAAH2;CTSLP2;LETM2,0.746556385945079,,0.169643827524714,TRUE,""
IMmotion150,7092,FAM27E3;CEP55;SCIMP;AC009879.3;SMAGP,0.536994475557877,,0.00140869144828321,TRUE,""
IMmotion150,7093,PC;RERG;HLX;ACKR4P1;STRC,1.33434860265186,,0.131845585796328,FALSE,""
IMmotion150,7094,PCDHB8;GATA3;ZDHHC11;IGLL1;BMP2,0.754393197668287,,0.14682549945679,TRUE,""
IMmotion150,7095,TRAC;ZNF391;BMP2;CYP4B1;HLA-DOB,0.574061795520067,,0.00438274469317243,TRUE,""
IMmotion150,7096,MYRF;STEAP1;GPAT3;ZNF648;C1QTNF3,1.24654283286027,,0.290345886491085,FALSE,""
IMmotion150,7097,MATN2;AC010655.3;ZDHHC23;HORMAD2-AS1;H3C2,1.21586333216514,,0.329867739533812,FALSE,""
IMmotion150,7098,SNORD13;ZNF215;SNORA50A;AHSP;ESR1,1.48881754497254,,0.0386986840705837,FALSE,""
IMmotion150,7099,MT-CYB;SHB;HAPLN3;TNNI3K;LPAR1,0.711406424686782,,0.0639332261803534,TRUE,""
IMmotion150,7100,EPHX2;PLAC8;VWA1;RPL23AP61;SNORA72,1.1791129117844,,0.395429081097978,FALSE,""
IMmotion150,7101,SMOC2;ZFHX2;ZNF433;DQX1;ABCA10,0.799560404806163,,0.223151593992782,TRUE,""
IMmotion150,7102,GGT5;LRCH2;IL2RB;AL512590.2;PEG3,0.851395617686287,,0.410340153526716,TRUE,""
IMmotion150,7103,MDK;CST7;FGF2;OR2T5;KCNJ5,0.775638407395834,,0.203437671724819,TRUE,""
IMmotion150,7104,KIT;METTL15P1;CCSER1;SNORD62A;PSORS1C1,0.600324003481542,,0.00885850755724324,TRUE,""
IMmotion150,7105,MT-CO2;P2RY10;TBXA2R;MIA-RAB4B;TWF1P1,0.736194317653688,,0.163787841718944,TRUE,""
IMmotion150,7106,ADM;TRPM6;TICRR;AFAP1-AS1;MMP11,1.61841468437309,,0.0205077864529706,FALSE,""
IMmotion150,7107,AR;EFR3B;ANKRD29;TRAV6;RPS20P14,0.683195069671254,,0.0511283310745794,TRUE,""
IMmotion150,7108,DLL4;CHMP4BP1;KLHL3;SUPT20HL1;CCRL2,0.886994128640737,,0.542593191260371,TRUE,""
IMmotion150,7109,SELENBP1;TBKBP1;PSORS1C1;AC011498.4;H3C7,0.948178534010994,,0.790743900046399,TRUE,""
IMmotion150,7110,IFI27;MDP1;AKR1E2;SPDYE5;LILRA2,0.892422345926661,,0.525521977648189,TRUE,""
IMmotion150,7111,SDHAP2;HLA-H;CCSER1;AC106782.6;FAM111B,0.913745993678891,,0.655875050272958,TRUE,""
IMmotion150,7112,PLEKHA7;SNORA62;HOXA2;CCL13;RALGPS1,0.716557607741617,,0.0930455010467959,TRUE,""
IMmotion150,7113,SDHAP2;PRLR;NLRC3;SLC30A10;SLC7A8,1.09935949475217,,0.651619850296508,FALSE,""
IMmotion150,7114,FAP;IL1R2;GPT2;GATA5;DLGAP5,1.21081233385059,,0.359060685694367,FALSE,""
IMmotion150,7115,ANGPT2;SLC7A11;NPIPA2;FLG2;BASP1,0.931112655626485,,0.712190767857092,TRUE,""
IMmotion150,7116,PLEKHA7;KLHL4;SPSB1;TBC1D3P1;SPN,0.743983969420098,,0.137471227062315,TRUE,""
IMmotion150,7117,EIF2S2P4;AC036108.2;DUSP5;C9orf24;RPL23AP32,1.06441148968372,,0.757081596268255,FALSE,""
IMmotion150,7118,ANOS1;EPHA1;SEMA4G;PLA2G4D;NBL1,0.950411157158008,,0.792886009130767,TRUE,""
IMmotion150,7119,CCL2;CEP170P1;CDKN3;TTC29;DRC3,0.904018814552982,,0.610198949699637,TRUE,""
IMmotion150,7120,KITLG;F2RL1;H2AC16;SPATA22;HOXB6,0.705750778928092,,0.0901614653956692,TRUE,""
IMmotion150,7121,MAP2;CLDN7;BNIP3P1;PRSS22;CCDC150,1.07910002280182,,0.71186023872667,FALSE,""
IMmotion150,7122,CAVIN2;FAM241A;SLC16A5;LINC01558;SLC7A8,1.26964338480672,,0.204595012554929,FALSE,""
IMmotion150,7123,BAIAP2L1;ATP2A1;PCDHB18P;BCORP1;WDR17,1.05071075582594,,0.792466799050037,FALSE,""
IMmotion150,7124,NOX4;CKAP2L;CNRIP1;SPTY2D1OS;HEYL,1.1249353183651,,0.577506574330088,FALSE,""
IMmotion150,7125,MAP3K21;CX3CR1;LILRA2;SFTPC;RHOF,0.687608964046017,,0.0614831740898317,TRUE,""
IMmotion150,7126,LDHAP4;CDA;GNAZ;ACOT12;DTX2P1,1.11546312834107,,0.554445917497144,FALSE,""
IMmotion150,7127,TLL1;SPDYE18;NEFH;SERPINA9;RFTN2,0.835771576478239,,0.296975540911768,TRUE,""
IMmotion150,7128,SLC11A1;BCL2A1;SPTBN5;FRMD7;CCR2,0.924329480363745,,0.703177453680743,TRUE,""
IMmotion150,7129,PTGIS;SLC7A9;TNFRSF10C;BX088651.1;ZFP2,0.677012852457065,,0.044843006092618,TRUE,""
IMmotion150,7130,TBX3;TMEM184A;BASP1;KERA;PTCH2,0.791794338914643,,0.235518258984634,TRUE,""
IMmotion150,7131,ZNF521;KLHL4;SPOCK2;GGTLC3;B4GALT6,0.855190181280691,,0.447469817566568,TRUE,""
IMmotion150,7132,PLS1;ZMYND19;SSPN;AC241377.2;PRELID2,0.84958659809325,,0.353318671713912,TRUE,""
IMmotion150,7133,IRS2;AC026150.3;CD101;YWHAEP7;H3C11,0.86954299515037,,0.47227188588377,TRUE,""
IMmotion150,7134,MAP7;PCDHB5;SLC19A2;FLG2;CCNJL,1.09873961294732,,0.653871233705165,FALSE,""
IMmotion150,7135,THSD4;SCN8A;HOXC6;GPR78;IGSF9B,1.37122474127773,,0.100409394814262,FALSE,""
IMmotion150,7136,NOSTRIN;AKR1C2;CASS4;SULT1E1;P2RY6,0.755753588739968,,0.154005757887257,TRUE,""
IMmotion150,7137,FAT3;HRC;FBXO17;SNORD115-32;MAP3K9,1.55118782436472,,0.0205305151478468,FALSE,""
IMmotion150,7138,BICDL1;BAIAP3;NLRC4;HMGA2-AS1;STX11,0.662275696109645,,0.0203856603205187,TRUE,""
IMmotion150,7139,RNASE1;COX7A1;PRH1;DLK2;RSAD2,1.06532677191012,,0.729165206536514,FALSE,""
IMmotion150,7140,CD248;IGFBP2;SLC6A1;AFAP1-AS1;LILRA6,1.19625832741244,,0.415958290730847,FALSE,""
IMmotion150,7141,IFI44L;TMEM232;RGS18;PRH2;CD3G,0.607004049503207,,0.00563209701664165,TRUE,""
IMmotion150,7142,SERPINI1;ZBP1;EPHB2;TRIM74;HOXA4,0.668617367207887,,0.026872326777479,TRUE,""
IMmotion150,7143,SNORD116-6;CDC42BPG;BMP2;AVPR2;IL15RA,0.877109160971695,,0.516919100925813,TRUE,""
IMmotion150,7144,GCNA;HLA-H;SNORA50A;XKR4;HOMER1,0.79689499080462,,0.274272669507304,TRUE,""
IMmotion150,7145,FAM149A;KIF20A;THRB;OR2W3;SPSB1,1.32397147375453,,0.142132083976925,FALSE,""
IMmotion150,7146,AFF3;F2RL1;ACAP1;SNORA11D;RNF138P1,0.729373902162565,,0.128887129873687,TRUE,""
IMmotion150,7147,SNORA71D;GZMB;NOVA2;TUBBP10;TUB,1.03297220471904,,0.870332703949244,FALSE,""
IMmotion150,7148,SNORA61;IQCA1;CCDC74A;HNRNPA1P14;HCST,0.716433211687554,,0.0756409258882605,TRUE,""
IMmotion150,7149,TPX2;GRM8;CCDC113;AP003498.2;ZNF454,1.02653684948988,,0.891773572539968,FALSE,""
IMmotion150,7150,OLFML2A;ULBP2;SOD3;CSMD3;GAL3ST4,1.28989450249052,,0.216452900643409,FALSE,""
IMmotion150,7151,CD2;FAM241A;PLEK2;AC025279.1;CC2D2B,0.744103262476185,,0.10256242880883,TRUE,""
IMmotion150,7152,RASL11A;POM121L9P;CCDC110;GRHL2;TUB,0.939493094920428,,0.757788819708222,TRUE,""
IMmotion150,7153,MAP7;SLC6A16;SNCA;AC012309.1;TSPAN5,1.04812820166903,,0.815868681750622,FALSE,""
IMmotion150,7154,MAP3K21;GALNT15;PCDHGA3;RPL23AP61;DUSP7,0.761282410714668,,0.115432615419348,TRUE,""
IMmotion150,7155,GOLGA8M;VANGL2;EYA2;CARD17;ZNF662,1.04994514707312,,0.812048624042538,FALSE,""
IMmotion150,7156,GOLGA8M;GPR39;IGFBP6;TSPAN19;CYP2D7,1.02687177498935,,0.889758199793387,FALSE,""
IMmotion150,7157,MT-CO2;ANK1;PPP1R16B;SLC22A9;PCDHGC5,0.75198221572985,,0.156654441121188,TRUE,""
IMmotion150,7158,SEZ6L2;ZNF831;SNORD67;AC091564.3;TSNAXIP1,1.03166174741036,,0.868869850926539,FALSE,""
IMmotion150,7159,IMPA2;PCDHA7;NUAK2;DUSP5P1;TBXA2R,1.11935055183182,,0.554899369210155,FALSE,""
IMmotion150,7160,SELL;CLEC10A;DEPP1;DHRS2;RASSF7,1.00504845510454,,0.980589710457513,FALSE,""
IMmotion150,7161,AGAP7P;KIF17;DNALI1;USP44;MTHFS,0.676228988457599,,0.0348181987445513,TRUE,""
IMmotion150,7162,KCNN3;CCDC148;PCDHGA7;KPNA7;SOCS3,0.964578640081399,,0.854804602483846,TRUE,""
IMmotion150,7163,PCDHB8;PTGS2;TRGC2;SH3GL3;S1PR2,0.905905695015599,,0.621890323817864,TRUE,""
IMmotion150,7164,FCGR1B;WSCD1;FGF2;ERFL;ZFP2,0.739829900293086,,0.0933837443420709,TRUE,""
IMmotion150,7165,MAP3K21;ITIH4;CD28;CEACAM6;BMERB1,0.936447321648746,,0.751262419196467,TRUE,""
IMmotion150,7166,TRIM9;COL8A2;LETM2;LY6E-DT;ZNF793,0.768736865692111,,0.158764167124584,TRUE,""
IMmotion150,7167,TLR7;AC139769.1;TSGA10;THSD1P1;CMPK2,0.650404217024285,,0.0283128875813128,TRUE,""
IMmotion150,7168,OLR1;NRN1;P2RY8;ANAPC1P6;ZSCAN31,0.797653390965923,,0.241568277571729,TRUE,""
IMmotion150,7169,NOSTRIN;RRAD;MAPK12;GPR45;FMOD,0.823053454012413,,0.316961928553668,TRUE,""
IMmotion150,7170,PLA2G7;PCDHB19P;TROAP;BTNL3;CCNF,0.8600471587766,,0.457268925445719,TRUE,""
IMmotion150,7171,DCLK1;POM121L9P;STARD5;NANOS3;PSORS1C1,0.95171497306193,,0.779521691964526,TRUE,""
IMmotion150,7172,PTPN3;SUSD2;DGCR6;BEX1;NEK10,1.11119984530374,,0.623979701912321,FALSE,""
IMmotion150,7173,FBLN2;TBKBP1;CCND2;ZNF560;BRSK1,0.858859655337884,,0.468541935493269,TRUE,""
IMmotion150,7174,SPATA18;BTNL9;SDC1;ADAM21;LAT,0.830083605055865,,0.321938538397327,TRUE,""
IMmotion150,7175,STC1;TPD52L1;DNAJC6;VCX;SLC6A1,1.10765361838888,,0.577876692375615,FALSE,""
IMmotion150,7176,NAV3;GDF15;LINC01138;LINC01597;HAPLN3,0.776873785237741,,0.213327242789104,TRUE,""
IMmotion150,7177,PBLD;ERV3-1;FAM227A;CPA5;ADAMTS13,1.09341533996412,,0.691382204405481,FALSE,""
IMmotion150,7178,PTTG1;AL591806.2;RNU4ATAC;FBN3;PRKCQ,0.713009437544423,,0.11375980861816,TRUE,""
IMmotion150,7179,KIT;ISCA1P1;FHAD1;SLITRK6;AFF2,0.722677471817623,,0.150071280424184,TRUE,""
IMmotion150,7180,HOXA10;COL22A1;CC2D2B;CFHR2;LINGO1,1.03999250356276,,0.839931601237152,FALSE,""
IMmotion150,7181,SNORA31;APOL4;TRIM6;AKR1D1;H3C3,1.16242882784833,,0.464028855941189,FALSE,""
IMmotion150,7182,FBLN2;PLXNB3;SLC35G2;TEKT4;PDXDC2P,1.07603488561546,,0.67051100183746,FALSE,""
IMmotion150,7183,CSPG4;PCDHGA1;NLGN3;CELF5;DGKI,0.806062488921203,,0.280494996532201,TRUE,""
IMmotion150,7184,FPR1;HMGN1P3;CCRL2;KRT8P4;GOLGA6L3,0.852199069804692,,0.35648728991731,TRUE,""
IMmotion150,7185,EPHX2;CCN4;MTHFS;NPY4R;ABCA10,0.91541469634249,,0.662853006514533,TRUE,""
IMmotion150,7186,CARD11;PNPLA3;DEPP1;ATP2B3;H2BC14,1.10428221075078,,0.637537159173679,FALSE,""
IMmotion150,7187,CTAGE6;WDR53;RHPN1;PANX2;CLCN4,1.05899307321236,,0.770639207538934,FALSE,""
IMmotion150,7188,CARD11;AC139769.1;BASP1;KY;DNM1P46,0.575713969911228,,0.00526942672424896,TRUE,""
IMmotion150,7189,FOLR2;IL1B;TMEM25;NSG2;LIMD2,0.869687649320558,,0.480818303931967,TRUE,""
IMmotion150,7190,ADM;CKB;COL11A2;NPM1P51;INHBA,1.1788368502658,,0.451050890071458,FALSE,""
IMmotion150,7191,DNAH6;ZNF726;ADCY1;AKR1B15;SCIMP,0.786673801657686,,0.211466704086343,TRUE,""
IMmotion150,7192,BOC;RBP7;HJURP;SLAMF9;CD72,0.941893468993914,,0.760226648576724,TRUE,""
IMmotion150,7193,ALDH1L2;KIAA1143P1;TRIP13;IGHV3OR16-7;CCR1,0.871960098936348,,0.516595524742619,TRUE,""
IMmotion150,7194,GULP1;IL17RD;C1QTNF3;TCEAL2;RGS16,0.905412255732744,,0.626025278236657,TRUE,""
IMmotion150,7195,ETV1;IL1RL2;FAM184A;TSLP;MELK,0.859981588327505,,0.414442078052438,TRUE,""
IMmotion150,7196,FBN2;RIPK4;PCDHGC5;OR2W3;LRP8,0.85229239321955,,0.416752105627084,TRUE,""
IMmotion150,7197,BOC;PODN;SNORA60;IFNA5;CSTA,0.99244116843816,,0.969155800408135,TRUE,""
IMmotion150,7198,PLAU;ZNF232;SLC43A1;SETP9;SNORA18,1.02428100215542,,0.904907255027013,FALSE,""
IMmotion150,7199,KITLG;AC093668.1;POU2F2;AC013489.1;CYYR1,0.698019520222178,,0.0450826955980157,TRUE,""
IMmotion150,7200,SNORD116-22;CARMIL2;MCM10;TRAV10;LY96,0.743858119142248,,0.160521163572685,TRUE,""
IMmotion150,7201,FN3K;INMT-MINDY4;CD5;AC005540.1;FAM83D,1.06884734928668,,0.745045444067643,FALSE,""
IMmotion150,7202,IFI27;AVPR1A;PLEK2;OR1J4;FZD7,1.04730477057025,,0.806927840647907,FALSE,""
IMmotion150,7203,PCDH17;CDCA7;ZNF610;CACNG4;SLC39A4,0.854761910574956,,0.47220639849863,TRUE,""
IMmotion150,7204,ZNF90;RBP7;TWF1P1;AFP;CCNJL,0.846142988503857,,0.376996428936117,TRUE,""
IMmotion150,7205,BAIAP2L1;PDZRN3;MEGF6;TRDN;DGKG,0.939889976486339,,0.729895476918476,TRUE,""
IMmotion150,7206,PLEKHA7;NEK5;DET1;GFI1B;HEYL,0.852781983844334,,0.425649675114841,TRUE,""
IMmotion150,7207,HYDIN;KCP;MELK;SNORD56;FAM72A,0.791968251020773,,0.250767860676267,TRUE,""
IMmotion150,7208,SGPP2;PITPNM3;ADAM32;C1QTNF1-AS1;THRB,0.947388114380956,,0.772138809909595,TRUE,""
IMmotion150,7209,ITK;GOLGA8IP;MSC;C1QTNF9B;ANGPT1,0.816137910200712,,0.324445248516053,TRUE,""
IMmotion150,7210,ALPK3;METTL7B;PCDHGA8;C1QTNF9B;CD226,0.694293294875122,,0.0391558340566016,TRUE,""
IMmotion150,7211,PLCH1;PDE6B;ORC1;AP003498.2;CCR2,0.6063299653324,,0.0106093779485425,TRUE,""
IMmotion150,7212,EDNRB;AL162417.1;SHE;MAP6D1;GCSHP5,1.08430545005902,,0.66325705164789,FALSE,""
IMmotion150,7213,SDK1;SHB;CCDC113;PPIAL4D;CD28,0.865367813392283,,0.474677182018397,TRUE,""
IMmotion150,7214,GULP1;SNORA75;KIF2C;TNPO1P2;CYP2S1,0.816513223343576,,0.296130397180235,TRUE,""
IMmotion150,7215,PCDHB11;ZNF727;FAM86DP;LINC01159;SLC9A7P1,1.02417004982626,,0.907039626654728,FALSE,""
IMmotion150,7216,PARM1;AC215522.2;H3C13;RFPL4AL1;NLRC4,0.885302094113145,,0.533359937433223,TRUE,""
IMmotion150,7217,CD163L1;CD69;SECTM1;LYPD6B;AC093752.2,1.01652694207768,,0.937319051034221,FALSE,""
IMmotion150,7218,IRS2;SNORA75;AK1;SNORD115-44;MLF1,1.01263372993745,,0.947613555885685,FALSE,""
IMmotion150,7219,PLVAP;CLEC12A;CD5;HCG4B;TSGA10,0.734585701167845,,0.106767062355576,TRUE,""
IMmotion150,7220,SLC11A1;ADGRD1;OSBP2;AIRE;NRXN3,0.874956210338485,,0.50111473352663,TRUE,""
IMmotion150,7221,MDK;WDR53;FRMD3;HNRNPA1P37;TRPC4,0.730971056319082,,0.132008287030033,TRUE,""
IMmotion150,7222,ADAM12;PLAC8;CIDEB;FGF9;ATL1,1.04197337763632,,0.837451861145475,FALSE,""
IMmotion150,7223,FOLR2;PCDHA7;PRELID2;IGLV3-12;DGKG,0.905076948537232,,0.615502641907845,TRUE,""
IMmotion150,7224,AFF3;AC026150.3;RUNX3;OR7E29P;LRRC75B,0.678670618747794,,0.0631476871937181,TRUE,""
IMmotion150,7225,PLEKHA7;BAIAP3;TWF1P1;HSPB2-C11orf52;TESC,0.781328057910649,,0.179127085454205,TRUE,""
IMmotion150,7226,AFF3;AC023055.1;SLC22A4;TAL2;HIC1,0.751546052167454,,0.0911307666925297,TRUE,""
IMmotion150,7227,RETREG1;KLHL4;MAP3K9;CKM;H2BC14,0.912218987816075,,0.641960634253938,TRUE,""
IMmotion150,7228,SNORD116-20;FAM133DP;CATSPERG;OR2A42;FMOD,0.937055625470077,,0.739214516769859,TRUE,""
IMmotion150,7229,PLS1;CCDC148;MBNL3;GRIA2;HEY2,1.07771092053217,,0.706094609961715,FALSE,""
IMmotion150,7230,PTTG1;ZNF391;GPX7;GCGR;ZNF366,1.03932496225006,,0.860304988177124,FALSE,""
IMmotion150,7231,HKDC1;SLAMF7;SNORA46;AL031681.2;FAAH2,0.895546554120088,,0.603808664725068,TRUE,""
IMmotion150,7232,SPNS2;TM4SF18;MACROH2A2;AL512310.7;CCDC157,0.918127274596438,,0.636143832424333,TRUE,""
IMmotion150,7233,IL2RG;TSSC2;HOXC6;TFAP2C;FHDC1,0.901198827968658,,0.607286249796446,TRUE,""
IMmotion150,7234,SMOC2;CDC42BPG;CPNE5;AC011462.1;NOVA2,1.2853616130621,,0.180747427055224,FALSE,""
IMmotion150,7235,ACSM3;CDHR3;SLC4A11;NIPAL4;SOX5,1.1153288775117,,0.587333283892796,FALSE,""
IMmotion150,7236,CCL5;AL591806.2;LAT;ZNF536;HSD17B14,0.616690387669203,,0.0219868155464467,TRUE,""
IMmotion150,7237,PCDHB15;AC009078.3;EPHB2;LINC02249;UST,0.937423111118746,,0.766153915077419,TRUE,""
IMmotion150,7238,NPNT;SHB;GOLGA6L3;LPA;MARCKSL1,1.10267322040128,,0.606275556824207,FALSE,""
IMmotion150,7239,ITK;COL21A1;GOLGA2P5;FSTL4;PPM1H,0.787911138617225,,0.240888411433475,TRUE,""
IMmotion150,7240,SCARNA4;SGK2;PSTPIP1;EAF1-AS1;PRKAR2B,0.786019039384411,,0.215529299048483,TRUE,""
IMmotion150,7241,LMOD1;GPR171;CD28;FAM184B;MCOLN2,0.650084759657805,,0.0342232458588407,TRUE,""
IMmotion150,7242,H2BC9;STEAP1;CD52;C2orf91;HSPA6,0.764540655780391,,0.186291259389465,TRUE,""
IMmotion150,7243,FCGR1B;ACP3;HOXA4;CFAP65;ZNF491,0.767297088469695,,0.109150997922119,TRUE,""
IMmotion150,7244,PCDHB12;GJA5;TRIM6;BNIP5;CC2D2B,0.815455014793069,,0.274509961340724,TRUE,""
IMmotion150,7245,ARFGEF3;DEPDC7;SIRPB2;OR2A1;RPPH1,0.840574049739557,,0.371808298699472,TRUE,""
IMmotion150,7246,STC1;COL21A1;GSTM3;OR1E1;ARHGEF15,1.38403688828594,,0.0927515038785602,FALSE,""
IMmotion150,7247,H2BC9;METTL7B;TLE2;CCL17;CCR2,0.727726182616527,,0.130299373884514,TRUE,""
IMmotion150,7248,SDHAP2;PLGLB2;MAP3K9;AL606469.1;FAM86DP,1.28655702612802,,0.279350593895451,FALSE,""
IMmotion150,7249,FILIP1;IQCA1;TMEM97;HJV;PIGAP1,1.56436160269477,,0.0363402116208216,FALSE,""
IMmotion150,7250,TNFRSF11B;GIMAP1-GIMAP5;Telomerase-vert;ULK4P1;MT-ND3,0.687180589978173,,0.0814529095350284,TRUE,""
IMmotion150,7251,SNAI2;ISCA1P1;ZNF662;AL450124.1;SNORA3A,1.2716165279936,,0.216984594294525,FALSE,""
IMmotion150,7252,TLL1;ADRA1B;FOXM1;AC008763.2;SHROOM2,0.994496926972006,,0.979024980756063,TRUE,""
IMmotion150,7253,MT-CYB;SLC6A16;KLRB1;SLC27A6;KCNA3,0.737673012545564,,0.118629230026153,TRUE,""
IMmotion150,7254,GOLGA8M;TMEM236;CNRIP1;PRRX2;PLEK2,1.20402758216061,,0.332962902929214,FALSE,""
IMmotion150,7255,FBP1;TBKBP1;HID1;CATSPERZ;ATL1,0.730333532338662,,0.146870041839149,TRUE,""
IMmotion150,7256,HYDIN;RPSAP12;TESPA1;AC233968.1;SSPN,0.67561936142894,,0.032516376837455,TRUE,""
IMmotion150,7257,CCL2;COL21A1;SNORD16;VCX3A;CAMK2N1,1.19993370554027,,0.33670871963023,FALSE,""
IMmotion150,7258,ALPK3;AC034102.1;SSPN;WNT9B;RASSF7,0.863874946361077,,0.377147152512544,TRUE,""
IMmotion150,7259,FILIP1;LY9;CD3G;TEKT4;KLHL13,0.775198176630424,,0.182617726889793,TRUE,""
IMmotion150,7260,AOC3;CREB3L1;NLRC3;PEX5L;CYP2S1,0.766753732743993,,0.184220860021606,TRUE,""
IMmotion150,7261,SLC11A1;AVPR1A;TTK;AC135068.5;SLC9A7P1,1.03842559780949,,0.847432615226005,FALSE,""
IMmotion150,7262,SNORD116-6;TMEM184A;EDA;PRSS45P;LINC01550,1.15817366377959,,0.447333252990521,FALSE,""
IMmotion150,7263,NOX4;CTAGE3P;AMIGO2;AC013271.1;CD83,0.744672233999093,,0.124100655806667,TRUE,""
IMmotion150,7264,SERPINI1;GATA2;HOXA3;IGLV3-27;EDA,0.934007132819852,,0.739035827543926,TRUE,""
IMmotion150,7265,ZNF521;SLC7A11;TMEM54;GABRA2;KCNK1,1.24503629433759,,0.257483405134055,FALSE,""
IMmotion150,7266,KITLG;HSD17B3;THSD1;AL512310.7;SLC22A4,0.907490949565804,,0.575524503929785,TRUE,""
IMmotion150,7267,POU5F1;RPL7L1P9;KCTD15;GNGT1;HSPD1P4,1.08686612092208,,0.660866887626529,FALSE,""
IMmotion150,7268,CDCA2;AC002470.2;MREG;TBC1D3P1-DHX40P1;ALS2CL,0.663570685937925,,0.0316290186707318,TRUE,""
IMmotion150,7269,POU5F1;STOX1;IL21R;SMPX;POU2F2,0.800592353582945,,0.276975301275357,TRUE,""
IMmotion150,7270,GOLGA8M;HLA-H;SLC22A15;GFI1B;ZNF596,0.883848786298567,,0.498590418097248,TRUE,""
IMmotion150,7271,COL4A4;AC008878.1;P2RY13;GPA33;HAPLN3,0.518574811080835,,0.00128079541634231,TRUE,""
IMmotion150,7272,TLR7;NRN1;CD200R1;C9orf129;MARCKSL1,0.871962086916336,,0.504127597156833,TRUE,""
IMmotion150,7273,CD209;TSSC2;NOL3;GRM3-AS1;HOXA3,1.52188058627899,,0.035815768737124,FALSE,""
IMmotion150,7274,ZFPM2;SRPX;RGS18;AC008758.4;STARD5,1.20390205813976,,0.347290405729619,FALSE,""
IMmotion150,7275,TRIM9;P2RX1;BNIP3P1;FAM205BP;DUSP5,1.22327119781229,,0.321769729211131,FALSE,""
IMmotion150,7276,MTARC2;AC026150.3;GRIP1;AC103702.1;SMAGP,0.711208932762678,,0.0719231409059128,TRUE,""
IMmotion150,7277,C11orf96;KLHL4;RGS9;OR2L13;MCM10,1.17355201160638,,0.452890182973036,FALSE,""
IMmotion150,7278,REPS2;JPH2;TP53INP2;USP41;RASSF7,1.31969354386655,,0.155185048467202,FALSE,""
IMmotion150,7279,KIF26B;FAM86C2P;PDCD1LG2;IGKV2D-40;GSTM3,0.661894474525152,,0.0695114463956624,TRUE,""
IMmotion150,7280,GOLGA8M;SNORA64;COL9A2;MIR17HG;PTGDR,0.789340481502089,,0.18377093885652,TRUE,""
IMmotion150,7281,STEAP4;SLCO4A1;GAMT;ABCB10P1;AK7,0.926439125493852,,0.694097686620277,TRUE,""
IMmotion150,7282,BOC;RPL7L1P9;SCHIP1;AC007938.2;LYVE1,1.04153975454624,,0.821221653419321,FALSE,""
IMmotion150,7283,BCAT1;CGREF1;DUSP5;AC007384.1;TRIB3,1.16656577643139,,0.46756230162442,FALSE,""
IMmotion150,7284,TRBC2;GREB1;ZNF483;CYP4F2;ABLIM2,0.791032553862348,,0.249096731805639,TRUE,""
IMmotion150,7285,ABCB4;FOXL1;SLC2A3P2;H2BC2P;SNORA16A,0.852973396286051,,0.43210074793514,TRUE,""
IMmotion150,7286,SCARNA4;SEC14L6;SNORA10;IGLV3-16;GLI2,1.03691922549144,,0.851580367376821,FALSE,""
IMmotion150,7287,SNORD116-23;WNT2B;CA11;BOLA2;SPN,0.858047498832631,,0.412908000397879,TRUE,""
IMmotion150,7288,CD209;AP000654.1;SNHG17;GRIA2;ADAMTS3,1.18205260430684,,0.363005031395117,FALSE,""
IMmotion150,7289,SELL;METTL7B;TTK;CPNE4;FBXL7,0.724212515517197,,0.100221405406168,TRUE,""
IMmotion150,7290,ZNF704;SLC5A4;PRTFDC1;PPIAP14;CMTM8,1.19226168745011,,0.364038130416684,FALSE,""
IMmotion150,7291,SDK1;MSANTD3-TMEFF1;CDK1;AC233968.1;RPPH1,0.924602086500675,,0.680463925264748,TRUE,""
IMmotion150,7292,TRBC2;ADAM23;BMP4;SLC12A5-AS1;RGS18,0.632726561573457,,0.0159440263377676,TRUE,""
IMmotion150,7293,RHOB;CD38;ASTN2;AC106017.2;CX3CL1,0.669164543509686,,0.0321662854836705,TRUE,""
IMmotion150,7294,AGAP7P;ZNF726;ORC6;TULP2;ZNF334,0.902288793273355,,0.580523257011736,TRUE,""
IMmotion150,7295,MAP3K21;RP9P;KCTD15;AC021218.1;TICRR,0.989279490836286,,0.958553442724424,TRUE,""
IMmotion150,7296,FPR1;STEAP1;ATF5;UNGP1;MCM10,1.00729077394531,,0.968869185641016,FALSE,""
IMmotion150,7297,TRAC;MSANTD3-TMEFF1;GSKIP;OR4F8P;SNORA59B,0.884094993896412,,0.622941281768588,TRUE,""
IMmotion150,7298,LAMB3;TRBC1;KATNAL2;CNGA3;SPOCK2,1.02235727976091,,0.908224301585241,FALSE,""
IMmotion150,7299,PLS1;KCNE4;KIF15;SNORD116-13;MFAP3L,0.863758626642604,,0.460870931183095,TRUE,""
IMmotion150,7300,CEACAM1;AL022238.3;PIM2;LINC00923;KIAA1755,0.631247930028523,,0.0223810030814723,TRUE,""
IMmotion150,7301,COL4A4;PRRX1;LIMD2;BIRC7;EGFLAM,0.878163336439972,,0.518288383489688,TRUE,""
IMmotion150,7302,PCDHB15;RGN;RPL32P3;INHBC;KCTD15,1.12858898358796,,0.527044751531253,FALSE,""
IMmotion150,7303,IRS2;AC215522.2;RTP4;BTNL3;SLC17A9,0.852446782839945,,0.393879659167108,TRUE,""
IMmotion150,7304,CD2;GABRD;COL9A2;RGSL1;PIK3R6,0.547781955985401,,0.00262178434042564,TRUE,""
IMmotion150,7305,IRS2;CCNB2;MARCHF3;ADARB2;NPIPA2,0.951885860287388,,0.791459100218144,TRUE,""
IMmotion150,7306,MAP7;UNC5CL;SAMD3;EMX2OS;TRIM36,0.911380922674559,,0.623895928436567,TRUE,""
IMmotion150,7307,DNAH6;PDZRN3;SLC17A9;RPL23AP47;FAM184A,0.795973297818959,,0.223084983173337,TRUE,""
IMmotion150,7308,THSD4;SPTB;P2RY6;PDE6B-AS1;GPR75,0.766179815108579,,0.169994831309608,TRUE,""
IMmotion150,7309,ADAM12;DMRTA1;NAP1L4P1;OR4F14P;ARRDC5,0.664039880293719,,0.0365934341442846,TRUE,""
IMmotion150,7310,PPFIA4;COL22A1;NBL1;AC004076.1;SPSB1,1.13636473459762,,0.52525251726173,FALSE,""
IMmotion150,7311,ANKS1B;FLRT2;CCDC110;MB;GPT2,1.1129592809912,,0.581788836651863,FALSE,""
IMmotion150,7312,CD3D;RNF157;RSAD2;CPB1;RNLS,0.705747019403226,,0.0538437836290245,TRUE,""
IMmotion150,7313,CCL2;COL22A1;FAAH2;AC026471.3;SLC19A2,0.947219598059682,,0.78551383493821,TRUE,""
IMmotion150,7314,FLG-AS1;AC023055.1;DGCR6;IGKV1D-12;CD180,0.582974462279439,,0.0102616604464093,TRUE,""
IMmotion150,7315,LDHAP4;C4orf47;MCM10;AC093908.1;TRPC4,1.33169553956339,,0.18913983553678,FALSE,""
IMmotion150,7316,TSPAN13;DLG2;DOK2;UNC45B;STK26,0.789952776123973,,0.197436285043364,TRUE,""
IMmotion150,7317,SNORD116-1;NME5;SNORA13;MFSD2B;NEFH,0.939934655252205,,0.752816190761484,TRUE,""
IMmotion150,7318,PLEKHA6;PYGM;TLK2P2;MUC5AC;TWF1P1,0.769583050005489,,0.225285747587142,TRUE,""
IMmotion150,7319,THSD4;COL8A2;ZNF470;AC135178.3;APCDD1,0.792788597749106,,0.20683622382175,TRUE,""
IMmotion150,7320,SSC5D;AKR7A3;GMPR;KCNJ10;ATP8B3,0.663668782388306,,0.0441535824587802,TRUE,""
IMmotion150,7321,TLL1;SEMA3A;MAP3K7CL;TYRP1;DLGAP5,0.765952566734007,,0.219759982581066,TRUE,""
IMmotion150,7322,FBP1;STOX1;RFTN2;IGLL1;PCDHGA8,0.74177888453933,,0.114808460580534,TRUE,""
IMmotion150,7323,TMEM37;BTNL9;PRTFDC1;C1QL4;HOXC6,1.00503544928766,,0.978733332442005,FALSE,""
IMmotion150,7324,PCDHGB4;SIDT1;GOLGA8K;VSTM2L;MAP3K9,0.75948074565851,,0.168449728722095,TRUE,""
IMmotion150,7325,LDHAP4;GDF15;GLI2;ZAN;SLC17A9,1.43799214711933,,0.0663833977746768,FALSE,""
IMmotion150,7326,PBLD;CDHR3;FEZ1;KIF1A;MARK1,1.13167013408528,,0.547046615482481,FALSE,""
IMmotion150,7327,RRM2;ICOS;CCR1;MMP10;ZNF415,0.906410227754936,,0.614515360531899,TRUE,""
IMmotion150,7328,FTH1P20;INMT-MINDY4;TWF1P1;AC008132.1;EGFLAM,1.61112475753232,,0.0866208255569127,FALSE,""
IMmotion150,7329,FBP1;PLCH2;RHOD;RNU1-3;CSPG4P12,0.89452837328036,,0.561186398724915,TRUE,""
IMmotion150,7330,EDNRB;EXO1;MARCKSL1;MTMR7;CPNE5,1.26427963612084,,0.257428361851403,FALSE,""
IMmotion150,7331,SNORD118;PLXNB3;H3C8;SDHDP6;SNHG17,1.11988939883584,,0.561191709334914,FALSE,""
IMmotion150,7332,LEF1;MARVELD2;CEP295NL;VWA5B2;FSTL3,0.874753223479106,,0.50064004250276,TRUE,""
IMmotion150,7333,ANGPT2;FAM157C;WNK3;HOXC11;LINC01138,0.842427265479132,,0.381911754382825,TRUE,""
IMmotion150,7334,CD3D;IL1RL2;UNC5C;PCDHA1;MAPK12,0.830445678888834,,0.331947746475762,TRUE,""
IMmotion150,7335,PLAUR;C15orf48;SNORA14B;SYNPO2L;TMEM26,0.903398255394047,,0.588808791537949,TRUE,""
IMmotion150,7336,DSEL;IL1B;HHEX;TTLL10-AS1;SLAMF8,0.738775959927384,,0.119132687595533,TRUE,""
IMmotion150,7337,JAM3;DLG2;ADAMTS13;SNORA15B-2;HHEX,0.973633436373498,,0.898978942881822,TRUE,""
IMmotion150,7338,EIF2S2P4;GLB1L2;SCARF2;TRBV7-2;HEY2,1.08741990581952,,0.663178637798415,FALSE,""
IMmotion150,7339,RADX;MYOM2;RNF125;OR7D2;ZNF334,1.11267854007477,,0.576710866512285,FALSE,""
IMmotion150,7340,CD209;SNORA33;HOMER1;OR7C1;RASSF7,1.02834261069171,,0.888054213173901,FALSE,""
IMmotion150,7341,EPHX2;SEMA3A;GALNT3;EN2;DGKI,0.868586548254066,,0.483535692669872,TRUE,""
IMmotion150,7342,SCARNA4;FTH1P5;CETP;AC005020.2;NLGN3,0.953091583377925,,0.798142977594374,TRUE,""
IMmotion150,7343,FBLN2;Z83840.1;SNORA72;CYP2C19;SOCS3,1.21576940403465,,0.29921064294735,FALSE,""
IMmotion150,7344,HOXA10;ZNF711;ID1;CCDC38;SPOCK2,0.810972537675576,,0.313473472090052,TRUE,""
IMmotion150,7345,AK4;QPCT;MMP19;MIR9-1HG;ZNF334,1.30445567948359,,0.176827449296109,FALSE,""
IMmotion150,7346,NOX4;ASS1P1;ZNF662;TUBBP10;SUGCT,0.937953157496323,,0.750652434788965,TRUE,""
IMmotion150,7347,CD2;SIRPG;PRELID3A;LINC00923;HHEX,0.574531378826154,,0.00366110925901806,TRUE,""
IMmotion150,7348,BICDL1;METTL15P1;SEMA6D;MIA-RAB4B;FBXO16,0.711310278278813,,0.0576233002995872,TRUE,""
IMmotion150,7349,ITK;SNRPEP4;HENMT1;KCNJ13;TM7SF2,0.71968550560355,,0.138525813222935,TRUE,""
IMmotion150,7350,SNORD116-6;EGR3;CACNB2;C6orf58;CCND2,0.971039466632854,,0.882212999320702,TRUE,""
IMmotion150,7351,TRAC;RPSAP12;SLC22A4;DHX40P1;TICRR,0.863630159773313,,0.461371645089058,TRUE,""
IMmotion150,7352,CSPG4;AC034102.1;SLC16A6;KIAA2012;NCAPH,1.08693181602713,,0.705113684973688,FALSE,""
IMmotion150,7353,THSD7A;RERG;NRXN2;SLC30A10;ZNF660,1.12414461300052,,0.536217506541773,FALSE,""
IMmotion150,7354,JAM3;TRIM16L;FAM111B;SLC1A7;SNORD46,1.05681839080757,,0.768215138568884,FALSE,""
IMmotion150,7355,FAM83H;CHMP4BP1;SLAMF8;RAD21L1;MMP19,0.722538531501726,,0.132429810717227,TRUE,""
IMmotion150,7356,SNORA61;ASAH2B;CC2D2B;AC073896.1;CCDC150,0.756314196673289,,0.151188844947531,TRUE,""
IMmotion150,7357,GRAMD1B;PYGM;MACROH2A2;AC090517.5;SLC16A5,0.660855838501476,,0.0409695519443845,TRUE,""
IMmotion150,7358,DLL1;EPHB1;DUSP5;LINC00862;MAD2L1,1.30494255521621,,0.210261807094981,FALSE,""
IMmotion150,7359,CCDC141;TRIM45;DTL;PPP1R42;SPN,0.673207002672706,,0.0485702378853834,TRUE,""
IMmotion150,7360,MTARC2;UBE2T;NCAPG;RHOXF1;C1QTNF1,0.846982157049093,,0.435645466026655,TRUE,""
IMmotion150,7361,KDELR3;PPCDC;E2F8;TBX4;AS3MT,1.02396947402437,,0.906192119906362,FALSE,""
IMmotion150,7362,ADAM22;ZNF57;LETM2;ADGRF5P1;H3C7,0.605406313558067,,0.0300975879418687,TRUE,""
IMmotion150,7363,EGR2;GATA2;STRC;B3GALT5-AS1;HOXB6,0.888823602036059,,0.553706276954273,TRUE,""
IMmotion150,7364,GBP5;PET117;SLC22A4;IGKV1D-33;FBXO16,0.600943824313809,,0.00719921325224089,TRUE,""
IMmotion150,7365,ZNF521;ZNF99;AKR1E2;MYH6;DECR2,1.16171371510509,,0.436632356842839,FALSE,""
IMmotion150,7366,DKK3;PODN;RBKS;AKR1C5P;PRH1,1.25253257012594,,0.23260979848468,FALSE,""
IMmotion150,7367,CSPG4;GATA3;TMEM97;SNORD116-18;CENPI,1.38309164432939,,0.123713435473637,FALSE,""
IMmotion150,7368,EDNRB;LLPH;ITGA10;AL358472.6;AC093752.2,0.861892482843068,,0.370593727818124,TRUE,""
IMmotion150,7369,KIF4A;CD27;SOX18;SPATA20P1;H4C9,0.763264608941562,,0.194208773866656,TRUE,""
IMmotion150,7370,KRBA1;CFAP94;TIAM2;CNTN5;MAPK12,0.873685823016789,,0.48298036978459,TRUE,""
IMmotion150,7371,SELL;LY75;H2BC3;AC123768.4;IER3,0.962820648452702,,0.843752165566496,TRUE,""
IMmotion150,7372,RASL11A;COL21A1;ACOX2;CEACAM6;ARHGEF15,1.17269706110868,,0.398339029901043,FALSE,""
IMmotion150,7373,ALPK3;CD38;TRIM2;KCNS1;SMAGP,0.709485077474874,,0.0617082300127519,TRUE,""
IMmotion150,7374,PKD1P5;PET117;P2RY6;MRAP;IGSF9B,1.05021676317999,,0.77663499419741,FALSE,""
IMmotion150,7375,FER1L4;HTRA3;TECTA;AC007731.4;AMIGO2,0.903446107840763,,0.601983445557256,TRUE,""
IMmotion150,7376,ANG;KCNQ1OT1;IGSF9B;AKR1B1P7;NBL1,1.31282059407635,,0.163941036695657,FALSE,""
IMmotion150,7377,EDNRB;CSMD2;DGKG;OR2L13;AC004832.3,0.956032376504671,,0.826086545095212,TRUE,""
IMmotion150,7378,SPATA18;AC010655.3;FGF2;ACSBG2;PRAM1,0.619562032322174,,0.0160302079164123,TRUE,""
IMmotion150,7379,PLVAP;ITGA2B;PRAM1;TYRP1;KLF4,0.704351782749771,,0.0981705908966887,TRUE,""
IMmotion150,7380,CNTNAP3P2;SLC5A4;CCND2;ARX;E2F7,0.894972351152864,,0.573141201631154,TRUE,""
IMmotion150,7381,MT-ND1;UGT8;CD226;TCL1A;SNORD46,0.699510005336179,,0.0655118995831361,TRUE,""
IMmotion150,7382,EGR2;SUSD2;ZSCAN18;SLC17A8;ZFP2,0.874517055936826,,0.517445467435791,TRUE,""
IMmotion150,7383,NOX4;TLCD4;AL590399.1;TRAV27;SCAMP5,0.843302941181525,,0.400048119235355,TRUE,""
IMmotion150,7384,GHR;KCNE4;SNORA3A;AKR1D1;EMP2,1.39789423452326,,0.134979409365274,FALSE,""
IMmotion150,7385,MT-ATP6;ZNF511;CYP2D7;IGKV1D-33;NRXN3,0.838725153223159,,0.366445330077969,TRUE,""
IMmotion150,7386,FER1L4;GZMK;RPS20P14;AC005523.2;TIAM2,0.800742036001152,,0.213146458510693,TRUE,""
IMmotion150,7387,SLCO2A1;GRM8;ADAMTS17;UBE2F-SCLY;PYROXD2,1.0094995321977,,0.961507265795557,FALSE,""
IMmotion150,7388,PCDHB11;CDS1;IKZF3;OR10AB1P;SYDE2,0.799645450608144,,0.239713416698722,TRUE,""
IMmotion150,7389,ADAMTSL3;MT-ND4L;MMP11;GSTT2;IL4I1,1.20392448547362,,0.357144176583178,FALSE,""
IMmotion150,7390,OLFML3;COL8A2;SARDH;HMGCLL1;DEPP1,1.03203725689865,,0.874449062242861,FALSE,""
IMmotion150,7391,ETV1;UGT8;ASRGL1;IGLV9-49;ARNTL2,0.597636088126952,,0.0111225272310376,TRUE,""
IMmotion150,7392,PLEKHA6;ARHGEF16;ABCB9;AC106017.2;TLR8,0.797189884972927,,0.267880229645012,TRUE,""
IMmotion150,7393,ZNF395;CBS;TM7SF2;OR10D1P;FSTL3,1.18243036698906,,0.398756917266067,FALSE,""
IMmotion150,7394,IFI44L;C11orf98;RNF138P1;TBX20;BASP1,0.674138027647714,,0.0564621205696719,TRUE,""
IMmotion150,7395,JAM3;ICA1L;CAMK2N1;CDSN;PRRG4,0.890491254178973,,0.572171225083346,TRUE,""
IMmotion150,7396,VEPH1;MAP1LC3B2;TMEM156;REG3G;CMPK2,0.621220777587646,,0.0175454772086493,TRUE,""
IMmotion150,7397,HYDIN;CARMIL2;HSPD1P4;IMMTP1;TLR8,0.645457653668148,,0.019652991540163,TRUE,""
IMmotion150,7398,CCDC141;PTH1R;CENPK;CSMD3;IER2,0.80220305677715,,0.272148736979019,TRUE,""
IMmotion150,7399,CD209;HMGN5;PCED1B;TRIM54;PRAM1,0.782198550063916,,0.196846315428376,TRUE,""
IMmotion150,7400,GABRE;NLGN4X;Z74021.1;MGAT4C;P2RY6,0.955661611388028,,0.81428171357958,TRUE,""
IMmotion150,7401,RRAGD;PITPNM3;P2RY8;C12orf50;SSPOP,0.65992676838917,,0.0329773480378452,TRUE,""
IMmotion150,7402,GPC4;NOVA1;MREG;ANKRD65;TIAM2,0.631764920065465,,0.0173024822765918,TRUE,""
IMmotion150,7403,EDNRB;SHC2;CD200R1;SETP22;HOXD4,0.948227388687672,,0.788528304307891,TRUE,""
IMmotion150,7404,ABCB4;HTRA3;PCDHB7;HNRNPA1P70;TMEM156,0.682780622936573,,0.0536138361036409,TRUE,""
IMmotion150,7405,EGR2;USP18;CCDC74A;ADCYAP1;SLFN12L,0.508683148260231,,0.00208834258515865,TRUE,""
IMmotion150,7406,PTER;GPR171;TNFRSF11A;CCL16;TREM2,0.669030610584866,,0.0435974062599083,TRUE,""
IMmotion150,7407,RRM2;FAM157C;MT-ND3;AC124856.1;LAT,0.783685578789247,,0.207287889367688,TRUE,""
IMmotion150,7408,TRAC;LYSMD1;DET1;CADM2;ORC6,0.811146565826488,,0.376318614114622,TRUE,""
IMmotion150,7409,TNFRSF11B;STEAP1;ADAMTS13;RHCG;SLC2A3P2,0.846703645419572,,0.394784885246103,TRUE,""
IMmotion150,7410,PDGFD;FPGT-TNNI3K;ZNF662;AC096536.2;SLC6A1,0.855207473638555,,0.434265961981691,TRUE,""
IMmotion150,7411,ALOX5AP;NCR3LG1;LPAR1;AKR1B1P7;CACNB2,0.769002467016003,,0.174276654095597,TRUE,""
IMmotion150,7412,PDGFD;C4orf47;LETM2;DLX3;DAPP1,0.700530765212864,,0.0508219573831315,TRUE,""
IMmotion150,7413,RGS2;PTGS2;TMEM97;FOXD4L5;KCNA3,1.16121031281287,,0.457903345366643,FALSE,""
IMmotion150,7414,RASL11A;NME5;SNORA72;AC133555.3;STX11,1.04587036301682,,0.819054795762698,FALSE,""
IMmotion150,7415,ABCA6;CDC42BPG;NCAPH;SPDYE7P;TPRG1,1.08506701095836,,0.683966024141384,FALSE,""
IMmotion150,7416,SNORD116-22;TNFRSF9;TRGC2;ITLN1;UBBP4,0.534396955221129,,0.00133545235556435,TRUE,""
IMmotion150,7417,GCNA;ACKR4;TPRN;PPP1R1B;PRTFDC1,0.744759198017569,,0.206353886171569,TRUE,""
IMmotion150,7418,RGS2;RNF213-AS1;FBXO16;SH2D6;PCDHB7,1.07463133022809,,0.718637546664481,FALSE,""
IMmotion150,7419,SNORD118;VANGL2;TEF;MROH9;TSPAN2,1.1937950490762,,0.381121095322212,FALSE,""
IMmotion150,7420,PARD6B;KIF20A;FBXO17;CELF4;EYA2,1.28006511507199,,0.24364691947565,FALSE,""
IMmotion150,7421,HILPDA;CFAP91;HLA-L;DHX40P1;FAM133CP,1.2197345904079,,0.31156247663552,FALSE,""
IMmotion150,7422,PCDHB8;NRG1;ORC1;YAP1P1;LIMD2,0.779343751620146,,0.194627722898302,TRUE,""
IMmotion150,7423,FER1L4;PDCL3P4;SLC19A2;TERF1P2;ZNF214,0.978632188783313,,0.905989355536311,TRUE,""
IMmotion150,7424,TRO;JPH2;AL096711.2;NYX;CETP,1.17070688479709,,0.392900563278313,FALSE,""
IMmotion150,7425,AKAP6;OSGIN1;HOXA2;SNORA11G;TESC,1.32674122196858,,0.157071841443898,FALSE,""
IMmotion150,7426,CD209;SNORA62;CD52;SNX31;PCDHGA8,0.860458169459758,,0.447163371244629,TRUE,""
IMmotion150,7427,PC;AKR7A3;UBBP4;NOS1;SPSB1,1.00953877495247,,0.964228535390543,FALSE,""
IMmotion150,7428,SCARNA4;AC009093.9;UST;CRYAA2;RPL32P3,1.10231756284298,,0.597204706644187,FALSE,""
IMmotion150,7429,ACSM3;BEND5;RASSF7;SFTPD;DGKG,1.07780565757589,,0.69720605205538,FALSE,""
IMmotion150,7430,FAP;RPL12P4;EXOC3L1;PRDM9;UST,0.992029282790484,,0.968430146562087,TRUE,""
IMmotion150,7431,BUB1B;ANKRD33B;CETP;AL136982.7;AGBL2,0.920501319491403,,0.676596096104294,TRUE,""
IMmotion150,7432,ADAMTSL3;IL17RD;SEC14L2;RNU1-27P;SLAMF8,0.965712346380877,,0.863210794154542,TRUE,""
IMmotion150,7433,RASL11A;ZNF669;RGCC;CLDN22;FAHD2B,0.704360742024807,,0.0948775225389757,TRUE,""
IMmotion150,7434,KIF26B;GPR171;SNCA;CACNG4;TESPA1,0.6701846198574,,0.0378394164281211,TRUE,""
IMmotion150,7435,GXYLT2;INMT-MINDY4;KLRB1;IGKV1-13;RFLNB,1.05492286988486,,0.77537804603491,FALSE,""
IMmotion150,7436,POU5F1;SUSD2;UBE2Q2L;DMRT2;KYAT1,1.1198550865219,,0.550171748671376,FALSE,""
IMmotion150,7437,AKR1C1;DNAJC19P9;TXK;AC011330.3;DUSP4,0.669535014318938,,0.0413585211261975,TRUE,""
IMmotion150,7438,KIF4A;SPEG;TRGC2;LINC00242;ABCA10,0.812040734848465,,0.283325750874883,TRUE,""
IMmotion150,7439,AKR1C1;PODN;SYNGR1;TBC1D3F;RTP4,0.885936028614549,,0.52476252397205,TRUE,""
IMmotion150,7440,CSPG4;IGFBP2;MCM10;GJA1P1;PFN2,2.28179850096146,,0.000652076932325559,FALSE,""
IMmotion150,7441,GBP5;ASS1P1;CATSPERG;IL12B;GSTM3,0.721363617843455,,0.0889087013615196,TRUE,""
IMmotion150,7442,MT-ATP6;SURF2;PCDHGA3;GPX2;HOXA3,0.719936364385496,,0.11693432779888,TRUE,""
IMmotion150,7443,TMEM91;ZNF229;ABCA10;BX088651.1;HIC1,1.24376350958475,,0.279628412086765,FALSE,""
IMmotion150,7444,GCNA;ECHDC3;SARDH;RPSAP74;KLF4,1.06524261867154,,0.744077504049807,FALSE,""
IMmotion150,7445,RADX;FLRT2;IL21R;IL1A;TONSL,1.11472006875314,,0.554506097622944,FALSE,""
IMmotion150,7446,KIF26B;ERV3-1;TSHZ2;RPSAP53;HLA-L,0.964449194810799,,0.835447089161242,TRUE,""
IMmotion150,7447,PCDHB15;RPL9P7;MSC;HOXD13;STAC3,0.933874314351266,,0.715646681801307,TRUE,""
IMmotion150,7448,GPC4;FAM86B1;KIF2C;DIRAS1;CD72,0.628261637728898,,0.0302311628260292,TRUE,""
IMmotion150,7449,FAM27E3;GOLGA8IP;ZDHHC11;VWA5B2;AC068580.4,0.864273022471113,,0.480754872752049,TRUE,""
IMmotion150,7450,RGS2;AC079594.1;ORC6;SLC23A4P;SRRM5,0.942236104714077,,0.78319596432942,TRUE,""
IMmotion150,7451,IRS2;CGREF1;HEY2;MRPS31P4;IL2RB,0.825609005181668,,0.306683931557529,TRUE,""
IMmotion150,7452,KIF23;PROM2;KLF2;CTBP2P10;KIF2C,0.994184441047684,,0.977419069733112,TRUE,""
IMmotion150,7453,PCDHGB2;RBP7;CLCN4;GML;MARK1,0.999535110885416,,0.998111529936263,TRUE,""
IMmotion150,7454,PLEKHA6;SNORA33;LPAR1;AC004148.1;TRIM2,1.11039387393903,,0.624658670170717,FALSE,""
IMmotion150,7455,MYOM1;FAM241A;RAI2;LGI1;TSGA10,0.836652005073245,,0.322969093365453,TRUE,""
IMmotion150,7456,SEZ6L2;RNF152;KLF4;TCEAL5;TRGC2,0.951552925536061,,0.804534764618969,TRUE,""
IMmotion150,7457,ZFHX4;STRIP2;TMEM97;PTPRCAP;PCDHGB8P,0.982057551138653,,0.931302814511239,TRUE,""
IMmotion150,7458,MOCOS;PCDHB5;GPX7;OR2L6P;STRC,1.19587828438927,,0.357321421358861,FALSE,""
IMmotion150,7459,PC;GPLD1;MMP11;POU6F2;LRRC37A6P,1.47413388333555,,0.0432266855207211,FALSE,""
IMmotion150,7460,RGS2;GRB7;C1orf131;POTEH;E2F7,0.915904217204557,,0.666203434311964,TRUE,""
IMmotion150,7461,EIF2S2P4;SHB;RAD51AP1;ACOT12;H4C9,0.959480533229842,,0.887626181817064,TRUE,""
IMmotion150,7462,KDELR3;AC139769.1;SNORA16A;FGF10;AC092068.3,0.951411861773097,,0.793369449886782,TRUE,""
IMmotion150,7463,PTTG1;DPY19L2P2;ZSCAN18;KRT8P31;CASZ1,0.72807533698548,,0.0818713092879588,TRUE,""
IMmotion150,7464,HOOK1;AKR1C2;SECTM1;AC023968.1;CCDC74B,0.761820425875787,,0.202403871680121,TRUE,""
IMmotion150,7465,CDH23;CFAP91;CEL;AGR2;NEIL1,1.14169451198586,,0.500154474107181,FALSE,""
IMmotion150,7466,LIF;OSBPL6;KLHL3;C1QL3;RAB37,1.04498199539938,,0.816718626225835,FALSE,""
IMmotion150,7467,PLCH1;TLCD4;GRHL1;AC009244.1;KCNA3,0.92955221557907,,0.697657487600681,TRUE,""
IMmotion150,7468,SELL;ZNF727;H2BC3;AC106865.1;STON1,0.653758476843752,,0.0345717494563569,TRUE,""
IMmotion150,7469,MT-CO3;GABRD;AL031727.1;MTCO1P12;TPRG1,0.801672440687642,,0.288378512801024,TRUE,""
IMmotion150,7470,PLAUR;EVPL;FCMR;AC239859.5;MEFV,0.730845500450962,,0.115023940085216,TRUE,""
IMmotion150,7471,PTGS1;ADAM1A;THSD1;PRICKLE4;TROAP,0.990777037824523,,0.965378063463963,TRUE,""
IMmotion150,7472,HYDIN2;NPIPB8;DHFR2;AL603832.3;P2RY1,0.77214829260395,,0.213099624890799,TRUE,""
IMmotion150,7473,NCKAP5;AC138894.1;HEY2;TSPEAR;PSTPIP1,0.432588222254807,,2.49377705967736e-05,TRUE,""
IMmotion150,7474,SERPINI1;ZNF232;MAP3K9;TULP2;ZNF660,0.840317413815875,,0.429133360687302,TRUE,""
IMmotion150,7475,FAP;CLDN7;ABCG2;KRT73;GPAT3,0.817124114491881,,0.321236286337525,TRUE,""
IMmotion150,7476,SNORA61;DNAJC22;TMEM150C;SEPTIN7P9;H2BC14,0.895036444392755,,0.595002422052058,TRUE,""
IMmotion150,7477,SNORD116-23;HUNK;ELMO3;HAP1;P3H3,0.850047494493509,,0.401967070452775,TRUE,""
IMmotion150,7478,EGR2;ZBP1;TLR8;AC133555.3;BCL2,0.664237837332505,,0.0411474947444985,TRUE,""
IMmotion150,7479,TMEM200A;ABCF2;SOX18;AC037459.1;CENPK,1.24510269170772,,0.208431112005646,FALSE,""
IMmotion150,7480,APOC1;ESRP2;LINC01138;G6PC;TSHZ2,1.07819351074423,,0.719389095990667,FALSE,""
IMmotion150,7481,MDK;YBX1P10;HSD17B14;SYT15;EYA2,1.18023208483341,,0.405915919953856,FALSE,""
IMmotion150,7482,LEF1;NLGN4X;ZDHHC11;CHODL;C1orf21,0.804376837789119,,0.265901367896586,TRUE,""
IMmotion150,7483,PCDHB15;HOXA6;H3C2;MMEL1;PSORS1C1,0.790949849712014,,0.232269451031968,TRUE,""
IMmotion150,7484,EHHADH;SEC14L6;KIF2C;AL133444.1;AL096711.2,1.04906501692691,,0.806010086615719,FALSE,""
IMmotion150,7485,DCLK1;FAM133DP;GTSE1;FCN2;LRRC17,1.09413208899302,,0.689873613233261,FALSE,""
IMmotion150,7486,FCGR1B;CDS1;TAS2R5;AC036214.3;P3H3,0.692855738721112,,0.0676031799757953,TRUE,""
IMmotion150,7487,EPHA3;AC036108.2;FBXO16;LINC01504;AC112777.1,0.935483985833858,,0.739216303202536,TRUE,""
IMmotion150,7488,FAM83H;MT-ND4L;KBTBD8;PRSS21;TRIM73,0.68837018686353,,0.053814611955268,TRUE,""
IMmotion150,7489,KCNN3;FNDC4;FAM174B;COL2A1;MARCHF3,1.14355561402721,,0.497597716249798,FALSE,""
IMmotion150,7490,LMOD1;P2RX1;RAD51;FSHR;TBX2,1.0559802923189,,0.779525447112075,FALSE,""
IMmotion150,7491,OLFML3;RPL12P4;TMEM97;KCTD4;ALS2CL,1.06745485567954,,0.727209410793296,FALSE,""
IMmotion150,7492,CD209;KIF5C;TSHZ2;HTR1D;CLCN4,0.995757850613169,,0.982922969991971,TRUE,""
IMmotion150,7493,MXRA8;FAM133DP;CCDC113;HMGA1P1;C1orf131,1.11573431891494,,0.651736857115387,FALSE,""
IMmotion150,7494,KIF4A;AKR1C2;CAMK4;UBTFL5;THSD1,0.937160799735847,,0.757055598829467,TRUE,""
IMmotion150,7495,ACSS3;TRBC1;CD101;TNNI3;IER3,0.823203428142367,,0.345000816083313,TRUE,""
IMmotion150,7496,ARFGEF3;DNAJC19P9;TRIM2;RPL34P20;MARCHF3,1.1061914536383,,0.584812333081052,FALSE,""
IMmotion150,7497,ZNF704;CKAP2L;RGCC;MUC22;AL158050.1,0.827753047608756,,0.339742664994176,TRUE,""
IMmotion150,7498,ETV1;UGT8;RASSF7;GUCY2EP;CMPK2,0.846475254736914,,0.402531088865641,TRUE,""
IMmotion150,7499,SLC11A1;HMGB3;PCDHGA7;LEP;FBXO16,0.730875124065913,,0.140752339806991,TRUE,""
IMmotion150,7500,PCDH17;MYBL2;RUNX1T1;IGHE;CKS2,1.06319349501746,,0.75697726245028,FALSE,""
IMmotion150,7501,TSPAN13;RP9P;EGFL7;AC139426.1;CD33,0.87295146291547,,0.477082910712919,TRUE,""
IMmotion150,7502,RETREG1;COLEC12;SNHG17;MTMR7;ARVCF,1.11016632115727,,0.590127448893155,FALSE,""
IMmotion150,7503,CDCA2;TBCEL-TECTA;PRTG;CHST6;CAMK4,0.876525418735713,,0.49464587986515,TRUE,""
IMmotion150,7504,PDLIM3;MAPT;SNORA3A;PLP1;ZNF876P,1.27865422526883,,0.170298589945925,FALSE,""
IMmotion150,7505,CD209;ADGRB2;RAG1;RSPO4;AD000090.1,1.02152718986712,,0.911012315488556,FALSE,""
IMmotion150,7506,NCF1C;AC023055.1;ACOX2;HTR1D;NAP1L4P1,0.643946058758772,,0.0629752761364916,TRUE,""
IMmotion150,7507,STC1;C6orf132;AC015818.10;SAP25;KBTBD8,0.790819290166947,,0.203059421970864,TRUE,""
IMmotion150,7508,TLR7;LIPG;ZNF454;AL139423.1;H3C1,0.850803603450811,,0.421825114782047,TRUE,""
IMmotion150,7509,FOLR2;KIF17;SLAMF6;HNRNPA1P59;OASL,0.624715419860643,,0.0207427005274239,TRUE,""
IMmotion150,7510,LDHAP4;AL022238.3;CYGB;KRT23;SNORA16A,1.20047451988522,,0.35739738888051,FALSE,""
IMmotion150,7511,ADAM22;DLG2;POU2F2;SCN2B;STK26,0.673186592962857,,0.0336737462201412,TRUE,""
IMmotion150,7512,STEAP3;EPHB1;BCL2;PCSK2;AL590399.1,1.02710701371238,,0.897667894707871,FALSE,""
IMmotion150,7513,ACP5;CTAGE3P;ELMO3;S100A12;SLC22A15,0.665854642074795,,0.0443340931824507,TRUE,""
IMmotion150,7514,PCDH17;ZNF215;SLC19A2;SLAMF9;CATSPERG,1.32562689738099,,0.186450324164246,FALSE,""
IMmotion150,7515,FLG-AS1;INHBB;SNORA59B;SCN2B;LRP8,0.755843413344876,,0.134990641524756,TRUE,""
IMmotion150,7516,SLC2A10;MANEAL;CCDC113;IGLV9-49;PCDHB7,1.12645779428035,,0.567509950679413,FALSE,""
IMmotion150,7517,FAM27E3;STRIP2;PYROXD2;VIT;TMEM273,0.875496860488887,,0.478636979114456,TRUE,""
IMmotion150,7518,PTGIS;DCDC1;SNORA59A;LMX1B;SCARNA8,1.2040353201481,,0.336227882768511,FALSE,""
IMmotion150,7519,MT-ND2;PCDHB19P;EPHB3;TRAV29DV5;SEC14L2,0.887697564542671,,0.550730592316542,TRUE,""
IMmotion150,7520,CCL4;SPEG;TRIM2;LINC01558;TWF1P1,0.970642154594436,,0.889057222134486,TRUE,""
IMmotion150,7521,TENM4;RIMBP3;EBF4;RHO;ELMO3,0.673486851604925,,0.0368563145492023,TRUE,""
IMmotion150,7522,KCNN3;SLC6A16;SLC43A1;SLC30A2;ST6GALNAC6,0.875429135257258,,0.489042459522261,TRUE,""
IMmotion150,7523,MT-CYB;MMP24;ZNF596;CTSLP2;ABLIM2,0.800184395601456,,0.206127609748342,TRUE,""
IMmotion150,7524,CD163L1;PHKA1P1;DAPK2;OR2L3;NAALADL2,1.11326970691781,,0.564741304743724,FALSE,""
IMmotion150,7525,APBA2;HMGN5;SHE;TCTE1;LRP3,1.06667797037531,,0.722090800036122,FALSE,""
IMmotion150,7526,JAM3;ESRP2;THEMIS;GOLGA2P2Y;PIH1D2,0.814190927866519,,0.265538795527227,TRUE,""
IMmotion150,7527,GCNA;FMO5;FGD1;RFPL4AL1;ZNF334,1.12714004405258,,0.572235551958384,FALSE,""
IMmotion150,7528,PLEKHA7;AF241726.1;ABCG2;GPX2;CNRIP1,0.892611797231626,,0.55545242283784,TRUE,""
IMmotion150,7529,CD2;ADAM23;SNORA59A;ANKRD33;H4C6,0.783420272778004,,0.224631970142431,TRUE,""
IMmotion150,7530,TTC39A;HYLS1;SCIMP;CCR6;ZNF793,0.69598982579264,,0.0453574822132898,TRUE,""
IMmotion150,7531,MT-ATP6;AC004691.2;LILRB5;ADGRF5P1;SDC1,0.779337002304123,,0.184654729266237,TRUE,""
IMmotion150,7532,ALDH1A3;LIN7A;CIART;AC111000.5;ELMO3,0.809355925873312,,0.279523786873366,TRUE,""
IMmotion150,7533,ZNF704;ADGRB2;ZNF491;NBEAP6;SECTM1,1.19420469304938,,0.341486855430199,FALSE,""
IMmotion150,7534,GXYLT2;PTH1R;SCIMP;H2AB3;PMEPA1,1.23300096621218,,0.26334115905963,FALSE,""
IMmotion150,7535,BUB1B;ADAM23;CYGB;DNM1P41;TRIM2,1.17010942591085,,0.466456466621022,FALSE,""
IMmotion150,7536,FLG-AS1;IGF2BP2;AC138696.1;TRAV39;TREM2,0.654185831770618,,0.0255478526141635,TRUE,""
IMmotion150,7537,CEACAM1;ZSWIM5;TXK;CCR6;BMP2,0.84247598658828,,0.396759699236962,TRUE,""
IMmotion150,7538,RGS2;IGFBP2;SIRPB2;SLC25A48;RHOD,1.33869061328055,,0.186972530356504,FALSE,""
IMmotion150,7539,CTAGE6;SLAMF1;MCOLN2;AC011511.5;TEF,0.735552845263344,,0.121319993530651,TRUE,""
IMmotion150,7540,DLL4;KLHL4;H3C13;ZNF705A;ATF5,1.13181969288382,,0.542231606923102,FALSE,""
IMmotion150,7541,DKK3;CTAGE3P;HOXA2;NUDT10;SNORD116-14,0.967355077355315,,0.857900579242755,TRUE,""
IMmotion150,7542,PTPN3;EXPH5;PCDHB18P;AC114803.1;LPAR1,1.15979278273356,,0.502051843044358,FALSE,""
IMmotion150,7543,MT-ND1;USP2;SLC6A9;LHX4;FBXO17,1.33545653213135,,0.124719433841423,FALSE,""
IMmotion150,7544,MEST;MT1L;BANK1;SNORA32;SNORD9,1.05331260148228,,0.798468808943036,FALSE,""
IMmotion150,7545,CCL2;AL022238.3;FRMD3;CLDN22;ENO3,0.736084406489314,,0.100576198196524,TRUE,""
IMmotion150,7546,LEF1;RASSF6;MAP3K7CL;MTNR1A;SLC2A3P2,0.617184361580837,,0.0180090613640886,TRUE,""
IMmotion150,7547,ANOS1;NRG1;SNORA59A;SFTPB;DOK2,0.800951405874051,,0.252978109571336,TRUE,""
IMmotion150,7548,CARD11;AC068831.6;IKZF3;AC091167.2;NCAPH,0.545733898034867,,0.0033329242075576,TRUE,""
IMmotion150,7549,FOLR2;FPGT-TNNI3K;ITGA10;AL450124.1;AGER,0.840005380869353,,0.377723195462027,TRUE,""
IMmotion150,7550,PLCH1;LIPG;NPIPA2;BCAR3-AS1;MICU3,0.711468836633921,,0.090446726436788,TRUE,""
IMmotion150,7551,MXRA8;NEIL3;EID3;MYPN;EGFL7,0.963359549700253,,0.873408607508579,TRUE,""
IMmotion150,7552,HSPA7;GPER1;ID1;AC044860.1;PCDHGB8P,0.749870137249603,,0.150601221217194,TRUE,""
IMmotion150,7553,ADAMTSL2;ULBP2;SLC16A5;IGLV3-12;RALGPS1,0.988689120016084,,0.952649771638138,TRUE,""
IMmotion150,7554,CD3D;ABT1;APOBEC3B;VWA5B1;IL4I1,0.648397089743938,,0.0353628693076762,TRUE,""
IMmotion150,7555,SLC2A10;KIF20A;PYROXD2;AC010542.5;TSPOAP1,0.983949142432667,,0.937029347521837,TRUE,""
IMmotion150,7556,PC;SLAMF1;ADAMTSL1;TRAV24;SFXN2,1.06009978450465,,0.780117435767257,FALSE,""
IMmotion150,7557,IL7R;MFAP2;TMEM132A;AC009951.4;PRELID2,0.832517191173243,,0.335291999893578,TRUE,""
IMmotion150,7558,SERPINI1;ABT1;FAM86DP;OR7D2;SYDE2,0.878883987467848,,0.503712066916851,TRUE,""
IMmotion150,7559,SPNS2;NTRK3;CEP295NL;INHBC;FCMR,0.851632762587746,,0.406713898539951,TRUE,""
IMmotion150,7560,HGF;RARRES1;SPN;AC106886.2;MMP19,0.803498421533076,,0.24225838009628,TRUE,""
IMmotion150,7561,ITK;FAM133DP;ZNF415;LHX4;FAM83D,0.705149029284821,,0.158552102819736,TRUE,""
IMmotion150,7562,BOC;METTL15P1;PCDHGA7;NPTX1;PRRG4,0.614088607956995,,0.0189891016446876,TRUE,""
IMmotion150,7563,COL4A4;SEC14L6;ABTB2;LINC01934;PIH1D2,0.814297943121762,,0.318389915096603,TRUE,""
IMmotion150,7564,SSC5D;LY75;TLK2P2;SH2D6;P2RY1,0.989649113306811,,0.954101113148348,TRUE,""
IMmotion150,7565,GOLGA8M;PPFIA2;Z74021.1;RBMXL2;CD52,0.841638400190254,,0.354641666050111,TRUE,""
IMmotion150,7566,NOX4;CD69;H2AC16;ASB14;GSTM3,0.904903975504187,,0.649193220784755,TRUE,""
IMmotion150,7567,PCDHB9;SRPX;CYGB;TTC39A-AS1;FAM13C,1.09745844026843,,0.636571296309697,FALSE,""
IMmotion150,7568,AK4;PDCL3P4;EMP2;AC103702.1;AC124944.2,0.923621351090168,,0.659602179222244,TRUE,""
IMmotion150,7569,MT-CO2;PSMG4;DLGAP5;CELP;PIM2,0.67234346687789,,0.0460425251367132,TRUE,""
IMmotion150,7570,SNORD116-22;IGF2BP2;CAMK4;THEGL;SEMA4G,0.657036139340536,,0.0400403760637832,TRUE,""
IMmotion150,7571,CSRP2;ELAPOR1;CCR5;DMRT3;GALNT3,0.692255462332416,,0.0836558182874732,TRUE,""
IMmotion150,7572,PPFIA4;SLC5A4;PTCH2;RASSF10;SEMA4G,1.2487016449778,,0.275309590000597,FALSE,""
IMmotion150,7573,CNTNAP3P2;ZNF565;SNORA60;SAP25;EGFLAM,0.880483851885496,,0.516909188923581,TRUE,""
IMmotion150,7574,PDLIM3;PCOLCE2;CYYR1;PAGR1;HEYL,1.26092022358768,,0.221842501482743,FALSE,""
IMmotion150,7575,ITGA11;CHMP4BP1;STRC;MYL2;P2RY1,0.894789229664756,,0.527828356509973,TRUE,""
IMmotion150,7576,SNORD116-23;AC104452.1;FAXDC2;SNAP91;ID1,0.891148619265234,,0.515984125558905,TRUE,""
IMmotion150,7577,CCL2;BMPR1AP2;PSORS1C1;TBC1D3P1;MELK,0.700952705878435,,0.109926765058135,TRUE,""
IMmotion150,7578,PDE2A;ZNF713;ATL1;GYPA;ADCY1,1.07365719143131,,0.69436576029288,FALSE,""
IMmotion150,7579,KLF5;PDZRN3;RNLS;SLC38A3;KYAT1,0.982292075379674,,0.927314782424279,TRUE,""
IMmotion150,7580,SMOC2;COL22A1;AFF2;POU5F1P4;TSPAN5,1.16341864364932,,0.486063299489992,FALSE,""
IMmotion150,7581,NCKAP5;TCIM;MREG;SNORD115-44;SOX18,0.961896001339953,,0.85632353194796,TRUE,""
IMmotion150,7582,MOCOS;ABT1;ZNF257;EFCAB1;GTSE1,1.16929317987686,,0.453813900469358,FALSE,""
IMmotion150,7583,IFI27;SLC6A16;TMEM97;ZNF723;SEMA4G,1.07447342850179,,0.717614090956461,FALSE,""
IMmotion150,7584,NOSTRIN;SHB;PCDHGB8P;SLC6A4;ZNF300,0.643450352086928,,0.0204184842470661,TRUE,""
IMmotion150,7585,IRS2;PROM2;C1orf131;PRSS44P;HOMER1,0.844094273041919,,0.429082590140006,TRUE,""
IMmotion150,7586,CD3E;PCDHGA2;RGS16;PRSS55;MILR1,0.716960761952437,,0.107980953937087,TRUE,""
IMmotion150,7587,MYRF;STEAP1;TBXA2R;EVPLL;AC015818.10,0.852555713413072,,0.409114395259745,TRUE,""
IMmotion150,7588,GHR;HLF;ZNF816-ZNF321P;IGKV5-2;PCDHGA4,0.752530040167433,,0.137456332947271,TRUE,""
IMmotion150,7589,RGS2;SNCAIP;HSD17B14;AP000346.1;RANBP17,0.998627103096093,,0.994394567042273,TRUE,""
IMmotion150,7590,HSPA7;MMP24;KIAA1755;PF4;DUSP7,0.720463490650043,,0.0523787757766592,TRUE,""
IMmotion150,7591,ADAM22;NEK5;KYAT1;MIA-RAB4B;BRSK1,0.866243795563168,,0.445413115437473,TRUE,""
IMmotion150,7592,LRP4;NLGN4X;NAP1L4P1;SNORD115-23;RAD51,0.924686506558949,,0.700337765644628,TRUE,""
IMmotion150,7593,PLVAP;ZNF511;ZNF454;FBN3;COL9A2,0.566514843361581,,0.00478496178108342,TRUE,""
IMmotion150,7594,PCDHB16;CLEC10A;SNORA3B;GAGE10;SFXN2,0.975223868412652,,0.90117717149452,TRUE,""
IMmotion150,7595,FBP1;IL1R2;PRAM1;C14orf39;EDA,0.91039527094453,,0.645723070464581,TRUE,""
IMmotion150,7596,FBN2;EXO5;ZSCAN18;NPFFR2;SNORA59A,1.18690739719835,,0.400465490019091,FALSE,""
IMmotion150,7597,HRH2;SS18L2;SNORD9;AC011767.1;AC068580.4,1.06020727101652,,0.734776288067127,FALSE,""
IMmotion150,7598,MXRA7;NCR3LG1;SPAG4;OR13C2;BAMBI,0.979081545553529,,0.913178301462175,TRUE,""
IMmotion150,7599,IL2RG;NME5;SEMA6D;RPL23AP25;HLA-DOA,0.713172181151625,,0.0793609871300969,TRUE,""
IMmotion150,7600,PCDHB8;ZMYND19;GLI2;TBC1D26;CD200R1,0.650132646304709,,0.0220272987652464,TRUE,""
IMmotion150,7601,EPHA3;ULBP2;SMAGP;FCF1P6;ALDH7A1P1,1.03969891512885,,0.835858310399095,FALSE,""
IMmotion150,7602,CCDC141;ADRA1B;RDH5;RNASEH1P1;GPR34,0.920817519819557,,0.657471000752915,TRUE,""
IMmotion150,7603,FTH1P20;AC233699.1;PCDHB7;GYPE;TMEM150C,0.880309644962543,,0.606294780713374,TRUE,""
IMmotion150,7604,CD3E;NRG3;NPIPA2;HEPHL1;GOLGA8K,0.635010902114001,,0.0317001996398588,TRUE,""
IMmotion150,7605,PCDHGB5;ABHD14A-ACY1;SNORA60;IGLV3-12;DUSP4,1.05504534231048,,0.784822319358424,FALSE,""
IMmotion150,7606,KIF23;XKR9;PMEPA1;SETP9;FAXDC2,1.16697368769084,,0.424471900795874,FALSE,""
IMmotion150,7607,PCOLCE;PSMG4;ZNF483;LHX4;IGFBP6,0.694335656448384,,0.05305099407152,TRUE,""
IMmotion150,7608,PLA2G7;USP18;CD6;SLC30A3;RASIP1,0.721815700999312,,0.102650652221733,TRUE,""
IMmotion150,7609,IMPA2;MSANTD3-TMEFF1;CKS2;TBX20;FCMR,0.895354440404506,,0.638865646612915,TRUE,""
IMmotion150,7610,ITGA11;LOXL1;SLC43A1;WIF1;CD302,1.04814787086506,,0.8105856992071,FALSE,""
IMmotion150,7611,NTN4;PLXNB3;TSPAN5;IGKV1-37;SLC19A2,1.02325009344157,,0.908220146535003,FALSE,""
IMmotion150,7612,TRIM9;COL24A1;FAM174B;CEACAM20;KIF2C,1.13804671167388,,0.518842019920917,FALSE,""
IMmotion150,7613,IRAG1;FAM72B;HLA-DOB;TMSB4XP1;EID3,0.778603093293693,,0.208982947424104,TRUE,""
IMmotion150,7614,ZNF395;NPHP3-ACAD11;CCRL2;SNORA36A;CSPG4P12,1.2054191008255,,0.322999432428547,FALSE,""
IMmotion150,7615,CCL3;RIPK4;ANO2;SLC24A2;CA11,0.685974081395475,,0.0704583157504032,TRUE,""
IMmotion150,7616,JAM3;CCSAP;ASRGL1;C14orf39;RGCC,0.808657001781169,,0.266715614095005,TRUE,""
IMmotion150,7617,SGPP2;DLG2;RNLS;DDX11L1;SNORA50A,1.19726934398796,,0.379147673001633,FALSE,""
IMmotion150,7618,RRAGD;P2RY10;SCAMP5;NXF2B;SLAMF8,0.647231201901557,,0.0353443130721223,TRUE,""
IMmotion150,7619,NTN4;CST7;ADAM8;AP000926.1;POU2F2,0.594173593475221,,0.0074310014307479,TRUE,""
IMmotion150,7620,EHHADH;ADAMTS14;IFI6;SMIM5;NBL1,0.928336785285696,,0.691091440584633,TRUE,""
IMmotion150,7621,ZNF395;GIPC2;KIF14;HBD;IQCN,1.23165942222427,,0.287497028095568,FALSE,""
IMmotion150,7622,SELENBP1;AC022415.2;TSGA10;ANGPTL8;CD6,0.806366416088475,,0.250116864187025,TRUE,""
IMmotion150,7623,CDH23;PPT2-EGFL8;EGFL7;OR7E47P;HOXD8,0.96384717356245,,0.834297274098023,TRUE,""
IMmotion150,7624,REPS2;GALNT15;DTL;CAMP;STAC3,0.892253924516709,,0.546160156198896,TRUE,""
IMmotion150,7625,PC;DNAJC22;NEK10;OR2T10;TICRR,1.24329610823852,,0.285820021971342,FALSE,""
IMmotion150,7626,NETO2;ZNF665;TRIB3;CNGB1;PCDHGA3,1.02115545753036,,0.915752316427466,FALSE,""
IMmotion150,7627,IFI44L;CEP170P1;ARHGEF37;AC116428.1;CD226,0.554974552122049,,0.0043752937315938,TRUE,""
IMmotion150,7628,NCF1C;PAQR5;CASS4;LYPD6;ZNF596,0.79910814530109,,0.264424886475055,TRUE,""
IMmotion150,7629,MDK;CCDC148;CENPI;AC112229.3;STON1,1.17106957031462,,0.444954986174355,FALSE,""
IMmotion150,7630,PCDHB9;SRPX;EML6;TM4SF19;POLQ,0.938196227020769,,0.751376258424509,TRUE,""
IMmotion150,7631,FHL2;LOXHD1;ALDH7A1P1;IGLV5-45;IL21R,1.09780768995415,,0.574630494746126,FALSE,""
IMmotion150,7632,PTGS1;DNAJC22;NUPR1;RNU1-4;LY86,1.19669846699309,,0.355984898189855,FALSE,""
IMmotion150,7633,LAMB3;AP002373.1;PCDHGC5;SCG3;GJA4,0.843176736068668,,0.31157400340462,TRUE,""
IMmotion150,7634,ABCA9;PRLR;LOXL4;XKR3;EID3,0.999790260644479,,0.999139568266403,TRUE,""
IMmotion150,7635,ADAM12;KLHL4;SNORA60;AP000926.1;FHDC1,1.05012983814918,,0.804491169488235,FALSE,""
IMmotion150,7636,RETREG1;RBP7;SNORA59A;KRT8P31;MTARC1,1.29593482530126,,0.172824407169984,FALSE,""
IMmotion150,7637,PC;PLCD4;LY96;AL589669.1;UHRF1,1.05395215889015,,0.785712041314053,FALSE,""
IMmotion150,7638,RHOB;NRG3;ATL1;H2AB2;LILRB5,1.15775377429828,,0.438920166798667,FALSE,""
IMmotion150,7639,NPNT;ZSWIM5;RUNX1T1;AC005609.2;H2BC14,0.724968063619482,,0.131292282780037,TRUE,""
IMmotion150,7640,PCDHGB2;SEMA3B;KCNS3;KBTBD12;IL2RB,0.795171191152964,,0.245155583070658,TRUE,""
IMmotion150,7641,PLEKHA6;ACP3;MAPK12;BTNL3;TUB,0.855442546206487,,0.371684412176438,TRUE,""
IMmotion150,7642,CTAGE6;ZNF229;SNORA13;TMEM74;ELOVL6,1.12463277451316,,0.563002179375972,FALSE,""
IMmotion150,7643,SLC11A1;AL162417.1;ZNF502;DDN;DIPK2B,0.667023344179482,,0.0435089285490542,TRUE,""
IMmotion150,7644,HOOK1;IGFBP2;GADD45B;GRM7;ZNF876P,1.32630276784943,,0.160310438839604,FALSE,""
IMmotion150,7645,CAVIN2;IL12RB2;GFOD1;MROH9;THEMIS,0.698800871299049,,0.0577559941302092,TRUE,""
IMmotion150,7646,COL5A3;RIPK3;ZDHHC23;TUBB8;IGFBP6,0.81944824984966,,0.331547036877654,TRUE,""
IMmotion150,7647,PARD6B;CFAP43;RAG1;BCYRN1;C2orf27A,0.818355393125243,,0.321029696932139,TRUE,""
IMmotion150,7648,AMACR;SORCS2;RFTN2;AC004148.1;LCK,0.854914380458753,,0.390441716506715,TRUE,""
IMmotion150,7649,AOC3;NRN1;NANOGP8;RNU5E-1;AKR1E2,1.22162609269386,,0.300414435244815,FALSE,""
IMmotion150,7650,PCDHB15;ZNF311;GALNT3;SRPK3;RNF144A,0.925722865342797,,0.713072303187,TRUE,""
IMmotion150,7651,FAT3;SLAMF7;RTP4;AC009093.8;LIMS2,0.755441666629253,,0.16292823202702,TRUE,""
IMmotion150,7652,CCL4;INAVA;FOXM1;ADGRG7;GRAPL,0.94199161531631,,0.761306969760872,TRUE,""
IMmotion150,7653,ACSM3;F2RL1;ACAP1;IMMTP1;P3H3,0.789085768470586,,0.215594794395591,TRUE,""
IMmotion150,7654,AKAP6;PNMA2;P2RY6;CNTN5;DTL,0.882539935787405,,0.502001786812337,TRUE,""
IMmotion150,7655,BOC;DNAJC19P9;PSORS1C1;SLC6A14;GALNT3,0.505561152060912,,0.000699438488625214,TRUE,""
IMmotion150,7656,BCAT1;ABHD14A-ACY1;SNORA59A;LINC00621;OXER1,1.14652352905716,,0.529414717230379,FALSE,""
IMmotion150,7657,TRO;CST7;C1QTNF3;FOXD4L6;ABCB9,1.07337342047697,,0.709323037297612,FALSE,""
IMmotion150,7658,PLEKHA7;NALCN;PCDHGA5;OR4F8P;CNRIP1,0.962588593507016,,0.855553772862837,TRUE,""
IMmotion150,7659,SNORD13;SNORA62;PRKAR2B;TREX2;APOBEC3B,0.866290444048485,,0.460953126221396,TRUE,""
IMmotion150,7660,BUB1B;SEMA3B;CD83;UGT2B26P;DGKG,0.756682768707703,,0.133236268779566,TRUE,""
IMmotion150,7661,ITGA11;GOLGA8IP;HSPA6;C14orf39;CSTA,0.978130686246761,,0.907631664601123,TRUE,""
IMmotion150,7662,NQO1;GZMB;ANKRD23;CCR9;SPTBN5,0.81131025796132,,0.288221686791023,TRUE,""
IMmotion150,7663,BCAT1;CHDH;SNORD46;NDUFAF4P2;STK32B,1.28559427585509,,0.171893608369347,FALSE,""
IMmotion150,7664,ITK;NDC80;HSPD1P4;CLEC4C;SLC16A5,0.876705204338894,,0.476758025227747,TRUE,""
IMmotion150,7665,BICDL1;AC048382.2;H2BC3;ATP2A1-AS1;CMTM8,0.862648654870687,,0.496859741502188,TRUE,""
IMmotion150,7666,ANG;KLHL4;PRH1;MYH1;AK7,1.10980360114741,,0.607698145172249,FALSE,""
IMmotion150,7667,THSD4;AL731577.2;PEG3;C12orf56;SNORA13,0.870847193376166,,0.47514065711166,TRUE,""
IMmotion150,7668,FPR1;INMT-MINDY4;HCST;FAM151A;SOX5,0.862241582937986,,0.4713868433138,TRUE,""
IMmotion150,7669,FAP;ZSWIM5;TBX2;TRIM74;FHDC1,0.94948359615668,,0.781054668745192,TRUE,""
IMmotion150,7670,LIF;GOLGA8IP;LILRA1;HMGN1P36;CACNB2,0.904907572659781,,0.604656572307909,TRUE,""
IMmotion150,7671,SELL;MDP1;SPN;RNU1-2;RHOD,0.654503432551607,,0.0440281652098054,TRUE,""
IMmotion150,7672,ITGA11;LYSMD1;SCD5;AC140504.1;TRIM6,0.812451543818395,,0.333233014771335,TRUE,""
IMmotion150,7673,ANGPT2;PCDHA7;BNIP3P1;TCAF2C;ZDHHC23,1.05358926153101,,0.795779120680538,FALSE,""
IMmotion150,7674,ZFHX4;ZSWIM5;SNORA71A;MAST1;ZNF610,0.918617904586071,,0.640915761633195,TRUE,""
IMmotion150,7675,TTC39A;NEIL3;DGKI;TAS2R7;TBX2,0.899888746268439,,0.573050350659243,TRUE,""
IMmotion150,7676,SELL;PNMA2;HLA-DOB;RPSAP53;MARCHF3,0.775142035776217,,0.186406915326097,TRUE,""
IMmotion150,7677,PLA2G7;HOXA5;CISH;PRPF4BP1;DECR2,0.634266989887986,,0.0266053765051964,TRUE,""
IMmotion150,7678,EIF2S2P4;PPT2-EGFL8;SLC22A15;TCF23;SIK1,0.903798348421731,,0.648095531252382,TRUE,""
IMmotion150,7679,ACSS3;ENPP5;ZNF300;CLDN22;PAFAH1B3,0.830346855491041,,0.315766634025358,TRUE,""
IMmotion150,7680,IFI44L;RTKN2;CNRIP1;AP000356.2;LY86,0.644370125008938,,0.0488831740238778,TRUE,""
IMmotion150,7681,FHL2;SHC2;H3C8;CFHR4;GAMT,1.09874483918671,,0.651632029316625,FALSE,""
IMmotion150,7682,OLFML3;ANO9;KCNJ5;AC069257.3;AMIGO2,0.872818768788402,,0.448312832605364,TRUE,""
IMmotion150,7683,LIF;P2RX1;GMPR;AC013489.1;PECAM1,0.988383041212739,,0.953458271630964,TRUE,""
IMmotion150,7684,SNORA21;PPFIA2;KIF15;GJB6;WNK3,0.889335785351003,,0.581486182008768,TRUE,""
IMmotion150,7685,ACSS3;TRIM45;RUNX1T1;FRMD7;TRIM34,0.898577718504003,,0.551204201056069,TRUE,""
IMmotion150,7686,OLFML3;AC215522.2;CENPU;IL2;AC138696.1,0.984596561764281,,0.929800394599303,TRUE,""
IMmotion150,7687,SNORD116-20;GRB7;HHEX;KRT19P1;RHPN1,1.22508072990384,,0.357683433762211,FALSE,""
IMmotion150,7688,CSPG4;BEND5;LINC01002;SNORD116-13;TRIM73,0.857924052779197,,0.447721889213729,TRUE,""
IMmotion150,7689,CCL3;SNORA33;DLGAP5;SNORD105;CD247,0.710512611274094,,0.0885798184866923,TRUE,""
IMmotion150,7690,ZFPM2;PNMA2;MSS51;LRRN4CL;CCND2,0.604264964547089,,0.015399571880922,TRUE,""
IMmotion150,7691,SDHAP2;DEPDC7;PLEK2;AC009093.8;MARK1,1.1498056758238,,0.501092065954081,FALSE,""
IMmotion150,7692,JAM3;SLC7A9;KBTBD8;MYZAP;MCOLN2,0.934484725593393,,0.714705691450011,TRUE,""
IMmotion150,7693,POU5F1;INAVA;FEZ1;PAEP;APOBEC3B,0.952420189965883,,0.803691928355892,TRUE,""
IMmotion150,7694,DLL4;ZNF99;PRKAR2B;OR2W3;RPS20P14,1.01136627011622,,0.951110038443547,FALSE,""
IMmotion150,7695,PARM1;HMGN1P3;KBTBD8;GFRA3;LPAR1,0.82260101675172,,0.282036291049003,TRUE,""
IMmotion150,7696,TRAC;MFAP2;IQCN;CCR3;RHOF,0.787488782842787,,0.220331226831578,TRUE,""
IMmotion150,7697,PDLIM3;GZMB;ZDHHC11;S100A14;SNORA72,0.950203573881542,,0.788584214064129,TRUE,""
IMmotion150,7698,NR3C2;ZSWIM5;KIAA1614;SLC1A7;KIAA1755,0.826340797501934,,0.352378960048897,TRUE,""
IMmotion150,7699,GBP5;IL1RL2;CEBPD;DIO1;MICU3,0.910529575265605,,0.635840721815369,TRUE,""
IMmotion150,7700,HOOK1;FAM86C2P;NUAK2;SNORD105;LOXL4,0.819603385464621,,0.306441192394339,TRUE,""
IMmotion150,7701,RNASE1;ZNF831;TMEM25;AC111000.1;IL12RB1,0.845324710541593,,0.378564278649116,TRUE,""
IMmotion150,7702,STEAP4;MT1F;PSORS1C1;ZAN;ARMH4,1.16015993169111,,0.456523321390647,FALSE,""
IMmotion150,7703,TSC22D3;HRC;PAFAH1B3;PM20D1;MMP19,1.01524300922049,,0.945940761742766,FALSE,""
IMmotion150,7704,ALDH1A3;FLT3;LRRC37A6P;LDHC;PCED1B,0.67277013259273,,0.0442587086842078,TRUE,""
IMmotion150,7705,RRAGD;MST1P2;VWA1;CDH9;PCDHGA3,1.27202996849796,,0.227971799163313,FALSE,""
IMmotion150,7706,ZFHX4;F2RL1;MPP7;TRAV27;ADAMTS13,0.574214344299221,,0.0083643820644932,TRUE,""
IMmotion150,7707,EPHX2;JPH2;H4C9;OR2A4;MAFB,0.928148851282602,,0.685397585912269,TRUE,""
IMmotion150,7708,ABCB4;TM4SF18;TMEM54;UGT1A13P;RPPH1,1.28918315248003,,0.19231620677195,FALSE,""
IMmotion150,7709,KCNN3;CNTN4;JAM2;URAHP;PMEPA1,1.26181941865675,,0.196480080498106,FALSE,""
IMmotion150,7710,GPC4;KLRC4-KLRK1;SCUBE2;MC4R;H2BC3,0.592870567492172,,0.0155515697779906,TRUE,""
IMmotion150,7711,OLFML3;BORCS8-MEF2B;PRELID3A;RPSAP53;AL096711.2,1.04597252864693,,0.816910384478742,FALSE,""
IMmotion150,7712,FOLR2;NRG3;SOX18;TERT;RPS2P46,1.40266860282545,,0.115050579692148,FALSE,""
IMmotion150,7713,LDLR;NME1-NME2;ABCA10;ACKR4P1;CETP,0.937462248125308,,0.758159032860356,TRUE,""
IMmotion150,7714,ANG;CLEC10A;NEK10;KCNF1;ADAMTS3,0.998447026578062,,0.993846187087051,TRUE,""
IMmotion150,7715,SELL;KCNE4;PCDHGC5;RNVU1-7;CD52,0.743861452364273,,0.134302830661884,TRUE,""
IMmotion150,7716,IRAG1;EFR3B;MARCHF3;IGKV1D-42;LINGO1,1.11161874417532,,0.60992279433315,FALSE,""
IMmotion150,7717,SNORA21;SPTB;PCDHB2;BCAR3-AS1;PIGAP1,1.03426954214152,,0.863233746871665,FALSE,""
IMmotion150,7718,PBLD;PRCD;ST6GALNAC6;MPIG6B;DUSP7,1.04614891248997,,0.807117597368054,FALSE,""
IMmotion150,7719,PCOLCE;PDCL3P4;RPL23AP32;GSTT2;C1QTNF3,1.09978441918769,,0.591875494696891,FALSE,""
IMmotion150,7720,PARD6B;ZNF726;KIAA1755;KRT25;RAD51,0.933863456783584,,0.761806242466904,TRUE,""
IMmotion150,7721,ARFGEF3;S100A9;SIGLEC7;AL355102.4;MFAP3L,0.910154637913655,,0.636637122083522,TRUE,""
IMmotion150,7722,TTC39A;AGBL3;LOXL4;IGKV2D-24;FZD8,0.901004525622811,,0.613896462863601,TRUE,""
IMmotion150,7723,PTGIS;Z83840.1;TMEM26;AC037459.1;AC138696.1,1.21775933025061,,0.349346955210799,FALSE,""
IMmotion150,7724,RHOB;GRID1;PCDHGC5;EIF3LP2;PRKAR2B,0.783795361475742,,0.223692217722779,TRUE,""
IMmotion150,7725,PCDHGB5;SEC14L6;CX3CL1;OR2T10;FAM227A,0.873710089002036,,0.516816904743985,TRUE,""
IMmotion150,7726,FHL2;POM121L9P;DUSP7;ZFP41;FEZ1,0.940758245182273,,0.733436078051804,TRUE,""
IMmotion150,7727,TRPC6;PPIAP2;UBE2Q2L;AC109446.2;SIRPB2,0.738011671846156,,0.0868170611628774,TRUE,""
IMmotion150,7728,SELENBP1;AC026150.3;PCDHB4;SLC22A7;P3H3,1.2415551732722,,0.247467446495362,FALSE,""
IMmotion150,7729,ZNF521;TENT5C;FAM72A;HMGA2-AS1;TXK,0.698443409590629,,0.0457310827393129,TRUE,""
IMmotion150,7730,EIF2S2P4;CDS1;NPIPB9;AC015818.5;Telomerase-vert,0.712392945385475,,0.100184521405927,TRUE,""
IMmotion150,7731,TSC22D3;FKBP14;SH3BGRL2;SVOPL;CASZ1,0.847435919122253,,0.468312006801757,TRUE,""
IMmotion150,7732,ARFGEF3;PCDHGA1;ALS2CL;AL034405.1;SLC25A33,1.12091479543946,,0.566757774218774,FALSE,""
IMmotion150,7733,AGAP7P;AGBL3;OXER1;SAP25;SLC16A5,0.768518472160746,,0.194428007965096,TRUE,""
IMmotion150,7734,PCDHGB2;NRG3;SOX5;PTMAP12;VDR,0.931060636491716,,0.740881505437831,TRUE,""
IMmotion150,7735,TBX3;SEMA3B;EIF5A2;HMGCLL1;PRELID3A,0.707692010849859,,0.0790562146893579,TRUE,""
IMmotion150,7736,LAMB3;CFAP43;IL21R;AC118942.1;CCSER1,0.850817455299487,,0.404939210070868,TRUE,""
IMmotion150,7737,PCSK5;GREB1;FAM174B;TJAP1P1;EVI2A,0.548073732305147,,0.00587845582599285,TRUE,""
IMmotion150,7738,AKR1C1;ZMYND19;CCNF;REG1B;RAB38,1.11190644042555,,0.633733830116364,FALSE,""
IMmotion150,7739,MT-CO2;AC009078.3;MMP11;OR13C9;CD247,0.704536052378791,,0.0815591843701296,TRUE,""
IMmotion150,7740,PCDHB15;PCDHB6;ZSCAN31;KRT1;SNORA60,1.03363119787932,,0.867974372580469,FALSE,""
IMmotion150,7741,CAVIN2;IL1R2;CA11;EXTL1;STX11,0.872861315968945,,0.479787120110972,TRUE,""
IMmotion150,7742,SNORD13;SLAMF1;PTGDR;OBP2A;CIDEB,1.13122716795189,,0.485961023393153,FALSE,""
IMmotion150,7743,GULP1;IGFBP2;ARVCF;LINC00671;FCN1,0.917798155132645,,0.651876609173889,TRUE,""
IMmotion150,7744,PCDHGB4;CLEC10A;POU2F2;CHODL;EXOC3L1,0.83092863999597,,0.3183905073952,TRUE,""
IMmotion150,7745,CSRP2;FPGT-TNNI3K;KCNJ5;ADH4;ZNF454,0.900050854860358,,0.58991309361146,TRUE,""
IMmotion150,7746,KDELR3;RNF152;SNORA44;RAET1E;H3C1,1.13333844882436,,0.538014742560428,FALSE,""
IMmotion150,7747,ZNF90;HLA-H;MILR1;AGR2;ASTN2,0.799699220804334,,0.227294070016657,TRUE,""
IMmotion150,7748,TPX2;KLHL4;GCSHP5;SNORA74C-2;CDKN3,1.15062309784245,,0.487721141532984,FALSE,""
IMmotion150,7749,SNORD116-23;BMPR1AP2;EVI2A;AGXT;RNLS,0.727092861816631,,0.102971297706775,TRUE,""
IMmotion150,7750,TRAC;SEMA3A;RGL3;AL162457.1;HEY1,0.770267718698206,,0.208725996636602,TRUE,""
IMmotion150,7751,SRPX2;CDC45;RAB37;LINC01934;ZDHHC23,1.03397020813454,,0.870355794935739,FALSE,""
IMmotion150,7752,DLL4;PROM2;STK26;RIMBP2;IQCN,0.745475179106108,,0.116680692905502,TRUE,""
IMmotion150,7753,SERPINI1;NEK5;LILRA2;FAM95B1;RPL23AP32,0.86753431982412,,0.465532736800727,TRUE,""
IMmotion150,7754,H2BC17;AC215522.2;ADGRE4P;AC111000.1;PPM1H,0.797809479226656,,0.27385937458384,TRUE,""
IMmotion150,7755,AKR1C1;SNORA51;RAI2;PAOX;HBEGF,1.20097903838433,,0.371252802283161,FALSE,""
IMmotion150,7756,ACSM3;HOMER2;UBBP4;TUBA3FP;KLF2,0.698663378328193,,0.0909903761205857,TRUE,""
IMmotion150,7757,ANLN;AC009078.3;FBXO17;EXTL1;SNORA46,1.21805025967413,,0.330987183054674,FALSE,""
IMmotion150,7758,EGR2;POM121L9P;PKDCC;SLC47A1P2;FOXM1,1.07942953472686,,0.725568271293341,FALSE,""
IMmotion150,7759,HILPDA;AC000093.1;JAM2;AC008760.2;STK26,0.696249539343369,,0.121679657132931,TRUE,""
IMmotion150,7760,SMOC2;C4orf47;FAHD2B;PIK3C2G;GTSE1,1.12433388128342,,0.581438207284821,FALSE,""
IMmotion150,7761,CSRP2;SUSD2;ZNF578;PPIAP40;STAC3,1.13908547009389,,0.507708103057648,FALSE,""
IMmotion150,7762,PTER;PCOLCE2;HOXC6;AL355102.4;RAMP2,1.18399289019773,,0.375195764413491,FALSE,""
IMmotion150,7763,PCOLCE;AL627309.6;NR5A2;AC024598.1;AL031727.1,1.10674758511656,,0.584061703193507,FALSE,""
IMmotion150,7764,TRIM9;AC138894.1;MYCT1;OR51B2;RGCC,0.964652055405809,,0.830347566038267,TRUE,""
IMmotion150,7765,PCSK5;ZNF726;SCARF2;EEF1DP3;SCAMP5,0.859662492912635,,0.460904022136249,TRUE,""
IMmotion150,7766,NR3C2;ZNF726;PCDHGA3;CD1B;MACROD2,0.765825139462506,,0.164339568703279,TRUE,""
IMmotion150,7767,SMIM3;BCL2A1;TM7SF2;AC135178.3;RAMP3,1.00652600594196,,0.972599180703795,FALSE,""
IMmotion150,7768,PDE2A;SLC5A4;STRC;ASIC2;EPHB3,1.18631118147844,,0.363656105815017,FALSE,""
IMmotion150,7769,MXRA7;AC006254.1;KLHL3;CEACAM20;BTG2,1.13789600004989,,0.493841935944624,FALSE,""
IMmotion150,7770,DKK3;AC008878.1;SYDE2;EREG;MELK,0.921342828112174,,0.743427847636287,TRUE,""
IMmotion150,7771,ALPK3;ZSWIM5;LRP3;TRBV4-1;TPPP3,1.0237814448668,,0.907158426812558,FALSE,""
IMmotion150,7772,PSD3;AC006254.1;CD200R1;SNORD115-44;TBX2,0.90831841701333,,0.635633154997335,TRUE,""
IMmotion150,7773,CNTNAP3;PWP2;BASP1;GOLGA6L6;SEMA6D,0.906201748520201,,0.615872811956751,TRUE,""
IMmotion150,7774,TBX3;ADRA1B;TESPA1;DNM1P41;DACT1,0.781344195095618,,0.24929531335537,TRUE,""
IMmotion150,7775,SNORD13;GDF15;HLA-DOB;HHATL;SNORA10,1.00870078121263,,0.964769671927324,FALSE,""
IMmotion150,7776,TLL1;XRCC3;SLC19A2;CTSLP3;PANK1,0.93506227583849,,0.750259290946888,TRUE,""
IMmotion150,7777,ACSS3;SUSD2;SEC14L2;GATA1;PIK3R6,0.969017320040079,,0.878601979525692,TRUE,""
IMmotion150,7778,HGF;RIMBP3;NLRC4;HEPACAM2;HOXB6,0.577473885533552,,0.0119183743438745,TRUE,""
IMmotion150,7779,CD3E;TSPAN7;PIK3R6;FMO6P;DAPP1,0.548257831128166,,0.0025937180512547,TRUE,""
IMmotion150,7780,PCDHB15;SIDT1;TMC7;AC015802.6;WNK3,0.823772230117425,,0.311506444658601,TRUE,""
IMmotion150,7781,BUB1B;AL731577.2;SCARNA8;MRPS31P4;TREM2,0.641863473761935,,0.0362677382299191,TRUE,""
IMmotion150,7782,IMPA2;PADI2;SEPTIN1;EPYC;BANK1,0.649651716957844,,0.0287990107150941,TRUE,""
IMmotion150,7783,ANG;RPL12P4;HOXB6;MMP8;CD83,0.657888274443169,,0.0341007646083724,TRUE,""
IMmotion150,7784,IRAG1;LIPG;ZNF300;ZDHHC8P1;DUSP7,0.960951669895851,,0.850859015239296,TRUE,""
IMmotion150,7785,SLCO2A1;SCN8A;OXER1;PRRX2;AL031727.1,1.39452594673779,,0.0824059616607702,FALSE,""
IMmotion150,7786,AK4;PET117;DNALI1;TRBV4-1;ELAPOR2,0.725807033297929,,0.138895610007673,TRUE,""
IMmotion150,7787,ACP5;ADAMTS4;KIF2C;GRIN3B;METRNL,1.01145186742103,,0.956694982189996,FALSE,""
IMmotion150,7788,KRBA1;IL17RD;IL12RB1;TTC39A-AS1;FGD1,0.604096352396241,,0.0100663963582619,TRUE,""
IMmotion150,7789,PDLIM3;ROR2;TSPYL5;DUOXA1;MDGA1,1.04698643127216,,0.799089921939764,FALSE,""
IMmotion150,7790,SELENBP1;GRID1;HID1;SERPINA4;TLE2,1.20137532051865,,0.3178278252804,FALSE,""
IMmotion150,7791,LDHAP4;ANO9;ZNF491;PLPPR1;DIPK2B,1.26955384357206,,0.217136211075019,FALSE,""
IMmotion150,7792,DSEL;RGN;TROAP;GPRIN2;DHFR2,0.841377351686775,,0.365231477748493,TRUE,""
IMmotion150,7793,PCOLCE;SNORA75;CCDC9B;OR7E125P;GCSHP5,1.43328457660741,,0.0839586718073432,FALSE,""
IMmotion150,7794,PHGDH;SLC12A8;METRNL;YWHAEP7;LPAL2,1.63518786997207,,0.0172573533386057,FALSE,""
IMmotion150,7795,RRM2;CD38;HOXD8;STAR;LPAL2,0.865881309172722,,0.44568060110394,TRUE,""
IMmotion150,7796,ITGA8;UBE2T;C6orf163;TMEM179;H4C6,0.919841874382305,,0.673713774524382,TRUE,""
IMmotion150,7797,CCL5;TMEM184A;LINC01138;CXCR5;ARHGEF15,0.846771566930872,,0.371206837980999,TRUE,""
IMmotion150,7798,TSPAN13;PNMA2;SLC16A5;CAPN9;CLEC4A,0.919648502839206,,0.674267459258167,TRUE,""
IMmotion150,7799,GGT5;ZNF57;AGER;TMSB4XP1;HMMR,0.980821889536526,,0.92066490895398,TRUE,""
IMmotion150,7800,KCNN3;HMGN5;PAFAH1B3;OR6Q1;MDGA1,0.993855855973234,,0.975226102596587,TRUE,""
IMmotion150,7801,PLVAP;FDXACB1;RAD51;HSFX2;GPT2,0.922426248026096,,0.712936217627398,TRUE,""
IMmotion150,7802,DNAH6;EGR3;TTK;LY6H;B4GALT6,0.92551115547457,,0.699654267106119,TRUE,""
IMmotion150,7803,SPATA18;AC233699.1;ADRB2;IGLV4-60;KATNAL2,0.689725885128864,,0.0866083909231195,TRUE,""
IMmotion150,7804,PPFIA4;CEP170P1;AL158050.1;HNRNPCP8;ADGRE4P,0.619176194682903,,0.0244045297019215,TRUE,""
IMmotion150,7805,MOCOS;NUF2;EID3;HOXB13;THEMIS,0.819622673919848,,0.343017808690219,TRUE,""
IMmotion150,7806,EDIL3;NME5;TROAP;FAM83B;C1orf131,0.912220673117907,,0.689154557402358,TRUE,""
IMmotion150,7807,ACP5;ESRP2;ANKRD29;PTCRA;ZNF610,0.769059292154837,,0.180880317734009,TRUE,""
IMmotion150,7808,DLL4;AC068831.6;UHRF1;SNORD63;TEF,1.02708400414163,,0.88242550397672,FALSE,""
IMmotion150,7809,COL4A4;CHMP4BP1;TAS2R5;SCN2B;Z74021.1,0.691835857941179,,0.0686836206091067,TRUE,""
IMmotion150,7810,STEAP4;FMO5;GGH;FMO6P;SIK1,1.21324389855429,,0.36604729362601,FALSE,""
IMmotion150,7811,CNTNAP3;PCDHB5;ZNF257;SPDYE6;CSPG4P12,0.999086918837566,,0.996078339525167,TRUE,""
IMmotion150,7812,ADAM22;GIPC2;GATD3A;ASS1P12;TSNAXIP1,1.42047706822069,,0.0642086375298029,FALSE,""
IMmotion150,7813,ZFHX4;CFAP91;RPPH1;CHAD;PCDH18,1.0585120534942,,0.756649802152538,FALSE,""
IMmotion150,7814,MT-CYB;CHMP4BP1;CFAP70;AC113385.3;ADORA3,0.713907941172448,,0.0535576600399253,TRUE,""
IMmotion150,7815,PLVAP;IL1RL2;RAB38;TREH;CD72,0.965573011040811,,0.855810104687558,TRUE,""
IMmotion150,7816,PTTG1;DNAJC22;OASL;RPL7L1P11;SNORA44,0.850751308914441,,0.423783052927577,TRUE,""
IMmotion150,7817,SCIN;Z83840.1;CCR5;IGKV2D-30;TWF1P1,0.489666433848972,,0.00490734256371357,TRUE,""
IMmotion150,7818,LEF1;XRCC3;MICU3;NBPF7;C17orf97,0.844452143183195,,0.415141616768561,TRUE,""
IMmotion150,7819,TMEM37;ZNF511;Z74021.1;MUSK;GRAPL,0.867030711611131,,0.453223991380679,TRUE,""
IMmotion150,7820,ADAMTSL3;NOVA1;POLQ;CYP4A22;RDH5,1.05696521318162,,0.780081954944613,FALSE,""
IMmotion150,7821,ADAMTSL2;SS18L2;SNORA46;GAL3ST2;TICRR,0.984119571190185,,0.942830903047938,TRUE,""
IMmotion150,7822,BUB1;ZFYVE21;LAT;SCGB1D2;LINC01550,0.588606213058216,,0.019454491985251,TRUE,""
IMmotion150,7823,KLF5;CCSAP;PTCH2;AC018804.1;PDCD1LG2,0.824395247872217,,0.319664270680606,TRUE,""
IMmotion150,7824,HYDIN2;SNCAIP;DECR2;PLP1;CETP,0.936907820646935,,0.727332116013307,TRUE,""
IMmotion150,7825,BICDL1;MANEAL;LIMD2;KRT8P24;SLC16A6,0.694379059308941,,0.0853091961649456,TRUE,""
IMmotion150,7826,RGPD3;CLEC10A;HAPLN3;FLG2;TLK2P2,0.785452305855721,,0.198525876819214,TRUE,""
IMmotion150,7827,RGPD3;PTGS2;NEK10;A4GNT;ZNF876P,0.954570593005308,,0.812603218418969,TRUE,""
IMmotion150,7828,KCNN3;RGN;ZNF596;PLA2G1B;TRIM36,1.13911656150911,,0.439118735647142,FALSE,""
IMmotion150,7829,FILIP1;NUF2;CSPG4P12;CPN1;TROAP,1.50097835642606,,0.0722437423679206,FALSE,""
IMmotion150,7830,DLL1;AF241726.1;RASIP1;RPL7L1P2;STK26,0.678642237889306,,0.0382397809292892,TRUE,""
IMmotion150,7831,THSD7A;EML5;SCARA3;TULP2;NRXN2,0.803667597002167,,0.268355958181874,TRUE,""
IMmotion150,7832,TENM4;HUNK;CIART;C1QL4;MARCHF3,0.899285697289388,,0.583997840521004,TRUE,""
IMmotion150,7833,PKD1P5;NDC80;FGD1;AC003002.3;ZNF596,0.971648943442561,,0.91699649699291,TRUE,""
IMmotion150,7834,KLF5;FAM72B;LIMS2;CDH20;IKZF3,0.571935913572911,,0.00578474153519656,TRUE,""
IMmotion150,7835,SERPINI1;MFSD2A;RAB37;AC126544.2;SNORA13,1.34576262551889,,0.133600538877915,FALSE,""
IMmotion150,7836,H2BC9;JPH2;STON1;CALB2;BMERB1,0.964615697510873,,0.860353620811642,TRUE,""
IMmotion150,7837,PCDHGB2;GCOM1;CD33;AC123912.3;LRRC17,0.8648752553016,,0.413104405340736,TRUE,""
IMmotion150,7838,SGIP1;SRR;PRKAR2B;IFNE;GTSE1,0.831967678695327,,0.37716710510383,TRUE,""
IMmotion150,7839,GRAMD1B;AL591806.2;DRC3;ANKRD34B;CSPG4P12,0.654925870297328,,0.0461970089301452,TRUE,""
IMmotion150,7840,CD248;IL1RL2;CELSR3;EFCAB10;CCNJL,1.18174407081539,,0.403915950313963,FALSE,""
IMmotion150,7841,EHHADH;CFAP43;KIF2C;AL162411.1;GGH,1.00140662034922,,0.994737261017103,FALSE,""
IMmotion150,7842,DENND2A;KIAA1143P1;TUB;STMN2;GLI2,0.917754191788968,,0.658150874022491,TRUE,""
IMmotion150,7843,SNORD116-22;COL21A1;OXER1;ODAPH;SECTM1,1.02375419827611,,0.900027890561369,FALSE,""
IMmotion150,7844,MT-CO3;ETNK2;ORC1;DNM1P28;TMEM25,0.754226719084227,,0.141068679935703,TRUE,""
IMmotion150,7845,PC;FTH1P5;SH3TC2;SCTR;ZSCAN18,1.4358140638942,,0.0674907412317763,FALSE,""
IMmotion150,7846,HGF;CEP170P1;MDGA1;AC009093.8;CPNE5,0.763012412773384,,0.173820185311987,TRUE,""
IMmotion150,7847,CEACAM1;PSMG4;PAPPA;AKR1C5P;HENMT1,0.66299065766322,,0.0481147975286062,TRUE,""
IMmotion150,7848,POU5F1;KIF5C;EBF4;HHATL;BMP2,0.710599214494743,,0.0755812397552527,TRUE,""
IMmotion150,7849,RASL11A;AC138894.1;CCNJL;ANKRD34B;SNORD16,1.02734539595267,,0.892911121786074,FALSE,""
IMmotion150,7850,LDLR;SNORA62;CPNE5;LINC01460;TSPAN2,1.15176234244511,,0.4704973979791,FALSE,""
IMmotion150,7851,FBLN2;INAVA;RHPN1;LINC00242;NOL3,1.33872194457686,,0.17896035945294,FALSE,""
IMmotion150,7852,THSD4;ACP3;RASSF7;AC069257.3;TLR8,0.710856071339413,,0.0529145689556036,TRUE,""
IMmotion150,7853,CCL2;CKB;CD247;GATA4;DIPK2B,0.799600930455149,,0.258686945462911,TRUE,""
IMmotion150,7854,IRS2;PPFIA2;CD302;SNORA56;ATL1,1.23411594534151,,0.294037013201803,FALSE,""
IMmotion150,7855,SSC5D;CDA;CENPK;HEPHL1;IL21R,0.923808600401236,,0.684979531677076,TRUE,""
IMmotion150,7856,NTN4;CTSW;ZNF876P;GRM5-AS1;CCND2,0.781038628131611,,0.200968540792676,TRUE,""
IMmotion150,7857,SNORD116-23;P2RY12;PIK3R6;AC067752.1;H3C2,0.716459490980737,,0.0968990645053133,TRUE,""
IMmotion150,7858,PCSK5;WNT2B;HK3;HMGN1P18;LRRC37A6P,0.610936093768668,,0.0133546026572742,TRUE,""
IMmotion150,7859,TMEM200A;NEIL3;LRP8;NPAS4;KIAA1614,0.619792493670997,,0.0142255084221687,TRUE,""
IMmotion150,7860,CAVIN2;TENT5C;ZNF502;VWA3B;FAM174B,0.785436638589912,,0.214192551248687,TRUE,""
IMmotion150,7861,TMEM37;P2RY10;SEMA6D;AC112187.1;TRIM2,0.955034542091885,,0.812695514439687,TRUE,""
IMmotion150,7862,FAM149A;GOLGA8H;KLF4;GAL;DAPP1,0.439367533354529,,0.000904883723188385,TRUE,""
IMmotion150,7863,ANKS1B;ESRP2;CKS2;RXRG;CHST2,1.34757752722603,,0.159456385757532,FALSE,""
IMmotion150,7864,GXYLT2;EGR3;C1QTNF1;SPAG6;TLR8,0.982381954869785,,0.923094438279109,TRUE,""
IMmotion150,7865,PLEKHA6;ZNF665;HOXB6;RHBG;PSTPIP1,0.566209112246315,,0.0106204024235458,TRUE,""
IMmotion150,7866,TRPC6;NUF2;CENPU;NOS1;SUGCT,0.758832014440762,,0.153203757034026,TRUE,""
IMmotion150,7867,PCDHGB5;PDCL3P4;CD226;TRBV5-5;TPRN,0.631269644259386,,0.0433551592681463,TRUE,""
IMmotion150,7868,ANOS1;PPFIA2;CD180;OR7A5;PCDHGA8,0.769790702336379,,0.136649564735158,TRUE,""
IMmotion150,7869,CDCP1;DCDC1;STK32B;IGKV6D-21;NOVA2,1.35955850175273,,0.11689882282638,FALSE,""
IMmotion150,7870,PDE2A;GRB14;FGD1;BCRP2;SNORA59A,1.00921931115124,,0.962683134446852,FALSE,""
IMmotion150,7871,GCNA;S100A9;GRIP1;OR9Q2;SLC15A2,0.768341211996155,,0.224633854913224,TRUE,""
IMmotion150,7872,BCAT1;ASAH2B;CMPK2;NCAN;MEGF6,0.56191286599233,,0.00503954522662972,TRUE,""
IMmotion150,7873,ALPK3;S100A9;BNIP3P1;RNU1-1;LNX1,0.991907483863535,,0.967471291474465,TRUE,""
IMmotion150,7874,FBN2;TNFRSF19;EVA1C;TM4SF19;MBD3,0.659598190029694,,0.0376648797686663,TRUE,""
IMmotion150,7875,HSPA7;AC215522.2;PCDHGA8;ERVV-1;LPAL2,0.875215340080403,,0.463099275256028,TRUE,""
IMmotion150,7876,FLG-AS1;CHMP4BP1;DTX2P1;ALPI;RAD54L,0.564091775227416,,0.00457048670648533,TRUE,""
IMmotion150,7877,MYRF;RTKN2;MSC;CELF5;LRRC75B,1.06430798681581,,0.760602865555343,FALSE,""
IMmotion150,7878,SMIM3;SNCAIP;LIMD2;OR1N2;ADAMTS13,0.817941111105277,,0.330248790680649,TRUE,""
IMmotion150,7879,PLAU;AC022415.2;AC124944.2;AL358472.6;SLC35G2,1.10509419771365,,0.57633453912953,FALSE,""
IMmotion150,7880,AGAP7P;TNFRSF9;OSBP2;VCX;TMEM97,0.857389086714202,,0.437810887586851,TRUE,""
IMmotion150,7881,CAVIN2;PCDHB5;MMP11;IGSF5;OPLAH,1.6409405559212,,0.0137422926175333,FALSE,""
IMmotion150,7882,ANG;RP1;RHPN1;SPACA5;SEMA4G,1.07190127861875,,0.727385734948494,FALSE,""
IMmotion150,7883,AGAP7P;HLA-H;FAXDC2;RPS26P15;UBE2Q2L,0.931622749769171,,0.692546193391905,TRUE,""
IMmotion150,7884,PCDHB12;ABHD14A-ACY1;KBTBD8;MCFD2P1;TMEM220,1.12590404380689,,0.478508855534782,FALSE,""
IMmotion150,7885,ABCA9;TM4SF18;TRGC2;AC106017.2;ABTB2,0.732857489586198,,0.113118258840624,TRUE,""
IMmotion150,7886,PCDHGB4;GABRD;GNAZ;AP001178.4;ZNF257,1.27465651974138,,0.210155345676227,FALSE,""
IMmotion150,7887,IL7R;EFR3B;MBNL3;PPAN-P2RY11;TESC,0.886871092051067,,0.529221096708311,TRUE,""
IMmotion150,7888,CCL4;GPR160;DGKG;AL513478.4;SYNGR1,0.716753463876615,,0.08330428370885,TRUE,""
IMmotion150,7889,PCDHB15;EPHB1;NUPR1;IGHV3OR16-17;IFI6,1.29276267378013,,0.206328929918094,FALSE,""
IMmotion150,7890,KCNN3;PIP5K1B;CACNB2;CERS3;HAPLN3,0.866544418922468,,0.478191490865859,TRUE,""
IMmotion150,7891,DENND2A;PCDHA7;CFAP53;KCNIP1;BTG2,0.871769478469143,,0.519552499096824,TRUE,""
IMmotion150,7892,TRIM9;ZNF669;RTP4;ANAPC1P4;ATF5,0.853871211197788,,0.418379328846576,TRUE,""
IMmotion150,7893,IMPA2;EGR3;CHRD;AC135983.5;HIC1,1.21155971621012,,0.282033604216114,FALSE,""
IMmotion150,7894,SMAD9;CEP170P1;HOXB6;BCYRN1;ANO2,0.612848453092648,,0.012534508236038,TRUE,""
IMmotion150,7895,GXYLT2;CTSW;SSPN;HCN4;GMPR,0.910016267792436,,0.608710386916885,TRUE,""
IMmotion150,7896,SERPINI1;COL24A1;EMP2;AC005020.2;CD247,0.802080985913558,,0.258352383648019,TRUE,""
IMmotion150,7897,MXRA7;BMPR1AP2;INHBA;IQCJ;RFTN2,0.961374081439538,,0.859886410371369,TRUE,""
IMmotion150,7898,EHHADH;NANOGP4;LILRA2;PIANP;ID1,0.772492298653031,,0.134882541799364,TRUE,""
IMmotion150,7899,CEACAM1;IKBKG;SLC39A4;BMP3;MREG,0.780983899751813,,0.193894852967785,TRUE,""
IMmotion150,7900,SNORD116-6;ZP3;CENPK;KPNA7;RPL32P3,0.855316429176316,,0.445285088392278,TRUE,""
IMmotion150,7901,SDHAP2;PROM2;IER3;TBL1Y;SLC17A9,1.15715744727626,,0.443754424798648,FALSE,""
IMmotion150,7902,RGS2;ZNF565;CCDC110;AL450124.1;DNALI1,0.840598708082941,,0.369441517618606,TRUE,""
IMmotion150,7903,DCLK1;CEP170P1;APCDD1;POC1B-GALNT4;GINS1,1.26065175901678,,0.272568167165573,FALSE,""
IMmotion150,7904,SDHAP2;EXO5;ZDHHC23;RPSAP26;ALDH7A1P1,0.955706302067875,,0.815598263796089,TRUE,""
IMmotion150,7905,SNORA71D;CACNA2D3;FHDC1;SPIB;MACROH2A2,0.775118505880048,,0.199935497708899,TRUE,""
IMmotion150,7906,ARFGEF3;F2RL1;SUGCT;LINC01934;CCDC74A,0.629719635197219,,0.0129308053377076,TRUE,""
IMmotion150,7907,PCDHB11;ADGRD1;AC004997.1;PHOSPHO1;ZAP70,1.02677798575105,,0.897651680814949,FALSE,""
IMmotion150,7908,EDNRB;KBTBD3;CLCN4;HEPHL1;ARNTL2,0.888543342217481,,0.541614603257286,TRUE,""
IMmotion150,7909,PPFIA4;PIP5K1B;GJA4;TRIM54;PGM5,1.04485583699573,,0.820675913135369,FALSE,""
IMmotion150,7910,PLEKHA6;CXCR6;SPATA6L;FOXJ1;SLC2A3P2,0.740764839515454,,0.129027828636254,TRUE,""
IMmotion150,7911,C5;BCL2A1;NEURL1B;SCTR;MPP7,0.991590269160926,,0.968946032120545,TRUE,""
IMmotion150,7912,NETO2;PNMA2;ATL1;PON1;NAALADL2,0.802919066915941,,0.221299765982903,TRUE,""
IMmotion150,7913,CCL5;AC009078.3;TBXA2R;AC007878.1;ZNF660,0.663920537608,,0.0588686142264214,TRUE,""
IMmotion150,7914,PLA2G7;ABHD14A-ACY1;SPATA6L;LMX1B;KLF2,0.873138573253921,,0.444938855122657,TRUE,""
IMmotion150,7915,ANG;FCGR3B;FGF2;HS6ST2;ADAMTS13,0.814282614860066,,0.331461693723938,TRUE,""
IMmotion150,7916,COL5A3;ITGA2B;STON1;SRD5A2;ANKRD23,1.03757262087071,,0.840144728769589,FALSE,""
IMmotion150,7917,IRAG1;TMEM232;TMEM97;PPIAP40;NR5A2,1.41336483832685,,0.0817160095081701,FALSE,""
IMmotion150,7918,PPFIA4;NAPSB;ZNF483;AC093311.1;AC124944.2,0.765504337060448,,0.18293987938846,TRUE,""
IMmotion150,7919,BCAT1;APOL4;OASL;LINC02207;KCTD15,0.941069832638613,,0.751219126853188,TRUE,""
IMmotion150,7920,FOLR2;COX7A1;PDXDC2P;AC015818.5;TWF1P1,0.86769246100569,,0.488238293392782,TRUE,""
IMmotion150,7921,NR3C2;ADAMTS4;IGSF9B;EPHA5;RDH5,1.36523371881093,,0.13619110989871,FALSE,""
IMmotion150,7922,PCDHB16;TSPAN7;ACAP1;TMEFF1;GAMT,0.932696874363573,,0.718472011010174,TRUE,""
IMmotion150,7923,FILIP1;USP18;ZDHHC23;EPHA10;PCDHGA7,0.975542789477715,,0.898200141864133,TRUE,""
IMmotion150,7924,NCF1C;IL1R2;LILRA2;CFHR2;MTARC1,1.03485163837624,,0.862971540688854,FALSE,""
IMmotion150,7925,CCL4;PTH1R;CHRD;FRMD1;MTFP1,0.952436867191291,,0.805836699137528,TRUE,""
IMmotion150,7926,PDE2A;TRGC1;ZWINT;CPB2;VDR,0.967113591091873,,0.867401247016694,TRUE,""
IMmotion150,7927,OLFML2A;CLEC3B;GTSE1;TTC29;RFLNB,1.47771746907847,,0.0606544526682508,FALSE,""
IMmotion150,7928,AMACR;PWAR5;SPTBN5;OR5P3;NANOGP8,0.781824251263109,,0.191215429995827,TRUE,""
IMmotion150,7929,LMOD1;GDF15;KATNAL2;AL109615.2;PFN2,1.21625532193948,,0.296393765987769,FALSE,""
IMmotion150,7930,ANG;PCDHB6;HLA-L;SLC7A4;TPRN,1.01090495067853,,0.954662689970227,FALSE,""
IMmotion150,7931,TSPAN13;ETNK2;GFOD1;TBX4;GPAT3,0.76219566280811,,0.193325453112658,TRUE,""
IMmotion150,7932,LEF1;HMGN1P3;SNORA60;PRSS55;PCDHGC5,0.762658430622426,,0.183606676050467,TRUE,""
IMmotion150,7933,KIF23;PDCL3P4;PRTG;OR52N1;CNRIP1,0.889128297101995,,0.56528098924223,TRUE,""
IMmotion150,7934,MT-ND2;ZNF99;SNORA14A;RHO;SNORA46,0.858827432963393,,0.438462811287148,TRUE,""
IMmotion150,7935,PLCH1;NCR3LG1;UHRF1;SLC9A4;GALNT3,0.730334350224743,,0.136271415468556,TRUE,""
IMmotion150,7936,PDLIM3;PEG10;CHRD;IGHV3OR16-7;NPIPA2,1.23005569498314,,0.277077694510358,FALSE,""
IMmotion150,7937,NTN4;TNFRSF9;SPATA6L;SAA2-SAA4;CCDC157,0.749217572690105,,0.128913625832422,TRUE,""
IMmotion150,7938,PCDHGB2;AC068831.6;JAM2;SULT4A1;FZD7,0.772519733953139,,0.182779663203952,TRUE,""
IMmotion150,7939,MXRA7;QPCT;TEKT4P2;AC011511.5;SNORA3B,1.16462121917673,,0.435109044160496,FALSE,""
IMmotion150,7940,CDH23;IGFBP2;PTCH2;HAS1;METRNL,1.24477155704421,,0.24600167395835,FALSE,""
IMmotion150,7941,H2BC17;JPH2;SNHG17;ANKRD20A9P;SLC6A9,1.46476768337585,,0.0439637897156738,FALSE,""
IMmotion150,7942,KIF26B;RNF150;STK26;MKRN7P;GPR34,0.88178554484168,,0.532292868713736,TRUE,""
IMmotion150,7943,H2BC9;NRG3;CD302;FAM90A25P;RNFT2,1.06542328726798,,0.760874964905306,FALSE,""
IMmotion150,7944,RRAGD;ABCF2;LAT;SERPINA4;MACROH2A2,0.587581740640608,,0.0259718790970285,TRUE,""
IMmotion150,7945,IQGAP3;SRPX;SCAMP5;SPOCK3;CYYR1,1.07276052901228,,0.725400015850049,FALSE,""
IMmotion150,7946,NETO2;TGFB2;LCK;PDE6B-AS1;SEC63P1,0.606773484451421,,0.00783669129088852,TRUE,""
IMmotion150,7947,FPR1;SUSD2;BANK1;IGHV3-71;MEGF6,0.885587593590224,,0.544290537001275,TRUE,""
IMmotion150,7948,PLEKHA7;LOXHD1;CAMK2N1;KLRF2;PCDHB7,0.811582951822321,,0.272191236100739,TRUE,""
IMmotion150,7949,FER1L4;ADAM23;PMEPA1;AP003548.1;AFF2,1.29844192693998,,0.197926210936716,FALSE,""
IMmotion150,7950,CD3D;KIF17;AKR1E2;AF001548.2;SLC39A4,0.856044429686363,,0.427494700707545,TRUE,""
IMmotion150,7951,POU5F1;SNORA62;RPL32P3;GRIA2;FOXM1,0.978248895158903,,0.912953165360701,TRUE,""
IMmotion150,7952,GRAMD1B;WDR53;HMMR;AACSP1;RHOD,0.797428848176114,,0.273116123528785,TRUE,""
IMmotion150,7953,SNORD13;NEK5;CAMK4;MAN1A2P1;SECTM1,0.686564455878261,,0.0452322656620885,TRUE,""
IMmotion150,7954,EPHA3;PCDHB6;CSRNP3;CCL13;ADAM32,1.08036508284249,,0.70053194654906,FALSE,""
IMmotion150,7955,KITLG;WNT2B;RDH5;TM4SF19;KLHL3,0.760102985097285,,0.145712285662628,TRUE,""
IMmotion150,7956,DCLK1;STOX1;HOXC6;AC087203.3;ASMTL-AS1,1.23452247456152,,0.252161595671273,FALSE,""
IMmotion150,7957,LAMB3;AC068831.6;GPR34;TM4SF19-DYNLT2B;KIAA1614,0.823324899684589,,0.316144864133714,TRUE,""
IMmotion150,7958,OR2A7;EFNA5;SPOCK2;KIR3DX1;ACOX2,0.920039805398532,,0.662876024595757,TRUE,""
IMmotion150,7959,BAIAP2L1;FOXL1;SYNGR1;ANXA8L1;FBXO17,0.963361177787559,,0.843602148744276,TRUE,""
IMmotion150,7960,KRBA1;INAVA;P2RY1;AC140504.1;PAFAH1B3,1.13811981457845,,0.474895606049812,FALSE,""
IMmotion150,7961,CCL4;IQCA1;CDH24;MEOX1;CX3CL1,0.895873851687338,,0.575361334392186,TRUE,""
IMmotion150,7962,PLEKHA7;UBE2T;RPPH1;SNORA11E;TBXA2R,0.911063144180816,,0.645003378229358,TRUE,""
IMmotion150,7963,FN3K;AC138894.1;TBX2;LDHC;DGKI,1.0277304792627,,0.883994999032097,FALSE,""
IMmotion150,7964,RETREG1;MST1L;CD302;THSD1P1;ZNF578,1.26855924527071,,0.245645993293752,FALSE,""
IMmotion150,7965,OLFML3;OLFM2;LPAR1;NRXN1;PCDHGB8P,1.06455444922215,,0.744927624449942,FALSE,""
IMmotion150,7966,ITGA8;Z83840.1;MCM10;EFCAB10;KCNK1,1.0261260627952,,0.896752638387762,FALSE,""
IMmotion150,7967,ZFPM2;MT1L;MDGA1;IGKV2D-24;ADCY1,1.22700765163231,,0.307615622968576,FALSE,""
IMmotion150,7968,FILIP1;RP9P;C1orf21;NRTN;TM9SF1,0.790623320437058,,0.238519878444441,TRUE,""
IMmotion150,7969,BOC;RASSF6;ID1;PIWIL1;CSTA,0.788425608829362,,0.213364999274682,TRUE,""
IMmotion150,7970,PLAUR;HOXA6;CD83;UBA52P6;PCDHB7,0.927957786953617,,0.696017499949633,TRUE,""
IMmotion150,7971,CCL2;LOXHD1;ANKRD23;HSD17B1P1;GOLGA8K,0.901124534181117,,0.579298663128271,TRUE,""
IMmotion150,7972,RHOB;AC036108.2;CLCN4;GLTPD2;NRXN2,1.27421232267229,,0.229656637221626,FALSE,""
IMmotion150,7973,CCDC141;HLF;SNORD67;MPIG6B;IL2RB,0.724643020624086,,0.0970439991429879,TRUE,""
IMmotion150,7974,FPR1;LIN7A;CCNJL;AC009093.8;ZAP70,0.780834691814224,,0.221168971559415,TRUE,""
IMmotion150,7975,NAV3;NPHP3-ACAD11;NAALADL2;GJA3;SNORA50A,1.12034202497768,,0.559457048308581,FALSE,""
IMmotion150,7976,BUB1;AL512356.1;PRAM1;RCVRN;GOLGA6L3,0.726647110011904,,0.0864124036337288,TRUE,""
IMmotion150,7977,ITGA8;AC048382.2;STON1;AC108734.3;LILRA2,0.779344817340666,,0.2096889138271,TRUE,""
IMmotion150,7978,ALDOC;AL731577.2;SARDH;LYPD6;PRTG,1.2854627917607,,0.257260823490771,FALSE,""
IMmotion150,7979,CRIP1;PLXNB3;BMP2;THSD1P1;AK7,0.966048216478129,,0.869750345595115,TRUE,""
IMmotion150,7980,AKAP6;LAG3;SPTBN5;TAFA1;NCAPG,0.765149543128735,,0.18134009273695,TRUE,""
IMmotion150,7981,CNTNAP3P2;RP1;SHROOM2;GUCY2D;Z74021.1,0.955640835774215,,0.81758406962735,TRUE,""
IMmotion150,7982,ACP5;MT1F;AC138696.1;AF001548.2;PIM2,0.650029154534766,,0.0303053316103988,TRUE,""
IMmotion150,7983,IRAG1;AC000093.1;DET1;AC098935.1;ZDHHC23,1.21846951460604,,0.346530268864463,FALSE,""
IMmotion150,7984,MOCOS;HLA-H;CIART;NPFFR1;ATL1,0.885269122208669,,0.529221935938795,TRUE,""
IMmotion150,7985,LRP4;PWP2;IKZF3;AC009951.4;HHEX,0.740234425312348,,0.139110051349291,TRUE,""
IMmotion150,7986,CCL5;RIMBP3;SPTBN5;HSPB7;GAMT,0.756990426056046,,0.150223806282327,TRUE,""
IMmotion150,7987,SNORA31;PET117;AL158050.1;ARTN;RNF138P1,1.11105629883545,,0.597844340096573,FALSE,""
IMmotion150,7988,NFASC;F3;KLRB1;AC113189.4;IGSF9B,0.892516021869288,,0.542072951592595,TRUE,""
IMmotion150,7989,BUB1;CXADR;HOXA3;CERNA1;SCAMP5,0.931486439697422,,0.719499346400372,TRUE,""
IMmotion150,7990,MYOM1;SPEG;EGFL7;SVOPL;CD80,0.980365089445453,,0.91568709733004,TRUE,""
IMmotion150,7991,POU5F1;SLC14A1;NRXN2;AKR1C5P;CCDC74B,1.0651236622437,,0.744515548619517,FALSE,""
IMmotion150,7992,TMEM91;TRGC1;RAB38;CRNDE;SNORD46,1.23306487061659,,0.293700902045953,FALSE,""
IMmotion150,7993,TSC22D3;MARVELD2;LINC01002;GDPD2;THRB,1.0399758292945,,0.836844830971157,FALSE,""
IMmotion150,7994,CAVIN2;ACTG1P14;HEY1;IRGM;LINGO1,1.05905898141506,,0.759149628091065,FALSE,""
IMmotion150,7995,PLAU;GDF15;SCD5;FOXA2;ASRGL1,0.941571347610046,,0.761725734167009,TRUE,""
IMmotion150,7996,ANKS1B;MAP1LC3B2;GSKIP;DHRS4L1;IER2,0.811745643858814,,0.328998725723425,TRUE,""
IMmotion150,7997,MAP2;MICOS10-NBL1;PRTG;RPS3AP39;PRRG4,1.39721978464101,,0.0618788613972202,FALSE,""
IMmotion150,7998,GCNA;ABCF2;EGFLAM;AKR1B1P7;SMAD6,0.976773663271624,,0.900116895288489,TRUE,""
IMmotion150,7999,ANLN;HMGN1P3;ABCG2;PHOSPHO1;SNORA55,1.02655932839983,,0.894400978906919,FALSE,""
IMmotion150,8000,PCSK5;LRRC37A17P;FSTL3;SLC26A9;FMOD,0.536202910890254,,0.00219212219841096,TRUE,""
IMmotion150,8001,SNORD13;COL8A2;SFXN2;PPIAP3;PCDHGB8P,0.956822434788992,,0.809909907011476,TRUE,""
IMmotion150,8002,THSD4;PWP2;CAMK2N1;OR7D2;FSTL3,0.822496652770536,,0.285878756076637,TRUE,""
IMmotion150,8003,MT-ND1;P2RY10;LSR;NCCRP1;GRHL1,0.853401119002615,,0.431616764732727,TRUE,""
IMmotion150,8004,NETO2;CCNB2;RBP1;GDF10;MREG,0.803669706461752,,0.227096233005345,TRUE,""
IMmotion150,8005,MEST;HLF;TRIM73;AC073648.1;MAGI2,0.743562511470892,,0.119338669340368,TRUE,""
IMmotion150,8006,ACSM3;CCN3;LRRC75B;C14orf39;FBXO16,1.18543681157512,,0.404885714228147,FALSE,""
IMmotion150,8007,FAM27E3;SHB;NBL1;RPSAP53;TMC7,0.921239409710364,,0.647511589639462,TRUE,""
IMmotion150,8008,SMIM3;POM121L9P;LNX1;FGF7P3;PGM5,1.1937643351178,,0.355611366298421,FALSE,""
IMmotion150,8009,TLL1;CCDC136;NEFH;AC020899.1;KCNK5,0.69255380616135,,0.0610129768080527,TRUE,""
IMmotion150,8010,FLG-AS1;WSCD1;ZNF816-ZNF321P;EFCAB10;INHBA,0.743121119675353,,0.129000880998154,TRUE,""
IMmotion150,8011,SNORD13;SNORA40;SCARF2;GPR78;HK3,1.13461466535585,,0.503971012217573,FALSE,""
IMmotion150,8012,DLL1;PTGS2;GRIP1;AC091167.2;MYCT1,1.06599910410219,,0.761971775715529,FALSE,""
IMmotion150,8013,ANOS1;AKR1C2;PRH1;LHX2;CATSPERE,0.996126289206625,,0.984226879488786,TRUE,""
IMmotion150,8014,TBX3;RTKN2;DUSP5;SCGB3A1;AGBL2,0.806804994438652,,0.278523043744057,TRUE,""
IMmotion150,8015,EPHA3;SPTB;SOCS3;ST8SIA2;CATSPERG,1.01384018515103,,0.949035734855671,FALSE,""
IMmotion150,8016,BAIAP2L1;C4orf47;LILRA5;OR2W3;HSPB2,1.21052112784156,,0.305947476177245,FALSE,""
IMmotion150,8017,ZFHX4;PTGS2;TICRR;GDPD2;LILRA6,1.07179501091176,,0.726108547861447,FALSE,""
IMmotion150,8018,PDLIM3;MANEAL;H3C2;AL390198.2;SPATA6L,1.27209963402338,,0.225962516837015,FALSE,""
IMmotion150,8019,MDK;PCDHGA1;ABTB2;ABCB10P1;LILRA5,1.00899192295492,,0.964641327818159,FALSE,""
IMmotion150,8020,CD3D;CST7;HOXA3;AC006030.1;MMP11,0.817147981570133,,0.290382482095454,TRUE,""
IMmotion150,8021,IFI44L;TSPAN7;ZNF540;OR2T11;CD180,0.579012940788818,,0.00344020162475695,TRUE,""
IMmotion150,8022,TRBC2;PNMA2;CENPU;FAM3D;HEYL,0.688337677477291,,0.0565234532984756,TRUE,""
IMmotion150,8023,MAP7;GPER1;ABLIM2;ALOX12;GZMA,0.833738602923159,,0.35418189984445,TRUE,""
IMmotion150,8024,CD209;PLAC8;MACROD2;SBSN;PRKAR2B,0.97795549336241,,0.904506381914183,TRUE,""
IMmotion150,8025,GULP1;GRM8;PYHIN1;FAM184B;RGL3,0.571007702572687,,0.00444692508201243,TRUE,""
IMmotion150,8026,SNORD116-22;COX7A1;RPS2P46;PROX2;STK32B,1.08791156767311,,0.650279296877028,FALSE,""
IMmotion150,8027,CTAGE6;YBX1P10;TEF;C1GALT1P2;PRELID3A,0.76452737868464,,0.167834474852984,TRUE,""
IMmotion150,8028,SLC2A10;TOX;SEC63P1;SLC6A15;IL12RB1,0.707593966018959,,0.0727413550668885,TRUE,""
IMmotion150,8029,TRAC;ZBP1;RGS9;CDCP2;ADAMTS17,0.614286264563767,,0.0125357830893365,TRUE,""
IMmotion150,8030,ZNF704;ETNK2;WASF3;AC020899.1;RNLS,1.10681989046207,,0.582200604657699,FALSE,""
IMmotion150,8031,ZFPM2;GRB7;ZNF596;TSACC;PRRG4,1.15288778908035,,0.474444545532901,FALSE,""
IMmotion150,8032,NCKAP5;ULBP2;SPTBN5;GML;SNORA3B,0.753399452245609,,0.1723977440892,TRUE,""
IMmotion150,8033,SNORD13;CDC42BPG;RPS20P14;LINC02384;IGFBP6,0.869660699544606,,0.456653642630859,TRUE,""
IMmotion150,8034,PLEKHA7;IL1R2;LRRC17;MUSTN1;PEG3,1.0170221841581,,0.934461981536636,FALSE,""
IMmotion150,8035,DENND2A;P2RY10;KLF4;TBC1D3P2;WNK3,0.87597777676832,,0.532965752185693,TRUE,""
IMmotion150,8036,LRP4;COX7A1;RCAN3;GDPD2;EGFLAM,1.07115926948833,,0.742007987015964,FALSE,""
IMmotion150,8037,FLG-AS1;ADAMTS4;PKDCC;RPS10P3;RTL5,0.9652893896887,,0.870943884832146,TRUE,""
IMmotion150,8038,ABCA6;PCDHGB1;GTSE1;AC025279.2;RNU4ATAC,0.882145301033037,,0.535508918482981,TRUE,""
IMmotion150,8039,PLS1;IQCA1;LY86;PGM5P2;FGF2,0.806762558507013,,0.258765007718967,TRUE,""
IMmotion150,8040,ALDOC;ICA1L;SLC17A9;SPAG6;RPPH1,0.840227992191167,,0.338433859802911,TRUE,""
IMmotion150,8041,SCARNA4;TMEM232;LRP3;TMEM125;TBX2,1.2365207574582,,0.293061266134415,FALSE,""
IMmotion150,8042,FLG-AS1;GNLY;CD101;IGLL3P;PDE1C,0.699449296575906,,0.0797416338454245,TRUE,""
IMmotion150,8043,GPC4;KIF20A;ADAM8;TUBB2BP1;CD33,0.621476629380145,,0.0240848328108803,TRUE,""
IMmotion150,8044,ADAM12;ACP3;CD247;FUT2;ADAMTS13,0.764893726677312,,0.224273692868572,TRUE,""
IMmotion150,8045,AMACR;ZNF711;IQCC;GPR15;BNIP3P1,0.966616756853112,,0.865310532553705,TRUE,""
IMmotion150,8046,EMCN;AC026150.3;AC004997.1;BEND4;LILRA2,0.73065482473294,,0.106381785882165,TRUE,""
IMmotion150,8047,PTGS1;SLC9A3;LRRC17;ANGPTL7;IFI6,1.28348555232435,,0.232838228340904,FALSE,""
IMmotion150,8048,SGIP1;CDHR3;CCDC113;KLRF2;SPN,0.774780178114315,,0.200633371590183,TRUE,""
IMmotion150,8049,COL4A4;CYB5R2;SHROOM2;TRIM71;DAPK2,1.01974525491072,,0.917298002963849,FALSE,""
IMmotion150,8050,ZNF90;SLC7A9;B4GALT6;LINC00621;CD72,0.855932097302277,,0.417816925437199,TRUE,""
IMmotion150,8051,ALOX5AP;IGF2BP2;FEZ1;KCNH1;PCDHB7,0.829457184164101,,0.313822099192703,TRUE,""
IMmotion150,8052,OLR1;CXADR;HLA-L;ALX4;H2BC14,0.989970444359068,,0.958986471276831,TRUE,""
IMmotion150,8053,PCDHB9;HUNK;AFF2;FAM149B1P1;CASS4,0.795401668446709,,0.260987621296148,TRUE,""
IMmotion150,8054,AMACR;CFAP91;PCDHGA5;ADCYAP1;FAAH2,0.854204493026701,,0.43813047248808,TRUE,""
IMmotion150,8055,ITGA8;AKR1C2;AC136632.1;CYP2B6;RAG1,1.02546866350347,,0.891126360924624,FALSE,""
IMmotion150,8056,SNORD116-1;LYSMD1;SNORD9;SMARCE1P2;TPRN,0.903218331277256,,0.570855429716579,TRUE,""
IMmotion150,8057,TMEM37;CCN3;CISH;HSFX1;ZNF366,1.05080053458634,,0.791685573548954,FALSE,""
IMmotion150,8058,LAMB3;AC139769.1;RUNX3;KCNK15;KLRD1,0.817847402153564,,0.293909380198113,TRUE,""
IMmotion150,8059,IRAG1;RRAD;MEFV;SPINK2;ZDHHC23,1.05059942363994,,0.810896273544296,FALSE,""
IMmotion150,8060,PLAU;DMRTA1;NEFH;CRYGN;CYP2S1,0.768637321895858,,0.175550519596523,TRUE,""
IMmotion150,8061,CCL4;HYLS1;PIGAP1;EN2;IL21R,0.600272859752652,,0.00652217019222915,TRUE,""
IMmotion150,8062,TRAC;RPL12P4;IQCN;AC138951.1;ABLIM2,0.630558630306934,,0.0150474741955107,TRUE,""
IMmotion150,8063,PCSK5;RP1;NPIPB9;SPDYE5;ZNF415,0.843573056560344,,0.372867152823615,TRUE,""
IMmotion150,8064,SSC5D;CDCA7;E2F8;HNRNPA1P14;SCAMP5,1.06549354884857,,0.774667617581742,FALSE,""
IMmotion150,8065,DSEL;FAM241A;KCNS3;NRXN1;H3C3,0.803186811929679,,0.252915469119217,TRUE,""
IMmotion150,8066,ALPK3;PNPLA3;DAPK2;AC103702.1;CSRNP3,1.2781336336643,,0.21720894875505,FALSE,""
IMmotion150,8067,ANLN;PROM2;IER3;AC015802.6;SNORA14A,0.855030791345348,,0.434945692912998,TRUE,""
IMmotion150,8068,MXRA8;CCL14;KLHL13;MTCO1P12;SEC63P1,1.06595569756533,,0.762648599431435,FALSE,""
IMmotion150,8069,BAIAP2L1;GNLY;HOXD8;AC023590.1;LRRC17,0.920169518972332,,0.666346107219385,TRUE,""
IMmotion150,8070,ITGA11;MT1L;TMEM220;PLA2G4D;SARDH,1.3404249144575,,0.151136481037375,FALSE,""
IMmotion150,8071,FTH1P20;LIN7A;GZMA;DNM1P28;RNF125,0.585138255063135,,0.00630301249946994,TRUE,""
IMmotion150,8072,CNTNAP3P2;PTGS2;TP53INP2;TMEM158;ABLIM2,1.25702958213024,,0.292119390216581,FALSE,""
IMmotion150,8073,MATN2;SEC14L6;CCR5;SPDEF;CCR1,0.798961279170059,,0.249606066177661,TRUE,""
IMmotion150,8074,EPHA3;SLC7A11;RNLS;NBPF7;P2RY13,1.22324489674263,,0.291793733441569,FALSE,""
IMmotion150,8075,OR2A7;ACP3;DRC3;KRT14;RTL5,0.713042430349307,,0.105153650059194,TRUE,""
IMmotion150,8076,EGR2;GRB14;SCUBE2;LRRC37A16P;AS3MT,1.04003598976701,,0.838422462672952,FALSE,""
IMmotion150,8077,PPFIA4;S100A9;ZNF660;OR2A1;GAL3ST4,0.876569296903457,,0.483233720828937,TRUE,""
IMmotion150,8078,REPS2;CREB3L1;TSGA10;PIANP;CLCN4,1.17705719564893,,0.417887208886616,FALSE,""
IMmotion150,8079,BUB1B;STRIP2;SEMA7A;HGFAC;KIF2C,1.05713320869769,,0.800501751060456,FALSE,""
IMmotion150,8080,H2BC9;GDF15;ARHGEF37;LINC01151;MARCHF3,1.56817282770206,,0.0227985739805656,FALSE,""
IMmotion150,8081,GGT5;PDZRN3;ARVCF;TRAV29DV5;AC021078.1,0.775113327794587,,0.202619401049291,TRUE,""
IMmotion150,8082,CCDC146;PDCL3P4;SOX18;IGHV2-26;SLC9A7P1,0.79548982477916,,0.175157445771919,TRUE,""
IMmotion150,8083,HRH2;EBF2;GPT2;AL669942.1;SEC14L2,1.43219967541988,,0.0695936479698977,FALSE,""
IMmotion150,8084,EDNRB;AL627309.6;DHFR2;LHX9;TONSL,1.25851193234295,,0.213128595604271,FALSE,""
IMmotion150,8085,CCL4;INMT-MINDY4;SEC63P1;FAM74A3;OASL,0.859737170340322,,0.434147047572979,TRUE,""
IMmotion150,8086,KRBA1;PRCD;GCSHP5;AL355312.5;ZAP70,1.2127481913423,,0.30691339439493,FALSE,""
IMmotion150,8087,LRP4;ZFYVE21;EYA2;STAR;H2BC14,1.14402245298904,,0.509020450675309,FALSE,""
IMmotion150,8088,BCAT1;PLGRKT;FCN1;AL355102.4;FAM72A,0.856948280830569,,0.538766651478521,TRUE,""
IMmotion150,8089,ANG;SORCS2;ORC6;AC009060.1;SLC17A9,1.35361429757913,,0.136859661282334,FALSE,""
IMmotion150,8090,SNORD116-20;C15orf48;PDE7B;AL627422.1;STAC3,0.698242421132132,,0.0758863099618026,TRUE,""
IMmotion150,8091,BUB1B;SRR;ELAPOR2;BVES-AS1;MCM10,1.13637353615651,,0.516597830379425,FALSE,""
IMmotion150,8092,APBA2;CD38;MROH7;LRRC37A16P;BASP1,0.566635246929649,,0.00794095814510899,TRUE,""
IMmotion150,8093,TRAC;RPSAP12;H3C1;ADAMTS7P3;SNORA72,0.818888430184165,,0.314345248106326,TRUE,""
IMmotion150,8094,CCL2;Z83840.1;KLRD1;FCF1P6;H3C2,0.773285421334068,,0.182172463751845,TRUE,""
IMmotion150,8095,RRM2;PCDHGA2;H3C7;LINC01159;SPN,0.802331625793458,,0.270835768572729,TRUE,""
IMmotion150,8096,SLC2A10;CCDC68;CAMK2N1;NLRP2B;PLK1,1.20640684422823,,0.394901772071911,FALSE,""
IMmotion150,8097,CCL2;ADAM23;SDC1;OR6Q1;BAMBI,0.984099835558073,,0.935814824947714,TRUE,""
IMmotion150,8098,PLAU;RGS4;MDGA1;AC005225.2;SH3TC2,1.0350648569965,,0.854495024461539,FALSE,""
IMmotion150,8099,SGPP2;EML5;SEC14L2;CEACAM5;CSTA,0.731799078129239,,0.096922342567849,TRUE,""
IMmotion150,8100,SPATA18;MAGEE1;TONSL;KRT19P1;SNORA26,0.874000331565514,,0.507268616496831,TRUE,""
IMmotion150,8101,IMPA2;RNF213-AS1;SEMA4G;AC093591.1;PDE1C,1.20831138387202,,0.269685855208249,FALSE,""
IMmotion150,8102,MYRF;GLB1L2;RUNX1T1;RPL23AP24;OASL,0.78178758762178,,0.237192462832369,TRUE,""
IMmotion150,8103,FAM27E3;MFSD2A;CEBPD;AL136982.7;MEGF6,1.18760776153698,,0.383751409175544,FALSE,""
IMmotion150,8104,TTC39A;WNT2B;MT-ND3;REG3G;MSC,1.02894140814753,,0.885582843490462,FALSE,""
IMmotion150,8105,ADAM22;KIAA1143P1;RPPH1;IGLV2-5;DGKG,0.76672984755466,,0.136926958740102,TRUE,""
IMmotion150,8106,GULP1;ZNF471;FGD1;SLC22A10;FGF2,0.714250047434105,,0.0853777355139887,TRUE,""
IMmotion150,8107,PLA2G7;LIN7A;MBD3;AC007663.1;RASSF7,1.1424490504191,,0.512485372314127,FALSE,""
IMmotion150,8108,HRH2;SYBU;ZNF660;LY6H;CELSR3,1.04749032918628,,0.809596700168294,FALSE,""
IMmotion150,8109,RRM2;ZNF630;RASSF7;AC254629.1;TIAM2,0.77713267460746,,0.181100158301769,TRUE,""
IMmotion150,8110,ABCB4;GDF15;EXOC3L1;LRRC14B;MEFV,1.19560755508078,,0.362649933608489,FALSE,""
IMmotion150,8111,STEAP3;HLA-H;SIK1;CACNG5;PCDHGA3,0.857489903169547,,0.422272485577692,TRUE,""
IMmotion150,8112,C5;WDR53;TMEM54;FOLH1B;STX11,0.850044544204033,,0.429923856356097,TRUE,""
IMmotion150,8113,PCSK5;CXADR;CFAP53;DHRS2;SCARA3,0.870985794730945,,0.471138532943904,TRUE,""
IMmotion150,8114,IL2RG;ZIK1;SEMA7A;PAQR9;LY96,0.640992926519064,,0.0307396142507382,TRUE,""
IMmotion150,8115,CAVIN2;RERG;AC021078.1;CRYAA2;GSTM3,1.23571502736013,,0.302615255025123,FALSE,""
IMmotion150,8116,AKR1C1;RNF213-AS1;SHE;AL358232.2;MTFP1,1.03630693550238,,0.825335585789501,FALSE,""
IMmotion150,8117,CNTNAP3;SLAMF1;PIGAP1;PTPRCAP;TMEM97,1.0579237426995,,0.791435857785283,FALSE,""
IMmotion150,8118,ALDH1L2;FAM86EP;ZNF662;ANGPTL7;NCAPH,1.14233479026809,,0.523475169904088,FALSE,""
IMmotion150,8119,PTPN3;FAM241A;CCDC74A;AC137056.1;NAP1L4P1,0.536453336572544,,0.0207305713887459,TRUE,""
IMmotion150,8120,IMPA2;ABT1;RAMP3;EPHA5;TBX2,1.04222997975118,,0.814861864253902,FALSE,""
IMmotion150,8121,AGAP7P;TGFB2;ELMO3;VTRNA2-1;DUSP5,0.806355319607762,,0.196893319457847,TRUE,""
IMmotion150,8122,MXRA7;CNTN4;PFN2;KRT8P37;STK26,1.11165676991228,,0.624456986254291,FALSE,""
IMmotion150,8123,OLR1;TPTEP2;SLC43A1;PGA3;ZNF662,0.948301311903032,,0.805727387286384,TRUE,""
IMmotion150,8124,ARFGEF3;TRBC1;FAM83D;XGY2;NCAPH,1.04295124353856,,0.82813092173743,FALSE,""
IMmotion150,8125,COL4A4;ALDH4A1;CELSR3;OR10AB1P;RDH5,1.17342012482975,,0.426530239971465,FALSE,""
IMmotion150,8126,SNORA61;SLCO4A1;CD200R1;EHMT2-AS1;PCDHGB8P,0.754620171605759,,0.15914897500534,TRUE,""
IMmotion150,8127,CCL2;DCDC1;ARRDC5;C1QTNF1-AS1;AGBL2,0.703536839893378,,0.0716947485426387,TRUE,""
IMmotion150,8128,IQGAP3;DEPDC7;ELAPOR2;AC019294.1;AK1,1.06480410324747,,0.73809776210424,FALSE,""
IMmotion150,8129,DCLK1;ABHD14A-ACY1;TESC;FAM47C;AC124944.2,1.18692333509078,,0.415223773683945,FALSE,""
IMmotion150,8130,AFF3;SPATA17;HBEGF;S100P;SNORA50A,1.08836167998034,,0.673172341910361,FALSE,""
IMmotion150,8131,ZNF521;NME5;MCM10;AC243829.1;AL590399.1,0.868660117428563,,0.481694240069215,TRUE,""
IMmotion150,8132,HYDIN2;KCP;SNORD116-14;AC106865.1;SHE,0.890287496637078,,0.546172641967735,TRUE,""
IMmotion150,8133,SELENBP1;ASS1P1;TLR8;TCF23;FCMR,0.799028448361714,,0.246400321859011,TRUE,""
IMmotion150,8134,KRBA1;GATA3;CCR2;CHRNB4;FAM160A1,0.609364862176946,,0.0152307441367083,TRUE,""
IMmotion150,8135,FAM83H;ELAPOR1;TRPC4;PRH2;SEPTIN1,0.667210696590255,,0.0448820737816106,TRUE,""
IMmotion150,8136,CD163L1;TPTEP2;COL9A2;POM121L6P;HENMT1,0.95947395793652,,0.8380573306161,TRUE,""
IMmotion150,8137,FBLN2;PADI2;DLGAP5;NAT2;ZNF502,0.774441512002732,,0.203425768663832,TRUE,""
IMmotion150,8138,SELL;COL22A1;STEAP2;GRHL2;SLC17A9,0.856143117134354,,0.409184277470314,TRUE,""
IMmotion150,8139,KDELR3;F2RL1;ZNF578;CBLC;CDK1,1.04183132770403,,0.832518187855868,FALSE,""
IMmotion150,8140,KLF5;NRN1;HLA-DOA;NBPF7;AL031727.1,0.889330317300405,,0.531540239998605,TRUE,""
IMmotion150,8141,ALPK3;ZNF630;ITGA10;FOXA2;GFOD1,0.770355414665759,,0.120229701534429,TRUE,""
IMmotion150,8142,ACSS3;PCDHB6;CCDC74B;GGTLC3;MT-ND3,0.878183934994105,,0.531927554067402,TRUE,""
IMmotion150,8143,REPS2;F3;TSNAXIP1;AP001458.2;SLC25A33,0.913168161526032,,0.634773415917314,TRUE,""
IMmotion150,8144,SNORA31;SORCS2;CIDEB;IGHV5-10-1;ADAMTS5,1.40950113107446,,0.0832091434132799,FALSE,""
IMmotion150,8145,SNORA61;TLCD4;SNORD16;AC092587.1;RDH13,1.03451852831127,,0.868088590136754,FALSE,""
IMmotion150,8146,TNFRSF11B;PLAC8;RDH13;AP003396.3;CASZ1,0.850120518847475,,0.404837866731074,TRUE,""
IMmotion150,8147,PTGS1;WNT2B;HEY1;DLL3;LRP8,0.893393294747572,,0.573439316818888,TRUE,""
IMmotion150,8148,GBP5;TSSC2;SMAD6;OR1J4;HMMR,0.806599278325541,,0.265114306175183,TRUE,""
IMmotion150,8149,MTARC2;PAK3;PMEPA1;ASPRV1;ATF5,1.17161961919588,,0.454956080944639,FALSE,""
IMmotion150,8150,RNASE1;CDS1;SNHG17;TRAV10;BMP2,0.956076002361338,,0.81923510304857,TRUE,""
IMmotion150,8151,EGR2;JPH2;FRMD3;SRPK3;SMAD6,1.0517557671415,,0.803595577415982,FALSE,""
IMmotion150,8152,PBLD;LYSMD1;CSPG4P12;PIK3C2G;RNFT2,1.20341813409667,,0.418650077495278,FALSE,""
IMmotion150,8153,ANLN;AL021368.4;AGER;SERPINB2;LY86,0.74950526208331,,0.127386950859046,TRUE,""
IMmotion150,8154,LEF1;SURF2;NCAPG;AC023590.1;IKZF3,0.662242883652862,,0.0472838136651046,TRUE,""
IMmotion150,8155,STEAP4;CCDC68;FHDC1;UROC1;TNFRSF10C,0.9242833944621,,0.698210150562254,TRUE,""
IMmotion150,8156,ANGPT2;SORCS2;ELOVL6;TRBV10-2;RBKS,1.03173898369095,,0.868088992702135,FALSE,""
IMmotion150,8157,NPNT;GCOM1;TEF;AC018362.3;ADAMTS5,1.22745215908775,,0.240039908210496,FALSE,""
IMmotion150,8158,RRAGD;PCDHB6;TEF;EGFR-AS1;GTSE1,0.879276618645515,,0.521230628468718,TRUE,""
IMmotion150,8159,PTER;EXPH5;NLRC4;IGSF9;CASZ1,0.655520064173757,,0.0273396973599815,TRUE,""
IMmotion150,8160,PCDHGB4;CDCA7;GRHL1;ATP5F1CP1;ANKRD23,1.09283475720963,,0.660008613913529,FALSE,""
IMmotion150,8161,ACSM3;TM4SF18;GPAT3;NBPF6;VNN2,0.8506650608385,,0.419104864964564,TRUE,""
IMmotion150,8162,PCDHGB4;COL22A1;AK7;SNORD116-13;ATP8B3,0.800163354862401,,0.264008363714121,TRUE,""
IMmotion150,8163,BCAT1;PCOLCE2;CLEC4A;TAT;HOXB6,0.729895480153588,,0.155268185286058,TRUE,""
IMmotion150,8164,THSD7A;INHBB;STEAP2;AC104805.1;ADORA3,0.866944417884609,,0.435613901580278,TRUE,""
IMmotion150,8165,PTTG1;B4GALNT3;ELAPOR2;RNU1-3;ELOVL6,0.892213132370223,,0.554332573172153,TRUE,""
IMmotion150,8166,PCDHB16;ROR2;KATNAL2;AC121757.2;ARHGEF37,1.09253692611987,,0.654918992465683,FALSE,""
IMmotion150,8167,KLF5;IGFBP2;FAM111B;OR52K1;LILRA6,0.90258891715413,,0.604760651641437,TRUE,""
IMmotion150,8168,PCDHGB2;ZBP1;NPIPA2;RPS26P31;DGKG,0.607560693947573,,0.0111894464403497,TRUE,""
IMmotion150,8169,FHL2;SLAMF1;ZNF876P;JPH3;LILRA5,0.9114382278845,,0.63413132441925,TRUE,""
IMmotion150,8170,AMACR;CFAP91;LINC01138;POTEH;FHDC1,0.9515266197675,,0.820617996125403,TRUE,""
IMmotion150,8171,CCL2;BTNL9;BCL2;AC131392.1;TNFRSF11A,0.853615560275188,,0.409774941288381,TRUE,""
IMmotion150,8172,TSC22D3;UBE2T;LILRA1;AC111000.1;PCDH18,0.862979970165853,,0.493286883756222,TRUE,""
IMmotion150,8173,CCL3;FNDC4;RBKS;GLP2R;MACROH2A2,0.893311016358626,,0.542511876817778,TRUE,""
IMmotion150,8174,HOOK1;AC011497.2;ADAM8;AC106017.2;RTP4,0.524278899068329,,0.0015401982538564,TRUE,""
IMmotion150,8175,ADM;NANOGP4;ATF5;CSAG1;B4GALT6,0.752693872773727,,0.159622946292973,TRUE,""
IMmotion150,8176,IL2RG;ZNF713;MROH7;TERT;PECAM1,0.644934458550929,,0.0258408331568438,TRUE,""
IMmotion150,8177,EPHA3;ENPP5;ZNF816-ZNF321P;EXTL1;TEF,0.900575140711217,,0.620197349814872,TRUE,""
IMmotion150,8178,TRBC2;ITIH4;CFAP70;GGTLC3;EDA,0.956406231996578,,0.819912834511269,TRUE,""
IMmotion150,8179,PCDHB11;FTH1P5;PKDCC;BET1P1;DOK2,0.839607943155705,,0.360965673287879,TRUE,""
IMmotion150,8180,TNFRSF11B;ADGRB1;ZSCAN18;PEBP4;IQCN,0.823561019202814,,0.322001073173045,TRUE,""
IMmotion150,8181,PCOLCE;ROR2;DGKI;TRDN;NUAK2,1.13262122001589,,0.513316105219975,FALSE,""
IMmotion150,8182,DLL4;NUF2;SNORA44;MIR17HG;ZNF660,0.789622466098333,,0.199856752249169,TRUE,""
IMmotion150,8183,HYDIN2;NEK5;CD302;AP000926.1;SNORA59A,1.00457545791133,,0.982643378995829,FALSE,""
IMmotion150,8184,PKD1P5;IGFBP2;PMEPA1;AC106865.1;IER2,1.26243900743508,,0.227560056507273,FALSE,""
IMmotion150,8185,SLCO2A1;MXRA7P1;CHRD;CHRNA4;GSTM3,1.40800613507877,,0.0919061347454465,FALSE,""
IMmotion150,8186,SNORD13;NTRK3;CYGB;PCSK1N;AXIN2,1.07224381599897,,0.721124250758525,FALSE,""
IMmotion150,8187,SNORD13;RNF157;ID1;RHBG;MILR1,0.727218184689284,,0.0974776559839935,TRUE,""
IMmotion150,8188,C5;NR2F1;TSPOAP1;TUBAP8;ADCY1,0.970724070601385,,0.879224881678672,TRUE,""
IMmotion150,8189,SEZ6L2;PLAC8;FAM174B;AC241377.2;LRP8,0.926532707836582,,0.70988776172552,TRUE,""
IMmotion150,8190,SDK1;HYAL1;ZNF433;CFAP99;LINC02449,1.12225649073546,,0.538539717483861,FALSE,""
IMmotion150,8191,SNORA21;RIMBP3;ZNF415;FOXA1;STK32B,0.848420087026882,,0.372012669974847,TRUE,""
IMmotion150,8192,ZFPM2;UGT8;CCRL2;TTC6;CCDC74A,0.624242168933379,,0.020949964530142,TRUE,""
IMmotion150,8193,PLVAP;PCOLCE2;RNLS;NRXN1;CMKLR1,1.08644215526979,,0.644201128220132,FALSE,""
IMmotion150,8194,COL4A4;CHI3L2;BAMBI;SP5;SPSB1,0.8761264081383,,0.486826763356271,TRUE,""
IMmotion150,8195,MYRF;EPHA1;MFAP3L;ANXA8L1;RBKS,0.897566862912717,,0.60063082615547,TRUE,""
IMmotion150,8196,PCDHB12;AL022238.3;SH3BGRL2;CDC20B;FEZ1,0.776560098128304,,0.20575400745252,TRUE,""
IMmotion150,8197,ADAM12;EXO5;EMILIN1;RHOV;CENPU,1.03738363912319,,0.859081842229438,FALSE,""
IMmotion150,8198,PHGDH;METTL15P1;CDK1;DGUOK-AS1;RGS16,1.25958649903431,,0.283450294218345,FALSE,""
IMmotion150,8199,CD3D;CXCR6;WASF3;KRT18P27;ALS2CL,0.72846130275957,,0.111799350287948,TRUE,""
IMmotion150,8200,LDLR;CDC42BPG;CCDC157;CST6;SLC22A15,0.938389703048066,,0.739841944451822,TRUE,""
IMmotion150,8201,IQGAP3;CEP55;ZNF816-ZNF321P;SNORD63;CYP2S1,0.849423181519343,,0.397476446044485,TRUE,""
IMmotion150,8202,RASL11A;SRPX;SOCS3;TIFAB;BMP2,1.10873998058238,,0.612079215774818,FALSE,""
IMmotion150,8203,PARD6B;NPIPB8;SLC16A6;VIT;ELMO3,0.743156675004661,,0.143739177792386,TRUE,""
IMmotion150,8204,APBA2;ZNF99;HLX;FIRRE;P3H3,1.01110133311214,,0.955307736084473,FALSE,""
IMmotion150,8205,JAM3;GATA2;H2BC14;SLC38A3;KLF4,1.15084319653441,,0.529738227066025,FALSE,""
IMmotion150,8206,ACSS3;LIPC;IQCN;C4orf54;STK26,0.758748466624487,,0.177725236769689,TRUE,""
IMmotion150,8207,RHOB;AC000093.1;CX3CL1;IRX1;CKS2,0.838490998455004,,0.36158395485162,TRUE,""
IMmotion150,8208,OR2A7;C11orf98;AC068580.4;SHISA2;HJURP,0.98797889393698,,0.947903703594944,TRUE,""
IMmotion150,8209,PARM1;RPP14;CD80;FMO6P;LINC01550,0.55514437943364,,0.00204903247523973,TRUE,""
IMmotion150,8210,AGAP7P;WDR53;FAM227A;SLC30A2;ENO3,0.730496519413984,,0.146465378130244,TRUE,""
IMmotion150,8211,COL4A4;FMO5;BRSK1;HMGN1P36;PCDHGA7,0.759744749724988,,0.166749662968498,TRUE,""
IMmotion150,8212,ACSM3;SNORA62;FGF2;AC009065.9;FAM111B,0.892903212023568,,0.585777506395125,TRUE,""
IMmotion150,8213,SLC2A10;AC138894.1;PRKCQ;AL627422.1;HOXA3,0.894747078081339,,0.562850928630254,TRUE,""
IMmotion150,8214,CCL4;TNFRSF19;CDK1;TRAV25;ASTN2,0.664709016387741,,0.0329898464131955,TRUE,""
IMmotion150,8215,MT-ND2;ESRP2;GPR75;KRT36;ATP8B3,0.908070772454061,,0.598200510503586,TRUE,""
IMmotion150,8216,PTTG1;ANO9;ZDHHC11;NLRP2B;CD3G,0.791981093470796,,0.224570960362669,TRUE,""
IMmotion150,8217,TRO;CLEC12A;LY96;HSPB2-C11orf52;POU2F2,0.807502601287663,,0.258401942803638,TRUE,""
IMmotion150,8218,TMEM37;TRBC1;SEMA6D;TMEM132D;TPRN,0.771032844621023,,0.15831379618326,TRUE,""
IMmotion150,8219,HOOK1;SS18L2;BNIP3P1;ADCYAP1;RAMP2,0.972448938864897,,0.8871778894346,TRUE,""
IMmotion150,8220,PCDHB12;GATA2;RHOF;ALOX15;ZNF816-ZNF321P,0.763118478298177,,0.174815470284489,TRUE,""
IMmotion150,8221,TBX3;NELL2;NAP1L4P1;KRT25;PIGAP1,0.71542206070498,,0.0889838003126393,TRUE,""
IMmotion150,8222,MATN2;LRCH2;SLC2A3P2;PPP1R42;TMEM54,0.866798958596241,,0.442395700017065,TRUE,""
IMmotion150,8223,PHGDH;SHC2;RAB37;VWA2;TRIM2,1.17596608062971,,0.43991018823815,FALSE,""
IMmotion150,8224,PLVAP;LIN7A;COL9A2;AC131392.1;TEF,0.924992985766464,,0.676674579407531,TRUE,""
IMmotion150,8225,KIF4A;AC023055.1;SLC25A33;SLC23A4P;SNCA,1.16417058119423,,0.505823957525492,FALSE,""
IMmotion150,8226,PTGS1;GRB14;FGD1;TTLL10-AS1;MTARC1,1.13902688465302,,0.553012802758406,FALSE,""
IMmotion150,8227,STEAP3;RNF213-AS1;ADAMTSL1;POT1-AS1;C6orf163,0.802681852268935,,0.216636700711688,TRUE,""
IMmotion150,8228,ACSS3;SGK2;SPSB1;AL049844.3;SNORA14A,1.32266720660156,,0.192098140739413,FALSE,""
IMmotion150,8229,NOSTRIN;BCL2A1;BASP1;ADGRF2;PIK3R6,0.732089768240697,,0.108459159876982,TRUE,""
IMmotion150,8230,AKAP6;SNORA62;CHST2;EDN3;GATD3A,1.17266995206479,,0.424102095787578,FALSE,""
IMmotion150,8231,RHOB;RP1;KLF2;AC109446.2;PAFAH1B3,0.989598917235552,,0.954202940767128,TRUE,""
IMmotion150,8232,FAM27E3;PLAC8;MFAP3L;P2RX3;MPP3,0.823896998667925,,0.298779374328803,TRUE,""
IMmotion150,8233,FOLR2;CFD;DUSP5;ZFAND6P1;ZNF610,0.939298416143006,,0.77128587455612,TRUE,""
IMmotion150,8234,PLEKHA6;PLXNB3;LRP3;PAOX;GSKIP,1.18178667129927,,0.41733376880116,FALSE,""
IMmotion150,8235,MXRA7;EBF2;MCM10;CST6;KBTBD8,1.21691687321882,,0.353195967684297,FALSE,""
IMmotion150,8236,CNTNAP3P2;FAM241A;TROAP;AC138749.1;LILRA6,0.99793696399834,,0.991890832940731,TRUE,""
IMmotion150,8237,STEAP3;ADGRD1;NEIL1;PTPRT;UNC5C,1.26868144139042,,0.209328780730219,FALSE,""
IMmotion150,8238,STC1;ZBP1;MBD3;GGT8P;FAM13C,1.0796454878593,,0.688686275986333,FALSE,""
IMmotion150,8239,MDK;CDC45;ATF5;SPACA5;PATL2,0.849811788497992,,0.445461939916184,TRUE,""
IMmotion150,8240,OLFML2A;ASAH2B;NUPR1;COL20A1;PCDHGA8,1.01844277005307,,0.916792606589242,FALSE,""
IMmotion150,8241,APBA2;SLAMF7;TSPYL5;AC073896.1;IQCN,0.865549708461465,,0.429351289344331,TRUE,""
IMmotion150,8242,PHGDH;UNC5CL;FGD1;FAM138F;TSPOAP1,1.0121984707563,,0.954681136809316,FALSE,""
IMmotion150,8243,TRO;ZNF713;DNM1P46;SCGB3A1;CLCN4,0.858654149820108,,0.430880282254953,TRUE,""
IMmotion150,8244,BOC;SPEG;KLRB1;NPTX1;DGCR6,0.890087963256114,,0.559502591644147,TRUE,""
IMmotion150,8245,SGPP2;BTBD11;PIH1D2;TNFRSF6B;SMAGP,0.674200978021224,,0.0354535618286789,TRUE,""
IMmotion150,8246,CD209;PYGM;ARNTL2;AC006030.1;ADAMTS6,0.977571880161336,,0.906175119180376,TRUE,""
IMmotion150,8247,RGS2;BORCS8-MEF2B;GCSHP5;PRSS44P;TONSL,1.15999842326904,,0.469007857001498,FALSE,""
IMmotion150,8248,PCDHB9;CDCA7;IGF1;VDAC3P1;HSD17B14,1.25623059021465,,0.253156423725748,FALSE,""
IMmotion150,8249,PDLIM3;PDZRN3;STAC3;GABBR2;BMP4,0.706088680850686,,0.0729254999099398,TRUE,""
IMmotion150,8250,MATN2;PPCDC;CD52;FGF9;MEFV,0.846905266169499,,0.364013518632204,TRUE,""
IMmotion150,8251,ABCA6;PAK3;KIAA1755;RNY4;MAP3K9,0.960920369666856,,0.827557113564067,TRUE,""
IMmotion150,8252,C11orf96;KCNJ15;TSPYL5;PENK;PIH1D2,1.43597250063189,,0.0723834520099509,FALSE,""
IMmotion150,8253,AOC3;PYGM;GRIP1;MT3;DACT1,0.999286496504998,,0.997241165112544,TRUE,""
IMmotion150,8254,PCSK5;CAPN12;RNU4ATAC;FAM163A;SEMA4G,0.99007931404567,,0.9591935929808,TRUE,""
IMmotion150,8255,IQGAP3;KCNQ1OT1;HEY2;SNORA36A;OPLAH,1.7971196530278,,0.00300880039556522,FALSE,""
IMmotion150,8256,PDE2A;HSD11B2;CD6;DDX11L1;MTFP1,1.30976483668551,,0.163311671197763,FALSE,""
IMmotion150,8257,RGS2;CLEC3B;CAMK2N1;KLC3;EDA,0.852587779404263,,0.472758410568909,TRUE,""
IMmotion150,8258,SERPINI1;ZNF229;SHROOM2;HAO1;RTP4,0.975121277078788,,0.900191284042749,TRUE,""
IMmotion150,8259,GXYLT2;CARMIL2;PCDHGC5;GPR15;TTC25,0.883609197573547,,0.518852607630697,TRUE,""
IMmotion150,8260,PARM1;RNF152;ATP8B3;ONECUT1;TSNAXIP1,1.52646448874223,,0.0472044011745578,FALSE,""
IMmotion150,8261,H2BC17;ZNF831;SCAMP5;KIR2DL3;CD52,0.63826251071158,,0.0321103702064326,TRUE,""
IMmotion150,8262,NTN4;NR2F1;NLGN3;VCX3A;MMP19,0.740326817547647,,0.129605632399706,TRUE,""
IMmotion150,8263,PCDHB16;GJA5;TSNAXIP1;VCX;HLX,1.00028576552438,,0.998832705608022,FALSE,""
IMmotion150,8264,H2BC17;TNFRSF19;UNC5C;LPA;AC092068.3,0.675652921750064,,0.0621188783948983,TRUE,""
IMmotion150,8265,ITGA8;PEG10;TRGC2;TRBV30;PPP1R16B,0.674279858958547,,0.0482049042744186,TRUE,""
IMmotion150,8266,MAP7;KBTBD3;AK7;TRAV24;FAAH2,0.732939696215779,,0.0833657931628054,TRUE,""
IMmotion150,8267,PLEKHA6;GNLY;SECTM1;EYS;PFN2,0.849301863780316,,0.385196673065979,TRUE,""
IMmotion150,8268,PCDHB9;ZP3;VWA1;RNASEH1P1;MLF1,1.13297098102857,,0.54291221334517,FALSE,""
IMmotion150,8269,TSKU;MST1P2;CSRNP3;TMEM72;SCHIP1,1.16657689472361,,0.460499072988373,FALSE,""
IMmotion150,8270,BOC;SLITRK4;TBX2;AC026471.3;AC021078.1,0.954160256689402,,0.807438106327739,TRUE,""
IMmotion150,8271,CD163L1;GREB1;NAP1L4P1;CLEC4M;CDKN3,0.995543068093888,,0.982946123482985,TRUE,""
IMmotion150,8272,COL4A4;AF241726.1;SLC16A6;GSTT2;FBXO16,0.78318633878211,,0.266131861851358,TRUE,""
IMmotion150,8273,PCDHB11;DYNC1I1;GATD3A;PRSS44P;DEPP1,1.01411828472537,,0.946105602352147,FALSE,""
IMmotion150,8274,CNTNAP3P2;ABHD14A-ACY1;RAD51;CSF2;ZNF433,1.01829679294903,,0.919790939024175,FALSE,""
IMmotion150,8275,FPR1;SLC29A4;SLC7A8;C1QTNF9B;TECTA,1.01557575808751,,0.938516238426704,FALSE,""
IMmotion150,8276,SCARNA4;GLB1L2;GATD3A;ENPP7;SARDH,1.2387634843641,,0.321274890149678,FALSE,""
IMmotion150,8277,TSPAN13;SHC2;RAMP3;AC009065.6;DTX2P1,1.3212575905166,,0.165836664481605,FALSE,""
IMmotion150,8278,ETV1;IGFBP2;SHCBP1;CRHR1;TESC,1.14159977315003,,0.493218512672161,FALSE,""
IMmotion150,8279,KCNN3;EVPL;KATNAL2;AC106886.2;ZWINT,1.18217520714968,,0.392563783905833,FALSE,""
IMmotion150,8280,CCL2;MST1P2;LINC01550;CALB2;AC004890.2,0.920138270318725,,0.644188209201181,TRUE,""
IMmotion150,8281,LRP4;AC011497.2;IER2;MT2P1;CAMK2N1,0.916507014264469,,0.650329723643336,TRUE,""
IMmotion150,8282,BCAT1;WNT2B;NXN;SULT2B1;SLAMF8,0.759628307927215,,0.168903157527738,TRUE,""
IMmotion150,8283,IFI44L;CFAP251;NR5A2;F7;CASZ1,0.74179949177233,,0.13096115439569,TRUE,""
IMmotion150,8284,TENM4;SEMA3A;CDK1;SHROOM3-AS1;B4GALT6,0.808053192401404,,0.266976256095726,TRUE,""
IMmotion150,8285,PCOLCE;CCL14;SNHG17;VIT;SEMA7A,1.26788681141592,,0.23961193885885,FALSE,""
IMmotion150,8286,SGPP2;SIDT1;SYT17;PCSK1N;GOLGA6L3,0.84187336934448,,0.385599340693408,TRUE,""
IMmotion150,8287,ADAMTSL3;CYB5R2;AC138696.1;AC009977.1;TMC4,1.0927848100905,,0.654472869054641,FALSE,""
IMmotion150,8288,CCDC146;HLF;ACTBP4;FLG2;PDCD1LG2,0.858246350896441,,0.455571562791564,TRUE,""
IMmotion150,8289,CNTNAP3;C6orf132;BCL2;AC002472.2;DEPP1,1.21554086808772,,0.336138843996611,FALSE,""
IMmotion150,8290,FCGR1B;CHMP4BP1;ZNF470;GUCY2EP;CCR5,0.702188101119443,,0.0821811909742973,TRUE,""
IMmotion150,8291,SLC2A10;METTL7B;ARHGEF37;OR2T11;HLA-L,1.38615811099405,,0.108111965261662,FALSE,""
IMmotion150,8292,RGPD3;C6orf132;PRTFDC1;AC020765.6;GZMA,0.701242067188232,,0.0676359995640374,TRUE,""
IMmotion150,8293,SELENBP1;SPTB;C5AR1;ADAM21;ZNF793,1.27449353090223,,0.191997345886305,FALSE,""
IMmotion150,8294,PTTG1;HMGN5;ZNF454;FCRLA;SNORA18,0.826681217492299,,0.352537044169734,TRUE,""
IMmotion150,8295,SDHAP2;SNORA33;ESR1;UGT2B17;TRIM36,1.10153721185297,,0.631880390779828,FALSE,""
IMmotion150,8296,PBLD;RTKN2;DUSP7;ANGPTL5;ADRB2,0.910666589809655,,0.611055309641909,TRUE,""
IMmotion150,8297,ALPK3;INAVA;PCDHGA5;DDTL;LRATD1,0.994000867247489,,0.975998398163168,TRUE,""
IMmotion150,8298,GGT5;PRLR;ATF5;SLC30A2;STK26,0.80946079726237,,0.326778998793721,TRUE,""
IMmotion150,8299,CCL4;ASAH2B;LETM2;AGKP1;APCDD1,0.584157436643937,,0.0125479852755018,TRUE,""
IMmotion150,8300,NETO2;HYLS1;HEY1;GABRB1;NXN,0.83751912647668,,0.367279891084298,TRUE,""
IMmotion150,8301,PCDHB12;PET117;CD101;OR4F14P;LILRA5,0.824147977941205,,0.355560768743144,TRUE,""
IMmotion150,8302,NR3C2;ADAMTS4;DUSP7;NANOS3;PAFAH1B3,1.0633328503869,,0.762000239759912,FALSE,""
IMmotion150,8303,RRM2;IGF2BP2;NCAPG;C2CD4C;DUSP5,0.936879258962776,,0.747648431221559,TRUE,""
IMmotion150,8304,CEACAM1;HMGN1P3;SNORA26;AC008132.1;HOMER1,1.11420012359185,,0.609431483138386,FALSE,""
IMmotion150,8305,HOXA10;NOVA1;MREG;PPIAP46;NEIL1,0.762944436316355,,0.163596014735881,TRUE,""
IMmotion150,8306,DNAH6;MXRA7P1;IQCN;PPP1R1C;PCDHB7,1.06274194447478,,0.766700409169429,FALSE,""
IMmotion150,8307,HYDIN2;PCDHGA1;MEGF6;FAM83E;SYDE2,0.933022214094169,,0.725557855528838,TRUE,""
IMmotion150,8308,PCDH17;XKR9;ZDHHC23;HMGA1P1;CENPK,1.23116970217573,,0.296120915691678,FALSE,""
IMmotion150,8309,GULP1;HOMER2;PCDH18;TRAV29DV5;SNORA71A,0.8008732655959,,0.251316140911551,TRUE,""
IMmotion150,8310,GABRE;BORCS8-MEF2B;CETP;KCNH1;RDH5,0.879896914117659,,0.528327760987075,TRUE,""
IMmotion150,8311,BUB1B;RNF152;RPS20P14;HNRNPA1P40;LINGO1,1.53560249074314,,0.0308343259218747,FALSE,""
IMmotion150,8312,FAM27E3;HRC;UHRF1;AC013268.3;MSC,0.880897379529902,,0.531954787557817,TRUE,""
IMmotion150,8313,CSPG4;SPATA17;GRAP2;AC019294.1;KLF4,0.828540183959497,,0.396165965259506,TRUE,""
IMmotion150,8314,GULP1;POM121L9P;MARK1;AC018804.1;CEL,1.09309785668921,,0.666939809451176,FALSE,""
IMmotion150,8315,SSC5D;RPL9P7;AC015818.10;ARHGDIG;VNN2,0.656580435227402,,0.0320155678988251,TRUE,""
IMmotion150,8316,EPHX2;ANK1;CLEC4A;OR13A1;ZNF876P,0.890957448315177,,0.544812722431586,TRUE,""
IMmotion150,8317,CARD11;HLF;ASMTL-AS1;AL590627.1;SUGCT,0.80853468142313,,0.278130790369547,TRUE,""
IMmotion150,8318,KCNN3;EFR3B;NLGN3;IDI2-AS1;KLRB1,0.807001297768255,,0.268825914978066,TRUE,""
IMmotion150,8319,PDE2A;HOXA5;HSPA6;TTC29;MICU3,0.811922728590904,,0.287730364753109,TRUE,""
IMmotion150,8320,ADAM22;HYAL1;FZD8;AL132671.2;ADAMTS3,0.768029778163415,,0.242366846904361,TRUE,""
IMmotion150,8321,TSC22D3;KCP;S1PR2;DRD1;HEY1,1.04003193637051,,0.850911154110663,FALSE,""
IMmotion150,8322,RGPD3;PCDHGA1;RPL23AP32;CCR3;ACAP1,0.749960220357494,,0.135087909737866,TRUE,""
IMmotion150,8323,TLL1;F3;IL12RB1;MUC15;SPTBN5,0.751130972069788,,0.140564615520276,TRUE,""
IMmotion150,8324,AKR1C1;LIPG;ADAMTS5;HNF1A-AS1;GPR75,1.16968607755657,,0.433306479254894,FALSE,""
IMmotion150,8325,FAM83H;WSCD1;KCNJ5;LINC00242;TUB,1.01484840114428,,0.943253883622565,FALSE,""
IMmotion150,8326,APOC1;KRTCAP3;BCL2;AC018475.1;EML6,0.870035872227242,,0.511527229333915,TRUE,""
IMmotion150,8327,PCDHB11;RTKN2;P2RY1;HMGCLL1;CMKLR1,0.757240300827585,,0.152399981521201,TRUE,""
IMmotion150,8328,PTPN3;AC079594.1;CEBPA;SNORD115-23;NPIPA2,0.611400437387066,,0.0127065931634133,TRUE,""
IMmotion150,8329,ZFHX4;NDC80;TBXA2R;SYT15;TEF,1.01798696700029,,0.923449038690914,FALSE,""
IMmotion150,8330,AGAP7P;PET117;AL158050.1;CUX2;MARCKSL1,1.01405234398711,,0.949414615988226,FALSE,""
IMmotion150,8331,ALDH1L2;KCNQ1OT1;LINGO1;NRTN;RPS2P46,1.3420570621254,,0.204920952725562,FALSE,""
IMmotion150,8332,FER1L4;ALDH4A1;PRH1;LINC01460;SLC39A4,1.41434929390266,,0.0743974330759542,FALSE,""
IMmotion150,8333,KIF4A;AC093668.1;SNORD9;AC093591.1;CISH,0.934296913181793,,0.725076906274589,TRUE,""
IMmotion150,8334,COL5A3;BTBD11;RGCC;IL2;RNF125,0.829989829658147,,0.337233032026311,TRUE,""
IMmotion150,8335,FAM83H;AF241726.1;EPHB3;AFM;ST6GALNAC6,1.08350943887445,,0.687205957531806,FALSE,""
IMmotion150,8336,RNASE1;SPON2;GPAT3;STAC2;AC004832.3,1.28217175817742,,0.182053170093015,FALSE,""
IMmotion150,8337,SCARNA4;NRN1;GJA4;SLC6A7;MT-ND3,1.01528334246303,,0.939171029387715,FALSE,""
IMmotion150,8338,TMEM91;ITGA2B;C1orf131;PPAN-P2RY11;PRAM1,1.10340942205546,,0.6126499215205,FALSE,""
IMmotion150,8339,HKDC1;ZNF57;PDE1C;OR4F29;IER2,1.15901261151783,,0.398067492819541,FALSE,""
IMmotion150,8340,C11orf96;AC022415.2;MREG;LPA;LRATD1,0.789748881092736,,0.244480560941504,TRUE,""
IMmotion150,8341,CCDC146;RPSAP12;DOK2;CTNNA2;TMC7,0.660565568237526,,0.0200102721742424,TRUE,""
IMmotion150,8342,PCDH17;CXCR6;ARHGEF37;AC025259.1;SLC17A9,1.23330061764747,,0.267798444555923,FALSE,""
IMmotion150,8343,BAIAP2L1;NEIL3;RNU4ATAC;SLC5A5;SHCBP1,1.0173622275403,,0.935148780031529,FALSE,""
IMmotion150,8344,NTN4;FAM122A;EVI2A;SLC22A6;CD3G,0.593953156812979,,0.00603275651100843,TRUE,""
IMmotion150,8345,KDELR3;ZNF57;UBE2Q2L;TTR;GPX7,1.52848914680754,,0.0575106623161819,FALSE,""
IMmotion150,8346,PHGDH;TBX15;MYCT1;POTEH;PRRG4,1.53405365891001,,0.049228980254368,FALSE,""
IMmotion150,8347,PC;AC048382.2;IKZF3;TFAP2C;STRC,0.809301429516522,,0.287052224525524,TRUE,""
IMmotion150,8348,TLR7;CDA;MT-ND3;SLN;PCDHGC5,0.851107358491961,,0.403340889818264,TRUE,""
IMmotion150,8349,FAT3;PCDHA7;TECTA;TMEM179;PSORS1C1,0.822128397803264,,0.304033136865027,TRUE,""
IMmotion150,8350,FCGR1B;RIPK4;H4C9;TNNI3;PRAM1,0.700550524332808,,0.0582718324465779,TRUE,""
IMmotion150,8351,ZNF90;SGK2;UHRF1;KCNG1;RNF144A,1.15067591546802,,0.467978816205834,FALSE,""
IMmotion150,8352,ZNF704;RNF157;HOXC6;PROK2;STK32B,1.0871472766449,,0.653601665017235,FALSE,""
IMmotion150,8353,FAM149A;SURF2;CENPK;UPK3A;KCNK1,0.945601697317347,,0.804171536674698,TRUE,""
IMmotion150,8354,SELENBP1;SLAMF1;SNORA50A;GJA1P1;AMIGO2,1.16838685957945,,0.434399952989701,FALSE,""
IMmotion150,8355,SNORA71D;UNC5CL;PFN2;ALOX12B;MACROD2,1.13060099977338,,0.531853795935626,FALSE,""
IMmotion150,8356,KIF4A;DNAJC19P9;PYHIN1;TBC1D3P1-DHX40P1;GRHL1,0.692398705788978,,0.0776670161077738,TRUE,""
IMmotion150,8357,SLC2A10;PCOLCE2;DUSP7;SPDYE2B;ZNF300,1.38013607602836,,0.135292725414288,FALSE,""
IMmotion150,8358,MYRF;ADRA1B;SLC19A2;AC104451.1;DECR2,1.08547783909608,,0.682145447713917,FALSE,""
IMmotion150,8359,MT-ATP6;SNORD104;CSTA;SH3GL2;LCK,0.708884590290982,,0.0911210008059125,TRUE,""
IMmotion150,8360,PTER;TRPM6;ALS2CL;PLA2G4D;ZNF816-ZNF321P,0.8670380479416,,0.482659681763257,TRUE,""
IMmotion150,8361,SCIN;PCDHGA2;TRIM34;OR1J4;KCNK1,0.92377577613225,,0.640400292498317,TRUE,""
IMmotion150,8362,ETV1;COLEC12;TECTA;NPHS1;LINC01002,0.710934072847221,,0.0676850153280318,TRUE,""
IMmotion150,8363,PTTG1;MMP16;MREG;AC091812.1;MBD3,1.16764447496498,,0.441817890526235,FALSE,""
IMmotion150,8364,DLL4;ZFHX2;TRIM34;C19orf67;FOXM1,0.906025259412547,,0.623521576084608,TRUE,""
IMmotion150,8365,NTN4;ITGA2B;KIF2C;IGHV3-64;RAG1,0.820480140238621,,0.292182563510788,TRUE,""
IMmotion150,8366,RGS2;ACTG1P14;NRXN2;AC027682.3;C1orf131,0.557318742700038,,0.027109077510989,TRUE,""
IMmotion150,8367,SLC2A10;BAIAP3;OXER1;AF186192.2;SNORA72,1.29155229782353,,0.209532290671471,FALSE,""
IMmotion150,8368,SPATA18;PPIAP2;RAD51;GYG1P3;SHE,0.589215288463908,,0.0101931747980311,TRUE,""
IMmotion150,8369,KIT;PNPLA3;TLE2;CYP4F24P;MFAP3L,1.12647052792665,,0.516588113643709,FALSE,""
IMmotion150,8370,OLFML2A;EPHB1;GOLGA6L3;AC104411.1;HEY1,1.36838032088435,,0.148149344680444,FALSE,""
IMmotion150,8371,MXRA7;COL21A1;MCM10;CFAP157;KCNA3,1.19490749948802,,0.377473013405951,FALSE,""
IMmotion150,8372,H2BC9;SLC14A1;MPP7;LRRC14B;AC136632.1,1.00790721294032,,0.966638173405246,FALSE,""
IMmotion150,8373,CCL5;ESRP2;SOCS2;POU5F1P6;TMEM132A,0.779478574507233,,0.224813989650913,TRUE,""
IMmotion150,8374,CD2;NALCN;AD000090.1;AL133444.1;IER2,0.974807217583974,,0.895890920634688,TRUE,""
IMmotion150,8375,FBN2;AC104452.1;BCL2;AC010185.1;UHRF1,0.803488631950104,,0.242250792580175,TRUE,""
IMmotion150,8376,PDGFD;HLF;ARRDC5;CAVIN2-AS1;GTSE1,0.626596245429623,,0.00806325937965572,TRUE,""
IMmotion150,8377,ANGPT2;LOXHD1;CX3CL1;TCEAL2;PRKAR2B,0.860809820763836,,0.432762112885248,TRUE,""
IMmotion150,8378,HGF;HYLS1;TSPYL5;ANKRD34B;BMERB1,1.07975116023104,,0.706440632985081,FALSE,""
IMmotion150,8379,LDLR;FAM86EP;MACROD2;RPSAP74;BRSK1,0.956189794263792,,0.839409147779495,TRUE,""
IMmotion150,8380,CSPG4;NME5;H1-5;AC079360.1;PRTG,1.02417044929653,,0.901216115194669,FALSE,""
IMmotion150,8381,SGIP1;PCDHA7;RPS20P14;LINC02249;SOCS3,1.12082625142746,,0.590870881774507,FALSE,""
IMmotion150,8382,COL5A3;TMEM184A;SPOCK2;CYP4B1;METRNL,0.893663589486673,,0.608780180939431,TRUE,""
IMmotion150,8383,LDHAP4;RPL7L1P9;HOXA2;PEX5L;ORC1,0.824486830177479,,0.359349942914755,TRUE,""
IMmotion150,8384,OLR1;AIM2;RPS20P14;CDRT15P4;H3C2,0.89841409961427,,0.554059850512327,TRUE,""
IMmotion150,8385,SGIP1;ARHGEF16;RANBP17;TRIM54;CHST2,1.23556925522613,,0.316806221791928,FALSE,""
IMmotion150,8386,MYRF;TMEM232;NXN;ST6GALNAC1;SRRM5,0.748674151074143,,0.126609359872232,TRUE,""
IMmotion150,8387,PLEKHA6;CAPN12;CD52;ARHGDIG;ZNF366,0.976900657040652,,0.900893631596864,TRUE,""
IMmotion150,8388,FPR1;INAVA;METRNL;AC100827.2;EIF5A2,1.02931969242895,,0.878132389993578,FALSE,""
IMmotion150,8389,TRIM9;SGK2;HLX;LGI3;LRRC75B,1.51950865657558,,0.0263166555148869,FALSE,""
IMmotion150,8390,EDNRB;ADGRB1;BMERB1;CYP2U1-AS1;TNFRSF11A,1.0653510666503,,0.751123684347757,FALSE,""
IMmotion150,8391,MYOM1;RNF157;RCAN3;FAM138B;SOX18,0.950904945915939,,0.787274483287076,TRUE,""
IMmotion150,8392,HOXA10;UBE2C;SNHG17;TTPA;ADRB2,1.05182304194011,,0.802059098555707,FALSE,""
IMmotion150,8393,LDHAP4;SNCAIP;PLEK2;TM4SF19-DYNLT2B;PCDHGB3,0.990664114087723,,0.96022730445848,TRUE,""
IMmotion150,8394,FAM149A;PLCH2;TRIM73;HSFX2;TCF7,0.830849982660631,,0.385484819477022,TRUE,""
IMmotion150,8395,ACSS3;SURF2;CKS2;P2RX3;CCR5,0.678469668985749,,0.0648195152907492,TRUE,""
IMmotion150,8396,ADAM22;MST1P2;DGCR6;PPIAP78;LILRB5,1.20840972346109,,0.328435732410885,FALSE,""
IMmotion150,8397,HYDIN;CLEC10A;RAI2;SLCO1B1;CATSPERE,0.761482174165612,,0.168216583205776,TRUE,""
IMmotion150,8398,ANKS1B;ADAM23;TESPA1;CHRM5;HHEX,0.722381019939228,,0.0958136617090637,TRUE,""
IMmotion150,8399,CCDC146;PPFIA2;GALNT3;FOXD4L3;CKS2,0.821162882144054,,0.274328026380612,TRUE,""
IMmotion150,8400,SNORD116-1;SNCAIP;PKDCC;SERPINA4;MELK,0.88273112070812,,0.589721308921431,TRUE,""
IMmotion150,8401,MT-ATP6;TMEM184A;CENPK;LEMD1;SNORA60,0.885042267015481,,0.567736913194942,TRUE,""
IMmotion150,8402,PLVAP;ADGRB1;WASF3;ENTHD1;SLC7A8,1.00340378450415,,0.986807913562023,FALSE,""
IMmotion150,8403,ALPK3;IL1R2;TPPP3;RIIAD1;EDA,1.36542035298073,,0.112599363209221,FALSE,""
IMmotion150,8404,SERPINI1;ZNF831;TXK;AFM;BMERB1,0.794040791629436,,0.239155489839987,TRUE,""
IMmotion150,8405,TPX2;AC215522.2;HLA-DOB;KCNT1;MBD3,0.979487207776563,,0.913323679546013,TRUE,""
IMmotion150,8406,NAV3;PYGM;ZNF415;GRK7;CMKLR1,0.839391563572346,,0.368045430405867,TRUE,""
IMmotion150,8407,NETO2;TRBC1;PDE1C;AC008760.2;HENMT1,0.882940947497875,,0.476822422475352,TRUE,""
IMmotion150,8408,PARM1;SUMO1P3;TAS2R5;APOA1;ARMH4,0.828228554003561,,0.319283386338189,TRUE,""
IMmotion150,8409,CSRP2;MT1F;ITGA10;PGA3;FGD1,1.12851386039278,,0.559836529680702,FALSE,""
IMmotion150,8410,DLL4;AC000093.1;EBF4;HTR4;FOXM1,1.11998643561893,,0.612673048307656,FALSE,""
IMmotion150,8411,GXYLT2;TRGC1;HCST;SOWAHA;AS3MT,1.07742522756014,,0.684595032308086,FALSE,""
IMmotion150,8412,BAIAP2L1;SUMO1P3;TSHZ2;CYP2U1-AS1;EIF5A2,0.97341104089112,,0.897216523257728,TRUE,""
IMmotion150,8413,SMOC2;ACTG1P14;RAD54L;BX571818.1;FHDC1,0.86782046424347,,0.482592554964616,TRUE,""
IMmotion150,8414,AKR1C1;SLC5A4;ZNF540;FGF7P3;CCR2,0.827303151270741,,0.299832793822707,TRUE,""
IMmotion150,8415,EPHA3;IL1R2;SCD5;AL358232.2;SRRM5,0.996257289883413,,0.98459965659344,TRUE,""
IMmotion150,8416,PARD6B;CTAGE3P;LRP8;UGT1A11P;SLC22A15,0.897807662475055,,0.557264660324367,TRUE,""
IMmotion150,8417,FER1L4;ZNF713;SPTBN5;AC119673.2;GTSE1,1.11879850335704,,0.589476951346449,FALSE,""
IMmotion150,8418,TLR7;NEIL3;SNORA18;CST6;MARCHF3,0.903919912430449,,0.613139742350557,TRUE,""
IMmotion150,8419,LDHAP4;ZNF726;TMEM150C;AC159540.2;HOXA2,0.685226945229574,,0.0338896022125542,TRUE,""
IMmotion150,8420,CD209;PET117;PHEX;MYL2;HSD17B14,1.2331459675836,,0.281375081283607,FALSE,""
IMmotion150,8421,NPNT;HOMER2;KLF2;SPAG6;DGKI,0.854802787072361,,0.412925639176667,TRUE,""
IMmotion150,8422,TNFRSF11B;MT1L;LILRA1;CCR6;SMAGP,0.756434942702454,,0.140773820890519,TRUE,""
IMmotion150,8423,SLC11A1;TRPM6;SFXN2;C16orf74;SYNGR1,1.09376856125218,,0.648289387858922,FALSE,""
IMmotion150,8424,ZNF90;TCIM;CCSER1;C10orf90;CD83,0.937270888864292,,0.754977990389271,TRUE,""
IMmotion150,8425,AFF3;KCNQ1OT1;LNX1;SP5;TSPOAP1,1.22384878819347,,0.313536240736225,FALSE,""
IMmotion150,8426,APBA2;CFAP43;CASZ1;IGLV3-27;AL096711.2,0.716332609960044,,0.0871059424388187,TRUE,""
IMmotion150,8427,LMOD1;GRM8;PIGAP1;ZIM2;BNIP3P1,1.08941550502994,,0.655609848205792,FALSE,""
IMmotion150,8428,STEAP4;CFAP43;ANKRD23;AL034405.1;AC068580.4,1.04077854779776,,0.839849419141575,FALSE,""
IMmotion150,8429,CCDC141;PCOLCE2;ZNF662;CDC42EP2;RAI2,0.932674826409199,,0.702773296335908,TRUE,""
IMmotion150,8430,SDK1;KCNJ15;SPTBN5;TMEM231P1;P2RY8,0.933237660688317,,0.714293252641952,TRUE,""
IMmotion150,8431,PLA2G7;CREB3L1;CLEC14A;OVOL1;H2BC3,0.979631047085839,,0.925212976412346,TRUE,""
IMmotion150,8432,H2BC9;MFAP2;BASP1;GRIN1;IQCN,0.793685244883311,,0.23979992565686,TRUE,""
IMmotion150,8433,PLCH1;TCIM;RASIP1;MNX1;FAM133CP,0.76200819191817,,0.144489333627377,TRUE,""
IMmotion150,8434,FER1L4;PTGS2;PDCD1LG2;AC126544.2;MARK1,1.18700684688599,,0.384907895531501,FALSE,""
IMmotion150,8435,BOC;MST1P2;SLFN12L;AC093908.1;SCARF2,0.987151594695128,,0.946105885466832,TRUE,""
IMmotion150,8436,SDK1;AVPR1A;ALDH7A1P1;AC023590.1;KLHL13,1.13105702087568,,0.557361568470637,FALSE,""
IMmotion150,8437,KIF4A;IL17RD;PDE7B;OR1E1;PCDHGA4,0.849772571846013,,0.414422523307345,TRUE,""
IMmotion150,8438,MAP7;ILDR1;HOXA3;AP003352.1;CCDC150,0.980312216426201,,0.919792498241313,TRUE,""
IMmotion150,8439,SPATA18;PPT2-EGFL8;TRGC2;AC009084.2;KIAA1755,0.531784610139433,,0.000967774221801674,TRUE,""
IMmotion150,8440,GABRE;TMEM236;KIFC1;NANOGP1;MICU3,0.909429109402835,,0.629213614686376,TRUE,""
IMmotion150,8441,KITLG;SPATA17;SNORA46;HORMAD2;SNORA3B,0.961222184513536,,0.844401897525354,TRUE,""
IMmotion150,8442,FBP1;FTH1P5;ADRB2;AL136982.7;HOXA2,0.837410619019633,,0.368728621116354,TRUE,""
IMmotion150,8443,FAM27E3;ZSWIM5;DIPK2B;HRG;CD200R1,0.89960888148376,,0.592626932466649,TRUE,""
IMmotion150,8444,KLF5;TRPM6;RHPN1;LINC01151;PRTFDC1,1.15005905240581,,0.48353983440515,FALSE,""
IMmotion150,8445,NR3C2;FAM86B1;RASIP1;AC135983.3;MFAP3L,1.08256872325775,,0.679487677920711,FALSE,""
IMmotion150,8446,LIF;SLC9A3;ATP8B3;TMEM35A;SOX5,1.4493688954376,,0.0545004916369897,FALSE,""
IMmotion150,8447,ARFGEF3;CD27;DLGAP5;KIRREL2;TPRN,0.601928999415212,,0.0145334245554538,TRUE,""
IMmotion150,8448,LEF1;IGFBP2;EGFL7;BCAN;KBTBD8,1.0460762219489,,0.834171366805833,FALSE,""
IMmotion150,8449,SNORD116-22;FLT3;MARCKSL1;FOLH1B;ATL1,0.960520948352378,,0.839876736013586,TRUE,""
IMmotion150,8450,FAM83H;CHI3L2;MBNL3;PTGER1;P2RY1,1.04200159037589,,0.849346219973698,FALSE,""
IMmotion150,8451,BICDL1;AC036108.2;CX3CL1;SPATA20P1;WNK3,0.726244872259281,,0.124428651302831,TRUE,""
IMmotion150,8452,SNORA31;RIPK4;TLE2;BCL2L10;PDE7B,1.31424976765716,,0.167181394424916,FALSE,""
IMmotion150,8453,SELL;MXRA7P1;RASIP1;MICOS10P2;AMIGO2,0.833825648874815,,0.354692613346842,TRUE,""
IMmotion150,8454,CSPG4;GATA3;ADAM8;AC009163.3;SNCA,0.973653149772962,,0.893523763047332,TRUE,""
IMmotion150,8455,IRAG1;HRC;CACNB2;AL139260.3;HEY1,1.11180350471798,,0.591047653239219,FALSE,""
IMmotion150,8456,ETV1;AC139769.1;HSPB2;TRBV5-5;CPNE5,0.930959148274751,,0.698289236267438,TRUE,""
IMmotion150,8457,GABRE;CACNA2D3;IL15RA;AC125611.4;CCNJL,0.927210590853693,,0.693524578717839,TRUE,""
IMmotion150,8458,LIF;ZNF831;ESR1;AL122008.2;C2orf27A,1.29481331283246,,0.182161585608822,FALSE,""
IMmotion150,8459,HKDC1;FAM86C2P;TESPA1;A4GNT;NBL1,0.710484930597827,,0.0708313816003605,TRUE,""
IMmotion150,8460,ALDH1L2;FAM133DP;HBEGF;BHLHE22;APOBEC3B,0.949062538737391,,0.792723736604651,TRUE,""
IMmotion150,8461,IRS2;ABHD14A-ACY1;TMC7;ADARB2;H2AC16,1.08816567250369,,0.666120973004097,FALSE,""
IMmotion150,8462,NOX4;HYAL1;SSPN;SNORA36A;ESR1,1.06623405356485,,0.745379687897751,FALSE,""
IMmotion150,8463,MT-CO2;RRAD;SLC6A9;UGT2B24P;TTK,1.19729230062009,,0.349989451033683,FALSE,""
IMmotion150,8464,FAP;SLC29A4;NEIL1;ATP10B;RBP1,0.977531575252815,,0.910651952206227,TRUE,""
IMmotion150,8465,CCL4;SURF2;GRAP2;AC113189.4;TSPYL5,0.589927730275464,,0.0107593570579255,TRUE,""
IMmotion150,8466,NAV3;METTL7B;CDH24;NXPE4;SLC35G2,0.957291600698559,,0.810649373306887,TRUE,""
IMmotion150,8467,CD209;AGBL3;SOCS2;EIF4HP2;FMOD,1.00530940616307,,0.978395086298722,FALSE,""
IMmotion150,8468,KIT;CAPN12;CHRD;FCN2;AKR1E2,1.25382931577076,,0.253005989292096,FALSE,""
IMmotion150,8469,FAM149A;NPHP3-ACAD11;SNORA55;FOXB2;IL21R,0.971599993090339,,0.874003121606784,TRUE,""
IMmotion150,8470,BUB1B;FPGT-TNNI3K;SNORD116-14;AL355994.2;GRAPL,0.763292495925189,,0.185812419966117,TRUE,""
IMmotion150,8471,TRBC2;PYGM;PDE8B;SLC34A3;PTPN7,0.648160187285523,,0.0320445750817335,TRUE,""
IMmotion150,8472,SELENBP1;TSSC2;TTK;LYPD6;AC068580.4,1.4355740077812,,0.0939043300043744,FALSE,""
IMmotion150,8473,PSD3;ZIK1;LOXL4;SEC22B3P;SPTBN5,1.13361937359086,,0.53188836220651,FALSE,""
IMmotion150,8474,CCDC141;CBS;SCHIP1;SNORD116-11;FBXO16,0.847429752762821,,0.383291851469744,TRUE,""
IMmotion150,8475,SMOC2;PSMG4;TCF7;LMO1;HLA-DOA,0.773363737851187,,0.219044161731064,TRUE,""
IMmotion150,8476,CSPG4;SCN8A;PRH1;GFRA3;SHROOM2,1.6882829035326,,0.00808878345375296,FALSE,""
IMmotion150,8477,NR3C2;CDC45;AK7;MYL12BP2;TSPOAP1,0.989023020664657,,0.958323212463872,TRUE,""
IMmotion150,8478,MEIS1;BTNL9;OSBP2;ASS1P10;SEPTIN1,1.0794576645479,,0.689413273889559,FALSE,""
IMmotion150,8479,PLS1;TPTEP2;GATD3A;THEGL;DEPP1,0.979136686449885,,0.913981739212027,TRUE,""
IMmotion150,8480,ADAMTSL3;PDZRN3;MFAP3L;C12orf56;ZFP2,0.769372665754989,,0.158502045261146,TRUE,""
IMmotion150,8481,PDLIM3;AL021368.4;CCDC157;AC133065.2;TBX2,0.885917480986156,,0.494778300965801,TRUE,""
IMmotion150,8482,HSPA7;NEIL3;UHRF1;KRT8P24;RPL23AP32,0.692639149809178,,0.0656622737937977,TRUE,""
IMmotion150,8483,CCL3;SORCS2;MEFV;CST1;ZNF491,0.914839251797857,,0.650046482398305,TRUE,""
IMmotion150,8484,SELENBP1;KCNQ1OT1;RHPN1;AP003498.2;NLGN3,1.20861634003149,,0.328078240980526,FALSE,""
IMmotion150,8485,ETV1;COL21A1;CD80;AC133555.2;H3C13,0.980691129870807,,0.916519650258898,TRUE,""
IMmotion150,8486,EPHX2;KCP;BMERB1;CRHR1;GOLGA2P5,1.26976395868648,,0.218209180068862,FALSE,""
IMmotion150,8487,CD248;AGBL3;DAPK2;CPSF1P1;CDH24,1.25211780377737,,0.271114814887162,FALSE,""
IMmotion150,8488,PCDHGB2;PWP2;ASMTL-AS1;AL512590.2;IGSF9B,0.945576782984493,,0.746282448612624,TRUE,""
IMmotion150,8489,FN3K;MDP1;CC2D2B;SMPX;SEC14L2,0.809390424126949,,0.310093089630438,TRUE,""
IMmotion150,8490,ALDH1L2;ANO9;PDXDC2P;MUC5AC;AXIN2,0.803028529599242,,0.228386622615365,TRUE,""
IMmotion150,8491,ACSS3;TBKBP1;ASRGL1;AC245041.2;ACAP1,0.552921970649554,,0.000932550474944389,TRUE,""
IMmotion150,8492,PLA2G7;CDS1;KIAA1755;NXPE4;RGS16,0.699678329771036,,0.10051623237959,TRUE,""
IMmotion150,8493,CNTNAP3;FLT3;ASRGL1;AC010422.7;C6orf163,0.764081366455374,,0.172572987117104,TRUE,""
IMmotion150,8494,H2BC9;PHKA1P1;MPP7;VPREB3;ADAMTS5,1.03247553547061,,0.897060378296553,FALSE,""
IMmotion150,8495,PLEKHA7;GDF15;GRAP2;GPR37L1;AD000090.1,0.7470993979828,,0.155097468187045,TRUE,""
IMmotion150,8496,NTN4;TRABD2B;CASS4;SSUH2;CCNF,0.863736165901973,,0.402962524710052,TRUE,""
IMmotion150,8497,SLC2A10;GRB14;AC093752.2;RPL7P28;LILRA1,1.05413457980279,,0.799771312765032,FALSE,""
IMmotion150,8498,FAT3;RPL7L1P9;SPN;TMPRSS4;UHRF1,0.907300817782794,,0.612975995362712,TRUE,""
IMmotion150,8499,ALDH1L2;KIF20A;TECTA;AC015802.6;SEMA4G,0.81466401252486,,0.33061116949494,TRUE,""
IMmotion150,8500,MTARC2;COL22A1;SCIMP;TNPO1P2;MCOLN2,0.739967348335489,,0.124270059113135,TRUE,""
IMmotion150,8501,MXRA7;PDCL3P4;SH3BGRL2;FAM71A;AL158050.1,0.98804622219624,,0.955755183118696,TRUE,""
IMmotion150,8502,SNORD116-6;SLC19A3;ITGA10;SLC9A4;TICRR,1.296677842053,,0.186678275097639,FALSE,""
IMmotion150,8503,SNORD116-22;FAM157C;FBXL7;SNORD116-18;P2RY13,0.726796542339019,,0.0905171317718073,TRUE,""
IMmotion150,8504,GGT5;IGF2BP2;PIM2;EYS;THSD1,0.931686427871983,,0.705100439670316,TRUE,""
IMmotion150,8505,FAM83H;CSMD2;SOD3;AL359091.2;CASZ1,1.06632845977772,,0.740443745889584,FALSE,""
IMmotion150,8506,TRIM9;ZNF232;CNRIP1;AC011511.1;CD180,0.692457235851407,,0.0487539448416212,TRUE,""
IMmotion150,8507,KCNN3;PRRX1;C5AR1;LHX4;TTC25,1.0868804484919,,0.653459866577115,FALSE,""
IMmotion150,8508,EIF2S2P4;RGS4;TMEM97;ARPP21;STAG3,1.24845527293246,,0.297944321690096,FALSE,""
IMmotion150,8509,SEZ6L2;KIF20A;LRATD1;OR52N1;C5AR1,1.07907923972662,,0.704193929552607,FALSE,""
IMmotion150,8510,PCDHB8;NLGN4X;PRELID2;HOXC11;TMEM26,1.01867417308561,,0.927017931502323,FALSE,""
IMmotion150,8511,MDK;NAPSB;GMPR;ANKRD20A9P;PRTFDC1,0.698357175676331,,0.0634422285999768,TRUE,""
IMmotion150,8512,CD3E;CCN4;FAM111B;CDSN;ZNF502,0.631288521233244,,0.0161305235047768,TRUE,""
IMmotion150,8513,FAT3;C15orf48;DGKG;AC025279.1;TP53INP2,1.1131691893579,,0.589820869239251,FALSE,""
IMmotion150,8514,ACSM3;TENT5C;EGFL7;ADGRF2;RNF144A,0.970071247512236,,0.874241772580807,TRUE,""
IMmotion150,8515,THSD4;PRLR;NAP1L4P1;SEMA3F-AS1;RTP4,0.767906597988441,,0.162626164370182,TRUE,""
IMmotion150,8516,ADM;LRCH2;KCTD15;AC233968.1;RPL23AP32,1.14604816750341,,0.509284275359674,FALSE,""
IMmotion150,8517,TRO;HLA-H;FHDC1;RPS14P4;SNORD116-14,1.02476522987318,,0.901255297371959,FALSE,""
IMmotion150,8518,LIF;SGK2;TESC;GGTLC3;RDH5,1.4991070858636,,0.0629144583233788,FALSE,""
IMmotion150,8519,DLL1;BMPR1AP2;MROH7;POC1B-AS1;CCR2,0.539906215750889,,0.00228778426919366,TRUE,""
IMmotion150,8520,BUB1;INHBB;PRKAR2B;NCCRP1;LIMS2,0.862134061389411,,0.431871038979664,TRUE,""
IMmotion150,8521,PLCH1;IRX3;PIM2;INSRR;AMIGO2,0.643434340630279,,0.0247772742744316,TRUE,""
IMmotion150,8522,DENND2A;ZBP1;TAS2R5;POM121L2;TLR8,0.757902107835882,,0.157441885840249,TRUE,""
IMmotion150,8523,SERPINI1;ZSWIM5;COL11A2;RPS3AP39;HOXD4,1.1173709853977,,0.576076313225053,FALSE,""
IMmotion150,8524,ZNF521;AC002470.2;AS3MT;NOS1;EPHB2,0.841363260890015,,0.387944913779022,TRUE,""
IMmotion150,8525,ZNF704;HOXA6;CLEC4A;ZSCAN4;FAM133CP,1.02933524469603,,0.876592310969689,FALSE,""
IMmotion150,8526,TPX2;IRF4;TMEM132A;AC131392.1;NLRC3,0.651133293250688,,0.0291855985906039,TRUE,""
IMmotion150,8527,CD2;ZNF831;CCDC74B;AC009879.3;PRELID2,0.53453903538245,,0.0015751250349276,TRUE,""
IMmotion150,8528,CD248;SEMA3B;TMEM132A;CFAP65;PCED1B,0.718768689192762,,0.101765011664422,TRUE,""
IMmotion150,8529,TMEM91;GPR171;LRATD1;AL356124.2;TMC7,1.32764302244193,,0.150432700759619,FALSE,""
IMmotion150,8530,ANG;UBE2C;TTC25;EIF3LP2;PTPN7,0.8072248455258,,0.265465519744149,TRUE,""
IMmotion150,8531,PCDHB11;CX3CR1;IER3;SAGE1;SIGLEC7,0.803198514428506,,0.229835617505781,TRUE,""
IMmotion150,8532,ABCA9;FDXACB1;IQCN;DPPA3P2;ZNF578,0.909682726006,,0.604029382099082,TRUE,""
IMmotion150,8533,PCDHB11;NOVA1;CHST2;AC022414.1;RANBP17,1.25653046799273,,0.282887130040726,FALSE,""
IMmotion150,8534,NCF1C;KIAA1143P1;MTARC1;CRHR1;CSTA,0.978520352478266,,0.915250672406645,TRUE,""
IMmotion150,8535,MT-ND1;CXADR;GRAP2;TRAV39;ZWINT,0.833896730005543,,0.341923386415104,TRUE,""
IMmotion150,8536,FCGR1B;SPTB;TM7SF2;IL20RA;FCN1,0.814477981436154,,0.337938609039956,TRUE,""
IMmotion150,8537,PTGIS;NME1-NME2;AGBL2;CAMP;ELAPOR2,1.07409065811136,,0.714696720241646,FALSE,""
IMmotion150,8538,TRIM9;GATA3;SNHG17;NRXN1;CD101,1.01732903213355,,0.928490986598182,FALSE,""
IMmotion150,8539,ABCB4;HYLS1;SHROOM2;NRXN1;SNORA46,0.922553627398452,,0.679443130545429,TRUE,""
IMmotion150,8540,TRBC2;VANGL2;SHROOM2;KRT8P4;EML6,0.766383055484358,,0.178371382574769,TRUE,""
IMmotion150,8541,CRIP1;LAMP3;HSPB2;TBC1D3E;SHCBP1,1.07756668943422,,0.697457588720594,FALSE,""
IMmotion150,8542,CAVIN2;OLFML1;TRGC2;SYCE3;ZNF415,0.693490711749608,,0.0872617821193094,TRUE,""
IMmotion150,8543,CTAGE6;PROM2;IER3;ST13P13;E2F8,1.16284459011707,,0.452193006002272,FALSE,""
IMmotion150,8544,PARM1;FKBP14;ZNF596;SERPINA10;MREG,0.847746382870553,,0.427512251138764,TRUE,""
IMmotion150,8545,ZNF704;EFR3B;IQCN;NTS;CD33,0.988280359073169,,0.950903176182227,TRUE,""
IMmotion150,8546,BUB1B;PAQR5;ACAP1;RSPO2;H4C6,0.729706950148889,,0.123339296898847,TRUE,""
IMmotion150,8547,STEAP4;SPDYE18;OXER1;AC068896.1;ZNF454,0.917820946630484,,0.602188797544433,TRUE,""
IMmotion150,8548,GABRE;OLFM2;DUSP5;MKRN8P;MREG,1.02655574211384,,0.887128882387249,FALSE,""
IMmotion150,8549,OLFML2A;IQCA1;EML6;LHX1;CFAP70,1.14059298514929,,0.535353789388252,FALSE,""
IMmotion150,8550,MST1;ALDH4A1;TLK2P2;ARC;DECR2,1.15927433395169,,0.457002058644318,FALSE,""
IMmotion150,8551,AK4;CST7;KIAA1755;CCL24;LINC02449,0.826712069671165,,0.34525189750427,TRUE,""
IMmotion150,8552,DKK3;TRABD2B;TRIB3;COL2A1;ITGA10,1.15391613767612,,0.46436940224841,FALSE,""
IMmotion150,8553,GRAMD1B;LOXHD1;EID3;AP001178.4;PIM2,0.774617653547606,,0.175937908228792,TRUE,""
IMmotion150,8554,TENM4;AGBL3;TRIM73;UGT3A2;SLC16A5,0.836022940085029,,0.403453555107075,TRUE,""
IMmotion150,8555,ALDH1A3;SLAMF7;WNK3;HNF1A-AS1;SECTM1,0.533340126920834,,0.00216520069064304,TRUE,""
IMmotion150,8556,PTER;PYGM;HOXC6;AC004148.1;TCF7,0.77870625440527,,0.254510687062315,TRUE,""
IMmotion150,8557,PTPN3;GPER1;MCM10;AL160408.2;MT-ND3,0.780477164358917,,0.244118868985727,TRUE,""
IMmotion150,8558,PARD6B;MMP24;ACOX2;CA1;SCUBE2,1.21346178084881,,0.314336157257598,FALSE,""
IMmotion150,8559,ALOX5AP;S100A9;COL11A2;A2ML1;PMEPA1,0.966821576384309,,0.861215777820048,TRUE,""
IMmotion150,8560,CD248;ANKRD33B;CLEC14A;NPTX1;SNORA59B,0.844805622659871,,0.378666718957441,TRUE,""
IMmotion150,8561,ACP5;AC233699.1;ZNF470;AD000091.1;CDKN3,0.616435026054114,,0.0211953120675995,TRUE,""
IMmotion150,8562,BOC;PRRX1;MAGI2;BFSP2;LRRC75B,0.953316276160822,,0.796958212684728,TRUE,""
IMmotion150,8563,AFF3;PYCR1;LINC01550;FAM149B1P1;CENPI,1.03376329461851,,0.866537174517944,FALSE,""
IMmotion150,8564,IL7R;GJA5;FRMD3;PP7080;C1orf131,0.60048190625673,,0.0106117833038091,TRUE,""
IMmotion150,8565,MAP3K21;PCDHGA1;SDC1;EPO;TRIM73,1.33952369545822,,0.154322733057182,FALSE,""
IMmotion150,8566,MYRF;LAMP3;CASS4;UGT2B10;FSTL3,0.828069504187359,,0.309274561497363,TRUE,""
IMmotion150,8567,RETREG1;ADAM1A;SLC4A11;AC112203.1;TMEM220,0.728747534183083,,0.130581764061083,TRUE,""
IMmotion150,8568,PTGIS;GBP1P1;MBNL3;OTX1;TRIM73,0.820254032170967,,0.309109716433559,TRUE,""
IMmotion150,8569,AMACR;UBE2T;MFAP3L;ZFP41;PKDCC,0.73897777936125,,0.13990526633082,TRUE,""
IMmotion150,8570,FAP;B4GALNT3;EMILIN1;GPR27;TTK,0.806195194843111,,0.289642935749885,TRUE,""
IMmotion150,8571,ITGA11;ANK1;GTSE1;OTC;CCDC74B,0.854772761349636,,0.424951585402467,TRUE,""
IMmotion150,8572,BCAT1;BCL2A1;CD72;LAIR2;SCAMP5,0.783978071319594,,0.209862786237289,TRUE,""
IMmotion150,8573,CEACAM1;UGT8;LY96;VWA5B1;ABTB2,0.665538941372233,,0.0493235571352167,TRUE,""
IMmotion150,8574,CD163L1;TRAT1;ADAM8;RIMBP2;UBE2Q2L,0.812583223558929,,0.32735422984221,TRUE,""
IMmotion150,8575,KCNN3;PITPNM3;SLC19A2;OR2L6P;TSPYL5,1.21482123968497,,0.296273047133496,FALSE,""
IMmotion150,8576,ETV1;SLC29A4;VWA1;IL12B;ANKRD29,0.906341177840128,,0.623709497583573,TRUE,""
IMmotion150,8577,CSPG4;MICOS10-NBL1;ZDHHC23;ARL14;SSPOP,1.31016109765502,,0.201127108253914,FALSE,""
IMmotion150,8578,PCDHGB4;PMS2P7;COL11A2;TRBV5-4;PATL2,0.623380793309591,,0.0115306672031335,TRUE,""
IMmotion150,8579,HGF;CFAP94;RAD51;DMRT3;CAMK2N1,0.82126415716564,,0.345591834508627,TRUE,""
IMmotion150,8580,MYOM1;CEP55;LZTS1;NRN1L;ARMH4,1.16951970764161,,0.423266785106693,FALSE,""
IMmotion150,8581,ADAMTSL2;RPP14;TROAP;CTNNA2;RHOD,1.03203131456483,,0.897765131351091,FALSE,""
IMmotion150,8582,FN3K;MT-ND4L;ZNF502;SPDYE6;ZNF135,0.680243282246671,,0.0584321786580563,TRUE,""
IMmotion150,8583,LDLR;LAMP3;BMP2;AC078899.4;FAXDC2,0.931396640290783,,0.746382210161628,TRUE,""
IMmotion150,8584,ABCB4;EPHB1;ZNF415;HNRNPA1P70;ABCA10,0.973708821264125,,0.888393570793093,TRUE,""
IMmotion150,8585,LRP4;KIF20A;CCND2;SOX8;SCARF2,0.994166708317042,,0.976470432935653,TRUE,""
IMmotion150,8586,CSPG4;OSBPL6;SPSB1;GLTPD2;MELK,1.25483135840199,,0.274861882679734,FALSE,""
IMmotion150,8587,IFI27;PDE6B;CC2D2B;PCDH15;LZTS1,0.944436414248579,,0.771346421321083,TRUE,""
IMmotion150,8588,DLL4;MFAP2;TNFRSF10C;SPAG6;GGH,0.964082968219036,,0.852978884515516,TRUE,""
IMmotion150,8589,FBN2;ACTG2;EID3;AC021146.1;H3C1,0.993102430812148,,0.970334960514487,TRUE,""
IMmotion150,8590,FAM83H;LLPH;GNAZ;AC010422.7;E2F8,1.25103953478405,,0.287587453196705,FALSE,""
IMmotion150,8591,MDK;SNORA75;SSPOP;FO681492.1;RGS16,1.05047871326355,,0.806031541052945,FALSE,""
IMmotion150,8592,NPNT;RPL7L1P9;ADAM8;HEPACAM2;TRIP13,0.954852052160654,,0.81909227692045,TRUE,""
IMmotion150,8593,TBX3;TNFRSF19;CD52;OR14K1;LRATD1,0.575948999695938,,0.00870485097048365,TRUE,""
IMmotion150,8594,TMEM200A;AC139769.1;ARNTL2;AC009403.2;DET1,0.723789342877429,,0.110891093209537,TRUE,""
IMmotion150,8595,KIT;AP002373.1;RDH13;FAM172BP;RAD51AP1,0.782403422485994,,0.206505842389631,TRUE,""
IMmotion150,8596,IL2RG;YBX1P10;CHRD;AC121757.2;POU2F2,0.622151312007184,,0.0276266546656225,TRUE,""
IMmotion150,8597,NR3C2;DCDC1;SLC6A9;SLC22A24;EDA,1.40652307069386,,0.0918614191828587,FALSE,""
IMmotion150,8598,ADAM22;ARHGEF16;RGS18;VWA5B1;ZNF433,0.866514287676798,,0.388360877202542,TRUE,""
IMmotion150,8599,ADAM22;CD69;TNFRSF11A;IGLL3P;ZFP2,0.780962812865959,,0.168818778797044,TRUE,""
IMmotion150,8600,AFF3;PADI2;GAL3ST4;KIR2DL4;TM7SF2,0.856256078082293,,0.453239520436785,TRUE,""
IMmotion150,8601,TRO;CD27;NAP1L4P1;CDC20B;CHST2,0.7581081774612,,0.129666622699394,TRUE,""
IMmotion150,8602,PARM1;UNC5CL;AKR1E2;RNVU1-31;STX11,0.889397593505608,,0.549108679649762,TRUE,""
IMmotion150,8603,C5;SIDT1;SPSB1;TRBV23-1;SNORA59B,0.730160563070437,,0.128086407661778,TRUE,""
IMmotion150,8604,RRAGD;DPY19L2P2;UHRF1;PI3;TIAM2,0.724041317504821,,0.107883488626041,TRUE,""
IMmotion150,8605,SLCO2A1;USP18;KIAA1614;KRT13;LYVE1,0.787092363732716,,0.224405546662184,TRUE,""
IMmotion150,8606,LRP4;SHB;MEFV;RNY3;HJURP,1.2393468354957,,0.248697638957751,FALSE,""
IMmotion150,8607,AMACR;PNPLA3;ASTN2;ARG1;HOXB6,1.06443570336506,,0.743518812970974,FALSE,""
IMmotion150,8608,NOX4;GDF15;SUGCT;GPS2P1;MACROH2A2,0.928630329897999,,0.70629751323062,TRUE,""
IMmotion150,8609,RASL11A;RNF157;CEP295NL;AP000356.2;MARCHF3,0.800253088361903,,0.241273418525115,TRUE,""
IMmotion150,8610,ADAM22;EFNA5;ZNF366;KCNF1;GINS1,0.995203101380947,,0.978324006348936,TRUE,""
IMmotion150,8611,MXRA7;NRG1;ARNTL2;KRT23;CD80,0.933090136205925,,0.727533454915942,TRUE,""
IMmotion150,8612,TRIM9;ZNF286B;OSBP2;IGFL2;KLRD1,0.764190366805356,,0.154258172373079,TRUE,""
IMmotion150,8613,HRH2;FAM133DP;SEMA4G;SAP25;KCNS3,0.582355827336383,,0.00740569831104969,TRUE,""
IMmotion150,8614,GULP1;IL17RD;P2RY1;CIBAR2;LCK,0.741594524915145,,0.139825564267907,TRUE,""
IMmotion150,8615,ITGA8;SLC29A4;EID3;CYP4F24P;AMIGO2,0.91981712752691,,0.675423185302297,TRUE,""
IMmotion150,8616,TMEM91;PPCDC;CD28;AC008763.2;ZSCAN18,0.937974346151926,,0.744938359739649,TRUE,""
IMmotion150,8617,CRIP1;AC022415.2;RNF138P1;OR52K1;GRHL1,0.813336321492462,,0.279284492185351,TRUE,""
IMmotion150,8618,CD248;AC093668.1;THRB;KRT18P10;MYCT1,0.964207505376954,,0.855900325689558,TRUE,""
IMmotion150,8619,IFI27;PYGM;DACT1;KCNK10;PYROXD2,0.843581165545251,,0.413640179037927,TRUE,""
IMmotion150,8620,OLR1;FPGT-TNNI3K;KIAA1755;PPP1R14D;P2RY8,0.587145538861378,,0.00228323288153708,TRUE,""
IMmotion150,8621,PCDHGB2;ADGRB1;SCD5;FAM155B;TTK,0.738598972707368,,0.12896337582303,TRUE,""
IMmotion150,8622,CEACAM1;MARVELD2;NCAPG;SSUH2;MOB4,1.04392661839805,,0.840247077757149,FALSE,""
IMmotion150,8623,IRAG1;NOVA1;SLAMF6;SYT8;HOXA2,0.94409669707041,,0.773455211121337,TRUE,""
IMmotion150,8624,MATN2;SNRPEP4;TEKT4P2;TRGV5P;AD000090.1,0.76942429906972,,0.172804347235761,TRUE,""
IMmotion150,8625,EGR2;MYOM2;RNF125;STX19;TMEM54,0.873365015724499,,0.469837278496589,TRUE,""
IMmotion150,8626,TRPC6;EFNA5;HOXA3;AC135068.1;SLAMF8,0.804618553641109,,0.234594353005082,TRUE,""
IMmotion150,8627,PCDHB15;SRR;PLEK2;NYAP2;ZNF876P,0.696582903439311,,0.0465860592895532,TRUE,""
IMmotion150,8628,KDELR3;AMIGO1;TBX2;ASTN1;BNIP3P1,1.26310195375918,,0.254411783075008,FALSE,""
IMmotion150,8629,ALDH1L2;LY75;SAMD3;AICDA;OASL,0.713272170267987,,0.084709393143408,TRUE,""
IMmotion150,8630,TRIM9;IRF4;CCDC74B;FAM9A;GRIP1,0.832628426968533,,0.379566582798088,TRUE,""
IMmotion150,8631,HOXA10;AC002470.2;TPRG1;IGHV3OR16-8;TRPC4,0.821043764048108,,0.320808559092603,TRUE,""
IMmotion150,8632,MT-ATP6;ACKR4;RAD51AP1;LINC01460;SPOCK2,0.755770289763727,,0.152476939650213,TRUE,""
IMmotion150,8633,SNORD116-23;COL24A1;GRAPL;AC112203.1;FAM160A1,0.95901159535184,,0.832150003226939,TRUE,""
IMmotion150,8634,PTTG1;SLAMF1;SH3BGRL2;GDF10;C17orf97,0.745016404745092,,0.125395132941986,TRUE,""
IMmotion150,8635,ITGA8;AL512356.1;CLEC4A;AC112229.3;ADAMTS6,0.992489246233491,,0.966930921171955,TRUE,""
IMmotion150,8636,KIF4A;EXO5;MAN1C1;CDH22;PRH1,1.33156415783414,,0.18951530166908,FALSE,""
IMmotion150,8637,ARFGEF3;STRIP2;GPR34;FAM83F;HOXA4,1.01118686011743,,0.956982363119686,FALSE,""
IMmotion150,8638,SGPP2;MANEAL;SDC1;TBL1Y;ACAP1,0.837175967474589,,0.366461904812429,TRUE,""
IMmotion150,8639,IQGAP3;RERG;LRP8;AC109446.2;CD72,0.774180336824931,,0.168101716094334,TRUE,""
IMmotion150,8640,TRAC;GPR160;ITGA10;TBC1D3F;SNORA50A,0.781832388643548,,0.188406204296808,TRUE,""
IMmotion150,8641,FAT3;CXADR;SH3BGRL2;FOXB2;PTGDR,0.7741024404831,,0.153567543185935,TRUE,""
IMmotion150,8642,EIF2S2P4;AC138894.1;SYNGR1;ALOX12B;AC093752.2,0.882756223467534,,0.552019602053202,TRUE,""
IMmotion150,8643,PC;MT1L;CHRD;MAST1;LIMS2,1.29659341045494,,0.186160366749585,FALSE,""
IMmotion150,8644,C11orf96;TBX15;SNORA14B;DGUOK-AS1;CCDC113,1.37527566639413,,0.159547792947135,FALSE,""
IMmotion150,8645,PPFIA4;MAGEE1;GCSHP5;FAM95B1;CCR5,0.857750495871998,,0.399755265962401,TRUE,""
IMmotion150,8646,SERPINI1;TRGC1;TMEM273;AC087203.3;CD302,0.881278122669659,,0.500751414925551,TRUE,""
IMmotion150,8647,SNORD118;ULBP2;SLC9A7P1;SNX31;SNORA16A,0.980904350889828,,0.920756227970687,TRUE,""
IMmotion150,8648,MT-ND2;AC008878.1;HOXD4;LPAR3;KCNK5,0.778916289952585,,0.193037776563559,TRUE,""
IMmotion150,8649,CD3E;PHYHD1;PCDHGB3;RPL17P34;GALNT3,0.754867069070741,,0.186005001642114,TRUE,""
IMmotion150,8650,KIF4A;ACKR4;PIGAP1;SETP22;MDGA1,0.75456971656313,,0.13296788505414,TRUE,""
IMmotion150,8651,PCDHB15;HSD11B2;EVI2A;PPIAP78;ABCA10,1.00868229834454,,0.96208551388702,FALSE,""
IMmotion150,8652,ABCA6;SHC2;C17orf97;POT1-AS1;ABTB2,0.783977067922439,,0.254811386763051,TRUE,""
IMmotion150,8653,SNORD13;FMO5;LY96;GGTLC1;THRB,1.11785062608565,,0.5858158588468,FALSE,""
IMmotion150,8654,TRO;SLC7A9;POLQ;OR2T5;ZNF334,1.21011189765494,,0.358825422513526,FALSE,""
IMmotion150,8655,EPHA3;NUF2;EMP2;RPL7L1P2;PRAM1,0.697545717852193,,0.0937871873304849,TRUE,""
IMmotion150,8656,SMAD9;SUSD2;SNORA6;AC023043.1;CX3CL1,1.10509746041881,,0.627099761849654,FALSE,""
IMmotion150,8657,ACP5;ILDR1;DRC3;KCNK15;DGKG,0.799756185775155,,0.293846648446687,TRUE,""
IMmotion150,8658,MT-CO3;GIPC3;ANKRD29;KRT19P1;SLAMF8,0.751767164603835,,0.114784506758807,TRUE,""
IMmotion150,8659,SLCO2A1;CFAP43;SLC16A6;C19orf67;P2RY13,0.891431381461883,,0.576210242808176,TRUE,""
IMmotion150,8660,PCDH17;TK1;KIF2C;ABCB11;H3C8,1.01166110479744,,0.955326255914983,FALSE,""
IMmotion150,8661,MT-ND1;SNORA51;SLC25A33;AC125611.3;STAC3,0.916246084334743,,0.644304538031177,TRUE,""
IMmotion150,8662,ITGA11;WDR53;CASZ1;CPSF1P1;DHFR2,1.15184730752553,,0.60310128948304,FALSE,""
IMmotion150,8663,ITGA11;ILDR1;ADAMTS13;ZNF37CP;SNORA6,0.868788383204194,,0.466396941949401,TRUE,""
IMmotion150,8664,TSPAN13;ADGRD1;KLHL13;HGFAC;VDR,1.04185976391126,,0.830173343032656,FALSE,""
IMmotion150,8665,APOC1;RNF213-AS1;KLRB1;INTS4P2;ZSCAN18,0.783755405092871,,0.188461910940167,TRUE,""
IMmotion150,8666,LRP4;AIM2;PCDHB4;CDC20B;PCDHGA3,0.93945183193884,,0.729073238143248,TRUE,""
IMmotion150,8667,ZFPM2;F2RL1;AC092068.3;AC011979.1;CATSPERG,1.09072634737153,,0.637854490224118,FALSE,""
IMmotion150,8668,NPNT;CXADR;LPAR1;UTS2;SLC7A8,0.975630556268252,,0.899838764873424,TRUE,""
IMmotion150,8669,PCDH17;B4GALNT3;PCED1B;SYT8;PCDHB7,0.871024728327912,,0.480370753858609,TRUE,""
IMmotion150,8670,EHHADH;FNDC4;P2RY13;SLC5A4-AS1;LINC01138,0.991646786506556,,0.967223259025164,TRUE,""
IMmotion150,8671,TNFRSF11B;AMIGO1;SLC19A2;AVPR2;SNORA59A,1.07895578374789,,0.697015061532093,FALSE,""
IMmotion150,8672,CTAGE6;CDA;ELMO3;FAM9A;SEPTIN1,0.981251094871863,,0.913761368501488,TRUE,""
IMmotion150,8673,FN3K;PLCH2;PCDHGC5;NPFFR2;BMP4,0.887450755331439,,0.55579275879387,TRUE,""
IMmotion150,8674,CSRP2;PDZRN3;AD000090.1;OR11H12;SARDH,1.07838766820948,,0.716868921078783,FALSE,""
IMmotion150,8675,FAM149A;PDZRN3;POLQ;CFAP65;CHRD,1.01581903856533,,0.936982642643462,FALSE,""
IMmotion150,8676,AKR1C1;PRCD;MPP3;ANKRD2;HEY2,0.9174044688923,,0.661517903515976,TRUE,""
IMmotion150,8677,CNTNAP3P2;PRLR;RAG1;ANAPC1P3;CD200R1,0.931066194009799,,0.730173269483668,TRUE,""
IMmotion150,8678,CNTNAP3;CSMD2;SMAD6;TRAV20;SLC16A6,0.948553859448334,,0.801156274293933,TRUE,""
IMmotion150,8679,RRM2;CD69;KLF2;RPL23AP47;FAXDC2,0.962490405617864,,0.846971846399025,TRUE,""
IMmotion150,8680,SLC11A1;ZNF286B;SH3TC2;TBC1D26;PCED1B,0.737471845343126,,0.0794626372639967,TRUE,""
IMmotion150,8681,IFI27;ZIK1;ZNF470;POPDC3;LINGO1,0.758993075085692,,0.18555952603382,TRUE,""
IMmotion150,8682,MST1;OLFML1;PCDHGC5;RPSAP74;SOD3,1.13658655664146,,0.525665533859462,FALSE,""
IMmotion150,8683,C5;ZBP1;HLX;KIR2DL3;FHAD1,0.607848345595897,,0.0139059131842185,TRUE,""
IMmotion150,8684,CEACAM1;PCDHGA1;SOD3;AC012640.4;LILRA2,0.982286318003338,,0.925904402162599,TRUE,""
IMmotion150,8685,BOC;PCDHB5;TESPA1;SYT10;SLFN12L,0.710538139514427,,0.0857018965887697,TRUE,""
IMmotion150,8686,FBN2;AL591806.2;CD247;UQCRFS1P1;DUSP4,0.636285164347731,,0.0308145750670246,TRUE,""
IMmotion150,8687,AK4;CSMD2;NANOGP8;UBE2F-SCLY;RAD51,0.963761467305945,,0.857861194549706,TRUE,""
IMmotion150,8688,FN3K;NEIL3;BPTFP1;SERPINI2;MILR1,0.673091591883304,,0.0373258307208218,TRUE,""
IMmotion150,8689,ADAMTSL3;ZFHX2;CLCN4;AQP7P1;RNF138P1,1.02371108234001,,0.88659402138406,FALSE,""
IMmotion150,8690,PTGIS;ABT1;ZNF540;PCDHA1;FAM72A,0.707436775608306,,0.139302758307087,TRUE,""
IMmotion150,8691,APBA2;HOMER2;AC112777.1;ADAM21;HHEX,1.01234148732077,,0.953043361384594,FALSE,""
IMmotion150,8692,KIF26B;SLC12A8;ARHGEF37;RIIAD1;ZNF816-ZNF321P,0.968785160034994,,0.871677188758045,TRUE,""
IMmotion150,8693,TLL1;NOVA1;CFAP53;OR1E2;ABCA10,1.30912584154307,,0.177757536536097,FALSE,""
IMmotion150,8694,SCIN;AC000093.1;ZNF578;RSPO1;SFXN2,1.05557137153115,,0.784563857733828,FALSE,""
IMmotion150,8695,BOC;ACTG2;TSPAN2;AFAP1-AS1;CD5,0.899227267380579,,0.618476789944054,TRUE,""
IMmotion150,8696,ALDH1L2;CDC42BPG;ZNF876P;RAET1L;RGS9,0.806914932745312,,0.287103468210311,TRUE,""
IMmotion150,8697,LRP4;GABRD;CMKLR1;OR13C9;KCNJ5,0.980395288780866,,0.923195382842406,TRUE,""
IMmotion150,8698,RETREG1;SIRPG;SPOCK2;IL20RA;HCST,0.627216173792619,,0.0189830608013144,TRUE,""
IMmotion150,8699,CSRP2;EML5;THEMIS;AC015688.4;HSPD1P4,0.818304995554346,,0.322720453020604,TRUE,""
IMmotion150,8700,RRAGD;ACTG2;TMEM54;PLP1;SEC63P1,1.00409189449402,,0.983129423916517,FALSE,""
IMmotion150,8701,ITGA11;IRX3;KIF14;TTLL10;SLC19A2,1.02430776184326,,0.907721402322523,FALSE,""
IMmotion150,8702,NCKAP5;KIF20A;MCOLN2;ADAMTS20;CD3G,0.631933646021356,,0.0205219483477653,TRUE,""
IMmotion150,8703,PCDHB9;DNAJC19P9;LILRA1;KIR2DL4;DHFR2,0.580344511935893,,0.024973744182296,TRUE,""
IMmotion150,8704,TNFRSF11B;KIF17;E2F7;CCR9;FZD7,0.753340292085496,,0.172889404046556,TRUE,""
IMmotion150,8705,ABCB4;PWAR5;FAM86DP;SNX18P12;TSPYL5,1.02973741429833,,0.887553049688821,FALSE,""
IMmotion150,8706,SNORA21;TLCD4;SCARF2;AC005329.1;FHDC1,1.10844779868898,,0.61161342228878,FALSE,""
IMmotion150,8707,OLFML3;FAM72B;UST;POC1B-GALNT4;ABLIM2,0.996201252651155,,0.984693400393652,TRUE,""
IMmotion150,8708,FN3K;CDHR3;DTL;IGLV3-27;PTCH2,1.15551127530445,,0.454166737121231,FALSE,""
IMmotion150,8709,KDELR3;MXRA7P1;LILRB5;HSD17B1P1;FHAD1,1.12959442778548,,0.570482285171239,FALSE,""
IMmotion150,8710,MT-ATP6;ILDR1;AKR1E2;ABCG8;STMN3,0.998413342614772,,0.993429974686676,TRUE,""
IMmotion150,8711,CCDC141;RGS4;ZNF483;CADM3-AS1;C1QTNF3,0.961942592935408,,0.831450735378599,TRUE,""
IMmotion150,8712,HYDIN2;SIRPG;HEYL;IGHV1-45;HAPLN3,0.774008263387052,,0.203770186838729,TRUE,""
IMmotion150,8713,FAM27E3;C11orf98;PGM5;AL512590.2;ADAMTSL1,0.885604331003412,,0.518575279098999,TRUE,""
IMmotion150,8714,CCL3;SPEG;CD226;DEFB131E;RFTN2,0.713911751637236,,0.0955850377985881,TRUE,""
IMmotion150,8715,GCNA;AP000654.1;SLC6A9;HPSE2;SPN,0.686461226933233,,0.0569698519978621,TRUE,""
IMmotion150,8716,IFI27;SLC5A4;ZNF596;GUCY2D;ADAMTS17,0.843123193898207,,0.370049627284446,TRUE,""
IMmotion150,8717,FBP1;ITGA2B;ZNF135;COBLP1;GAL3ST4,0.95050013903752,,0.80072266596079,TRUE,""
IMmotion150,8718,PLAU;SPEG;STK32B;AC004076.1;TMC4,1.12270314734619,,0.578646316570015,FALSE,""
IMmotion150,8719,CNTNAP3P2;PCDHGA2;ZNF491;NDUFB4P12;PRAM1,1.01396540862755,,0.940931658580952,FALSE,""
IMmotion150,8720,PCDHB12;CTAGE3P;CKS2;CLC;SCARNA8,0.943119979108614,,0.772743081846541,TRUE,""
IMmotion150,8721,HRH2;GJA5;ZNF300;PLA2G1B;DUSP7,0.749146722448446,,0.137180610786482,TRUE,""
IMmotion150,8722,EMCN;GZMB;RNF144A;AC100827.2;SOCS2,0.991182906872891,,0.963542910907327,TRUE,""
IMmotion150,8723,SDK1;GCOM1;SNORA59B;RPL23AP61;KIF15,0.654585303799226,,0.0382443793444518,TRUE,""
IMmotion150,8724,SNORD116-22;PPIAP2;GPT2;AP000926.1;GINS1,1.05394455320283,,0.809336424364848,FALSE,""
IMmotion150,8725,MXRA7;PTGS2;CLCN4;IGHV3OR16-13;GRHL1,1.66932349390706,,0.0141896370867992,FALSE,""
IMmotion150,8726,IRS2;AC036108.2;LPAR1;PIWIL1;KIF14,1.23537193771838,,0.303078548797984,FALSE,""
IMmotion150,8727,ARFGEF3;CTSW;AKR1E2;RNF17;CD3G,0.842306144261276,,0.392427380587633,TRUE,""
IMmotion150,8728,TNFRSF11B;AC139769.1;CHST2;AC135068.5;FBXO17,1.15366178027419,,0.492828109699715,FALSE,""
IMmotion150,8729,EGR2;TBX15;P3H3;AC009955.4;DECR2,1.10914235814284,,0.600815677796839,FALSE,""
IMmotion150,8730,CD163L1;TOX;JAM2;FAM163A;SNORA16A,1.05132973425489,,0.797609186265555,FALSE,""
IMmotion150,8731,MTARC2;EBF2;ADAMTS3;COL26A1;FGF2,0.946045549520553,,0.784609998092295,TRUE,""
IMmotion150,8732,H2BC9;TRABD2B;TMEM97;AC009951.4;DET1,1.03800825454752,,0.850378875932936,FALSE,""
IMmotion150,8733,CAVIN2;AKR7A3;HHEX;UNC93A;SNORA46,1.06357764661271,,0.771625486548701,FALSE,""
IMmotion150,8734,IFI44L;FOXL1;PDE1C;AL359091.2;NPIPB9,0.719909632057398,,0.0705660379968577,TRUE,""
IMmotion150,8735,RETREG1;STOX1;DEPP1;SH3GL2;STAC3,1.1662979339793,,0.456615673187125,FALSE,""
IMmotion150,8736,BICDL1;PCDH7;H3C2;OR2G6;CD101,0.835892147521986,,0.411224225032853,TRUE,""
IMmotion150,8737,PCDHB15;PLGLB2;TUB;CHRNA3;CENPI,1.11212144827025,,0.570095812343954,FALSE,""
IMmotion150,8738,MXRA7;ZNF630;CD3G;SNX32;CENPU,0.853102742005647,,0.388147958272099,TRUE,""
IMmotion150,8739,EIF2S2P4;PLGLB2;PCDHB7;GJC3;KCTD15,1.18124361941738,,0.439928773629107,FALSE,""
IMmotion150,8740,SNORD116-23;ZNF57;ABTB2;SPACA5;RDH5,0.887562650096258,,0.520783328564584,TRUE,""
IMmotion150,8741,SLC11A1;GOLGA8IP;SRRM5;SSBP3P2;SPSB1,1.00591532724801,,0.976907776179634,FALSE,""
IMmotion150,8742,FLG-AS1;IL17RD;FZD8;DLX2;PCDHB4,0.991425294341271,,0.968232787229835,TRUE,""
IMmotion150,8743,CDH23;XRCC3;FAM133CP;ADGRF2;FSTL3,0.734157165732401,,0.0881819267700921,TRUE,""
IMmotion150,8744,IFI44L;RGN;NPIPA2;SLC12A5-AS1;ELOVL6,0.710639077572918,,0.115315288305757,TRUE,""
IMmotion150,8745,ITGA8;CGREF1;NRXN3;FAM47C;FCMR,0.841191455466721,,0.351076038751773,TRUE,""
IMmotion150,8746,C11orf96;P2RY12;PRKAR2B;MYOC;H2BC3,0.837825165734416,,0.386425841455782,TRUE,""
IMmotion150,8747,PCDHGB2;PPT2-EGFL8;FAAH2;IL20RA;LETM2,0.565081141565011,,0.00908132322863008,TRUE,""
IMmotion150,8748,EPHA3;ANO9;STX11;DLGAP2;SEMA6D,0.728696973781753,,0.1226502305163,TRUE,""
IMmotion150,8749,SLC11A1;RP1;H3C7;MANEALP1;RNLS,0.947639637939453,,0.785080999244317,TRUE,""
IMmotion150,8750,IMPA2;AC104452.1;SPN;GRIK1;H4C6,0.705402663822775,,0.0816444224512398,TRUE,""
IMmotion150,8751,SSC5D;CDS1;EDA;KRT72;MMP19,0.789675497654498,,0.283381164486851,TRUE,""
IMmotion150,8752,BCAT1;EXO1;ANO2;CYP27C1;MAN1C1,1.05160168948603,,0.810578730018519,FALSE,""
IMmotion150,8753,FER1L4;PLXNB3;CD28;AC009065.9;ZNF793,1.05542908781323,,0.787707103276496,FALSE,""
IMmotion150,8754,HRH2;CYB5R2;CDKN3;RIIAD1;HOMER1,1.09548221988355,,0.643920146883909,FALSE,""
IMmotion150,8755,ZNF90;AC048382.2;PMEPA1;AC137056.1;SMAD6,0.826226557352855,,0.278388642096528,TRUE,""
IMmotion150,8756,PTPN3;FAM122A;PRELID3A;UPK1B;AC112777.1,0.924195331695206,,0.761455954971164,TRUE,""
IMmotion150,8757,CAVIN2;MYOM2;KIF2C;HMGA1P1;KIF15,0.945843303056267,,0.793365674372615,TRUE,""
IMmotion150,8758,TTC39A;AL022238.3;TMC7;OR1S1;ZNF300,0.898711792782672,,0.518532511314199,TRUE,""
IMmotion150,8759,STC1;MARVELD2;SOCS2;SNAP91;BMP2,1.22821557615861,,0.31553875135775,FALSE,""
IMmotion150,8760,SNAI2;SORCS2;LINC01002;DPP10;LRRC37A6P,1.00510260475188,,0.977873790797501,FALSE,""
IMmotion150,8761,LAMB3;HRC;SCHIP1;SEPTIN14P5;ZNF491,1.09401060622992,,0.63923534087259,FALSE,""
IMmotion150,8762,GULP1;PLCD4;RAB38;BCAN;SCARNA8,0.852955404219622,,0.412587545553593,TRUE,""
IMmotion150,8763,EPHX2;AC104452.1;SLC16A6;KIRREL2;IER3,0.982285734591284,,0.927471425206691,TRUE,""
IMmotion150,8764,CCDC141;CHDH;APCDD1;IGLL1;GZMA,0.699796276589487,,0.0704200758428109,TRUE,""
IMmotion150,8765,RADX;PTH1R;MMP11;DUSP9;AC004832.3,1.40655433777718,,0.0719533532129277,FALSE,""
IMmotion150,8766,IFI44L;CKAP2L;DAPP1;CLCN1;COL11A2,0.700776473576861,,0.0937246328849794,TRUE,""
IMmotion150,8767,ACSM3;SCN8A;FBXO16;AL590132.1;IFI6,1.17890685383239,,0.393281785822425,FALSE,""
IMmotion150,8768,MXRA8;KIF20A;ARRDC5;SLC9C2;MMP11,1.18099176744246,,0.384308794759627,FALSE,""
IMmotion150,8769,PCDHB9;LYSMD1;IL4I1;FGF10;HLX,0.916542676317529,,0.658174253083075,TRUE,""
IMmotion150,8770,SPNS2;ILDR1;AC015818.10;LINC02716;MLF1,0.957152976019462,,0.812284794835017,TRUE,""
IMmotion150,8771,H2BC17;OLFM2;LOXL4;AL078621.2;H3C7,1.08829234813121,,0.655469139004124,FALSE,""
IMmotion150,8772,LDLR;SYBU;FAM227A;APCDD1L;PPP1R16B,1.13241465518398,,0.519370209685523,FALSE,""
IMmotion150,8773,BUB1B;RNF213-AS1;AC112777.1;RBMXL2;CKS2,1.25622445668153,,0.341846433050012,FALSE,""
IMmotion150,8774,IMPA2;C11orf98;C2orf27A;SERPINB2;SNORA59A,1.19022354415417,,0.394659730744756,FALSE,""
IMmotion150,8775,RGS2;ZNF565;MSC;LINC01605;ID1,1.23665831687196,,0.289807187693361,FALSE,""
IMmotion150,8776,MAP7;DYNC1I1;HENMT1;ZNF804B;SNORD9,0.957731555242915,,0.818973028106549,TRUE,""
IMmotion150,8777,SCIN;SEMA3A;ADCY1;CNGB1;CDKN3,0.982280243356189,,0.928647282917659,TRUE,""
IMmotion150,8778,EGR2;AC093899.2;RBP1;PCDH11Y;TLR8,0.679147316496069,,0.0753404170020957,TRUE,""
IMmotion150,8779,CTAGE6;SORCS2;CD247;EYS;GNAZ,1.17226925088066,,0.350089176968259,FALSE,""
IMmotion150,8780,CCL2;UGT8;MYCT1;AC091390.1;FGD1,0.79806429301387,,0.251330372528535,TRUE,""
IMmotion150,8781,AMACR;PWAR5;GGH;ST13P20;TRIM6,1.01209768252211,,0.951371177189682,FALSE,""
IMmotion150,8782,MT-ATP6;SNRPEP4;H2BC3;CDRT15P6;SLC16A6,0.78581322707438,,0.251489286111904,TRUE,""
IMmotion150,8783,SNORD116-20;PCDHB3;HOMER1;PSCA;LNX1,1.28310043039614,,0.215461794013125,FALSE,""
IMmotion150,8784,TLR7;RPSAP12;MARCHF3;AC022217.1;CNRIP1,1.01513426068735,,0.94027855664382,FALSE,""
IMmotion150,8785,SNAI2;FKBP14;TSNAXIP1;MYH16;SNHG17,1.27415411422073,,0.213502039361977,FALSE,""
IMmotion150,8786,NAV3;CFAP251;SLC25A33;OR14K1;BNIP3P1,0.949112833133171,,0.778916769737342,TRUE,""
IMmotion150,8787,LIF;S100A9;ABTB2;RPS6P22;LILRA2,1.23777725346015,,0.295294984602554,FALSE,""
IMmotion150,8788,PTPN3;TBKBP1;TROAP;AC015911.9;IL4I1,0.813446494291454,,0.356956735493787,TRUE,""
IMmotion150,8789,GXYLT2;ZNF232;EXOC3L1;SP5;DAPK2,1.05897453663969,,0.730545016792532,FALSE,""
IMmotion150,8790,NOSTRIN;ZNF713;P3H3;HNRNPA1P70;P2RY1,0.825629432153579,,0.309070459663166,TRUE,""
IMmotion150,8791,SNORD116-22;RIMBP3;LY86;GNG4;NCAPH,0.690278532212603,,0.0854172763146287,TRUE,""
IMmotion150,8792,DLL1;ZFHX2;AC136632.1;RPL17P34;VDR,0.857751953376348,,0.493959568357214,TRUE,""
IMmotion150,8793,EDIL3;CFAP91;PIH1D2;SERPINC1;CDKN3,1.07163685248082,,0.741223541325315,FALSE,""
IMmotion150,8794,SERPINI1;HYLS1;AC021078.1;DRD1;TLR8,0.644219345384008,,0.0388061013152774,TRUE,""
IMmotion150,8795,OLR1;AP002373.1;SLC6A9;KRT222;CD33,0.758361179585319,,0.16957272506545,TRUE,""
IMmotion150,8796,LDHAP4;GIMAP1-GIMAP5;CDKN3;CLEC4C;RPSAP15,0.860082122145134,,0.468620933155226,TRUE,""
IMmotion150,8797,CD248;ADAM23;LRP3;ARMS2;KATNAL2,1.34990050338688,,0.138860388710337,FALSE,""
IMmotion150,8798,LIF;POM121L9P;PTGDR;AKR1C5P;MICU3,1.04368856902159,,0.820281825822306,FALSE,""
IMmotion150,8799,EGR2;AC093899.2;HLA-L;KRT8P5;CCR5,0.84584481796485,,0.31352229663321,TRUE,""
IMmotion150,8800,CRIP1;COX7A1;CYGB;IGKV5-2;CIDEB,1.03844602653266,,0.83449644621252,FALSE,""
IMmotion150,8801,GPR183;GIPC2;ADAM32;CADM2;RAD51,0.935882410689147,,0.730191041771447,TRUE,""
IMmotion150,8802,FN3K;CEP170P1;PRELID2;HTR4;PCDHGB8P,0.845752215503504,,0.322342302521274,TRUE,""
IMmotion150,8803,RGPD3;NAPSB;TESPA1;SHISAL1;Z74021.1,0.638482665677059,,0.0307827731305384,TRUE,""
IMmotion150,8804,ARFGEF3;RERG;LY96;FOXD4L5;PCDHB18P,1.26280395080574,,0.262493608181037,FALSE,""
IMmotion150,8805,IMPA2;CLEC3B;DNM1P46;TERT;FAHD2B,1.01527931937778,,0.929932371311285,FALSE,""
IMmotion150,8806,SNORD118;CFAP94;ZNF610;OR2T10;P2RY13,0.795995750962666,,0.258759559169596,TRUE,""
IMmotion150,8807,TRBC2;NCR3LG1;GOLGA8K;OR1N2;TBXA2R,0.659422932381864,,0.0419685268520723,TRUE,""
IMmotion150,8808,SCIN;SCN8A;EGFLAM;TCTE1;RAB38,1.42949788398288,,0.0396762963980596,FALSE,""
IMmotion150,8809,FBN2;C4orf47;ACOX2;FSHR;FEZ1,1.37304519163969,,0.110246593298842,FALSE,""
IMmotion150,8810,DENND2A;WDR53;SHE;AGXT;SAMD3,0.837576248246137,,0.350285373282368,TRUE,""
IMmotion150,8811,PCOLCE;AC002470.2;NPIPB9;IQCJ;EMILIN1,0.911732253901693,,0.645182182392559,TRUE,""
IMmotion150,8812,ITGA11;TOX;LETM2;AL589669.1;H4C9,0.540408422065837,,0.0028937497670341,TRUE,""
IMmotion150,8813,HKDC1;PROM2;VWA1;FAM25BP;IGFBP6,1.09216462737929,,0.664695898425228,FALSE,""
IMmotion150,8814,ABCB4;AC036108.2;SLC7A8;MYLPF;CLEC4A,0.947151640370004,,0.788834296401406,TRUE,""
IMmotion150,8815,PCOLCE;SLAMF1;CEP295NL;SNORA15B-2;NOVA2,0.952077353435839,,0.804308873723027,TRUE,""
IMmotion150,8816,KIT;TMEM184A;RAMP3;ST6GALNAC5;BPTFP1,0.883318370398096,,0.522749174668893,TRUE,""
IMmotion150,8817,PARM1;PADI2;TESPA1;SHOC1;TIGD2,0.547841365442334,,0.00377708493195402,TRUE,""
IMmotion150,8818,ADAMTSL3;FAM86B1;CMTM8;ST8SIA2;LILRA6,0.905817011498505,,0.616866432486208,TRUE,""
IMmotion150,8819,GULP1;FDXACB1;CHST2;C8B;CASZ1,0.746125662996225,,0.217554922545584,TRUE,""
IMmotion150,8820,EDNRB;TRIM16L;ZNF483;RPH3A;H3C11,0.73257872270339,,0.103670576335037,TRUE,""
IMmotion150,8821,CCDC141;PHYHD1;CEL;LCN10;FMOD,0.857590508136774,,0.41644877350731,TRUE,""
IMmotion150,8822,HOOK1;SLAMF7;KIF14;LINC02249;TNFRSF11A,0.787061455175873,,0.217870527583065,TRUE,""
IMmotion150,8823,KLF5;CLEC10A;SCARA3;LHX9;PDE1C,1.12598662912149,,0.549906332268234,FALSE,""
IMmotion150,8824,SNAI2;ICOS;PLEK2;WFDC10B;AK7,0.951345704783614,,0.79114148495236,TRUE,""
IMmotion150,8825,GPR183;PYGO1;THSD1;AC092667.1;MTFP1,1.09490363059868,,0.634221714128014,FALSE,""
IMmotion150,8826,IMPA2;CNTN4;STARD5;AC036214.3;TRIM2,1.23364915978548,,0.312394496041166,FALSE,""
IMmotion150,8827,KRBA1;BAIAP3;TMEM220;AC127502.3;HEY1,1.40174899544902,,0.0662069581258498,FALSE,""
IMmotion150,8828,HSPA7;KIF20A;DECR2;CHST6;PRTG,0.756588949086553,,0.152331594067797,TRUE,""
IMmotion150,8829,HSPA7;ANKRD33B;SNORA13;CDC42EP2;CENPK,0.773306041940949,,0.176486852040255,TRUE,""
IMmotion150,8830,KIF26B;AC026150.3;FHDC1;AC135983.4;FCN1,0.932945485676537,,0.746796749194514,TRUE,""
IMmotion150,8831,LRP4;SPDYE18;IL12RB1;CD1A;CCDC74A,0.669913482329591,,0.077816492496515,TRUE,""
IMmotion150,8832,H2BC9;SLITRK4;AFF2;NOG;RTL5,0.673153903650392,,0.0407922046286219,TRUE,""
IMmotion150,8833,ITGA8;AC215522.2;HMMR;FAM151A;AGER,0.898762210382981,,0.571227204400802,TRUE,""
IMmotion150,8834,PKD1P5;ARHGEF16;ZNF257;AC140504.1;HEY2,1.16639071815528,,0.416484990608055,FALSE,""
IMmotion150,8835,PDE2A;SNORA75;ITGA10;TRAV25;CCDC74B,0.851008478027434,,0.399715703137911,TRUE,""
IMmotion150,8836,SDK1;SCN8A;IER2;AC023590.1;LRRC75B,1.49704238987045,,0.0373775248942379,FALSE,""
IMmotion150,8837,KDELR3;HLA-H;C1orf21;HSPB7;TSGA10,0.911974976026239,,0.642824517090542,TRUE,""
IMmotion150,8838,CTAGE6;BMPR1AP2;PGAP4;GOLGA6D;KYAT1,0.790680751448243,,0.152128205984229,TRUE,""
IMmotion150,8839,ETV1;INMT-MINDY4;ALDH7A1P1;SNAP91;SPOCK2,0.680541110195397,,0.0527959936380558,TRUE,""
IMmotion150,8840,CCL2;ITGA2B;CCDC113;AC005829.2;RASSF7,1.01541653091596,,0.938974630346209,FALSE,""
IMmotion150,8841,TSKU;PDCL3P4;TWF1P1;LINC00671;ITGA10,1.00465316404629,,0.983335177357709,FALSE,""
IMmotion150,8842,GBP5;TMEM236;WNK3;ALPI;ITGA10,0.666983989069204,,0.0567819440254131,TRUE,""
IMmotion150,8843,RETREG1;KCNJ15;RALGPS1;AC099811.2;TMC7,0.89208893355665,,0.526740371842747,TRUE,""
IMmotion150,8844,PTTG1;TRBC1;FZD8;OR13C3;RAI2,0.66475970718883,,0.0589682152011412,TRUE,""
IMmotion150,8845,MT-ND1;SIRPG;KLF2;STEAP3-AS1;SNHG17,0.84114111607183,,0.377975405498559,TRUE,""
IMmotion150,8846,RGPD3;EFNA5;ANO2;TREH;TIGD2,0.737542765803697,,0.115782396365931,TRUE,""
IMmotion150,8847,PCSK5;STOX1;NANOGP8;SULT1E1;TRIM34,0.767593535842723,,0.177420484650861,TRUE,""
IMmotion150,8848,SDK1;LYSMD1;STX11;MT1P1;PCDHGA4,0.571371190240125,,0.00536657250861384,TRUE,""
IMmotion150,8849,CCDC146;CEP170P1;MICU3;IGHV4-55;SEMA4G,0.587701167919562,,0.00512855834741069,TRUE,""
IMmotion150,8850,LRP4;ZNF727;TMEM220;COL26A1;UNC5C,1.15457312876247,,0.425670978422291,FALSE,""
IMmotion150,8851,SERPINI1;AC215522.2;CATSPERG;TRPC7;CD28,0.67985690188812,,0.0620051926281888,TRUE,""
IMmotion150,8852,NPNT;HUNK;PSORS1C1;AC084756.2;HEYL,0.88422509357052,,0.508301273617824,TRUE,""
IMmotion150,8853,STC1;USP2;FZD8;DQX1;STK26,0.924737538606436,,0.69554602875836,TRUE,""
IMmotion150,8854,CCDC146;GATA3;STK32B;TRAV6;AC124944.2,0.798332358515108,,0.255034478548308,TRUE,""
IMmotion150,8855,OLR1;ICA1L;STX11;AD000091.1;RPPH1,0.566635931626855,,0.00240389003870353,TRUE,""
IMmotion150,8856,ADAM12;CLEC12A;KIFC1;LINC01554;HOXB6,0.882925871207238,,0.538322933933961,TRUE,""
IMmotion150,8857,MOCOS;CCDC68;PRTG;WBP1P2;LIMD2,0.92308804353676,,0.664278956334861,TRUE,""
IMmotion150,8858,ADAMTSL2;EFNA5;TBX2;KRT8P34;ANGPT1,0.890346397328209,,0.537787002405144,TRUE,""
IMmotion150,8859,CD3E;RTKN2;EVA1C;AL139423.1;AC004890.2,0.815666899866019,,0.292480447830222,TRUE,""
IMmotion150,8860,LRP4;PCDHB6;CYYR1;SFTPC;HENMT1,1.02509520560756,,0.89305193056355,FALSE,""
IMmotion150,8861,MXRA8;TRGC1;MPP7;OR9Q2;ZNF454,0.738612750557772,,0.110821508988039,TRUE,""
IMmotion150,8862,H2BC17;MANEAL;GPAT3;SNORD65;MROH7,0.970813324611991,,0.883949006964411,TRUE,""
IMmotion150,8863,PLAUR;GLB1L2;ZNF433;SLC23A4P;CCNF,0.981827629207542,,0.920369808466706,TRUE,""
IMmotion150,8864,KIF4A;SPDYE18;PKDCC;AC012531.2;GJA4,1.09222093172382,,0.672563809144467,FALSE,""
IMmotion150,8865,SNORD118;SLC14A1;TMEM150C;OVCA2;PCDHB2,1.04219926108068,,0.838193501015509,FALSE,""
IMmotion150,8866,ZNF395;KCP;AL158050.1;WSCD2;KCNK5,0.993072448814098,,0.971324322620926,TRUE,""
IMmotion150,8867,PTER;MICOS10-NBL1;HOXB6;PON1;GPR75,0.735615860498397,,0.100375728189706,TRUE,""
IMmotion150,8868,MDK;AGBL3;SOX5;ENTPD8;MPP3,0.997823212219975,,0.991177435695481,TRUE,""
IMmotion150,8869,HYDIN2;EBF2;GNA15;KCNS1;HCST,0.931401118186076,,0.731588313105576,TRUE,""
IMmotion150,8870,EPHX2;PCDHB6;LRP3;THEGL;TSPOAP1,0.987538828020663,,0.951604918270428,TRUE,""
IMmotion150,8871,SLC11A1;FAM72B;LRRC17;SLC30A2;NEURL1B,0.863435518085496,,0.504284988374628,TRUE,""
IMmotion150,8872,TNFRSF11B;FAM86B1;NXN;AC133555.2;KIFC1,0.7959078966992,,0.333795627210195,TRUE,""
IMmotion150,8873,IFI44L;MXRA7P1;SSPN;VWA3B;ABTB2,0.940802339369652,,0.75455654279372,TRUE,""
IMmotion150,8874,ADAM22;CLDN7;DGCR6;AL845331.1;TMEM150C,0.901811830844356,,0.611409421197989,TRUE,""
IMmotion150,8875,DLL1;SLC5A4;ABLIM2;LINC00621;EPHB2,0.909345269028041,,0.632557751540188,TRUE,""
IMmotion150,8876,PPFIA4;SIDT1;SAMD3;VAC14-AS1;CYYR1,0.872015057916261,,0.481552872528708,TRUE,""
IMmotion150,8877,CD248;UBE2C;ZNF470;AL138899.2;HHEX,1.11186681503398,,0.599756963708155,FALSE,""
IMmotion150,8878,PLAU;LLPH;RFTN2;AP001496.2;SNORA59A,1.02292276329422,,0.905481513424678,FALSE,""
IMmotion150,8879,MT-ND1;PPFIA2;TMEM132A;ATP2A1-AS1;ZNF816-ZNF321P,0.749476740533838,,0.137158748557103,TRUE,""
IMmotion150,8880,SCIN;EXO1;H3C13;TCEAL2;PECAM1,0.841410774862795,,0.372554773109551,TRUE,""
IMmotion150,8881,HGF;PEG10;TAS2R5;TAS2R7;ARHGEF37,1.07639694427399,,0.731845573479896,FALSE,""
IMmotion150,8882,AOC3;SLC12A8;PCDHGB8P;LINC00671;GOLGA8K,1.07887078966819,,0.710948649690092,FALSE,""
IMmotion150,8883,COL5A3;ZMYND19;HEY2;KCNJ6;RCAN3,0.737585727824454,,0.161911101994666,TRUE,""
IMmotion150,8884,THSD4;TRIM45;LILRA6;MIR9-1HG;Z74021.1,0.9586861141728,,0.853478432340508,TRUE,""
IMmotion150,8885,SPATA18;P2RY10;MICU3;GGT8P;KCTD15,0.89152294080811,,0.541448185251174,TRUE,""
IMmotion150,8886,IFI44L;SLITRK4;H4C9;FAM149B1P1;ELMO3,0.639930118699391,,0.0124629066650918,TRUE,""
IMmotion150,8887,SELENBP1;MT1F;TONSL;RPS26P3;TBXA2R,1.280155466818,,0.2080551506547,FALSE,""
IMmotion150,8888,LDHAP4;CKB;PCDHGA3;FUT2;HOXA2,0.954565710692558,,0.816363158391554,TRUE,""
IMmotion150,8889,FHL2;RERG;H3C13;FSD2;MAFB,1.1114688703342,,0.588453931437246,FALSE,""
IMmotion150,8890,SMIM3;SLCO4A1;DAPK2;AC092667.1;SCAMP5,1.05805885894713,,0.754890249713877,FALSE,""
IMmotion150,8891,PSD3;FLRT2;ZNF793;HSPB3;PCDHGC5,1.00224203543377,,0.990144644433359,FALSE,""
IMmotion150,8892,MT-CO3;RNF150;PRELID3A;IGLV2-5;PMEPA1,0.97680183379423,,0.903758631558984,TRUE,""
IMmotion150,8893,MT-CYB;INMT-MINDY4;ORC1;PCDHB1;MTARC1,0.868611746249198,,0.504710946370531,TRUE,""
IMmotion150,8894,RASL11A;JPH2;CLEC4A;SYT14;SNORA60,1.02986924531665,,0.883372076490198,FALSE,""
IMmotion150,8895,OLFML3;IGF2BP2;KIAA1614;FAM205BP;HCST,0.778129302804344,,0.211723416235089,TRUE,""
IMmotion150,8896,MEIS1;AGBL3;HK3;SLC23A4P;KCNS3,0.765444378005302,,0.16536042207708,TRUE,""
IMmotion150,8897,SNORD116-22;AC233699.1;FAM72A;CDC27P1;TNFRSF10C,0.744473617778679,,0.162063191552119,TRUE,""
IMmotion150,8898,GABRE;NLGN4X;CD247;AL162411.1;IL2RB,0.673196194823848,,0.0454116922369493,TRUE,""
IMmotion150,8899,GGT5;SPON2;CA11;FAM9B;TXK,0.764012390672875,,0.191046974279283,TRUE,""
IMmotion150,8900,KIT;DEPDC7;CENPI;HOXB13;PTPN7,0.775814817777297,,0.190424165310019,TRUE,""
IMmotion150,8901,NTN4;AKR7A3;KLF2;TBC1D3;SNORA71A,1.13722252157798,,0.499506406182266,FALSE,""
IMmotion150,8902,GULP1;TMEM236;LCK;NRTN;TCF7,0.511684305180276,,0.00188930190869595,TRUE,""
IMmotion150,8903,PCDHB11;PITPNM3;SNORA10;TTC6;LCK,0.818896459843445,,0.304237207390296,TRUE,""
IMmotion150,8904,SMIM3;TBCEL-TECTA;AKR1E2;ALOX12;ORC6,1.72223796951273,,0.00479206660071072,FALSE,""
IMmotion150,8905,PC;SRR;GPAT3;PCDH11Y;MOB4,1.02316292212633,,0.904666050575045,FALSE,""
IMmotion150,8906,ZNF704;TM4SF18;BRSK1;AC025165.3;SIGLEC7,0.778959008849546,,0.205870379024986,TRUE,""
IMmotion150,8907,TLL1;SORCS2;PCDHGA7;MT3;CD3G,0.706836803197096,,0.058372088482066,TRUE,""
IMmotion150,8908,KDELR3;PLGRKT;HIC1;SLN;SCAMP5,1.07741406315693,,0.73679323756771,FALSE,""
IMmotion150,8909,MATN2;NRG1;ADGRE4P;POU5F1P3;EBF4,0.826151192031185,,0.285270841183973,TRUE,""
IMmotion150,8910,IQGAP3;INAVA;ADGRE4P;AC010378.1;ARVCF,0.929226968509259,,0.711566076209313,TRUE,""
IMmotion150,8911,LEF1;RBM20;SNORA60;F13B;AL590399.1,1.03975756449828,,0.849640535423208,FALSE,""
IMmotion150,8912,BUB1;B4GALNT3;RBKS;OR7E158P;LILRA6,1.01000710557926,,0.961777273836698,FALSE,""
IMmotion150,8913,RGS2;PPIAP2;LRRC75B;VWA3B;ZDHHC23,1.05723676844547,,0.773562950415785,FALSE,""
IMmotion150,8914,HRH2;EML5;CCDC110;LACTB2-AS1;LOXL4,0.929875765213211,,0.691862063742982,TRUE,""
IMmotion150,8915,AGAP7P;KIF17;FEZ1;TBC1D3E;KLHL3,0.79899319024257,,0.244944945642471,TRUE,""
IMmotion150,8916,CCDC141;AC026150.3;CD28;RPL17P34;APOBEC3B,0.757941911594678,,0.177911751994005,TRUE,""
IMmotion150,8917,NR3C2;SIRPG;CD83;BOLA2;RFTN2,0.816140944477657,,0.323091039146697,TRUE,""
IMmotion150,8918,MT-ND2;HMGB3;GNA15;DCX;CLEC4A,0.788424999713382,,0.227207989124732,TRUE,""
IMmotion150,8919,APOC1;AC009078.3;SLFN12L;OR2G6;ZNF660,0.528091615268712,,0.00348924286553137,TRUE,""
IMmotion150,8920,CD3D;SGK2;OSBP2;ABCB10P1;LILRA5,0.831575068585498,,0.380880425759354,TRUE,""
IMmotion150,8921,FHL2;PLAC8;PSORS1C1;SMIM10L2B-AS1;ZNF662,1.06170495715949,,0.739088369359409,FALSE,""
IMmotion150,8922,SNORD13;SPATA17;GINS1;PRDM9;ZWINT,1.22827159552169,,0.349607748957079,FALSE,""
IMmotion150,8923,PCDHB15;PNMA2;MCM10;PP7080;ARMH4,0.98139228764937,,0.926951072433931,TRUE,""
IMmotion150,8924,EGR2;NPIPB8;KLF2;ANOS2P;AK1,0.853130256909954,,0.4061093799215,TRUE,""
IMmotion150,8925,NPNT;GLB1L2;HK3;CYP4B1;H3C3,0.95286462563698,,0.81784215578089,TRUE,""
IMmotion150,8926,KIF4A;NTRK3;CSPG4P12;AF001548.2;TRIB3,1.33233323563275,,0.154242413935627,FALSE,""
IMmotion150,8927,GPR183;TOX;SPSB1;SULT2B1;DGKI,0.84248174697676,,0.400427179852139,TRUE,""
IMmotion150,8928,SNORA31;GALNT15;RDH13;KRT25;GCSHP5,1.49125211891375,,0.0345997934488087,FALSE,""
IMmotion150,8929,NTN4;AL731577.2;FAM227A;AC123768.4;RALGPS1,1.02494223112237,,0.92051572656218,FALSE,""
IMmotion150,8930,FTH1P20;TRPM6;ARHGEF15;PRSS2;LIMS2,0.996597227146517,,0.98490726690702,TRUE,""
IMmotion150,8931,MT-ATP6;IL17RD;NCAPG;TTLL10-AS1;TWF1P1,0.672471114153479,,0.06538679839918,TRUE,""
IMmotion150,8932,AMACR;LAMP3;DGKG;AC135068.5;TMEM273,0.748163738908618,,0.144159368082086,TRUE,""
IMmotion150,8933,DCLK1;COL24A1;TTK;NPAS4;COL11A2,1.08639919626656,,0.683043558328332,FALSE,""
IMmotion150,8934,SELENBP1;TSSC2;PTPN7;SLC34A1;TMEM273,1.05803168856551,,0.779130571844909,FALSE,""
IMmotion150,8935,KIF26B;STEAP1;H3C1;SNORD35A;SIK1,0.925289909127209,,0.700352740546237,TRUE,""
IMmotion150,8936,TSKU;USP2;SH3BGRL2;AC009977.1;ADAMTS13,1.0907638884279,,0.660946590250559,FALSE,""
IMmotion150,8937,TSC22D3;DMRTA1;RPS20P14;AP001496.2;LY96,0.987196255739965,,0.943662845452489,TRUE,""
IMmotion150,8938,ADAMTSL2;BCL2A1;NCAPH;KCNE1;MPP7,0.828120337949672,,0.362203845797243,TRUE,""
IMmotion150,8939,CNTNAP3;KLRC4-KLRK1;DECR2;SCTR;UBE2Q2L,0.968501106387066,,0.865949296280265,TRUE,""
IMmotion150,8940,KCNN3;MT1L;CKS2;BIRC7;ZNF660,0.957161350630361,,0.813481152907281,TRUE,""
IMmotion150,8941,THSD4;RNF150;LPAL2;CDRT15P6;CMKLR1,1.03708052134241,,0.848459038355296,FALSE,""
IMmotion150,8942,ZFPM2;Z83840.1;MACROD2;C10orf90;MAPK12,1.04473792088867,,0.825578514850304,FALSE,""
IMmotion150,8943,PCDHB15;PPCDC;CCDC74A;RXRG;PTGDR,0.596896277799188,,0.0264679590941468,TRUE,""
IMmotion150,8944,DNAH6;GPLD1;MAN1C1;TMEM125;GRHL1,1.41164789856724,,0.0988429763085796,FALSE,""
IMmotion150,8945,GGT5;PCDHGB1;KIF15;DMRT2;PSTPIP1,0.65410135433961,,0.0440955821350333,TRUE,""
IMmotion150,8946,TPX2;RGN;PYHIN1;AC116348.4;CAMK4,0.742825657157041,,0.1406055676735,TRUE,""
IMmotion150,8947,EGR2;LIPG;CACNB2;TNPO1P2;CAMK4,0.709024069014731,,0.112906669885912,TRUE,""
IMmotion150,8948,PCSK5;AC008878.1;DIPK2B;AC007731.4;MSC,0.908113385490468,,0.648935290414882,TRUE,""
IMmotion150,8949,NPNT;CKAP2L;ABCB9;AL049844.3;H1-5,1.15225150675158,,0.502588563795296,FALSE,""
IMmotion150,8950,PSD3;LY9;TMEM26;KY;LY86,0.936533072594471,,0.730749558428606,TRUE,""
IMmotion150,8951,ABCA6;CXADR;WDR17;BIRC7;BANK1,0.953944155095149,,0.817318440613334,TRUE,""
IMmotion150,8952,NQO1;PLGLB2;SEMA4G;DLX6;EML6,1.04803462084051,,0.82703172037911,FALSE,""
IMmotion150,8953,PBLD;AMIGO1;IER2;AL355303.2;NAALADL2,1.22666766705484,,0.333254305084642,FALSE,""
IMmotion150,8954,C5;NTRK3;C2orf27A;FUT2;PTCH2,1.25478875926809,,0.256179038531714,FALSE,""
IMmotion150,8955,PCDHB15;HYAL1;STMN3;FAM205BP;EIF5A2,1.00096787506122,,0.995987629973974,FALSE,""
IMmotion150,8956,FN3K;FAM86EP;LRP8;GPC5;SOX5,1.05088884862454,,0.794081945766596,FALSE,""
IMmotion150,8957,CD163L1;GZMB;TMEM273;RNASEH1P1;CCDC157,0.920760719700512,,0.685415580295715,TRUE,""
IMmotion150,8958,CAVIN2;CXADR;SLC4A11;KISS1;H3C13,1.15380203517372,,0.465879043631956,FALSE,""
IMmotion150,8959,AOC3;CFD;CASS4;ELANE;CD6,1.01055417184332,,0.958388422575038,FALSE,""
IMmotion150,8960,AK4;FMO5;SLC4A11;KRT36;AGER,0.9138892926477,,0.621124576400888,TRUE,""
IMmotion150,8961,NOSTRIN;ENPP5;SCARA3;SLC5A8;CC2D2B,0.89849508509984,,0.593749576478138,TRUE,""
IMmotion150,8962,SNORD116-20;GPR160;SNORA13;CLC;SLC9A7P1,1.00477794077805,,0.982027118547396,FALSE,""
IMmotion150,8963,DCLK1;SNORA62;SIGLEC7;FAM9A;STAG3,0.959609681557328,,0.830600851140244,TRUE,""
IMmotion150,8964,RHOB;MFAP2;GRAPL;MUC5AC;EIF5A2,1.10129033584672,,0.613368274965577,FALSE,""
IMmotion150,8965,RETREG1;RGN;LCK;AC007938.2;DUSP7,0.800831954103105,,0.215027248037641,TRUE,""
IMmotion150,8966,PARM1;SNORA62;FAM72A;KIR2DL1;FEZ1,0.777306473179716,,0.208803389131743,TRUE,""
IMmotion150,8967,CCL5;CEP170P1;ANGPT1;MRPS31P4;CCR2,0.517787633922195,,0.000902355635702385,TRUE,""
IMmotion150,8968,SEZ6L2;FAM241A;ABCG2;KRT8P31;SIK1,0.812661757429469,,0.237325906306194,TRUE,""
IMmotion150,8969,LEF1;F3;MPP7;LINC02207;SHROOM2,0.711759076223384,,0.110156310100399,TRUE,""
IMmotion150,8970,LAMB3;SUSD2;TMEM132A;PRR15L;NCAPG,0.923512386125468,,0.68584835156423,TRUE,""
IMmotion150,8971,TRBC2;AL627309.6;ITGA10;IGLV5-45;MELK,0.804155033311584,,0.257414487311068,TRUE,""
IMmotion150,8972,OLFML2A;ALDH4A1;LILRA5;H2BU2P;GSTM3,1.14547577568711,,0.516455401118784,FALSE,""
IMmotion150,8973,ALDOC;EXO5;KLHL3;DHX40P1;HOXD4,1.0542422009427,,0.778633904616087,FALSE,""
IMmotion150,8974,SPATA18;PSMG4;RALGPS1;IGSF9;S1PR2,0.575083286550595,,0.0245276617622787,TRUE,""
IMmotion150,8975,SRPX2;STEAP1;HOXA4;EML2-AS1;NUPR1,1.09911944270852,,0.624616165420767,FALSE,""
IMmotion150,8976,PARM1;AC006254.1;HJURP;AL050343.2;LIMS2,1.01170366021499,,0.951833125753345,FALSE,""
IMmotion150,8977,PCDHB11;COL21A1;SNORA3B;AL627422.1;C17orf97,1.15483378560775,,0.472254177010351,FALSE,""
IMmotion150,8978,PSD3;MFAP2;MARCHF3;RPS26P31;RDH13,0.927259872684343,,0.684291181243517,TRUE,""
IMmotion150,8979,TSKU;CTSW;EXOC3L1;LRRC31;P2RY1,1.216029022796,,0.32743648329429,FALSE,""
IMmotion150,8980,COL5A3;GNLY;C5AR1;HNRNPA1P15;UBE2Q2L,1.11956203958247,,0.591894902189811,FALSE,""
IMmotion150,8981,OLR1;ZNF471;TPRN;XKR3;IER2,0.826375990157104,,0.289681625152798,TRUE,""
IMmotion150,8982,OLR1;HRC;NPIPB9;AL627422.1;EPHB3,0.896669060692375,,0.562745812705155,TRUE,""
IMmotion150,8983,HOOK1;ZP3;GZMA;TBC1D3P1-DHX40P1;DNM1P46,0.651550491785748,,0.0120673929546595,TRUE,""
IMmotion150,8984,ABCA9;ERV3-1;PCDHB18P;SMIM43;ABLIM2,0.733570265261813,,0.100982017419484,TRUE,""
IMmotion150,8985,CD209;ATP2A1;FAM13C;AP005018.2;ZNF214,1.32377312712197,,0.173924561155877,FALSE,""
IMmotion150,8986,HOOK1;PPFIA2;GADD45B;SAP25;ASRGL1,0.810125526109831,,0.32891102972994,TRUE,""
IMmotion150,8987,CDCP1;SPTB;CCR2;NDP;TPPP3,0.937874201268994,,0.74979119610773,TRUE,""
IMmotion150,8988,CCL3;FAM241A;H2AC16;FIBCD1;KLF2,0.862705601821266,,0.482354842210322,TRUE,""
IMmotion150,8989,KIF23;KIF17;H2AC16;SNORD62A;AD000090.1,0.784563180143587,,0.300240214021202,TRUE,""
IMmotion150,8990,FAM149A;CFAP251;CD80;SNORD12B;FAXDC2,0.974037563055544,,0.902677416032581,TRUE,""
IMmotion150,8991,AK4;NDC80;EID3;ZNF648;SPAG4,1.3269827844518,,0.238050084729427,FALSE,""
IMmotion150,8992,CEACAM1;XRCC3;EPHB3;ERN2;ARHGEF15,0.944551108276148,,0.764524006076655,TRUE,""
IMmotion150,8993,AOC3;PCDHB3;WDR17;RPTN;TIAM2,1.19858142807385,,0.333820534744726,FALSE,""
IMmotion150,8994,MEIS1;ZNF286B;TONSL;TBX5;SIK1,1.03707856467147,,0.852926302634133,FALSE,""
IMmotion150,8995,FBP1;MAGEE1;TONSL;CHAD;DRC3,0.803010696790463,,0.26546429844468,TRUE,""
IMmotion150,8996,LRP4;LY75;LYVE1;UMODL1;RGCC,1.08806381978204,,0.656150007320862,FALSE,""
IMmotion150,8997,DLL4;IRF4;BAMBI;DIRAS1;ANKRD29,0.69797869942387,,0.0688671608690474,TRUE,""
IMmotion150,8998,FBLN2;HTRA3;SLAMF8;NRG4;TESPA1,0.688050436873355,,0.0695105302436775,TRUE,""
IMmotion150,8999,SPATA18;FTH1P5;SNORD67;KRT19P1;TIGD2,0.866393331703484,,0.492442768191892,TRUE,""
IMmotion150,9000,TRBC2;MARVELD2;LCK;GATA4;TREM2,0.719175975445627,,0.0884163172506251,TRUE,""
IMmotion150,9001,TRPC6;RASSF6;AXIN2;CFHR2;MROH7,0.580642103789992,,0.0120814069943155,TRUE,""
IMmotion150,9002,SELENBP1;TMEM184A;CD3G;AC239859.5;LPAR1,0.928032199991968,,0.705402984400824,TRUE,""
IMmotion150,9003,GABRE;BMPR1AP2;SPSB1;HMGA1P1;ZSCAN31,1.0779561683685,,0.720517814447769,FALSE,""
IMmotion150,9004,SELL;LY9;LIMS2;KRT8P8;HLA-DOB,0.73352496396658,,0.122082996066585,TRUE,""
IMmotion150,9005,H2BC9;MAP1LC3B2;EVI2A;CSAG1;ZDHHC11,0.536552574398678,,0.00460543034225136,TRUE,""
IMmotion150,9006,SSC5D;AC093899.2;ZNF491;ALOX12B;HOXC6,0.709025135828699,,0.0590902727208837,TRUE,""
IMmotion150,9007,CCDC141;LIPG;SAMD3;WNT7B;THSD1,0.647665350976055,,0.0322932766579134,TRUE,""
IMmotion150,9008,NCF1C;PRCD;EYA2;AL590627.1;MMP11,1.14892378292302,,0.491504229565845,FALSE,""
IMmotion150,9009,PCDHB11;GPR39;GRIP1;NBPF7;SYT17,1.24263871770622,,0.265003411491317,FALSE,""
IMmotion150,9010,NETO2;AC079594.1;GSKIP;CREG2;PIM2,0.680099044846672,,0.0808645941699852,TRUE,""
IMmotion150,9011,ACSS3;HMGN5;TPRG1;POU6F2;LAT,0.757507480203416,,0.175957182830824,TRUE,""
IMmotion150,9012,CSPG4;NR2F1;PGAP4;AP000317.2;CD28,1.13275335396574,,0.543296704281703,FALSE,""
IMmotion150,9013,FOLR2;EGF;NOL3;PTPRT;ABCA10,1.49070784922533,,0.0437661183518291,FALSE,""
IMmotion150,9014,GGT5;SNORA33;SNHG17;NPHS2;RAMP3,1.24235618221009,,0.272660776298249,FALSE,""
IMmotion150,9015,BUB1B;BTNL9;ZNF366;C12orf50;GGH,1.09888263790405,,0.625586150407423,FALSE,""
IMmotion150,9016,GHR;CDA;C1QTNF3;TBC1D3F;THRB,1.29968744845509,,0.184590277927246,FALSE,""
IMmotion150,9017,TTC39A;AC079594.1;CCNJL;IGFL2;APCDD1,0.769520905514758,,0.180116860653275,TRUE,""
IMmotion150,9018,CD248;SLCO4A1;CYYR1;TCTE1;H3C1,1.06903617564654,,0.75139702924077,FALSE,""
IMmotion150,9019,PCDHB8;UBE2T;LRATD1;TDGF1;BMP2,0.915944081131113,,0.653428578269563,TRUE,""
IMmotion150,9020,PLEKHA7;RIPK4;AL031727.1;WFDC5;CCDC9B,0.733848482050688,,0.125104302690357,TRUE,""
IMmotion150,9021,PCDHGB5;AKR7A3;PATL2;HEPACAM2;IQCN,0.79297001100783,,0.22333508305394,TRUE,""
IMmotion150,9022,RADX;F2RL1;SLC4A11;GLRA4;NUAK2,0.992097541065005,,0.96791534714085,TRUE,""
IMmotion150,9023,AOC3;CTAGE3P;CATSPERG;POU5F1P3;SNORA18,1.25429213355334,,0.262684046627905,FALSE,""
IMmotion150,9024,NOSTRIN;GABRD;VWA1;SNORD27;TRIM34,1.21316610358667,,0.297951390888373,FALSE,""
IMmotion150,9025,FTH1P20;RCAN2;SCHIP1;AC007383.2;PRRG4,0.793024051848412,,0.179635728634667,TRUE,""
IMmotion150,9026,SMOC2;SLC14A1;TRIM73;SNORA74C-2;PGAP4,0.967376242143847,,0.867774100282439,TRUE,""
IMmotion150,9027,KIF23;HYLS1;DUSP5;C5orf38;CCR5,0.800574413200988,,0.286952727017406,TRUE,""
IMmotion150,9028,NOX4;GLB1L2;AL031727.1;OR7D2;MPP3,0.90394546738867,,0.573272459401555,TRUE,""
IMmotion150,9029,GCNA;MST1P2;CD226;UGT2B4;SNORA13,0.929211254128198,,0.726129308947718,TRUE,""
IMmotion150,9030,KIF4A;KIAA1143P1;TRGC2;HS6ST2;GPT2,0.688623799568082,,0.13740261801232,TRUE,""
IMmotion150,9031,ALDH1L2;SLC5A4;AC112777.1;DDX11L10;RFLNB,1.32566753650429,,0.156717923821255,FALSE,""
IMmotion150,9032,OLR1;SUSD2;TMEM220;AC117457.1;TRIM6,1.11306193624796,,0.600814333432003,FALSE,""
IMmotion150,9033,MT-CYB;PCDHGA2;KCNJ5;OR3A1;PCDHB4,1.08861200450218,,0.651755409437668,FALSE,""
IMmotion150,9034,CDH23;KCNJ15;SNORA3B;MOGAT1;TNFRSF10C,1.00442025886918,,0.981476042823651,FALSE,""
IMmotion150,9035,SNORD116-22;FAM86B1;FAXDC2;ARPP21;SLC22A4,0.932185820033632,,0.719801015603287,TRUE,""
IMmotion150,9036,PLA2G7;AC233699.1;TP53INP2;TRPC7;SNORA13,0.852884142217124,,0.413855451130991,TRUE,""
IMmotion150,9037,GBP5;YBX1P10;PSTPIP1;AC133065.2;TPPP3,0.644116613516571,,0.0183339834118994,TRUE,""
IMmotion150,9038,SNAI2;PHYHD1;RPS2P46;CDH20;RNF138P1,1.352822281766,,0.114964473993124,FALSE,""
IMmotion150,9039,GCNA;LIN7A;HID1;AC022494.1;FHAD1,0.614820576850936,,0.0190765026721021,TRUE,""
IMmotion150,9040,ZFPM2;GALNT15;PCDHB2;PIWIL1;SARDH,1.37869758960513,,0.103633051612715,FALSE,""
IMmotion150,9041,SDHAP2;HMGB3;DOK2;LY6E-DT;RPS20P14,0.980232785589626,,0.922617785685768,TRUE,""
IMmotion150,9042,TRO;ZNF511;ASRGL1;EFCAB3;NCAPG,0.812572916995483,,0.367650502399631,TRUE,""
IMmotion150,9043,FAP;KRTCAP3;CCDC157;DDTL;ELAPOR2,1.05187573881781,,0.782402371209799,FALSE,""
IMmotion150,9044,CD3E;MT1L;ZNF876P;ADH1A;NLRC3,0.762886378783163,,0.172732743309634,TRUE,""
IMmotion150,9045,FCGR1B;RBM20;GPR34;SERPINA10;SLC2A3P2,0.934242983953852,,0.699636250860152,TRUE,""
IMmotion150,9046,FBP1;RGS4;CD3G;AMY1C;CCDC110,0.678805578813637,,0.049681764267617,TRUE,""
IMmotion150,9047,ADM;AC138894.1;RGL3;FOXD4L6;PDE1C,1.04294924797554,,0.815701465995625,FALSE,""
IMmotion150,9048,NCF1C;ZNF565;SHCBP1;IRX1;TMEM156,0.591051501059831,,0.0219981213165404,TRUE,""
IMmotion150,9049,HOOK1;HRC;RFLNB;LINC02872;PTPN7,0.87043394685391,,0.491041949474129,TRUE,""
IMmotion150,9050,CCL3;CST7;IGF1;AC104389.5;EMILIN1,0.908907652030889,,0.628906653753249,TRUE,""
IMmotion150,9051,PTGS1;KBTBD3;LINC01138;PGM5P2;CFAP53,0.726266045547799,,0.125653977226644,TRUE,""
IMmotion150,9052,TRAC;ILDR1;SIGLEC7;PAEP;SNORA13,0.638560742491726,,0.0347679689086427,TRUE,""
IMmotion150,9053,ZFPM2;AL162417.1;H4C6;DUSP5P1;TBXA2R,0.978964584942697,,0.913929099124072,TRUE,""
IMmotion150,9054,FAP;ECHDC3;GATD3A;PGC;H3C13,1.39122297115789,,0.0799360250289765,FALSE,""
IMmotion150,9055,PCSK5;LOXHD1;STAC3;TRIM17;HMMR,0.729513165928875,,0.105054742629327,TRUE,""
IMmotion150,9056,MYRF;GZMK;RUNX3;NAT2;EMP2,0.682292563810425,,0.0489692711338446,TRUE,""
IMmotion150,9057,KDELR3;CLEC10A;STAG3;MANSC4;LZTS1,1.16186172764924,,0.453358632823562,FALSE,""
IMmotion150,9058,IFI44L;IRF4;PDE8B;YAP1P1;AL158050.1,0.599307915135202,,0.00532078885296649,TRUE,""
IMmotion150,9059,ANGPT2;PLAC8;GFOD1;AC005062.1;HLA-DOA,0.827053829637471,,0.30847326358674,TRUE,""
IMmotion150,9060,CRIP1;IGLV5-52;CD247;OR7E47P;CD200R1,0.656041652256855,,0.0402722404390205,TRUE,""
IMmotion150,9061,MT-ND2;AKR1C2;FCMR;NRXN1;BMP2,0.744549533254288,,0.122113260830229,TRUE,""
IMmotion150,9062,PLEKHA6;LOXHD1;SNORA50A;TSPEAR;STRC,1.09964537669962,,0.660863727728664,FALSE,""
IMmotion150,9063,EDIL3;SNORA64;DTX2P1;SSTR1;EXOC3L1,0.892012913480469,,0.505241762299281,TRUE,""
IMmotion150,9064,EGR2;PCDHB19P;MT-ND3;AC008750.1;CSPG4P12,0.927333008986881,,0.69200288654309,TRUE,""
IMmotion150,9065,PARD6B;NEK5;KIF14;AC123768.4;MARCKSL1,1.36749423507852,,0.13316937050459,FALSE,""
IMmotion150,9066,HSPA7;RARRES1;CCNJL;COL26A1;RNLS,0.782123365829643,,0.204802307919203,TRUE,""
IMmotion150,9067,DSEL;SLITRK4;PRKAR2B;SNORD116-11;TONSL,0.854223371002811,,0.422500509756281,TRUE,""
IMmotion150,9068,LDLR;SPON2;SLC25A33;FAM184B;AK1,0.949374498479892,,0.782738566546568,TRUE,""
IMmotion150,9069,SERPINI1;CDS1;CCDC113;C8A;KIF14,0.964288158273965,,0.863053858739999,TRUE,""
IMmotion150,9070,VEPH1;KCP;MMP11;IFIT1B;PRH1,1.51753674295932,,0.0353080879187779,FALSE,""
IMmotion150,9071,IRS2;DEPDC7;OXER1;KRT73;IL2RB,1.0822806194859,,0.678099274385809,FALSE,""
IMmotion150,9072,PCDHB15;IQCA1;THEMIS;EPO;SLC43A1,1.00888756857955,,0.963675883177323,FALSE,""
IMmotion150,9073,CD209;PYCR1;LNX1;OVOL1;MBD3,1.44923907128861,,0.0655734253285785,FALSE,""
IMmotion150,9074,THSD7A;GRM8;HSPD1P4;CSDC2;CCDC110,0.969171990159133,,0.861451156073018,TRUE,""
IMmotion150,9075,SNORA61;RGN;ZNF578;AKR1B15;CCDC113,1.20417792851403,,0.365993783612624,FALSE,""
IMmotion150,9076,PKD1P5;MICOS10-NBL1;ZNF540;AC007192.1;GRAP2,1.02386217616686,,0.891620588059376,FALSE,""
IMmotion150,9077,SNORA21;ZSWIM5;RTP4;FCRLA;LY96,0.578225825118337,,0.00734952441129683,TRUE,""
IMmotion150,9078,CD248;MYBL2;MREG;KRT13;SEPTIN1,0.782248276666691,,0.214928431467172,TRUE,""
IMmotion150,9079,MXRA8;CACNA2D3;CD302;AL358472.6;LPAR1,1.06652583830533,,0.737267165104912,FALSE,""
IMmotion150,9080,CAVIN2;AC026150.3;KYAT1;CLVS2;TONSL,0.89691229802224,,0.55522213244107,TRUE,""
IMmotion150,9081,TRIM9;MT-ND4L;SARDH;AC009275.1;CD72,0.845096108734463,,0.428391318394103,TRUE,""
IMmotion150,9082,FBP1;RBM20;SLC19A2;FCER2;HID1,0.881682746649881,,0.519260934711943,TRUE,""
IMmotion150,9083,MST1;GPR39;STARD5;AC112229.3;BAMBI,0.969642994292502,,0.877735774008722,TRUE,""
IMmotion150,9084,PCDHB9;HUNK;ADAMTS3;POTEH;MSS51,0.713062603178176,,0.0826509698015952,TRUE,""
IMmotion150,9085,MAP3K21;SLCO4A1;GZMA;SLC12A5-AS1;HLA-DOB,0.624082738335808,,0.0153864672726754,TRUE,""
IMmotion150,9086,PTPN3;AMIGO1;AS3MT;MKRN7P;ZAP70,1.18192009672328,,0.412815456259021,FALSE,""
IMmotion150,9087,PPFIA4;RIPK3;CASZ1;G6PC;GOLGA2P5,0.730794352422393,,0.0964613376353925,TRUE,""
IMmotion150,9088,LDHAP4;FAM157C;PGM5;AC092153.1;MCOLN2,0.702328823207613,,0.0683883877127291,TRUE,""
IMmotion150,9089,MT-CO2;AP000654.1;ZNF502;AC138951.1;CIDEB,0.640040809090067,,0.0199396505871248,TRUE,""
IMmotion150,9090,CCL4;RPL12P4;GRAPL;STH;HSD17B14,0.759334886364645,,0.169399358379405,TRUE,""
IMmotion150,9091,EMCN;F3;ELOVL6;XKR4;CETP,1.00051163912485,,0.997966775677375,FALSE,""
IMmotion150,9092,IQGAP3;NUF2;FCMR;ITIH1;TP53INP2,1.08913682887905,,0.698117896863853,FALSE,""
IMmotion150,9093,FHL2;P2RX1;HCST;AC106886.2;TONSL,1.07430708581259,,0.707331499670808,FALSE,""
IMmotion150,9094,STEAP3;DPY19L2P2;IL15RA;SERPINA9;ZAP70,1.06547388524743,,0.744573516318984,FALSE,""
IMmotion150,9095,PCDHGB5;RCAN2;POLQ;ACSBG1;SLC7A8,1.16258266766917,,0.41343497458865,FALSE,""
IMmotion150,9096,HSPA7;RPL9P7;THEMIS;MAP6D1;HOXA2,0.543107197949095,,0.00387313531180957,TRUE,""
IMmotion150,9097,ABCA9;SPON2;SNORA71A;IL20RA;RGCC,1.19804664494551,,0.33394745940321,FALSE,""
IMmotion150,9098,GPC4;ILDR1;AC093752.2;SNORA15B-1;KCNS3,0.811904963526921,,0.283247622311467,TRUE,""
IMmotion150,9099,ADM;TRIM16L;POU2F2;WNT11;SCARF2,0.98074152917607,,0.924405125593449,TRUE,""
IMmotion150,9100,NQO1;PLXNB3;PDE7B;SNORD27;ZSCAN18,1.3708594204106,,0.0932527625627005,FALSE,""
IMmotion150,9101,TLR7;USP18;FAM72A;AC005021.1;RCAN3,0.566640859969917,,0.00661764083726213,TRUE,""
IMmotion150,9102,RHOB;SIDT1;CD5;FABP1;RAG1,0.785521810068753,,0.202328015860714,TRUE,""
IMmotion150,9103,FBN2;P2RY12;AK7;AC091390.2;TRIM2,0.930898005499606,,0.701339523708664,TRUE,""
IMmotion150,9104,CARD11;SPTB;TMEM132A;TMEM74;SH3TC2,0.723078956964501,,0.105929741606888,TRUE,""
IMmotion150,9105,HKDC1;STEAP1;LCK;C1QTNF9;SLC39A4,1.01220516137,,0.947782984719481,FALSE,""
IMmotion150,9106,CEACAM1;NPHP3-ACAD11;CD247;PLCZ1;AXIN2,0.913043910363537,,0.61876716933894,TRUE,""
IMmotion150,9107,PLEKHA6;TBKBP1;TIGD2;EHMT2-AS1;KLRD1,0.618880653462755,,0.0315655314332541,TRUE,""
IMmotion150,9108,APBA2;AL731577.2;COL9A2;CSMD3;TONSL,0.77048249883733,,0.215497521153553,TRUE,""
IMmotion150,9109,PLCH1;NOVA1;TLR8;SFTPA1;TMEM54,0.767362931209591,,0.176495481112547,TRUE,""
IMmotion150,9110,THSD7A;TM4SF18;SOX5;ZNF705D;SYT17,1.32133721792334,,0.177545150486478,FALSE,""
IMmotion150,9111,ABCB4;DNAJC22;RPS20P14;BEND2;PDE1C,1.25883126265966,,0.197039615821958,FALSE,""
IMmotion150,9112,SRPX2;ALDH4A1;IER2;FOXA1;ELAPOR2,1.45290966944827,,0.0608111147641877,FALSE,""
IMmotion150,9113,CDH23;METTL7B;FSTL3;TSIX;EMILIN1,1.02850025099004,,0.882618292420306,FALSE,""
IMmotion150,9114,AKR1C1;ZNF215;DUSP5;TRBV4-2;IGF1,1.20351817361746,,0.353045891549426,FALSE,""
IMmotion150,9115,KIF23;GRB14;KCNJ5;EPHA10;ENO3,0.939498032797484,,0.768358122946694,TRUE,""
IMmotion150,9116,CEACAM1;PTGS2;MYCT1;SLFN14;SLC17A9,1.12495690855803,,0.566252653216482,FALSE,""
IMmotion150,9117,PTGS1;AC048382.2;CKS2;OR2A1;FAM184A,0.845997142888713,,0.394653339293622,TRUE,""
IMmotion150,9118,PDLIM3;ZNF713;PRH1;FSTL5;C1QTNF1,1.03497724239796,,0.850060384922672,FALSE,""
IMmotion150,9119,NFASC;CFAP251;LRRC37A6P;CLDN19;BRSK1,1.04968963377997,,0.804381801913417,FALSE,""
IMmotion150,9120,SLC2A10;SNORA40;IQCN;TMEM191B;HOXA3,1.30197896258633,,0.187659001134475,FALSE,""
IMmotion150,9121,NTN4;COL24A1;TREM2;TMEM125;SLC25A33,0.752264681561315,,0.139488133225763,TRUE,""
IMmotion150,9122,ZNF521;BTNL9;SLAMF6;CALR3;LINC01550,0.993746220759035,,0.971927778067535,TRUE,""
IMmotion150,9123,CSRP2;RHEBP2;EPHB3;FAM166C;PRKCQ,1.17243028307869,,0.400013870327447,FALSE,""
IMmotion150,9124,GULP1;FDXACB1;FAM174B;AC011767.1;ABCG2,0.70415045583527,,0.103241505319433,TRUE,""
IMmotion150,9125,CAVIN2;AC079594.1;FAM227A;SFTPB;H4C6,0.833245998500889,,0.343791616120409,TRUE,""
IMmotion150,9126,OR2A7;GATA3;APOBEC3B;NBPF13P;KCNK1,1.01349005926733,,0.944704005175296,FALSE,""
IMmotion150,9127,FN3K;SYBU;ZNF366;CELF5;DNAJC6,1.01804949268022,,0.923713679490427,FALSE,""
IMmotion150,9128,CCL3;CFAP251;TXK;AC091167.2;IGFBP6,0.56097773567231,,0.00407182957758298,TRUE,""
IMmotion150,9129,SMOC2;GJA5;RDH5;LHX8;DET1,1.13162939468953,,0.526843376035699,FALSE,""
IMmotion150,9130,LIF;SPTB;RTL5;ADAM18;TTK,1.34059004369776,,0.181688011808092,FALSE,""
IMmotion150,9131,STEAP4;EBF2;LRP8;MTND4P12;MCOLN2,1.03888701849718,,0.858352516814598,FALSE,""
IMmotion150,9132,HGF;AC093899.2;PANK1;KRT8P7;FGD1,0.73816190168319,,0.28364312474973,TRUE,""
IMmotion150,9133,FOLR2;SNORA40;PAFAH1B3;DHRS4L1;ANO2,1.06441770631517,,0.774644167961898,FALSE,""
IMmotion150,9134,HYDIN2;RARRES1;RPS20P14;C2orf16;C1QTNF1,0.951993026998552,,0.791240330135138,TRUE,""
IMmotion150,9135,ADAMTSL3;ERV3-1;FSTL3;ANKRD34B;LRATD1,0.766429597590587,,0.184292707110229,TRUE,""
IMmotion150,9136,SNORD118;CEP55;PPM1H;MRAP2;SCD5,0.730658724050449,,0.138847186090227,TRUE,""
IMmotion150,9137,CD248;PAQR5;SLC43A1;APOA1;FZD8,1.2828686255377,,0.231948600097648,FALSE,""
IMmotion150,9138,PC;GZMB;GOLGA6L3;AC022784.5;FAAH2,0.857554182007422,,0.501036105223878,TRUE,""
IMmotion150,9139,IFI27;SLC29A4;FOXM1;BX088651.1;ELMO3,0.816912498264341,,0.305033164479801,TRUE,""
IMmotion150,9140,GOLGA8M;RNF150;MTARC1;MAGEC1;RGL3,1.2382366456293,,0.253590342114647,FALSE,""
IMmotion150,9141,PTPN3;PPIAP2;EYA2;ANKRD65;LCK,0.596360005602668,,0.00795028106238628,TRUE,""
IMmotion150,9142,PC;CREB3L1;SNORD16;CA1;GGH,1.80932373124959,,0.00373425231612852,FALSE,""
IMmotion150,9143,ZFHX4;SLC19A3;SOD3;PITX2;FAAH2,1.08193774709698,,0.702087854057501,FALSE,""
IMmotion150,9144,GBP5;ZNF286B;SEMA6D;ADGRG7;FAM86DP,0.825487165302349,,0.294904811483978,TRUE,""
IMmotion150,9145,AFF3;ZNF99;KBTBD8;AC009084.2;SHCBP1,0.948395140936893,,0.794628279305583,TRUE,""
IMmotion150,9146,NTN4;KLHL4;SLC22A4;EFCAB1;DGKG,0.829892472507857,,0.351380774591782,TRUE,""
IMmotion150,9147,ETV1;CLEC12A;SYNGR1;SST;FOXM1,0.803631774757465,,0.307283551233034,TRUE,""
IMmotion150,9148,SNORD116-1;APOL4;ZDHHC11;AL137798.3;HK3,0.814769524577245,,0.282225182728693,TRUE,""
IMmotion150,9149,RRAGD;HOXA5;Telomerase-vert;ERFL;CCNJL,0.613574242645509,,0.0170820796284307,TRUE,""
IMmotion150,9150,NCKAP5;AVPR1A;FAM160A1;ELF5;LPAR1,1.10203953260492,,0.630038405949198,FALSE,""
IMmotion150,9151,REPS2;AL512356.1;SEC63P1;GRIN3B;FBXO16,0.738865377649552,,0.102158486701228,TRUE,""
IMmotion150,9152,CSPG4;KBTBD3;TTK;TTC6;STMN3,0.691593952048924,,0.0884606338005479,TRUE,""
IMmotion150,9153,GBP5;WSCD1;LIMD2;C1QL3;RUNX3,0.50049192955532,,0.00141621871812535,TRUE,""
IMmotion150,9154,HOOK1;INHBB;SYDE2;RPSAP69;PYHIN1,0.869777278008642,,0.452338582115058,TRUE,""
IMmotion150,9155,LAMB3;ANO9;SHROOM2;SMARCE1P2;SUGCT,1.06365666992168,,0.766433358303695,FALSE,""
IMmotion150,9156,CARD11;RIMBP3;ABCG2;GAL3ST2;CELSR3,0.633243871844219,,0.0205407869380172,TRUE,""
IMmotion150,9157,PCDHB15;PYCR1;PHEX;GATA1;CMKLR1,1.02053455201643,,0.914043406660086,FALSE,""
IMmotion150,9158,FOLR2;AC011497.2;TMEM220;GFI1B;AGER,0.979837073771607,,0.915449757901686,TRUE,""
IMmotion150,9159,FAM27E3;PYGM;CD5;CDCP2;CNRIP1,0.833753992243362,,0.343875375939613,TRUE,""
IMmotion150,9160,PLA2G7;GRB7;LZTS1;NRTN;GLI2,0.805163203719286,,0.310105630825491,TRUE,""
IMmotion150,9161,PPFIA4;HMGN5;CASS4;CPB2;ADAMTS17,0.983568720514127,,0.933361533269276,TRUE,""
IMmotion150,9162,ITGA11;ZNF565;SHE;OR7C1;PCDHGA5,0.880452633602289,,0.468726134655555,TRUE,""
IMmotion150,9163,CD209;INAVA;HLA-DOB;RHO;MREG,0.837391431909494,,0.400422415253316,TRUE,""
IMmotion150,9164,SMAD9;PLXNB3;LINC02449;LRRTM4;SNORA55,1.13611660131377,,0.526294649014725,FALSE,""
IMmotion150,9165,PLA2G7;CDS1;CKS2;SERPINI2;SNORD16,0.721398638803508,,0.1205982977048,TRUE,""
IMmotion150,9166,PDGFD;CLEC3B;MAPK12;ANXA8L1;TRIM34,0.829874831448718,,0.289332552004722,TRUE,""
IMmotion150,9167,MTARC2;PYGM;FAXDC2;KRT8P24;MT-ND3,0.927870942605741,,0.703773534483981,TRUE,""
IMmotion150,9168,SNORA31;C6orf132;ENO3;APOC3;CEBPA,0.735098029895451,,0.168266406580995,TRUE,""
IMmotion150,9169,EHHADH;AC002470.2;SIRPB2;SERPINA4;SNORD9,0.825483021116171,,0.325670125923378,TRUE,""
IMmotion150,9170,KRBA1;ZNF511;NLGN3;PPIAP40;SCUBE2,0.746788489111869,,0.133436331167515,TRUE,""
IMmotion150,9171,SMIM3;SPATA17;SCHIP1;MGAT4C;SEMA6D,1.05345038713332,,0.778767015219127,FALSE,""
IMmotion150,9172,ZNF90;PEG10;PCDHGB8P;KRT8P34;RASSF7,0.823676469842981,,0.335410831144145,TRUE,""
IMmotion150,9173,SCIN;ZNF726;FAXDC2;LINC02694;RASIP1,0.753281077132515,,0.111222004551358,TRUE,""
IMmotion150,9174,KDELR3;TOX;RSAD2;OVCA2;UBE2Q2L,0.737100263666955,,0.117865196841889,TRUE,""
IMmotion150,9175,TRO;DMRTA1;ADAMTS13;HNRNPA1P24;RGS18,0.955176541144929,,0.797437013340534,TRUE,""
IMmotion150,9176,TPX2;GIPC3;PIH1D2;SMIM32;MOB4,0.877039889315954,,0.501465642787685,TRUE,""
IMmotion150,9177,SGPP2;CCDC136;TSNAXIP1;TRIM71;ASMTL-AS1,0.973700357513981,,0.884729449413113,TRUE,""
IMmotion150,9178,C5;SNORD104;FAAH2;TRDV1;HEYL,0.923733703958181,,0.714555859076583,TRUE,""
IMmotion150,9179,EPHA3;C6orf132;CCR5;IGSF9;TSPOAP1,0.837858345988177,,0.346807344057599,TRUE,""
IMmotion150,9180,ZNF521;XKR9;HHEX;AC135983.4;H4C6,1.16118020723308,,0.457597673971507,FALSE,""
IMmotion150,9181,BCAT1;GJA5;NPIPA2;DIO3;CD72,0.820662412555832,,0.311947841932698,TRUE,""
IMmotion150,9182,IFI44L;CLEC12A;NEURL1B;AC087289.3;AC004997.1,0.991628817547318,,0.963702216878277,TRUE,""
IMmotion150,9183,SNORA61;PPFIA2;TPRN;SULT1E1;RTL5,0.72107407155834,,0.094301472833177,TRUE,""
IMmotion150,9184,KDELR3;TGFB2;GTSE1;CYP2C19;CD83,1.14661028117981,,0.493527970657425,FALSE,""
IMmotion150,9185,MYRF;EGR3;PRKCQ;FDCSP;FCMR,0.690448984162884,,0.0654309254195987,TRUE,""
IMmotion150,9186,RGPD3;CFAP94;RPS20P14;AC013717.1;ARRDC5,0.722723797578817,,0.0629181946579458,TRUE,""
IMmotion150,9187,EMCN;AC215522.2;ABTB2;MYH16;CCDC9B,0.870897331695126,,0.437757537233256,TRUE,""
IMmotion150,9188,STEAP3;OSGIN1;TSPYL5;C1GALT1P2;RUNX3,1.26357143551898,,0.277026862091027,FALSE,""
IMmotion150,9189,SNORD116-6;CYB5R2;H3C11;GPA33;TMC4,0.862630483414977,,0.478911551770466,TRUE,""
IMmotion150,9190,GCNA;BTNL9;SMAGP;TMEM40;WNK3,0.710017998520046,,0.0802481414812969,TRUE,""
IMmotion150,9191,SNORD116-23;FAM72B;EML6;MANSC4;SOX18,0.919420730009165,,0.655722164991177,TRUE,""
IMmotion150,9192,IFI44L;CCN4;EPHB3;AL669942.1;RNF138P1,1.00274471796939,,0.989334177631419,FALSE,""
IMmotion150,9193,CEACAM1;TBX15;IL12RB1;LINC02384;PDE8B,0.941639062075378,,0.772712262919416,TRUE,""
IMmotion150,9194,CD248;NCR3LG1;NLGN3;AC009163.3;ARHGEF15,0.990625540827921,,0.961751805761089,TRUE,""
IMmotion150,9195,LDLR;HMGN5;FOXM1;AC006511.5;NUAK2,1.05309518938499,,0.807701063274144,FALSE,""
IMmotion150,9196,IL2RG;NDC80;FAM227A;PTPRT;HSPA6,0.878934257038108,,0.529460281220404,TRUE,""
IMmotion150,9197,CD163L1;SHB;H3C1;PPIAP35;HLX,1.37647913563113,,0.130183164645626,FALSE,""
IMmotion150,9198,BUB1;TMEM236;SCD5;AC020765.6;SOX18,1.04474191905961,,0.827784296532611,FALSE,""
IMmotion150,9199,PCDHB12;ANKRD33B;HEY1;C2orf91;RBP1,0.906951177026447,,0.625981687192275,TRUE,""
IMmotion150,9200,KDELR3;AC008878.1;MLF1;CPN1;LOXL4,1.37290304161476,,0.131922756051342,FALSE,""
IMmotion150,9201,KIF4A;SNORA33;APOBEC3B;SNORD12B;CCDC74A,0.892092524584492,,0.574309308398895,TRUE,""
IMmotion150,9202,ALDOC;HOXA6;THSD1;ENTHD1;CEBPD,1.17292743455115,,0.427099916124113,FALSE,""
IMmotion150,9203,RRM2;TPD52L1;FRMD3;AC120036.4;TM7SF2,0.865467220340424,,0.469879166877225,TRUE,""
IMmotion150,9204,ANGPT2;C11orf98;ZDHHC11;PEBP4;H2BC3,0.687772282851813,,0.0511380901383931,TRUE,""
IMmotion150,9205,EHHADH;AC079594.1;GATD3A;FAM83F;NEIL1,0.94561692330745,,0.750762678173736,TRUE,""
IMmotion150,9206,KIT;JPH2;NAP1L4P1;GATA4;SEMA4G,0.895187119911357,,0.572142682067346,TRUE,""
IMmotion150,9207,ABCA9;CCL14;AL031727.1;AC112504.2;PIK3R6,0.934782190481374,,0.719266519904867,TRUE,""
IMmotion150,9208,BICDL1;RPP14;RDH5;OR7E125P;PCDHGA3,0.774774098977879,,0.187548749669899,TRUE,""
IMmotion150,9209,ZFPM2;PCDHB5;GSTM3;MAB21L1;KLF4,1.18587400093351,,0.40605930439654,FALSE,""
IMmotion150,9210,LDLR;NCR3LG1;TMEM26;NR2E1;AC093752.2,1.23444022739087,,0.276138244770034,FALSE,""
IMmotion150,9211,DENND2A;CD38;SNORD9;MYH1;SLC25A33,0.847458900790488,,0.348017507729114,TRUE,""
IMmotion150,9212,BCAT1;PLGLB2;IL12RB1;AC133555.2;LINC01002,0.741699021385053,,0.104467949857292,TRUE,""
IMmotion150,9213,FOLR2;PPT2-EGFL8;TMC7;AC012441.2;CCNF,0.972409139792247,,0.887525186973905,TRUE,""
IMmotion150,9214,PTPN3;NME1-NME2;TESPA1;IGHV3-35;ZNF300,0.603402400190239,,0.0209276900794395,TRUE,""
IMmotion150,9215,CCL5;MSANTD3-TMEFF1;BRSK1;SRI-AS1;TRIB3,0.875291746542805,,0.555049586543293,TRUE,""
IMmotion150,9216,FAT3;TRBC1;STAC3;KPNA7;CD28,0.716197343181676,,0.0771895081192225,TRUE,""
IMmotion150,9217,CNTNAP3;SHB;SRRM5;CLEC4M;KATNAL2,1.03817292386534,,0.858106312935591,FALSE,""
IMmotion150,9218,RRAGD;CYB5R2;ABTB2;PRRX2;PLK1,0.874272466759893,,0.504816243667441,TRUE,""
IMmotion150,9219,RETREG1;COLEC12;CMTM8;TRBV7-6;STEAP2,0.699920514974438,,0.0964225243138149,TRUE,""
IMmotion150,9220,KLF5;IRF4;LILRA5;MCFD2P1;TP53INP2,0.678123533842209,,0.0803306750489406,TRUE,""
IMmotion150,9221,MYRF;PAQR5;SEMA6D;ZNF705A;SOD3,1.14384032781844,,0.524016604662999,FALSE,""
IMmotion150,9222,PSD3;TBCEL-TECTA;H2BC14;WFDC10B;PDCD1LG2,0.946498133700153,,0.788135995194066,TRUE,""
IMmotion150,9223,EIF2S2P4;RPP14;MYCT1;CHRND;AMIGO2,0.797870135171345,,0.366957223127918,TRUE,""
IMmotion150,9224,SNORD116-22;MT1F;LYVE1;TRPV6;CEP295NL,0.938932835831716,,0.756542899177306,TRUE,""
IMmotion150,9225,ABCB4;AL731577.2;RUNX3;CBLC;RGS16,0.700252837276852,,0.0814966114739553,TRUE,""
IMmotion150,9226,CDCP1;FDXACB1;SNORA10;AL033384.1;IQCC,0.955186563108527,,0.814724154183385,TRUE,""
IMmotion150,9227,RRAGD;CCN3;MYCT1;MIA-RAB4B;RPSAP15,0.895168521934482,,0.599605218208889,TRUE,""
IMmotion150,9228,TSKU;SHB;H4C9;TBL1Y;PRH1,1.44505340864787,,0.102501063587371,FALSE,""
IMmotion150,9229,SNORD116-22;DMRTA1;SNORA72;KRT72;CEBPA,1.03676452039509,,0.874960523829358,FALSE,""
IMmotion150,9230,CTAGE6;ZNF713;HOXD8;CASP1P2;CCR5,0.630110706014466,,0.0115465667144183,TRUE,""
IMmotion150,9231,PTGIS;ACTG1P14;RAD51AP1;KDF1;LILRA1,0.847181908647623,,0.439135273248036,TRUE,""
IMmotion150,9232,CD248;OLFML1;LYVE1;KRT8P4;ANKRD29,1.03276043016902,,0.874861301535341,FALSE,""
IMmotion150,9233,EIF2S2P4;MAPT;STON1;NAIPP3;MPP3,0.980524821056676,,0.930168929576747,TRUE,""
IMmotion150,9234,TLR7;MYOM2;LY86;TBC1D3P1;LINC02449,0.888452802836693,,0.558403720508387,TRUE,""
IMmotion150,9235,KIF26B;CXCR6;CSRNP3;AL772337.1;DOK2,0.649578237329223,,0.0406955366924417,TRUE,""
IMmotion150,9236,MTARC2;HUNK;H1-5;HMGN1P4;STX11,0.691739038296213,,0.0499174100152089,TRUE,""
IMmotion150,9237,TSKU;EXPH5;LILRB5;MKX;TSPYL5,1.48576008600895,,0.0663420363741277,FALSE,""
IMmotion150,9238,ANKS1B;FAM122A;CCRL2;DRD1;ABCG2,0.6664467142306,,0.0377378384172447,TRUE,""
IMmotion150,9239,SRPX2;ACTG1P14;RANBP17;TMEM125;LRATD1,0.813597290727079,,0.288643197150254,TRUE,""
IMmotion150,9240,RHOB;CARMIL2;TEF;HEPACAM2;PGM5,0.94761606322423,,0.778374363316927,TRUE,""
IMmotion150,9241,NOSTRIN;IL1B;HOMER1;BCORP1;CC2D2B,0.850505672739992,,0.375638584175207,TRUE,""
IMmotion150,9242,NAV3;SPATA17;RANBP17;FIBCD1;HOXD4,0.871640340451315,,0.512449960055281,TRUE,""
IMmotion150,9243,FCGR1B;AGBL3;TMEM150C;AC097658.1;STARD5,0.670186440289835,,0.0403473900032674,TRUE,""
IMmotion150,9244,MAP7;COLEC12;IL21R;MT2P1;IER3,0.701143099080411,,0.0819314483629826,TRUE,""
IMmotion150,9245,SPATA18;ZBP1;TNFRSF10C;SLC9A4;DGKI,0.643104644259945,,0.0175302194530618,TRUE,""
IMmotion150,9246,ANKS1B;RNF152;INHBA;FCN2;TECTA,0.973598163731271,,0.89955740040284,TRUE,""
IMmotion150,9247,JAM3;ISCA1P1;MILR1;PENK;SCARF2,1.0728054384281,,0.747514506444755,FALSE,""
IMmotion150,9248,SCIN;SNORA64;SCIMP;IGHV1OR15-1;CDH24,0.824645749712621,,0.302769533718636,TRUE,""
IMmotion150,9249,IMPA2;TGFB2;P2RY1;CADM3-AS1;VDR,1.10417216369257,,0.594753186808107,FALSE,""
IMmotion150,9250,KIF26B;HSD17B3;RAMP3;DLGAP2;LILRA5,0.714606747614272,,0.138893815908088,TRUE,""
IMmotion150,9251,ALDOC;PRRX1;SIRPB2;CFHR4;ADGRE4P,0.95028515421458,,0.786135410942439,TRUE,""
IMmotion150,9252,PTGS1;INHBB;PDE1C;AP000346.1;OSBP2,1.33217074220862,,0.156297735040788,FALSE,""
IMmotion150,9253,SNAI2;TNFRSF9;H3C3;KCNG3;NRXN2,0.847849223315312,,0.454006937813689,TRUE,""
IMmotion150,9254,BUB1;CEP170P1;CFAP53;CPSF1P1;EPHB3,1.21676704191626,,0.275597189712882,FALSE,""
IMmotion150,9255,CRIP1;F3;AC136632.1;DLK2;GINS1,1.23152780931786,,0.29970193532124,FALSE,""
IMmotion150,9256,MYRF;MST1P2;THEMIS;COBLP1;TESC,0.845615230271126,,0.434530975273503,TRUE,""
IMmotion150,9257,MT-CO3;ZNF471;PIM2;PGPEP1L;RPL32P3,0.591473834004888,,0.0106144968276779,TRUE,""
IMmotion150,9258,ALDH1A3;BCL2A1;ZNF257;IGLV3-27;CLEC4A,0.816173881411259,,0.314713574966731,TRUE,""
IMmotion150,9259,EIF2S2P4;ILDR1;SPSB1;AP000926.1;PRRG4,0.999123938810359,,0.996835028457417,TRUE,""
IMmotion150,9260,OLFML3;AL162417.1;ZNF433;FXYD3;CYP2D7,0.843449076261167,,0.353827517213305,TRUE,""
IMmotion150,9261,RHOB;FAM72B;RAG1;TRAV22;KLHL13,0.804534152962956,,0.241658018640089,TRUE,""
IMmotion150,9262,PCDH17;EGR3;CCDC74A;AC018804.1;PRRG4,1.0517105292301,,0.75991432194976,FALSE,""
IMmotion150,9263,OLR1;S100A9;AC068580.4;COL2A1;PCDHB2,1.09316129514214,,0.658183218299594,FALSE,""
IMmotion150,9264,LEF1;IL1R2;CD101;GDF5;LILRA2,0.909099164805564,,0.621471860303085,TRUE,""
IMmotion150,9265,TMEM200A;SIRPG;PLK1;AL139260.3;TRIM36,0.842545883007804,,0.352272389347587,TRUE,""
IMmotion150,9266,PARD6B;GLB1L2;RGCC;AC005609.2;SLC19A2,0.981334901607539,,0.925266429623565,TRUE,""
IMmotion150,9267,PTER;TCIM;KLRB1;EVPLL;ANKRD29,0.833138882112708,,0.347755144764596,TRUE,""
IMmotion150,9268,TLR7;PET117;IL12RB1;KRT79;SARDH,0.805661285291981,,0.279997252123444,TRUE,""
IMmotion150,9269,PLVAP;PLGLB2;LINC01550;LRRTM4;CSPG4P12,0.896074081426202,,0.559842002407103,TRUE,""
IMmotion150,9270,TRIM9;CDC45;SECTM1;WDR38;SCARNA8,0.980818650929269,,0.925712014247062,TRUE,""
IMmotion150,9271,TSC22D3;STOX1;PRTFDC1;TSLP;MILR1,0.912041472206811,,0.621192636905701,TRUE,""
IMmotion150,9272,FAM83H;MT1F;P3H3;AGBL1;HOMER1,1.10925406406206,,0.593026795199477,FALSE,""
IMmotion150,9273,PTGS1;PNMA2;TIGD2;AC005020.2;TSPAN2,0.849922008715355,,0.418167129631747,TRUE,""
IMmotion150,9274,CD3D;CNTN4;TMEM273;ADARB2;PTGDR,0.632107188972667,,0.0166486073289111,TRUE,""
IMmotion150,9275,HYDIN;ZNF565;APCDD1;CTAGE14P;CD302,0.875800330237297,,0.555776315755225,TRUE,""
IMmotion150,9276,LDHAP4;EXPH5;CEBPD;EFCAB10;EIF5A2,1.16021786563895,,0.438581805143787,FALSE,""
IMmotion150,9277,CARD11;DPY19L2P2;TRIM34;C16orf74;SLC6A9,0.861229345123249,,0.39651074908515,TRUE,""
IMmotion150,9278,NFASC;S100A9;H3C13;STX19;OSBP2,1.04264001591879,,0.83485400138412,FALSE,""
IMmotion150,9279,MYOM1;AC009093.9;TRGC2;GDNF;H4C6,0.818337453276698,,0.297809062612177,TRUE,""
IMmotion150,9280,FOLR2;PEG10;SLC16A6;ZNF560;TRGC2,0.955785449483966,,0.827400153362179,TRUE,""
IMmotion150,9281,HGF;GALNT15;P2RY13;WFDC10B;CSRNP3,0.725397322901837,,0.129264997539751,TRUE,""
IMmotion150,9282,TPX2;AC079594.1;CDK1;TRAV20;KCNS3,0.878125129084562,,0.48991186494884,TRUE,""
IMmotion150,9283,CDCP1;CFAP91;ZNF257;GAGE10;INHBA,1.08236676537505,,0.696428492679273,FALSE,""
IMmotion150,9284,PDLIM3;BMPR1AP2;FHAD1;JPH3;KIAA1614,0.626590647172243,,0.046122330523286,TRUE,""
IMmotion150,9285,AKR1C1;ZSWIM5;SRRM5;FAM205BP;BTG2,1.07919895328239,,0.676152500821159,FALSE,""
IMmotion150,9286,SLC11A1;PCDHB19P;RFLNB;IGLV3-27;AC093752.2,1.0345844298949,,0.878136565635954,FALSE,""
IMmotion150,9287,CD2;RGN;OPLAH;AL358232.2;ZNF214,1.32464366451325,,0.173823266237998,FALSE,""
IMmotion150,9288,KIT;IRX3;GNA15;CRABP1;KCNK5,0.952348951482513,,0.813103801496901,TRUE,""
IMmotion150,9289,SEZ6L2;OLFM2;P2RY1;ZBED6;SCHIP1,1.0687667662831,,0.71846714920027,FALSE,""
IMmotion150,9290,KLF5;IQCA1;CASZ1;AC010185.1;CD3G,0.669392656320767,,0.0285291609872852,TRUE,""
IMmotion150,9291,TRPC6;FOXL1;BNIP3P1;CHRNB4;TRPC4,0.901700618833565,,0.557122366961228,TRUE,""
IMmotion150,9292,ANOS1;ADAMTS14;GRAP2;SNORD62A;ZNF502,0.709697536445821,,0.0666147770140049,TRUE,""
IMmotion150,9293,MATN2;FAM241A;CCDC9B;AQP7P1;EBF4,0.830206170623235,,0.314701803799344,TRUE,""
IMmotion150,9294,DLL1;KCNQ1OT1;OASL;UBE2F-SCLY;CD180,0.799595600984698,,0.286878202050499,TRUE,""
IMmotion150,9295,ADAMTSL2;DNAJC22;WDR17;IGSF9;IL15RA,0.793188079536627,,0.307900924659754,TRUE,""
IMmotion150,9296,MT-ND2;YBX1P10;RASSF7;RBMXL2;SNHG17,0.88013803542475,,0.492729523221533,TRUE,""
IMmotion150,9297,MAP3K21;FPGT-TNNI3K;FAM13C;OVOL1;GSKIP,0.698247569179858,,0.110958782175203,TRUE,""
IMmotion150,9298,ADAMTSL2;METTL15P1;NR5A2;AC008073.3;ANKRD29,0.757925032859774,,0.184137876637889,TRUE,""
IMmotion150,9299,NCF1C;EXO5;IQCC;LINC00923;AFF2,0.534476315660138,,0.000984562666775984,TRUE,""
IMmotion150,9300,CARD11;NOVA1;TSPAN2;CDC42P2;DECR2,0.972439107710869,,0.888888904823889,TRUE,""
IMmotion150,9301,EDIL3;MXRA7P1;FAAH2;NWD2;AC138696.1,0.918520285813491,,0.665547694780648,TRUE,""
IMmotion150,9302,NOX4;ZNF831;ELMO3;TSACC;LETM2,0.719253997895778,,0.0906154514954954,TRUE,""
IMmotion150,9303,NPNT;P2RX1;SPTBN5;AL359273.2;PRAM1,0.88694900561723,,0.527847522870666,TRUE,""
IMmotion150,9304,PCDHB9;ACP3;C1orf131;UPP2;CCR1,0.668405170315785,,0.0541840862275873,TRUE,""
IMmotion150,9305,SNORD118;PPT2-EGFL8;PTPN7;TYRP1;NR5A2,0.588645676449457,,0.0103333960381969,TRUE,""
IMmotion150,9306,PBLD;LAMP3;CSPG4P12;MROH9;CDH24,1.11120130637363,,0.561053831744322,FALSE,""
IMmotion150,9307,CCDC146;AP000654.1;ATP8B3;EAF1-AS1;ATL1,0.694223236086994,,0.0318308156040881,TRUE,""
IMmotion150,9308,STC1;SCN8A;RNF138P1;AC009163.3;HK3,1.7052759942044,,0.00811515867809438,FALSE,""
IMmotion150,9309,ACP5;CFAP221;C17orf97;SNX32;MBNL3,0.63338417769948,,0.025402940608626,TRUE,""
IMmotion150,9310,STC1;AC093899.2;TSNAXIP1;ZG16B;DAPK2,1.02236287396395,,0.91236504812531,FALSE,""
IMmotion150,9311,MT-CO3;EML5;FAM13C;HCG4B;CD247,0.766037245844178,,0.173969675993866,TRUE,""
IMmotion150,9312,SNORA21;SRPX;MLF1;GFAP;CD200R1,1.02531124209243,,0.89891155261161,FALSE,""
IMmotion150,9313,KIF4A;CFAP221;PCDHGA4;SNAP91;UST,0.848495226395868,,0.372077125962326,TRUE,""
IMmotion150,9314,IMPA2;TCIM;DGKG;AKR1C5P;GATD3A,1.48362935159886,,0.0450689482314232,FALSE,""
IMmotion150,9315,RHOB;SPDYE18;KATNAL2;FMO6P;AC004890.2,0.877771241531085,,0.505599352015575,TRUE,""
IMmotion150,9316,FAP;AC079594.1;SNORA71A;MAB21L1;LINC01002,0.972268846657405,,0.881575519475169,TRUE,""
IMmotion150,9317,CNTNAP3P2;KCNQ1OT1;NBL1;AC011979.1;SMAD6,1.36808907678532,,0.124153705220945,FALSE,""
IMmotion150,9318,MDK;TBCEL-TECTA;NUPR1;KRT18P48;DUSP4,1.36499385572539,,0.139557442747324,FALSE,""
IMmotion150,9319,ZNF395;AP002373.1;SNHG17;TMEM74;RANBP17,1.02074511028797,,0.910824812832877,FALSE,""
IMmotion150,9320,IL7R;NOVA1;P2RY6;ARSLP1;MBNL3,0.899932808736407,,0.587829824763892,TRUE,""
IMmotion150,9321,AOC3;AC104452.1;PAFAH1B3;TM4SF19;KCNA3,0.993371880145325,,0.973701541999014,TRUE,""
IMmotion150,9322,SNORD116-1;SPDYE18;ENO3;CKLF-CMTM1;FGD1,0.593975723363126,,0.0247773453104452,TRUE,""
IMmotion150,9323,AK4;MFAP2;PRTG;TBC1D3K;MARCKSL1,1.18453733306578,,0.372714976851148,FALSE,""
IMmotion150,9324,RGPD3;DLG2;CD28;AC008763.3;RBP1,0.719129427150662,,0.088336995968452,TRUE,""
IMmotion150,9325,EIF2S2P4;AC034102.1;AKR1E2;AC023590.1;CYGB,1.34596786045507,,0.200288437117567,FALSE,""
IMmotion150,9326,MST1;LAG3;ARNTL2;RPSAP69;LPAL2,0.767813369245103,,0.191688422623798,TRUE,""
IMmotion150,9327,PLEKHA7;KCP;CLEC14A;SLC7A10;ADAM32,1.21586775163756,,0.323047569093604,FALSE,""
IMmotion150,9328,PARD6B;NPHP3-ACAD11;ASTN2;TNFRSF13B;AL158050.1,0.91627419454118,,0.620929272183939,TRUE,""
IMmotion150,9329,CD248;PRLR;ARHGEF37;RNU1-27P;CEL,1.30153669005694,,0.204172193993203,FALSE,""
IMmotion150,9330,POU5F1;SLC6A16;FEZ1;CERNA2;MLF1,0.755127933355974,,0.192345843061263,TRUE,""
IMmotion150,9331,ALDH1A3;GREB1;PRELID3A;STH;CCR2,0.739044682393666,,0.146242495889191,TRUE,""
IMmotion150,9332,FTH1P20;ROR2;CEL;OR2T5;ZNF135,0.913279210699016,,0.62063700883265,TRUE,""
IMmotion150,9333,DENND2A;PYCR1;MCOLN2;CFAP65;TMEM26,1.08119764684891,,0.668348478910873,FALSE,""
IMmotion150,9334,NPNT;BORCS8-MEF2B;PAPPA;RAET1E;HLA-DOB,0.634853904612014,,0.020168108726806,TRUE,""
IMmotion150,9335,TSC22D3;AGBL3;STK32B;KCNN1;GRIP1,1.1026703032822,,0.621988037706166,FALSE,""
IMmotion150,9336,NFASC;C6orf132;TBXA2R;ZPLD1;CD247,0.637980007611887,,0.0389558998322413,TRUE,""
IMmotion150,9337,PCDHB8;MMP24;CYP2S1;AC011498.4;TECTA,0.829988092649075,,0.298517580387996,TRUE,""
IMmotion150,9338,BCAT1;PMS2P7;LINC01550;AL450992.1;RAMP3,0.684513002338557,,0.0644832002880182,TRUE,""
IMmotion150,9339,SMIM3;AC009078.3;CMKLR1;OR2T34;CCDC113,0.934218886099307,,0.719372921797321,TRUE,""
IMmotion150,9340,CRIP1;B4GALNT3;AD000090.1;UGT2B26P;DHFR2,0.550649382550775,,0.00173390826358297,TRUE,""
IMmotion150,9341,REPS2;CDC42BPG;ADCY1;SLC9A4;CD180,0.955758916291972,,0.822954704266359,TRUE,""
IMmotion150,9342,PLS1;TM4SF18;H3C3;BEAN1;PCDHGB3,0.880986731795131,,0.532503396154892,TRUE,""
IMmotion150,9343,ARFGEF3;ADAMTS14;TRIM36;CAGE1;IER3,1.27762065851479,,0.226772646756822,FALSE,""
IMmotion150,9344,FILIP1;ITGA2B;ADGRE4P;SNORD116-11;SMAGP,0.915259857493587,,0.63027987718719,TRUE,""
IMmotion150,9345,NTN4;AL021368.4;PIM2;GADL1;PTPN7,0.578550717823029,,0.00468067921255168,TRUE,""
IMmotion150,9346,MDK;EFR3B;CCNF;RIIAD1;PYHIN1,0.701664456607657,,0.0773440644603798,TRUE,""
IMmotion150,9347,GXYLT2;NAPSB;SLC6A9;HSFY1;MSC,1.19073408620452,,0.377196979029959,FALSE,""
IMmotion150,9348,LMOD1;RIPK4;CCDC74A;AC142381.1;MBD3,0.922059512923623,,0.657682769719686,TRUE,""
IMmotion150,9349,CDH23;NME1-NME2;CSRNP3;SLC5A8;IL12RB1,0.737583843987686,,0.133178688165158,TRUE,""
IMmotion150,9350,GABRE;POM121L9P;COL9A2;HSPE1P2;OASL,0.90554806423013,,0.629589765472465,TRUE,""
IMmotion150,9351,NAV3;NME5;UNC5C;AC009060.1;H3C13,0.911987558200933,,0.647578826034603,TRUE,""
IMmotion150,9352,HYDIN;ZNF99;ADAMTSL1;DIRAS1;ADGRE4P,0.827821557766743,,0.307403144796856,TRUE,""
IMmotion150,9353,ANGPT2;MT1L;PCDH18;LPAR3;ZSCAN18,1.02897752640569,,0.880520156023226,FALSE,""
IMmotion150,9354,TRIM9;SGK2;HID1;TCAF2C;EMILIN1,1.21939648775887,,0.269661064427306,FALSE,""
IMmotion150,9355,TRBC2;AL512356.1;AC138696.1;TRBV7-2;TIAM2,0.660399403833118,,0.0325778934417072,TRUE,""
IMmotion150,9356,HSPA7;HYAL1;AL590399.1;EIF4A1P7;SMAD6,0.902626593034138,,0.620222123730533,TRUE,""
IMmotion150,9357,PARM1;CCDC68;FCN1;AC092042.3;KIF14,0.788604318549042,,0.259955650840336,TRUE,""
IMmotion150,9358,ZNF521;LRCH2;EPHB2;C2orf91;RNF138P1,0.895521028046676,,0.552595396016631,TRUE,""
IMmotion150,9359,FER1L4;ADRA1B;PRTFDC1;FAM225A;ZNF483,1.09494242561886,,0.615251280305467,FALSE,""
IMmotion150,9360,FILIP1;PCDHB6;ADAMTS3;NUDT10;HSPB2,1.13683006894047,,0.531395678823773,FALSE,""
IMmotion150,9361,ITK;LRCH2;DACT1;AP001496.2;C5AR1,0.922717788625371,,0.695709495444801,TRUE,""
IMmotion150,9362,TTC39A;HOMER2;SCARA3;PLAAT5;SSPN,0.921893188447622,,0.676094486390117,TRUE,""
IMmotion150,9363,TRAC;HLA-H;CKS2;SLAMF9;HOXB6,0.535620543519402,,0.00328050681001056,TRUE,""
IMmotion150,9364,MYOM1;CFAP94;VDR;MIR17HG;FZD8,0.899284054278248,,0.590856699566441,TRUE,""
IMmotion150,9365,OLFML3;ASS1P1;TRIM6;GFRA3;FAM111B,0.981956680165092,,0.92365237761238,TRUE,""
IMmotion150,9366,IRAG1;CHMP4BP1;EGFLAM;MOGAT3;CSRNP3,0.980502257835846,,0.909320879042325,TRUE,""
IMmotion150,9367,TPX2;METTL15P1;GPR75;EGFR-AS1;ARHGEF15,1.12397005708272,,0.591099493748433,FALSE,""
IMmotion150,9368,GBP5;AC138894.1;RUNX1T1;GAL;C1orf21,0.597466491875425,,0.0133368177443898,TRUE,""
IMmotion150,9369,TENM4;APOL4;SPAG4;GOLGA6L6;RAB37,1.14621338095334,,0.470127786066286,FALSE,""
IMmotion150,9370,OR2A7;SNRPEP4;TMEM150C;ACTBP7;CYP2S1,0.677711595197688,,0.0525818140272069,TRUE,""
IMmotion150,9371,PBLD;SUMO1P3;SLC39A4;MTNR1A;TRIM73,0.934145189946761,,0.734736404835719,TRUE,""
IMmotion150,9372,EDNRB;NCR3LG1;KIF2C;LY6E-DT;HMMR,0.942090954887798,,0.771358932730611,TRUE,""
IMmotion150,9373,SMOC2;SLCO4A1;HSPA6;SERHL;LINGO1,1.00645871764699,,0.975272679510718,FALSE,""
IMmotion150,9374,SMOC2;FAM241A;TMEM54;OR7E29P;RAD51AP1,1.11933999117778,,0.550006985297533,FALSE,""
IMmotion150,9375,ZFPM2;STOX1;SLC22A15;RNF183;PPM1H,1.00433695667185,,0.982286902199746,FALSE,""
IMmotion150,9376,FBP1;ECHDC3;NLRC3;TBC1D3P1;ZNF876P,0.796819147168145,,0.26806303263043,TRUE,""
IMmotion150,9377,SNORA61;CHDH;ZNF334;CHST6;AC004832.3,1.30718365571396,,0.194229783092283,FALSE,""
IMmotion150,9378,ANKS1B;AC079594.1;FSTL3;AC242426.2;CLCN4,0.847931643315493,,0.336257160327478,TRUE,""
IMmotion150,9379,SNORD116-1;PEG10;PRH1;SLC47A1P2;CCSER1,1.21020606864451,,0.357526224782085,FALSE,""
IMmotion150,9380,FBN2;PROM2;PHEX;PPP1R1B;BRSK1,0.895253000262538,,0.561690088180863,TRUE,""
IMmotion150,9381,PBLD;ULBP2;ABTB2;LRRC14B;VNN2,0.951693492088917,,0.804979184923774,TRUE,""
IMmotion150,9382,CDCP1;NAPSB;HSD17B14;HORMAD2-AS1;LZTS1,1.17185684663308,,0.43925179735381,FALSE,""
IMmotion150,9383,TSC22D3;YBX1P10;P2RY13;RPS26P3;STEAP2,0.746018537581161,,0.0968279181490538,TRUE,""
IMmotion150,9384,LRP4;INHBB;NLRC3;TRIM54;IFI6,1.061420321396,,0.762423700506251,FALSE,""
IMmotion150,9385,FILIP1;CCDC68;PCDHB7;AC026362.1;PDE8B,1.01342767848057,,0.942882600852725,FALSE,""
IMmotion150,9386,SNORD116-20;OLFML1;FBXO16;GGTLC2;SLC7A8,1.25056453394882,,0.264298848756181,FALSE,""
IMmotion150,9387,TMEM91;RBM20;CDH24;PPIAP3;P2RY13,1.32978106101845,,0.136596459702168,FALSE,""
IMmotion150,9388,TRBC2;LOXHD1;CLCN4;IMMTP1;SPN,0.886622031582329,,0.522626151746209,TRUE,""
IMmotion150,9389,PC;CCDC68;HBEGF;LRRN4CL;EGFLAM,1.18969685121345,,0.43306964830289,FALSE,""
IMmotion150,9390,SELENBP1;SIDT1;FGD1;AC135068.1;ZWINT,0.806954783671143,,0.258519662125564,TRUE,""
IMmotion150,9391,FOLR2;LIPG;CMPK2;ANKRD65;GGH,0.975509604475911,,0.902122954847996,TRUE,""
IMmotion150,9392,NOX4;EFNA5;RFLNB;LACTB2-AS1;ZNF578,1.038842047341,,0.848156659981992,FALSE,""
IMmotion150,9393,FN3K;NUF2;HOXD4;LHX8;CLCN4,1.53029347333613,,0.048938441378058,FALSE,""
IMmotion150,9394,FAM27E3;BORCS8-MEF2B;SLC7A8;FBXL16;IQCN,0.877566447292069,,0.493252183491257,TRUE,""
IMmotion150,9395,BICDL1;CSMD2;CENPI;AC104389.6;SNORD46,1.04240996812529,,0.834403090355584,FALSE,""
IMmotion150,9396,MTARC2;YBX1P10;RASSF7;CELF4;DNAJC6,0.754222711204847,,0.150598062851063,TRUE,""
IMmotion150,9397,OLFML2A;TBKBP1;HHEX;TMPRSS4;HJURP,1.09140077312038,,0.676440754615993,FALSE,""
IMmotion150,9398,SPNS2;IRX3;GGH;SLC30A3;ADAM32,1.41671970521371,,0.0763470808413352,FALSE,""
IMmotion150,9399,CSRP2;PLAC8;HSPD1P4;AC113189.2;FOXM1,1.16144322023548,,0.468902131982963,FALSE,""
IMmotion150,9400,AMACR;CLDN7;IL15RA;GLTPD2;ARHGEF15,0.940433546802495,,0.727106776609442,TRUE,""
IMmotion150,9401,TRO;XKR9;FHDC1;FAM9A;HSPB2,1.30358368239261,,0.202515088680585,FALSE,""
IMmotion150,9402,HGF;AL021368.4;ANGPT1;GGTLC3;GOLGA6L3,0.911173369426253,,0.630418700319106,TRUE,""
IMmotion150,9403,ZNF704;CCSAP;HAPLN3;AC119751.3;GLI2,0.814489402878522,,0.290672386403673,TRUE,""
IMmotion150,9404,NQO1;PYCR1;FBXO17;AC025279.2;SCD5,1.23044488383257,,0.304317949610326,FALSE,""
IMmotion150,9405,MT-ATP6;RPL12P4;SCIMP;AKR1C5P;EID3,0.663773105285204,,0.0303958644124184,TRUE,""
IMmotion150,9406,ADAMTSL3;SURF2;CKS2;SAP25;FAM72A,0.6286688625391,,0.0714928166146957,TRUE,""
IMmotion150,9407,OLFML3;GZMB;ABTB2;IGLV5-37;ZNF610,0.736444002493506,,0.153133943829277,TRUE,""
IMmotion150,9408,ADM;CEP170P1;FAM72A;TBC1D3P1-DHX40P1;HEYL,0.911228426967393,,0.654268015762709,TRUE,""
IMmotion150,9409,LIF;MAP1LC3B2;LRRC37A6P;AC018809.3;ZSCAN31,0.931175200007276,,0.720227200522821,TRUE,""
IMmotion150,9410,PCDH17;LIPC;AC021078.1;LINC01504;DNAJC6,0.967497003858909,,0.859285985423473,TRUE,""
IMmotion150,9411,GRAMD1B;C4orf47;PDCD1LG2;AC007780.1;PCDHGA8,0.76376934729593,,0.137843938437109,TRUE,""
IMmotion150,9412,MXRA7;PLCH2;LRP8;DDTL;FAXDC2,1.01036737807376,,0.958129299647552,FALSE,""
IMmotion150,9413,BICDL1;CFD;SNORD67;ULK4P1;HOXC6,0.987189276505068,,0.946811639128167,TRUE,""
IMmotion150,9414,BUB1B;MT1L;TMEM25;RHO;TTC25,1.01562354451707,,0.934813774655648,FALSE,""
IMmotion150,9415,CD3D;CCN3;CLEC14A;AC009084.2;KCNK1,1.03778415713342,,0.848072067456956,FALSE,""
IMmotion150,9416,SNAI2;AP002373.1;SDC1;MYLPF;SHCBP1,1.20447787454002,,0.401663231891602,FALSE,""
IMmotion150,9417,SEZ6L2;NSUN7;ST6GALNAC6;SOX2;LILRA5,0.915232243795627,,0.649892223953487,TRUE,""
IMmotion150,9418,TLL1;NDC80;MARCKSL1;SLC22A6;SHCBP1,1.39390436672335,,0.132368134983189,FALSE,""
IMmotion150,9419,GRAMD1B;CBS;PRKCQ;SLC26A5;FAM174B,0.818311089704506,,0.297592961325443,TRUE,""
IMmotion150,9420,PLAU;CACNA2D3;GRAPL;EMX2OS;RUNX3,0.667304435544071,,0.0441061064800811,TRUE,""
IMmotion150,9421,RADX;AKR1C2;SNORA44;PPIAL4G;CACNB2,0.935157689644345,,0.735067486393441,TRUE,""
IMmotion150,9422,C5;LIPC;FAM72A;AL591926.7;P3H3,0.912365348101399,,0.676777266273107,TRUE,""
IMmotion150,9423,PTGS1;ANKRD33B;GRIP1;AC008763.2;NLGN3,0.703405526125522,,0.0921362588958727,TRUE,""
IMmotion150,9424,TLR7;AC022415.2;HCST;RPL23AP60;SNHG17,0.829074131469411,,0.337921147104918,TRUE,""
IMmotion150,9425,PCDH17;LYSMD1;FEZ1;AC023043.1;LNX1,1.16109701555861,,0.479395855682652,FALSE,""
IMmotion150,9426,POU5F1;HYLS1;NRXN2;AC007952.8;ZSCAN31,0.594528666591402,,0.00630691254715578,TRUE,""
IMmotion150,9427,CTAGE6;ZNF286B;H3C11;AC239801.1;CYP2S1,0.699569185362345,,0.0568809110515982,TRUE,""
IMmotion150,9428,EHHADH;ZNF727;PIGAP1;PAOX;STEAP2,0.992016263168375,,0.96666338104042,TRUE,""
IMmotion150,9429,AFF3;CACNA2D3;SOCS3;RNF17;ATF5,0.901474560521337,,0.584543996150567,TRUE,""
IMmotion150,9430,PLS1;RNF152;CLEC4A;LINC00621;CIDEB,1.16878217478649,,0.37439444927081,FALSE,""
IMmotion150,9431,FBN2;AC068831.6;RASIP1;AL450992.1;SPSB1,1.11260865720012,,0.605339946872695,FALSE,""
IMmotion150,9432,MT-CYB;PODN;NEIL1;PF4;HENMT1,1.02148879345671,,0.910811858348509,FALSE,""
IMmotion150,9433,EIF2S2P4;RGN;SNORD16;ZP1;BTG2,1.17865422370622,,0.370283349659623,FALSE,""
IMmotion150,9434,FTH1P20;PLXNB3;CEBPD;SLC6A7;NEFH,1.09096217244694,,0.660250705917182,FALSE,""
IMmotion150,9435,CRIP1;MFAP2;DET1;ACSBG1;LILRA2,0.883404155842415,,0.524243447606891,TRUE,""
IMmotion150,9436,PCDH17;SLC19A3;PCDHGA7;GNG4;FGD1,0.850010875939116,,0.377642004521655,TRUE,""
IMmotion150,9437,NTN4;UGT8;UNC5C;OR1J2;SSPN,0.959816384256348,,0.810309133802554,TRUE,""
IMmotion150,9438,ACSS3;AC068831.6;MEGF6;AC091390.2;SNORD16,0.983837975062257,,0.92775004932241,TRUE,""
IMmotion150,9439,PDLIM3;ITIH4;MEGF6;COBLP1;CCNJL,1.15801612475718,,0.466099388130715,FALSE,""
IMmotion150,9440,NR3C2;RPSAP12;SNORD116-14;UGT2B10;SIRPB2,0.781451523992509,,0.216134978598427,TRUE,""
IMmotion150,9441,ETV1;GIPC2;LINC01550;HPDL;HOMER1,0.86246591371847,,0.462042917164098,TRUE,""
IMmotion150,9442,PTTG1;HTRA3;GINS1;A2ML1;TSGA10,0.869536318363494,,0.473295387053231,TRUE,""
IMmotion150,9443,BOC;AC026150.3;RAG1;PROX2;TRIM34,0.64734092602139,,0.00518006917728121,TRUE,""
IMmotion150,9444,MTARC2;AL627309.6;SECTM1;ARG1;LINC01138,1.10071843597679,,0.623735985766367,FALSE,""
IMmotion150,9445,SNORD13;TBKBP1;AS3MT;CACNG5;FMOD,0.91030665553276,,0.598007644230867,TRUE,""
IMmotion150,9446,GOLGA8M;AC008878.1;ZNF816-ZNF321P;AC005062.1;GGH,0.98560821358511,,0.936719659238162,TRUE,""
IMmotion150,9447,ZFHX4;LIN7A;PEG3;UNC5D;RFTN2,0.899615913110924,,0.580558597156382,TRUE,""
IMmotion150,9448,GPC4;TM4SF18;H2BC14;TMEM35A;LILRB5,0.875239729354982,,0.512170147267368,TRUE,""
IMmotion150,9449,SELL;OSGIN1;CFAP70;AC007878.1;CIART,1.0716254594176,,0.724488753708945,FALSE,""
IMmotion150,9450,AGAP7P;SLC7A9;GOLGA8K;AC111000.5;SCARF2,0.86625621213208,,0.447232550686568,TRUE,""
IMmotion150,9451,NR3C2;IL17RD;PIM2;EGFEM1P;EVA1C,0.802494422510329,,0.289445975651403,TRUE,""
IMmotion150,9452,FAM149A;ZSWIM5;BMERB1;PLP1;H1-5,1.13986938781942,,0.537152200891288,FALSE,""
IMmotion150,9453,MEST;HMGN1P3;RPPH1;AC109446.2;GAMT,0.839124104390439,,0.345764079938712,TRUE,""
IMmotion150,9454,HYDIN2;AC004691.2;TWF1P1;TUBB8P7;IER3,0.835021148943243,,0.3510072758903,TRUE,""
IMmotion150,9455,NTN4;AC010655.3;ADAMTS17;PEX5L;EPHB3,1.06436785715805,,0.754913410318196,FALSE,""
IMmotion150,9456,AGAP7P;AC079594.1;TAS2R5;OR2A1;SNHG17,0.754292217606042,,0.158299625427219,TRUE,""
IMmotion150,9457,PLA2G7;C11orf98;KCNK5;SULT2B1;PCDHB4,0.907059641218965,,0.608146214665824,TRUE,""
IMmotion150,9458,ARFGEF3;HMGB3;PRKAR2B;C1QL4;FEZ1,0.87134317608463,,0.542329494345856,TRUE,""
IMmotion150,9459,TRO;AC000093.1;LY96;ANAPC1P3;ZAP70,0.9527193635165,,0.795818836757307,TRUE,""
IMmotion150,9460,SELENBP1;SCN8A;CCSER1;CDH9;STX11,1.20566629313213,,0.342518056418622,FALSE,""
IMmotion150,9461,DNAH6;GLB1L2;PRTG;AC008758.4;C6orf163,1.04281647011373,,0.836797327722066,FALSE,""
IMmotion150,9462,MST1;CX3CR1;THSD1;SERPINC1;RBP1,1.00020669394387,,0.999260149398281,FALSE,""
IMmotion150,9463,PTGS1;NAPSB;LRP8;AFAP1-AS1;GJA4,0.837197721471842,,0.382748955116807,TRUE,""
IMmotion150,9464,RADX;SNORA64;MICU3;RPL7P19;PCED1B,0.887024058186329,,0.488629040036815,TRUE,""
IMmotion150,9465,SNORA71D;GNLY;CYYR1;MTND4P12;CENPK,1.09758960768069,,0.61734304836362,FALSE,""
IMmotion150,9466,HRH2;P2RX1;ZNF596;AC008758.4;SNORA46,1.15436432309845,,0.452678719568452,FALSE,""
IMmotion150,9467,PTER;PPCDC;FGD1;SLC22A7;TP53INP2,0.908518101605748,,0.612227094714682,TRUE,""
IMmotion150,9468,ARFGEF3;SNORD104;COL9A2;AC133555.5;SARDH,0.984158470008115,,0.938339243362987,TRUE,""
IMmotion150,9469,DNAH6;FAM241A;KLF2;HHATL;SNORA14A,0.959453498239873,,0.827658706482393,TRUE,""
IMmotion150,9470,ADM;SNCAIP;MBD3;PEBP4;NAALADL2,0.963325309273378,,0.86218833463075,TRUE,""
IMmotion150,9471,APOC1;DYNC1I1;PDE8B;AC022414.1;SLC17A9,0.988415474371501,,0.952183270375997,TRUE,""
IMmotion150,9472,SNORD116-1;SLC19A3;EDA;SRPK3;PCDH18,1.3520671479179,,0.140279167126033,FALSE,""
IMmotion150,9473,RADX;ABT1;IL21R;FAM225A;IQCC,0.767156383038577,,0.13890346953443,TRUE,""
IMmotion150,9474,GPR183;AC004691.2;TREM2;IGKV1D-12;BAMBI,0.701572180656091,,0.0687952261159192,TRUE,""
IMmotion150,9475,CEACAM1;JPH2;DNALI1;BEND2;ARVCF,1.37602683813537,,0.115335082653468,FALSE,""
IMmotion150,9476,SGIP1;PCDHGB1;STON1;PPIAP51;HOXB6,0.743976428248187,,0.119436676180697,TRUE,""
IMmotion150,9477,LAMB3;PROM2;PHEX;AL358472.6;TMEM26,1.1359090757026,,0.48292636026686,FALSE,""
IMmotion150,9478,DKK3;CACNA2D3;DNALI1;INSYN2A;AC015818.10,0.867636894299194,,0.460088411218257,TRUE,""
IMmotion150,9479,GPR183;AL512356.1;SNORA14B;ULK4P3;C6orf163,0.82073752327647,,0.345521261766589,TRUE,""
IMmotion150,9480,SLC2A10;NANOGP4;CATSPERE;GDF10;CACNB2,0.831810962498087,,0.358589409361098,TRUE,""
IMmotion150,9481,ZNF704;BORCS8-MEF2B;PRKAR2B;FGF5;SNORD9,0.930056902374499,,0.685916690857902,TRUE,""
IMmotion150,9482,IMPA2;TSPAN7;HK3;EFCAB3;CD80,1.0124284163781,,0.947686059982649,FALSE,""
IMmotion150,9483,IFI44L;P2RX1;NAALADL2;A2ML1;FHAD1,0.668085175713927,,0.0408826908184424,TRUE,""
IMmotion150,9484,EGR2;HMGN1P3;SNORA59B;POTEH;NUAK2,0.883135345808957,,0.509418089054286,TRUE,""
IMmotion150,9485,DNAH6;EFNA5;H3C1;OTC;KATNAL2,1.12875595415667,,0.567969088109894,FALSE,""
IMmotion150,9486,GXYLT2;PWAR5;AL031727.1;KRT14;KLHL13,0.980877839873992,,0.912831419276741,TRUE,""
IMmotion150,9487,OR2A7;IKBKG;MAPK12;LINC01159;BNIP3P1,0.944202904447027,,0.774880463663043,TRUE,""
IMmotion150,9488,PLEKHA6;PHKA1P1;SCIMP;DACT2;AC004997.1,0.848176000155603,,0.400927145375785,TRUE,""
IMmotion150,9489,RHOB;PAQR5;RNU4ATAC;Z82190.2;EMP2,1.3429731880713,,0.175499412576247,FALSE,""
IMmotion150,9490,CTAGE6;PAQR5;FAM111B;ADARB2;SLAMF8,0.727610353279989,,0.0936379983808116,TRUE,""
IMmotion150,9491,ANLN;PODN;MICU3;TRAV16;DET1,1.04917846151162,,0.821026368665801,FALSE,""
IMmotion150,9492,CSPG4;CNTN4;PTGDR;OR7E158P;ZNF214,1.41167366581698,,0.091347380559971,FALSE,""
IMmotion150,9493,PPFIA4;ICOS;SNORA59B;PCSK1N;GAL3ST4,0.718694237640873,,0.0856180268394853,TRUE,""
IMmotion150,9494,KRBA1;FTH1P5;EDA;RIMBP2;CAMK4,0.812215102246758,,0.303083262440906,TRUE,""
IMmotion150,9495,CDCP1;PCDHGA1;SNORD16;BOLA2;SOX18,1.59083339566126,,0.016821744767085,FALSE,""
IMmotion150,9496,ADAM22;KCNQ1OT1;IGSF9B;AC007731.4;ZNF876P,1.28888417690196,,0.186943226961098,FALSE,""
IMmotion150,9497,HILPDA;SPDYE18;IGFBP6;INTS4P2;HOXC6,0.764718727269993,,0.151562865037745,TRUE,""
IMmotion150,9498,DNAH6;PLGLB2;KCNK5;SERPINC1;PATL2,0.993161233748252,,0.97352352453494,TRUE,""
IMmotion150,9499,CCL3;RNF150;SMAD6;HCG4B;TMEM54,0.908070611134671,,0.636278832200301,TRUE,""
IMmotion150,9500,FAM149A;FCGR3B;CD33;LRRC14B;PLEK2,0.734229275625801,,0.115659116303434,TRUE,""
IMmotion150,9501,PDE2A;INHBB;GSTM3;TRIM50;C5AR1,1.2930653445323,,0.217000027752327,FALSE,""
IMmotion150,9502,DLL4;COX7A1;ZNF540;SLC14A2;APCDD1,0.885915665070109,,0.495133359010071,TRUE,""
IMmotion150,9503,ALOX5AP;PYCR1;IL21R;TRBV30;RAI2,0.726949780800917,,0.0860080011569274,TRUE,""
IMmotion150,9504,SPNS2;POM121L9P;CD6;NPTX1;INHBA,0.8019516342439,,0.299459055665555,TRUE,""
IMmotion150,9505,NOSTRIN;TRBC1;UHRF1;OR2I1P;RAD54L,0.715448922098944,,0.107688789604269,TRUE,""
IMmotion150,9506,PDLIM3;CDS1;ADORA3;PPAN-P2RY11;TMEM132A,0.731190578073376,,0.132385604542942,TRUE,""
IMmotion150,9507,ITK;ABHD14A-ACY1;KLF2;LPA;CA11,0.874344357932607,,0.462196464877696,TRUE,""
IMmotion150,9508,BUB1;AL627309.6;PDXDC2P;SNTG2;LSR,0.886683227154662,,0.534434569215794,TRUE,""
IMmotion150,9509,KIF23;GIPC3;CAMK2N1;AC139426.1;RAD54L,1.25358471489529,,0.325542016126596,FALSE,""
IMmotion150,9510,MAP3K21;OSGIN1;H2AC16;RNASEH1P2;CATSPERG,1.17319899130761,,0.467539242771129,FALSE,""
IMmotion150,9511,KIT;F2RL1;AL590399.1;SHOX2;AC068580.4,0.934955634760582,,0.743310302660726,TRUE,""
IMmotion150,9512,TSPAN13;TSPAN7;CKS2;AL122008.2;ID1,1.00939022902643,,0.961012474234284,FALSE,""
IMmotion150,9513,PCDHB11;GZMB;SNORA10;USP44;H2BC3,0.763766562244864,,0.190820675552837,TRUE,""
IMmotion150,9514,BAIAP2L1;C6orf132;EMILIN1;PDCD6IPP1;CCDC74A,0.873329063672202,,0.448226158676372,TRUE,""
IMmotion150,9515,LMOD1;IL1R2;RAD54L;XKR4;RGS9,0.986119277209468,,0.943232583182988,TRUE,""
IMmotion150,9516,PTGIS;GATA2;UNC5C;SP5;FAM174B,1.10380350586172,,0.600401278145293,FALSE,""
IMmotion150,9517,NOX4;BTNL9;SCD5;THEGL;TTC25,0.818728872035786,,0.320397163414441,TRUE,""
IMmotion150,9518,PCDHGB2;TMEM184A;EVA1C;RPL3P5;HENMT1,0.94647909685469,,0.777265101863458,TRUE,""
IMmotion150,9519,GABRE;EVPL;KLF2;RPS14P8;LNX1,1.21364225600171,,0.315738413257315,FALSE,""
IMmotion150,9520,AFF3;DLG2;DIPK2B;SERPINB2;FAM72A,0.751129992342864,,0.13276007333896,TRUE,""
IMmotion150,9521,PARD6B;AC006254.1;MAPK12;RNVU1-18;SNORA59B,0.882049456884475,,0.468008300229792,TRUE,""
IMmotion150,9522,CD163L1;ZNF630;DECR2;HORMAD2;SCARA3,0.929175740745414,,0.716769170558403,TRUE,""
IMmotion150,9523,MT-CYB;RPL7L1P9;AGER;TRIM71;KBTBD8,0.967627484099508,,0.860825114618171,TRUE,""
IMmotion150,9524,NCKAP5;GPR171;SNORA3A;KRT73;FEZ1,0.675118119691644,,0.0367604072382309,TRUE,""
IMmotion150,9525,TRBC2;FDXACB1;MLF1;FIBCD1;TM7SF2,0.825104038759826,,0.373073729330372,TRUE,""
IMmotion150,9526,TLL1;ESCO2;SNORA46;TRAPPC3L;ACAP1,0.682666671040812,,0.0463647369214716,TRUE,""
IMmotion150,9527,CRIP1;LYSMD1;GPAT3;OR6Q1;ZNF578,0.942842824817017,,0.758303798311757,TRUE,""
IMmotion150,9528,SMIM3;AL731577.2;NRXN2;CBLN1;GLI2,1.02610480232464,,0.902020503696654,FALSE,""
IMmotion150,9529,ANG;DLG2;EYA2;SLC23A4P;ADAM32,1.05635501041798,,0.770573651878377,FALSE,""
IMmotion150,9530,EMCN;SLC6A16;APCDD1;FGF10;ARHGEF37,1.10320956532861,,0.613341271526975,FALSE,""
IMmotion150,9531,PLAU;SPON2;HEY2;CHAD;TSPAN5,1.21115133603102,,0.352941144131365,FALSE,""
IMmotion150,9532,SNORD116-6;DMRTA1;RNF138P1;AL121820.3;BNIP3P1,1.10119736128735,,0.62081500330091,FALSE,""
IMmotion150,9533,DKK3;PEG10;RTP4;H2BC2P;TROAP,0.713860230750341,,0.111019466841778,TRUE,""
IMmotion150,9534,SNORD116-6;CCDC136;MTHFS;ZP1;ABCB9,1.25058688634988,,0.323989967937898,FALSE,""
IMmotion150,9535,SRPX2;SLC14A1;CEBPD;TM4SF19-DYNLT2B;PIM2,1.23564144307056,,0.275258267356647,FALSE,""
IMmotion150,9536,DLL4;SLC12A8;RANBP17;KRT23;STMN3,1.07996947712393,,0.695178911699001,FALSE,""
IMmotion150,9537,PC;LRRC37A17P;ACOX2;TRBV7-6;TP53INP2,1.22134704774836,,0.31799578999143,FALSE,""
IMmotion150,9538,CTAGE6;MSANTD3-TMEFF1;CIDEB;HSPB3;S1PR2,0.885563071465425,,0.516158906511821,TRUE,""
IMmotion150,9539,CD209;HMGN1P3;TAS2R5;AC006511.5;SCHIP1,0.859591274418739,,0.429433225093706,TRUE,""
IMmotion150,9540,OR2A7;ICOS;BTG2;AC007952.1;TMEM150C,0.704012486020607,,0.0944299629925477,TRUE,""
IMmotion150,9541,KLF5;KIAA1143P1;TSPOAP1;RNU1-27P;SPATA6L,0.744741997982708,,0.116670516029671,TRUE,""
IMmotion150,9542,DNAH6;CFAP251;ZNF540;IGFALS;FHAD1,0.800381528781025,,0.282996431083063,TRUE,""
IMmotion150,9543,HGF;SLCO4A1;CD52;TTLL10;TICRR,0.750292228542549,,0.119233204340878,TRUE,""
IMmotion150,9544,MAP2;NRG3;NANOGP8;UQCRFS1P1;KCNJ5,1.12587406858663,,0.537869336021701,FALSE,""
IMmotion150,9545,FTH1P20;METTL7B;FMOD;AC132872.3;TICRR,1.23542196522391,,0.347935228120503,FALSE,""
IMmotion150,9546,CDCA2;F2RL1;STON1;OR5P3;LPAL2,0.932409717553825,,0.738831791614265,TRUE,""
IMmotion150,9547,BCAT1;TOX;LRATD1;AC026464.1;TBX2,0.690063348531014,,0.0926337903675331,TRUE,""
IMmotion150,9548,C5;SRPX;GMPR;SLC22A24;UNC5C,1.07134132853251,,0.731017162838848,FALSE,""
IMmotion150,9549,SNORD116-1;EBF2;H2BC14;AC004381.3;SPOCK2,0.906956736447143,,0.61889666662699,TRUE,""
IMmotion150,9550,ABCB4;PHKA1P1;NBL1;ATP2B3;C1QTNF3,0.917319961620225,,0.666867754681346,TRUE,""
IMmotion150,9551,SELL;GALNT15;ZNF433;TNFRSF13B;SLC22A4,0.781890842132638,,0.193429276777247,TRUE,""
IMmotion150,9552,PDLIM3;ELAPOR1;SCD5;GRHL3;ABCA10,0.62129544933637,,0.0192958526904013,TRUE,""
IMmotion150,9553,SMIM3;UBE2T;DRC3;AC079781.4;SNORD16,1.01333924803494,,0.946133305393099,FALSE,""
IMmotion150,9554,GXYLT2;AC034102.1;NPIPA2;IGKV1-13;RAD54L,1.01815402369062,,0.922850369360794,FALSE,""
IMmotion150,9555,ARFGEF3;ZNF711;IQCN;CPSF1P1;SCUBE2,1.10538001566708,,0.590674674627744,FALSE,""
IMmotion150,9556,RASL11A;COL22A1;MACROD2;CKLF-CMTM1;TSPOAP1,0.932782350239115,,0.718500736627222,TRUE,""
IMmotion150,9557,FAT3;FMO5;PRH1;KCNN1;ZAP70,1.11012998363089,,0.593233171079274,FALSE,""
IMmotion150,9558,STC1;IL1B;AL096711.2;PAX9;TMEM97,1.02704664358435,,0.887565908306486,FALSE,""
IMmotion150,9559,GCNA;ATP2A1;MYCT1;AC111000.1;CD226,0.723551752492749,,0.091958270845206,TRUE,""
IMmotion150,9560,SRPX2;SNORD104;CCR5;SPDYE5;BMERB1,0.953186677652914,,0.795647312758718,TRUE,""
IMmotion150,9561,CNTNAP3;ADAM1A;ARVCF;TRAPPC3L;SEMA7A,0.98449071197091,,0.942554785018285,TRUE,""
IMmotion150,9562,FPR1;NCR3LG1;GOLGA6L3;SFTA2;HOXD8,0.935851968345572,,0.746806146364775,TRUE,""
IMmotion150,9563,ACSM3;DEPDC7;AGER;DEFB131E;PDE8B,1.2479167180853,,0.271106319322716,FALSE,""
IMmotion150,9564,AMACR;NR2F1;CCDC74A;SLC9C2;PDE1C,0.806400106956281,,0.243944146937029,TRUE,""
IMmotion150,9565,RHOB;AC048382.2;POLQ;MAJIN;LINC02449,1.15802834173358,,0.476523136624446,FALSE,""
IMmotion150,9566,PHGDH;PNMA2;CD180;LINC00242;H2BC3,0.859237378000633,,0.445349985621757,TRUE,""
IMmotion150,9567,SLC2A10;SNORA62;LCK;IGLV5-37;ZNF662,0.9582403397409,,0.819709171776034,TRUE,""
IMmotion150,9568,GBP5;KLRC4-KLRK1;TRIM6;KCNV1;SHROOM2,0.604580968484637,,0.0103719359614271,TRUE,""
IMmotion150,9569,ABCB4;PCDHGA1;MAP3K7CL;AP005018.2;H4C9,0.834289526175883,,0.342283619460764,TRUE,""
IMmotion150,9570,EGR2;NRG3;LIMS2;AC005821.1;CD247,0.628380715756637,,0.0260230156007125,TRUE,""
IMmotion150,9571,GULP1;CAPN12;SNORA3B;TTC4P1;OSBP2,1.0493458714584,,0.810710885573602,FALSE,""
IMmotion150,9572,RNASE1;HMGB3;FAM86DP;AL133444.1;SSPOP,1.17100397077219,,0.425506313703356,FALSE,""
IMmotion150,9573,IMPA2;ZNF713;ADAMTS17;CDH20;AC004832.3,0.944182687948036,,0.751544724339052,TRUE,""
IMmotion150,9574,KCNN3;HOMER2;KCNK1;ACTBL2;B4GALT6,0.980644970438316,,0.923477826439288,TRUE,""
IMmotion150,9575,SNORD118;BMPR1AP2;DNAJC6;FEM1AP2;ZNF816-ZNF321P,0.546672987766874,,0.00582336055464765,TRUE,""
IMmotion150,9576,FHL2;AC026150.3;B4GALT6;AC123912.1;CCNJL,0.910786861955329,,0.619278157470943,TRUE,""
IMmotion150,9577,SGPP2;RPSAP12;SMAD6;RBM11;DOK2,0.657590091528719,,0.0191753930890349,TRUE,""
IMmotion150,9578,BAIAP2L1;LIN7A;ATL1;ST13P13;KIF14,1.13051894131518,,0.526033838321997,FALSE,""
IMmotion150,9579,SELL;NPIPB8;FAAH2;HPR;KIFC1,0.85602872631322,,0.453439700137323,TRUE,""
IMmotion150,9580,H2BC9;MT-ND4L;E2F7;SDR16C5;SNORA3A,0.829498868451887,,0.352718456446457,TRUE,""
IMmotion150,9581,CNTNAP3;RPL12P4;POLQ;DSC3;HID1,0.941553107716775,,0.76350560435983,TRUE,""
IMmotion150,9582,ACSS3;P2RX1;PCDHGA7;AC123912.3;NEIL1,0.9472718889176,,0.777180041816854,TRUE,""
IMmotion150,9583,AOC3;CCNB2;KLF4;NDUFAF4P2;KIAA1614,0.906084318122503,,0.628744733820059,TRUE,""
IMmotion150,9584,FN3K;GIPC3;FSTL3;CYP26A1;ACAP1,0.708433657522336,,0.0586900330600357,TRUE,""
IMmotion150,9585,PCDHGB5;PLAC8;LPAL2;CCL15;STRC,1.20817521627862,,0.387848800851443,FALSE,""
IMmotion150,9586,ALDOC;ZNF727;LOXL4;EPN3;BAMBI,0.959830909691069,,0.833948846068536,TRUE,""
IMmotion150,9587,CCL5;CEP170P1;TPRN;PPP1R42;ID1,0.557767404069212,,0.00440152959801408,TRUE,""
IMmotion150,9588,LDHAP4;TRIM16L;CIART;SH3GL1P2;NPIPB9,0.949175940605784,,0.788123402029352,TRUE,""
IMmotion150,9589,HYDIN;B4GALNT3;FAM72A;AC119751.3;B4GALT6,0.614845779176365,,0.00788049676899527,TRUE,""
IMmotion150,9590,ANOS1;TK1;SEMA6D;SNORD35A;SPN,0.863788850621097,,0.428683801543036,TRUE,""
IMmotion150,9591,ALOX5AP;SLAMF7;KCNJ5;NPY4R;RAD54L,0.687646632553203,,0.0561312532137097,TRUE,""
IMmotion150,9592,CTAGE6;AC009078.3;DIPK2B;AC025279.2;HLA-L,0.977513766865975,,0.89240542617933,TRUE,""
IMmotion150,9593,PCDHGB2;TBKBP1;CD101;AC104389.6;STK32B,0.862932781298564,,0.435304946907542,TRUE,""
IMmotion150,9594,CCDC146;RNF157;CASZ1;GYG1P3;IER3,0.680072802486678,,0.0380460010496945,TRUE,""
IMmotion150,9595,THSD7A;BTNL9;EPHB2;CFAP65;C1QTNF3,1.04368271753489,,0.825833874766633,FALSE,""
IMmotion150,9596,ITGA11;LIN7A;HCST;OR2I1P;RAI2,0.660942667480807,,0.0310092925096744,TRUE,""
IMmotion150,9597,PARM1;NPHP3-ACAD11;C1QTNF1;GAGE10;TRIM34,0.965131021251235,,0.844626130035726,TRUE,""
IMmotion150,9598,RETREG1;WSCD1;FAM111B;GSDMA;IQCN,0.940149259852452,,0.746281177598974,TRUE,""
IMmotion150,9599,OLR1;FAM86EP;PDE1C;GPC5;LINC01138,0.804345070808812,,0.252960712463574,TRUE,""
IMmotion150,9600,PTGIS;ADAMTS14;WNK3;SLC30A3;CSPG4P12,1.20356597713768,,0.369194999374709,FALSE,""
IMmotion150,9601,PCDHB9;AC093899.2;STAG3;PCSK9;RASIP1,0.809913148760397,,0.265214738803536,TRUE,""
IMmotion150,9602,NCKAP5;TRABD2B;PCDH18;DBH;APOBEC3B,0.965977519794427,,0.857273143100784,TRUE,""
IMmotion150,9603,FAT3;KIAA1143P1;MAFB;AC105233.5;ATP8B3,0.872075067933483,,0.549139096750599,TRUE,""
IMmotion150,9604,ADM;ZNF713;SOCS2;TM4SF19;HEY2,0.899738086003863,,0.601671857846516,TRUE,""
IMmotion150,9605,CSRP2;EFNA5;SEPTIN1;FAM25BP;PMEPA1,1.08302590904562,,0.686241016535824,FALSE,""
IMmotion150,9606,MT-ATP6;RP1;SNORA18;FXYD7;FAXDC2,0.977606090265866,,0.913068900694063,TRUE,""
IMmotion150,9607,HYDIN2;OLFM2;AC112777.1;AIDAP1;CFAP70,0.985346367155694,,0.937803508135078,TRUE,""
IMmotion150,9608,IQGAP3;RARRES1;MOB4;AC025165.6;PMEPA1,1.22926525625144,,0.262782245411908,FALSE,""
IMmotion150,9609,AKAP6;DLG2;C1orf131;RNU1-4;RAB38,0.740748931148267,,0.0692611090030489,TRUE,""
IMmotion150,9610,CDCP1;ITGA2B;MFAP3L;LINC01546;AGER,1.1096248932928,,0.567016667630948,FALSE,""
IMmotion150,9611,TRAC;CDCA7;KLRB1;AC007780.1;TEF,0.65464588840312,,0.0277126057183099,TRUE,""
IMmotion150,9612,CD209;NPHP3-ACAD11;FGD1;RPL23AP60;MBNL3,0.851359589547602,,0.466314754886991,TRUE,""
IMmotion150,9613,ADAM22;HMGN1P3;CDKN3;AL355303.2;KIF15,0.883618167002166,,0.538639606875214,TRUE,""
IMmotion150,9614,CD3D;TPD52L1;KIAA1755;ARTN;EBF4,0.814505418243561,,0.303745388016872,TRUE,""
IMmotion150,9615,THSD4;ARHGEF16;H1-5;AC091167.2;RFTN2,0.840537801985238,,0.348266399885269,TRUE,""
IMmotion150,9616,OLR1;MARVELD2;CENPI;NBPF6;GRHL1,1.05782373133573,,0.777732498987276,FALSE,""
IMmotion150,9617,PLA2G7;MMP16;PRH1;MT1H;PCDHGA8,1.17254830000858,,0.414363633050442,FALSE,""
IMmotion150,9618,THSD7A;RERG;SFXN2;UPP2;GMPR,0.903389519312567,,0.601001802553015,TRUE,""
IMmotion150,9619,KITLG;LY75;RGCC;CFAP157;HBEGF,0.80892925650407,,0.236856782137946,TRUE,""
IMmotion150,9620,ANG;KCNQ1OT1;EPHB3;RPL23AP24;FAM72A,1.34522195536689,,0.123159419769068,FALSE,""
IMmotion150,9621,SNORA71D;PTH1R;RAB38;OR2L2;IQCN,1.20021358340072,,0.353439246489433,FALSE,""
IMmotion150,9622,PCDHGB4;MDP1;AC112777.1;TRPM1;OSBP2,0.861552275697129,,0.482104639687954,TRUE,""
IMmotion150,9623,TRIM9;PLXNB3;WDR17;PRSS2;TREM2,1.05268314387586,,0.788043406657607,FALSE,""
IMmotion150,9624,SCARNA4;HRC;HAPLN3;SLC14A2;SLC43A1,0.966473097972332,,0.864607218055438,TRUE,""
IMmotion150,9625,GHR;IL17RD;MDGA1;ALLC;ZNF454,0.883705304407797,,0.538828973503639,TRUE,""
IMmotion150,9626,CDCP1;RPSAP12;ZNF470;FIRRE;DAPP1,0.934566879820061,,0.737981627376211,TRUE,""
IMmotion150,9627,PCDHGB2;FNDC4;ABCG2;HSPB7;PCDHGC5,0.92893660010318,,0.703220452956501,TRUE,""
IMmotion150,9628,RETREG1;ETNK2;SH3BGRL2;AC060834.1;MEFV,0.927228466143655,,0.715157406420279,TRUE,""
IMmotion150,9629,ANG;CST7;RAG1;TPSG1;CCDC157,0.695618023297554,,0.0635789392811121,TRUE,""
IMmotion150,9630,EGR2;HMGB3;ZNF596;CRHR1;ZNF334,1.40218611780486,,0.11793201293013,FALSE,""
IMmotion150,9631,HGF;TSSC2;RAI2;SLC26A5;ELMO3,0.8828701450469,,0.528007632084313,TRUE,""
IMmotion150,9632,MT-CYB;PPFIA2;TMEM220;HMGA2-AS1;HSPB2,1.0854979940019,,0.674656044214463,FALSE,""
IMmotion150,9633,CCDC146;UBE2T;KLRB1;AFAP1-AS1;FAM184A,0.65530860787645,,0.0333549016004291,TRUE,""
IMmotion150,9634,CDCA2;AC034102.1;SNORA59A;CST6;MAFB,0.987398136053713,,0.958589843190586,TRUE,""
IMmotion150,9635,FAT3;RP9P;PIH1D2;AC007663.1;ZNF610,0.810160597617449,,0.294795402851667,TRUE,""
IMmotion150,9636,TBX3;ABHD14A-ACY1;TRIM36;IGHV3OR16-9;SNCA,0.865858679072758,,0.409491304181096,TRUE,""
IMmotion150,9637,MATN2;TMEM184A;TMEM150C;MT-TV;H2BC3,0.797694526667026,,0.276977434888099,TRUE,""
IMmotion150,9638,RGS2;S100A9;CA11;OPN4;Z74021.1,0.954525264315982,,0.820847683566535,TRUE,""
IMmotion150,9639,ANGPT2;RRAD;CD3G;CCNO;IER3,0.933573483249578,,0.728836723202533,TRUE,""
IMmotion150,9640,CCL2;AIM2;PCDHB4;ODAPH;GZMA,0.722903009610073,,0.0864181154240942,TRUE,""
IMmotion150,9641,CTAGE6;SORCS2;SOX18;UMODL1;AK1,1.08542927291347,,0.654835230186269,FALSE,""
IMmotion150,9642,NTN4;AL021368.4;RAB38;AMYH02020865.1;CNRIP1,0.764422514939373,,0.139692761537728,TRUE,""
IMmotion150,9643,RGS2;HTRA3;SNORA13;CPNE4;RGCC,0.840773012968646,,0.360090794771742,TRUE,""
IMmotion150,9644,GPR183;BAIAP3;ZNF415;SNORD55;EGFLAM,1.29599657285381,,0.195454224712826,FALSE,""
IMmotion150,9645,KIF26B;EML5;SSPOP;CST6;CYYR1,0.759978493163991,,0.178118723505107,TRUE,""
IMmotion150,9646,SEZ6L2;ZSWIM5;ARVCF;FAM90A25P;TSHZ2,1.1582332378631,,0.464819845832093,FALSE,""
IMmotion150,9647,KIF26B;XRCC3;AXIN2;BET1P1;DTL,0.910939738894578,,0.666876700042795,TRUE,""
IMmotion150,9648,CD163L1;ZNF565;MACROD2;OR3A1;TWF1P1,1.30465559803507,,0.267692746377294,FALSE,""
IMmotion150,9649,ZNF395;ETNK2;CLEC14A;TLR9;IL12RB1,0.981641338410386,,0.923189112582929,TRUE,""
IMmotion150,9650,MAP3K21;GZMB;SLC6A1;PRR15L;PEG3,0.829402457244055,,0.358317116185442,TRUE,""
IMmotion150,9651,C5;LIPC;ZAP70;AC002472.2;FMOD,0.955280171218676,,0.831448000991407,TRUE,""
IMmotion150,9652,NCKAP5;SLAIN1;ZNF470;ATP2A1-AS1;DNM1P46,0.613692737182294,,0.00911708005009595,TRUE,""
IMmotion150,9653,HILPDA;YBX1P10;CAMK4;AC233968.1;SNORD46,0.853872301950672,,0.417908257911779,TRUE,""
IMmotion150,9654,EMCN;LIPC;ELAPOR2;VPS35P1;PMEPA1,1.52286059976975,,0.0353516240013711,FALSE,""
IMmotion150,9655,TMEM37;SEMA3A;SNORA10;KCNIP1;GPAT3,0.931855533736276,,0.720135267848427,TRUE,""
IMmotion150,9656,TPX2;IGF2BP2;STK26;GJC3;H2BC3,0.802429367355156,,0.31240580627804,TRUE,""
IMmotion150,9657,PTGS1;CFD;LILRA1;OR5P3;HOXD8,0.939938256094184,,0.733328286177786,TRUE,""
IMmotion150,9658,SPATA18;PWP2;H1-5;SFTPA1;SNORA50A,0.684120160139335,,0.0432216971284179,TRUE,""
IMmotion150,9659,LRP4;CST7;ABCG2;IGLC6;AC004890.2,0.837222094215522,,0.363462759740187,TRUE,""
IMmotion150,9660,FAP;BORCS8-MEF2B;SSPN;AC112187.1;HLA-L,0.989838022273884,,0.95306553835528,TRUE,""
IMmotion150,9661,TMEM91;ASS1P1;TSGA10;AC004076.1;PATL2,0.903341668608298,,0.613527899285922,TRUE,""
IMmotion150,9662,ZNF521;PADI2;CLEC14A;TMEM191B;LRRC17,1.13979658359515,,0.479119017684099,FALSE,""
IMmotion150,9663,EGR2;ZNF726;MBNL3;POPDC3;BPTFP1,0.709863252066928,,0.0759692147683603,TRUE,""
IMmotion150,9664,MAP3K21;NEIL3;BMP4;GRID2;CDKN3,0.912554146984551,,0.646422485171474,TRUE,""
IMmotion150,9665,MT-CO3;ASAH2B;ATP8B3;NIPAL4;FOXM1,0.831637992116095,,0.382174482335618,TRUE,""
IMmotion150,9666,SGPP2;TRIM45;TP53INP2;AL450992.1;GPAT3,1.03732277405051,,0.839343153247748,FALSE,""
IMmotion150,9667,PCDHB15;ROR2;SNORA3B;LINC01151;ADAMTS6,1.29453151977311,,0.192804950935551,FALSE,""
IMmotion150,9668,MXRA7;BTNL9;MMP19;AC025580.2;LRRC37A6P,0.906137564002498,,0.63140693188913,TRUE,""
IMmotion150,9669,MATN2;SS18L2;SPOCK2;PPIAP35;P2RY8,0.814052229213887,,0.270885314564752,TRUE,""
IMmotion150,9670,ARFGEF3;MST1L;MCOLN2;AC006511.5;DTX2P1,0.919039352100003,,0.669695426266086,TRUE,""
IMmotion150,9671,MXRA8;PADI2;KBTBD8;TEKT4;ACTBP4,0.938090420539986,,0.729736087034642,TRUE,""
IMmotion150,9672,ZNF704;RTKN2;RGS16;FAM138B;LPAR1,1.17463932319734,,0.429025853368439,FALSE,""
IMmotion150,9673,TSKU;HSD11B2;TSPYL5;AC100827.2;MAPK12,1.82088028283541,,0.0010391526025196,FALSE,""
IMmotion150,9674,PCDHB11;NPIPB8;IGFBP6;MS4A8;LNX1,0.78522183358935,,0.203898969456255,TRUE,""
IMmotion150,9675,SLC11A1;PPFIA2;NLRC3;AL390198.2;RTP4,0.664989612167218,,0.0333307791218094,TRUE,""
IMmotion150,9676,PTER;IGLV5-52;CIDEB;EFCAB1;CCDC9B,0.874283165725157,,0.504218359666345,TRUE,""
IMmotion150,9677,EDIL3;RBM20;SNCA;HORMAD2-AS1;MFAP3L,1.11358476454334,,0.537356833561036,FALSE,""
IMmotion150,9678,EPHA3;STOX1;CENPI;SLC25A18;MELK,1.68029972887146,,0.0139191772788541,FALSE,""
IMmotion150,9679,ADAM12;TBX15;AC004890.2;PF4;THRB,1.29933779551175,,0.18563599471936,FALSE,""
IMmotion150,9680,ZFPM2;PIP5K1B;SNORA14B;MARCHF4;Telomerase-vert,0.94751815370148,,0.782020429080449,TRUE,""
IMmotion150,9681,PLEKHA7;NEIL3;AC093752.2;SRI-AS1;CIDEB,0.787979769522053,,0.211086615797492,TRUE,""
IMmotion150,9682,PDLIM3;MARVELD2;MEGF6;ELANE;CCDC74B,1.08151542110799,,0.695257577502265,FALSE,""
IMmotion150,9683,ITGA11;PDCL3P4;RTP4;CYP2C19;TRIB3,0.957149173553799,,0.831579575227608,TRUE,""
IMmotion150,9684,DLL1;JPH2;DAPP1;AC125611.3;JAM2,0.925410639018646,,0.698625843422562,TRUE,""
IMmotion150,9685,AGAP7P;RTKN2;ELOVL6;WFDC5;RBKS,0.860051678734379,,0.440417663794483,TRUE,""
IMmotion150,9686,NR3C2;KCNQ1OT1;MAP3K7CL;CXCR5;KLF4,0.916248116669467,,0.661168855743639,TRUE,""
IMmotion150,9687,GBP5;MDP1;BRSK1;FOXD4L3;EIF5A2,0.656154670695171,,0.0691730635716874,TRUE,""
IMmotion150,9688,CNTNAP3P2;GPR160;RNF144A;BRINP3;ARHGEF37,0.990638821609544,,0.963601747752618,TRUE,""
IMmotion150,9689,NCF1C;ZFYVE21;ZAP70;SLCO1A2;HLA-DOB,0.535434994556511,,0.00222666608490318,TRUE,""
IMmotion150,9690,ADAM22;NPIPB8;TESPA1;KIR3DX1;LRATD1,0.692975596285435,,0.0331309810893474,TRUE,""
IMmotion150,9691,DLL4;RPL7L1P9;UST;CARD17;MACROH2A2,0.655814126665021,,0.0279860839889493,TRUE,""
IMmotion150,9692,BCAT1;EPHB1;RTP4;RPL10P6;KCNJ5,0.809533855957583,,0.271551810664428,TRUE,""
IMmotion150,9693,ABCA6;CNTN4;RGS9;CDHR4;CD83,0.802091768296579,,0.291646808297282,TRUE,""
IMmotion150,9694,PDLIM3;TSPAN7;GRIP1;VWA3B;ZNF454,0.911385138846301,,0.643874052379645,TRUE,""
IMmotion150,9695,ADAMTSL2;HYLS1;HOXA2;FOXA2;KLF2,1.01419599228882,,0.942466289161655,FALSE,""
IMmotion150,9696,ITGA11;AC009093.9;TSPAN5;RPS2P7;AS3MT,1.46611685298738,,0.0775420464605898,FALSE,""
IMmotion150,9697,FPR1;FMO5;TICRR;FCF1P6;SCUBE2,1.0625496983491,,0.751825606079879,FALSE,""
IMmotion150,9698,BCAT1;ABHD14A-ACY1;UST;LINC02716;CENPK,1.02883723081519,,0.892303788524956,FALSE,""
IMmotion150,9699,OLFML3;TENT5C;PIGAP1;OR2T11;ENO3,0.729915689256904,,0.132173390089453,TRUE,""
IMmotion150,9700,PDE2A;FAM157C;TLK2P2;AC138951.1;TMEM156,0.64050269763932,,0.0163768359921694,TRUE,""
IMmotion150,9701,CCDC146;NTRK3;AXIN2;PPIAL4A;AC124944.2,1.23173706024559,,0.276345732966506,FALSE,""
IMmotion150,9702,SERPINI1;TPTEP2;PCDHB18P;MIR9-1HG;RHPN1,0.819868984756029,,0.333137386746956,TRUE,""
IMmotion150,9703,RGPD3;SHC2;MPP7;NT5C1A;PPM1H,0.823177089350492,,0.319177803900437,TRUE,""
IMmotion150,9704,SNORD13;USP2;NLRC4;TSPAN19;GOLGA8K,0.910004724185381,,0.62409790098812,TRUE,""
IMmotion150,9705,MEST;AC009093.9;BTG2;SYT3;PRRG4,1.06434623366805,,0.72721450265036,FALSE,""
IMmotion150,9706,ITGA11;PHYHD1;SARDH;VCX;AC004890.2,1.1845056087466,,0.375068036333363,FALSE,""
IMmotion150,9707,CCL4;CCN4;RAMP2;AC074386.1;GGH,1.06875338169589,,0.736489234311777,FALSE,""
IMmotion150,9708,PCDHGB2;PCDHB5;RSAD2;OR2L13;JAM2,0.814806630756719,,0.272998116500834,TRUE,""
IMmotion150,9709,EHHADH;TK1;C6orf163;CHRM5;TIGD2,0.708591449921672,,0.119203545917182,TRUE,""
IMmotion150,9710,AK4;GATA2;LPAR1;SMIM32;PCDH18,1.01529050403273,,0.937343933326112,FALSE,""
IMmotion150,9711,AR;CEP55;RGS18;NBPF7;ACTBP4,1.04010719609518,,0.830454402631779,FALSE,""
IMmotion150,9712,ABCA9;AC008878.1;LINC01550;MAG;CYP2S1,0.63600544165378,,0.022541052630442,TRUE,""
IMmotion150,9713,KLF5;CCDC68;CD52;PCDHA1;BANK1,0.567671843100434,,0.00687514684676318,TRUE,""
IMmotion150,9714,IMPA2;CACNA2D3;CD180;POC1B-GALNT4;STON1,0.777240568626061,,0.202007831510016,TRUE,""
IMmotion150,9715,RGPD3;ZNF215;TMC4;ENHO;BNIP3P1,1.14768149583328,,0.442361204454405,FALSE,""
IMmotion150,9716,SLCO2A1;ROR2;ZNF257;CACNG4;APCDD1,1.00564789119457,,0.976935014937868,FALSE,""
IMmotion150,9717,CARD11;LYSMD1;PPP1R16B;OVCA2;ZNF257,0.510513945828389,,0.00147821305719019,TRUE,""
IMmotion150,9718,COL4A4;SUSD2;CENPU;LIX1;TICRR,0.995321926496919,,0.981692142678696,TRUE,""
IMmotion150,9719,CDH23;ZNF713;NEURL1B;SERINC4;NPIPA2,0.860822984420016,,0.393321713277112,TRUE,""
IMmotion150,9720,LRP4;AL512356.1;STON1;CRNDE;CD28,0.918793322521998,,0.662821891323326,TRUE,""
IMmotion150,9721,OLFML2A;CX3CR1;OPLAH;SLC25A48;SLC16A6,1.44291017322683,,0.063344332675979,FALSE,""
IMmotion150,9722,FN3K;AL022238.3;KIF14;PPIAP51;DUSP7,1.17971022284736,,0.513380912038391,FALSE,""
IMmotion150,9723,PDLIM3;GJA5;STEAP2;AL606469.1;TIAM2,0.826857879753122,,0.332525366497954,TRUE,""
IMmotion150,9724,PTPN3;AC011497.2;ZNF300;TRAV24;KIF2C,0.679686616566859,,0.105574139523164,TRUE,""
IMmotion150,9725,SMAD9;NOVA1;HSD17B14;ZNF560;TMEM156,0.990745849994189,,0.966650915650551,TRUE,""
IMmotion150,9726,CD209;LLPH;IFI6;NPFFR1;EMP2,0.892195647409275,,0.571082682880512,TRUE,""
IMmotion150,9727,HILPDA;AC036108.2;TESPA1;PRH2;GPX7,0.886103407138381,,0.554338198786939,TRUE,""
IMmotion150,9728,GHR;SPTB;TECTA;AL121820.3;ZFP2,0.759792449080552,,0.140844365515053,TRUE,""
IMmotion150,9729,FER1L4;BEND5;SNORA59A;RHOV;KIF15,1.1550153201762,,0.467957232150431,FALSE,""
IMmotion150,9730,MT-CO3;FAM72B;ARNTL2;FSTL4;EID3,0.622758208153142,,0.0441943944788224,TRUE,""
IMmotion150,9731,COL5A3;TPTEP2;SOX5;MAPK4;ABTB2,1.23695443583576,,0.251246715985626,FALSE,""
IMmotion150,9732,DLL4;ABHD14A-ACY1;SH3BGRL2;RNASE10;RFTN2,1.26522618528608,,0.183234089342045,FALSE,""
IMmotion150,9733,DLL4;PCDHGA1;DTL;TBC1D3I;GZMA,1.01276657219272,,0.947705762964037,FALSE,""
IMmotion150,9734,PCDHB8;BTNL9;TRIM36;ADAM21;CSPG4P12,1.21919038899135,,0.291151566911903,FALSE,""
IMmotion150,9735,FBN2;TRAT1;SLC6A9;HMGN2P7;WASF3,1.00349726276225,,0.986209272362365,FALSE,""
IMmotion150,9736,NTN4;ZNF726;FAM227A;FAM138D;FAM86DP,1.02694654296384,,0.906510769269562,FALSE,""
IMmotion150,9737,TRO;AC048382.2;AKR1E2;ARC;CMKLR1,1.07793475063291,,0.680813797240872,FALSE,""
IMmotion150,9738,NOSTRIN;CD69;ELOVL6;RPS6P22;LPAL2,1.29900290765132,,0.219881449785123,FALSE,""
IMmotion150,9739,PCDHGB4;TSSC2;MFAP3L;MIR9-1HG;GRAPL,0.991657034915555,,0.965068144686349,TRUE,""
IMmotion150,9740,SDK1;MAGEE1;HID1;AC005324.2;ADCY1,0.946513134517897,,0.760009687741612,TRUE,""
IMmotion150,9741,NTN4;HTRA3;HEYL;TRBV10-2;SNORA14B,0.872310620147733,,0.484857581827943,TRUE,""
IMmotion150,9742,SCARNA4;FOXL1;RPSAP15;DOK7;PCDHGA4,0.645335391185238,,0.0288186685683623,TRUE,""
IMmotion150,9743,TRIM9;HLA-H;KCNA3;SPDYE5;FAM133CP,0.827587395221039,,0.307585237356336,TRUE,""
IMmotion150,9744,FAM149A;CDA;MACROH2A2;SNORD115-30;RAD51AP1,0.796780916745038,,0.275322261733914,TRUE,""
IMmotion150,9745,MT-CYB;ZNF565;ADGRE4P;AC008758.4;SAMD3,0.723419846750152,,0.0719544012928398,TRUE,""
IMmotion150,9746,TRPC6;AC004691.2;PCDHGB3;OR2L1P;SNORA14A,0.958059513542627,,0.813814091426812,TRUE,""
IMmotion150,9747,SNORD13;RNF157;CCDC74B;AC087203.3;RASIP1,1.0227251793949,,0.908666352488936,FALSE,""
IMmotion150,9748,SERPINI1;AC093668.1;ESR1;AC009244.1;ITGA10,0.848690710946134,,0.413779983288988,TRUE,""
IMmotion150,9749,ADAMTSL3;SYBU;DLGAP5;SCG3;RDH13,0.925804640647566,,0.714486542256435,TRUE,""
IMmotion150,9750,TRO;UBE2C;FAM174B;MYH13;ASRGL1,0.988702599730264,,0.955232503572034,TRUE,""
IMmotion150,9751,ALDH1A3;ARHGEF16;AL031727.1;WNT7B;MSS51,0.634512218307986,,0.027326879859847,TRUE,""
IMmotion150,9752,ACP5;AC026150.3;LINC01550;SOSTDC1;AFF2,0.442020663850268,,0.000114739953684651,TRUE,""
IMmotion150,9753,BUB1;WDR53;ADAMTS17;RNASE3;CDK1,1.05463908069973,,0.79666566907228,FALSE,""
IMmotion150,9754,CCDC141;ZNF630;EDA;CYP2U1-AS1;FMOD,0.815581681865008,,0.228526923782183,TRUE,""
IMmotion150,9755,C11orf96;S100A9;PRKAR2B;ZIC1;PCDH18,1.2300994790422,,0.294036001796358,FALSE,""
IMmotion150,9756,HYDIN;SIDT1;H1-5;PTMAP12;ZNF876P,0.751406034014332,,0.13688277607218,TRUE,""
IMmotion150,9757,MDK;GPR174;HOXA4;TACR1;ANKRD29,0.803219347433444,,0.256220969386259,TRUE,""
IMmotion150,9758,ANKS1B;NRG3;H1-5;FIRRE;ZNF257,0.968394398066451,,0.871306585053175,TRUE,""
IMmotion150,9759,FTH1P20;AC026150.3;TUB;ATP12A;MAN1C1,0.933997986908616,,0.760385184364686,TRUE,""
IMmotion150,9760,ITK;PCDHB5;CPNE5;KCNIP1;SEMA4G,0.756426142742537,,0.146768806477738,TRUE,""
IMmotion150,9761,KRBA1;CXCR6;BCL2;ITIH1;H2BC3,0.893738025089708,,0.570185626407978,TRUE,""
IMmotion150,9762,CNTNAP3P2;ZSWIM5;ZNF135;RNASEH1P2;C2orf27A,1.05644998181406,,0.782299534710991,FALSE,""
IMmotion150,9763,FBLN2;GRM8;EVA1C;TMEM35A;TMEM150C,0.881378922473539,,0.51983867603318,TRUE,""
IMmotion150,9764,CD163L1;GPR160;ORC6;TRAV8-3;TESPA1,0.841755377855172,,0.405538898827142,TRUE,""
IMmotion150,9765,C11orf96;TENT5C;TSPAN5;AC138749.1;RNF138P1,1.21222465953571,,0.375291058882232,FALSE,""
IMmotion150,9766,OR2A7;ANO9;LINC01550;PTGER1;ALS2CL,0.885776581761964,,0.570744429100005,TRUE,""
IMmotion150,9767,GPR183;SLC5A4;KIFC1;AC091390.1;LYVE1,1.04028985383223,,0.851526909444873,FALSE,""
IMmotion150,9768,ITGA11;CDS1;METRNL;ANGPTL7;SLC2A3P2,0.903018684035251,,0.641861792454548,TRUE,""
IMmotion150,9769,FAM27E3;CHDH;AL031727.1;SNORD115-23;KYAT1,0.945011776310569,,0.736028931290504,TRUE,""
IMmotion150,9770,ITK;AC026150.3;SCHIP1;ZNF33BP1;ESR1,0.716391862378126,,0.0496193063891132,TRUE,""
IMmotion150,9771,SMAD9;RHEBP2;PPP1R16B;TRBV10-2;STK26,0.57530176224645,,0.00753019323697014,TRUE,""
IMmotion150,9772,PDLIM3;RGS4;GOLGA2P5;AC123912.3;CATSPERE,0.842451276680875,,0.394084539234352,TRUE,""
IMmotion150,9773,SMOC2;AMIGO1;ARRDC5;C2CD4C;NLGN3,0.827817212080968,,0.308517520236289,TRUE,""
IMmotion150,9774,CCL4;NUF2;AC112777.1;AC159540.2;DNALI1,0.655221603558721,,0.0439476268797663,TRUE,""
IMmotion150,9775,ANG;AC022415.2;TPPP3;AC008763.2;AC004832.3,0.980380861969436,,0.91952599215426,TRUE,""
IMmotion150,9776,IL2RG;CD27;GPR75;OR2T8;RASSF7,0.655463059809677,,0.0241493090053348,TRUE,""
IMmotion150,9777,ACSS3;AC009093.9;PCDHGA5;BRINP3;SLC16A5,1.00430715801555,,0.981786183282922,FALSE,""
IMmotion150,9778,SELENBP1;SNRPEP4;AC136632.1;PPP1R1C;IKZF3,0.795781311614374,,0.246924062988772,TRUE,""
IMmotion150,9779,ZNF521;AP002373.1;GPX7;SLC22A9;ZFP2,0.87023026554081,,0.47595890932022,TRUE,""
IMmotion150,9780,PC;ESCO2;NBL1;FAM184B;HENMT1,0.769320572080651,,0.192838895600024,TRUE,""
IMmotion150,9781,ALPK3;INHBB;GOLGA2P5;FABP1;DUSP7,0.877692993399443,,0.463023384830438,TRUE,""
IMmotion150,9782,GPC4;AL512356.1;KCNS3;AL669942.1;NUPR1,0.891937709732882,,0.560735780914168,TRUE,""
IMmotion150,9783,SGPP2;KIF20A;NPIPA2;AP003498.2;TMEM220,1.10824911581541,,0.59292888125979,FALSE,""
IMmotion150,9784,SPATA18;FDXACB1;SYNGR1;ORM2;HSPD1P4,0.642735094974322,,0.0231003175767289,TRUE,""
IMmotion150,9785,SPNS2;GNLY;ARMH4;ALG1L10P;HAPLN3,0.728981782487449,,0.121931533299075,TRUE,""
IMmotion150,9786,MOCOS;GIPC2;HMMR;AGR2;TRPC4,1.06266438483056,,0.771590777790578,FALSE,""
IMmotion150,9787,STEAP3;MT1L;RGS16;AC100827.2;APOBEC3B,1.39299023398387,,0.0817911853818398,FALSE,""
IMmotion150,9788,PCDHB11;MICOS10-NBL1;ZNF876P;FOXB2;PLK1,0.903515262366317,,0.572683395538247,TRUE,""
IMmotion150,9789,PCDHB9;HTRA3;SNORA71A;TRBV25-1;CCDC150,0.953310400872873,,0.787842634193334,TRUE,""
IMmotion150,9790,IMPA2;PTN;EML6;ZNF705A;SLAMF6,0.9606704225742,,0.836399997196545,TRUE,""
IMmotion150,9791,MXRA7;RHEBP2;ALS2CL;AC005329.1;BMP4,0.962651899528682,,0.843310346039614,TRUE,""
IMmotion150,9792,SLC11A1;RCAN2;MMP19;FRMD1;SNORA14B,1.02939127648679,,0.883117993057068,FALSE,""
IMmotion150,9793,FBP1;ALDH4A1;CD3G;KRT8P5;CASZ1,0.807192602791058,,0.279766670327082,TRUE,""
IMmotion150,9794,PCDH17;SEMA3A;MAD2L1;GLRA4;NRXN2,1.05661639777827,,0.794687186007294,FALSE,""
IMmotion150,9795,PCDHGB5;COL24A1;CCNJL;PAOX;NANOGP8,0.983265914339367,,0.927417301427317,TRUE,""
IMmotion150,9796,EPHX2;TM4SF18;SDC1;LINGO4;TMEM54,1.11553373910686,,0.55951747478159,FALSE,""
IMmotion150,9797,SNORD116-6;SRPX;TPRN;PIANP;MREG,0.867212451359759,,0.450654568502399,TRUE,""
IMmotion150,9798,ETV1;UNC5CL;MROH7;VWA3B;CAMK4,0.715161892955426,,0.0917094078830482,TRUE,""
IMmotion150,9799,SDK1;EFR3B;BASP1;DPPA3P2;ZNF660,0.761807693498008,,0.174707459695536,TRUE,""
IMmotion150,9800,FAM149A;PCDHB19P;PCDHGB8P;KRT222;RNU4ATAC,1.07533006598723,,0.731892458601037,FALSE,""
IMmotion150,9801,SMIM3;PDCL3P4;DHFR2;SOWAHA;ZNF491,0.880667674076115,,0.476300993557402,TRUE,""
IMmotion150,9802,PKD1P5;NEIL3;PCDHGC5;Z82190.2;H4C6,0.863150883177742,,0.45056206203462,TRUE,""
IMmotion150,9803,EDNRB;RNF150;FAM174B;SERINC4;SNORA59B,0.92351050671703,,0.687996084019941,TRUE,""
IMmotion150,9804,FBN2;KCNJ15;WASF3;KIR3DL1;KIAA1755,0.971919342180965,,0.889125357319622,TRUE,""
IMmotion150,9805,AR;GOLGA8IP;ELAPOR2;CYP2C19;BAMBI,1.01644809189558,,0.938300783185197,FALSE,""
IMmotion150,9806,PCDHB15;TNFRSF9;HHEX;GGT8P;CCDC150,0.739361609373389,,0.1116703194449,TRUE,""
IMmotion150,9807,ALDH1L2;PDE6B;FHAD1;CRP;PRRG4,0.875432640950627,,0.483246806423684,TRUE,""
IMmotion150,9808,ITGA11;CSMD2;ZDHHC23;RPL3P5;MMP11,1.38947745221281,,0.104464890104505,FALSE,""
IMmotion150,9809,MXRA7;CNTN4;CCDC110;RPS26P31;EVA1C,0.756730413969559,,0.168413752214052,TRUE,""
IMmotion150,9810,SLC11A1;ZNF57;MLF1;AL627422.1;PYHIN1,0.689149672462396,,0.13140310489596,TRUE,""
IMmotion150,9811,CCDC146;EGR3;HK3;WBP1P1;CIDEB,1.11708095569502,,0.550580366498729,FALSE,""
IMmotion150,9812,SNORD118;ADAM23;RUNX3;RNASEH1P2;ZNF415,0.608273757467711,,0.0223410385265596,TRUE,""
IMmotion150,9813,FAM27E3;PWAR5;E2F8;NAT2;RAB38,0.852499689604203,,0.459680972562442,TRUE,""
IMmotion150,9814,THSD4;ZNF391;CACNB2;RNY4;TLE2,0.857882227031748,,0.405855400702697,TRUE,""
IMmotion150,9815,CARD11;SNORD104;MLF1;CLC;ZNF596,0.659150496313977,,0.0457717720118193,TRUE,""
IMmotion150,9816,CCL2;RNF150;AKR1E2;CYP27C1;RGS9,1.04901787624032,,0.789968888648827,FALSE,""
IMmotion150,9817,KITLG;TNFRSF19;CCND2;STYXL2;H3C3,0.655622715942259,,0.0417561543715066,TRUE,""
IMmotion150,9818,TLR7;AC068831.6;MARK1;DGKK;STK26,0.67816751004274,,0.0395436520165956,TRUE,""
IMmotion150,9819,HOXA10;AGBL3;PRELID3A;SERPINC1;NCAPH,0.741448397716549,,0.165930266210558,TRUE,""
IMmotion150,9820,ZFPM2;AF241726.1;STAC3;SLC22A9;STEAP2,0.937613936037021,,0.758322268338263,TRUE,""
IMmotion150,9821,CD3E;EXPH5;AGBL2;DIRAS1;DTL,0.865782301146036,,0.421983140343387,TRUE,""
IMmotion150,9822,PTER;COLEC12;BRSK1;LHX8;AL158050.1,0.77347370548501,,0.213169125638507,TRUE,""
IMmotion150,9823,RASL11A;CKAP2L;KCTD15;HNRNPA1P37;LRRC17,1.16398776281286,,0.497546998992395,FALSE,""
IMmotion150,9824,AOC3;OLFM2;EDA;RORB;LINC02449,1.08512698658017,,0.647428935396675,FALSE,""
IMmotion150,9825,PCDHGB4;TRAT1;FAM174B;SPINK2;CD3G,0.627116562316932,,0.0187893611715654,TRUE,""
IMmotion150,9826,NPNT;ERV3-1;ZNF415;MFSD2B;SNORD67,0.897378953904269,,0.54371803269571,TRUE,""
IMmotion150,9827,HSPA7;KRTCAP3;TMEM220;OR3A2;ENO3,0.830647809713569,,0.383694829327256,TRUE,""
IMmotion150,9828,PLVAP;TRIM45;SNORA3A;TRAPPC3L;GSKIP,0.911500601367112,,0.626414566076358,TRUE,""
IMmotion150,9829,TLL1;PHYHD1;ZNF662;KIAA2012;PPM1H,0.980385595843246,,0.922685507220801,TRUE,""
IMmotion150,9830,PCDHGB5;IGLV5-52;FAM83D;AC104389.5;HLA-DOA,1.04859164540128,,0.808258764155399,FALSE,""
IMmotion150,9831,APBA2;SLAMF7;CCR2;RNU1-4;CCDC74A,0.51855664936859,,0.000906573143181043,TRUE,""
IMmotion150,9832,IRAG1;MYBL2;THRB;OR13A1;ZNF662,1.08953025807821,,0.677581758928208,FALSE,""
IMmotion150,9833,HSPA7;CATSPER3;SNORA26;AC007878.1;DNALI1,0.551044140734249,,0.00466669120950248,TRUE,""
IMmotion150,9834,IFI44L;GBP1P1;TRIM2;TRBV5-5;DNAJC6,0.661131110670223,,0.024433783647347,TRUE,""
IMmotion150,9835,APOC1;PLGLB2;P2RY13;AC093840.1;HSPD1P4,0.751534191533826,,0.160920380325637,TRUE,""
IMmotion150,9836,LAMB3;ITIH4;CCDC110;ENDOU;MAGI2,0.999021229528821,,0.995851759108846,TRUE,""
IMmotion150,9837,GCNA;AC215522.2;TAS2R5;RPS20P12;FBXO16,0.712323458436423,,0.0833124958466727,TRUE,""
IMmotion150,9838,EDNRB;KIF20A;TPPP3;NT5C1A;FAM174B,1.28696575720626,,0.212875365268142,FALSE,""
IMmotion150,9839,SNORD13;SNORA75;TPRG1;FGF9;MARCKSL1,1.33459025319686,,0.146895199092728,FALSE,""
IMmotion150,9840,EHHADH;EPHA1;SEPTIN1;PRR15L;P2RY6,0.7076881299357,,0.100535778542643,TRUE,""
IMmotion150,9841,ACSS3;PPFIA2;ZNF483;ALOX15;SPOCK2,0.887481621244592,,0.5582894311658,TRUE,""
IMmotion150,9842,PLEKHA7;TM4SF18;LRRC17;AC112491.1;ASMTL-AS1,1.00642303804182,,0.975195693913158,FALSE,""
IMmotion150,9843,AMACR;SPEG;DET1;TNMD;MILR1,0.741917018202601,,0.166157141071168,TRUE,""
IMmotion150,9844,PCDH17;COL24A1;HK3;SYCE1;ACAP1,0.960581862758248,,0.832468544233734,TRUE,""
IMmotion150,9845,AMACR;FDXACB1;ANKRD29;CPB2;GSKIP,0.740725567975289,,0.181887343500261,TRUE,""
IMmotion150,9846,AFF3;SPTB;CMPK2;TRPM1;NAALADL2,0.738679366776005,,0.132201631350364,TRUE,""
IMmotion150,9847,PLAU;ZMYND19;PGM5;AC009065.6;LILRB5,1.29231289594663,,0.208735677510844,FALSE,""
IMmotion150,9848,FCGR1B;AC009078.3;CC2D2B;MANEALP1;PDXDC2P,0.649718657866716,,0.0160171673510819,TRUE,""
IMmotion150,9849,ALDOC;USP2;BANK1;ACTBP7;NCAPG,0.805004675628084,,0.285072611062516,TRUE,""
IMmotion150,9850,SNORD116-23;SS18L2;AGBL2;OR1E1;PYHIN1,0.710829211532833,,0.0731877887173459,TRUE,""
IMmotion150,9851,ACSS3;MFAP2;AFF2;XKR4;LRATD1,0.83619621397403,,0.388193114888882,TRUE,""
IMmotion150,9852,ITGA8;COLEC12;BRSK1;AL162457.1;SNCA,0.796407011797316,,0.251768237727774,TRUE,""
IMmotion150,9853,TRIM9;DMRTA1;PCDHGA7;ATP10B;SNORD46,0.914328996383638,,0.642052837741371,TRUE,""
IMmotion150,9854,SNORA61;ADGRD1;TRIM2;MKRN8P;CATSPERE,1.05387307927466,,0.777910790786066,FALSE,""
IMmotion150,9855,NCKAP5;SHC2;CD28;TRAV5;TMC4,0.755671997784758,,0.157924155721881,TRUE,""
IMmotion150,9856,TTC39A;KCNE4;CISH;IGKV1D-43;ZNF502,0.653329640761483,,0.0268264956761986,TRUE,""
IMmotion150,9857,EDNRB;ABCF2;DGKI;IRS4;GZMA,0.854427323352586,,0.414761253025312,TRUE,""
IMmotion150,9858,TLL1;CFAP94;FAAH2;ADGRF2;CCRL2,0.780893246001498,,0.190916690972867,TRUE,""
IMmotion150,9859,MYRF;VANGL2;RGS9;ONECUT1;P2RY1,1.02505977510721,,0.907814166903611,FALSE,""
IMmotion150,9860,KITLG;IGF2BP2;JAM2;STYXL2;SFXN2,0.989770601060657,,0.960508215422038,TRUE,""
IMmotion150,9861,MATN2;SHC2;ZFP2;PPIAL4A;SSPOP,1.06552475903531,,0.736151806428488,FALSE,""
IMmotion150,9862,DCLK1;TRBC1;DIPK2B;CD1A;SIK1,1.08282678695682,,0.700657122282976,FALSE,""
IMmotion150,9863,BUB1;NLGN4X;RAG1;TPSD1;SHE,1.01647827331033,,0.928153333568829,FALSE,""
IMmotion150,9864,MTARC2;FAM86C2P;SNORD16;AC018362.3;CACNB2,1.02673360864712,,0.875526253712772,FALSE,""
IMmotion150,9865,CCL4;RP9P;ZNF578;TMEM35A;RPS2P46,0.814350399527629,,0.351917149363865,TRUE,""
IMmotion150,9866,NQO1;PLGRKT;NLRC3;KRT8P37;MACROH2A2,0.515713185498727,,0.00944678574035387,TRUE,""
IMmotion150,9867,AFF3;GABRD;MAFB;ELF5;HEYL,1.11072618800921,,0.59251477566038,FALSE,""
IMmotion150,9868,LDHAP4;SLC12A8;PDE8B;ASTN1;TECTA,1.03902645100909,,0.839778047555709,FALSE,""
IMmotion150,9869,RNASE1;PCDHGA2;RDH13;KERA;E2F8,1.04352105110407,,0.838375372027142,FALSE,""
IMmotion150,9870,KIF4A;HYAL1;PPM1H;TMSB4XP1;NLGN3,0.782814633056269,,0.198742719913846,TRUE,""
IMmotion150,9871,HRH2;SEMA3A;RPL32P3;GABBR2;CD101,0.816528046200334,,0.287035796686387,TRUE,""
IMmotion150,9872,DENND2A;SYBU;GPAT3;FRMD7;ADGRE4P,1.19352245969659,,0.351347024128879,FALSE,""
IMmotion150,9873,HRH2;HMGB3;TAS2R5;ST8SIA2;MILR1,0.789459254699636,,0.218477047137356,TRUE,""
IMmotion150,9874,C5;GPER1;MCM10;EGFEM1P;TROAP,0.98026424056015,,0.921984050332797,TRUE,""
IMmotion150,9875,SNORD116-1;CDC42BPG;KLRD1;TRDV1;KIAA1755,0.675443347237298,,0.057145678074423,TRUE,""
IMmotion150,9876,SRPX2;XKR9;KLHL13;DEFA3;CD101,0.98953175123291,,0.957487076877431,TRUE,""
IMmotion150,9877,GGT5;SLC14A1;CD302;GLP1R;TSPAN2,1.44100761309397,,0.0803835432985308,FALSE,""
IMmotion150,9878,MXRA7;TBX15;ZAP70;C9orf24;CCDC157,0.958463270065172,,0.82701362519006,TRUE,""
IMmotion150,9879,KIF26B;PODN;GSKIP;MFSD2B;PTGDR,0.881551886276273,,0.552489071582417,TRUE,""
IMmotion150,9880,OLFML3;PCOLCE2;CMKLR1;STMN2;SNORA26,1.11700485089927,,0.599944806697569,FALSE,""
IMmotion150,9881,SLC11A1;ITIH4;CETP;NCMAP;SNORA60,1.13317839981289,,0.546387403624011,FALSE,""
IMmotion150,9882,THSD4;HMGB3;CDH24;ASB14;RHPN1,1.06983488908929,,0.736783174356273,FALSE,""
IMmotion150,9883,STC1;MYOM2;IL15RA;GRHL2;ZSCAN31,0.940744086806998,,0.756930747615116,TRUE,""
IMmotion150,9884,RRM2;ZNF232;CCRL2;AC009879.3;MAPK12,0.678469780601338,,0.0804517408472077,TRUE,""
IMmotion150,9885,MATN2;HLF;EIF5A2;IGKV2-40;CKS2,0.829777800867251,,0.345932800871474,TRUE,""
IMmotion150,9886,TRPC6;LOXL1;CEP295NL;LYPD6;TMEM156,0.760975129094971,,0.143720002295154,TRUE,""
IMmotion150,9887,PLVAP;AGBL3;CHST2;GFRA3;KCNJ5,1.01108739294348,,0.956214425695656,FALSE,""
IMmotion150,9888,MXRA7;GZMK;CIART;SNORD12B;COL9A2,0.969255529505021,,0.880523357455711,TRUE,""
IMmotion150,9889,HRH2;ETNK2;HIC1;C1orf87;GALNT3,0.97885250738339,,0.912167810614982,TRUE,""
IMmotion150,9890,ABCB4;GRB14;C1orf21;LINC00266-1;GAMT,0.778237532477301,,0.21365232999364,TRUE,""
IMmotion150,9891,PC;ACTG1P14;NCAPG;ADARB2;HEY1,0.845282210838212,,0.439559333236285,TRUE,""
IMmotion150,9892,CNTNAP3P2;PWAR5;PCDHGB3;AC091564.3;PANK1,0.773682567386437,,0.192013630633187,TRUE,""
IMmotion150,9893,PKD1P5;SLCO4A1;RHOF;AC015818.5;NLGN3,0.730206112709295,,0.090933280361958,TRUE,""
IMmotion150,9894,RETREG1;GABRD;SCHIP1;GOLGA6D;TSNAXIP1,1.221663939998,,0.283908981760836,FALSE,""
IMmotion150,9895,CNTNAP3;CD38;FZD8;LINC02872;CSRNP3,0.709885041154981,,0.101553145167015,TRUE,""
IMmotion150,9896,ABCA6;AIM2;HSD17B14;S100A12;SFXN2,1.09845644570654,,0.671520135780129,FALSE,""
IMmotion150,9897,EGR2;RP1;CCDC74A;NDP;TRIM6,0.755850066595477,,0.174418372087447,TRUE,""
IMmotion150,9898,FN3K;SYBU;NXN;IGHE;TRIB3,1.19349094548277,,0.379241496980772,FALSE,""
IMmotion150,9899,KIF23;RRAD;TESC;AC137056.1;SLAMF8,0.784840164734872,,0.252523094192689,TRUE,""
IMmotion150,9900,NAV3;SEMA3A;ZFP2;LINC01139;RCAN3,0.522850639867067,,0.00284729824197765,TRUE,""
IMmotion150,9901,CSRP2;SLC12A8;ATP8B3;AC011767.1;C1QTNF3,1.34267461335975,,0.137920844105144,FALSE,""
IMmotion150,9902,HYDIN2;PTH1R;SPSB1;CD300LG;CFAP70,0.964830791148625,,0.850006317645355,TRUE,""
IMmotion150,9903,CCL5;AC006254.1;MTFP1;MUC15;FAAH2,0.717557312596908,,0.0986515219421889,TRUE,""
IMmotion150,9904,FAP;SLAIN1;KCNS3;EIF4A1P7;EIF5A2,0.860415033984792,,0.425981891177492,TRUE,""
IMmotion150,9905,MEST;FPGT-TNNI3K;KATNAL2;RPS4XP5;KLRD1,0.781646601238083,,0.232395564278516,TRUE,""
IMmotion150,9906,RASL11A;USP2;RAD51;ANKRD20A2P;METRNL,1.07792188712565,,0.689954231138118,FALSE,""
IMmotion150,9907,MT-ND1;ACTG1P14;NBL1;PPIAP50;SLC6A9,0.874798504713118,,0.456520530246502,TRUE,""
IMmotion150,9908,ITGA8;NTRK3;SPN;MDGA2;PYROXD2,0.802471061357229,,0.244606218793558,TRUE,""
IMmotion150,9909,CNTNAP3;TBX15;TSPYL5;AGBL1;VDR,1.06094482322381,,0.760593191775852,FALSE,""
IMmotion150,9910,PCDH17;SEMA3B;H3C1;AC009060.1;SCUBE2,0.994036253797221,,0.975582147073272,TRUE,""
IMmotion150,9911,LDHAP4;ETNK2;SSPN;GYPE;SLC22A15,1.08969028963732,,0.654759533795928,FALSE,""
IMmotion150,9912,TRO;CDA;OPLAH;ZNF209P;PANK1,1.22956729387453,,0.270464643491992,FALSE,""
IMmotion150,9913,CEACAM1;ADGRD1;DNALI1;PDIA2;CETP,1.13172997743056,,0.526651136358405,FALSE,""
IMmotion150,9914,PLA2G7;FOXL1;TMC7;SLC30A3;FOXM1,0.944515537039194,,0.774607975305192,TRUE,""
IMmotion150,9915,ABCA6;BEND5;P2RY1;SFTPA1;ZNF540,0.83086238144963,,0.319049401045861,TRUE,""
IMmotion150,9916,PDE2A;TMEM184A;AC015818.10;NDP;PCDHGA4,0.878169647381827,,0.495058067223687,TRUE,""
IMmotion150,9917,AKR1C1;KCP;HLA-DOB;AL391987.2;HJURP,0.955911761117796,,0.821485798854507,TRUE,""
IMmotion150,9918,DSEL;RCAN2;H2AC16;FEM1AP2;ZNF596,0.811600596816236,,0.295610553327406,TRUE,""
IMmotion150,9919,ANLN;SHB;CFAP53;TJAP1P1;NLGN3,0.746879425164416,,0.171280417209941,TRUE,""
IMmotion150,9920,APOC1;FAM133DP;AC136632.1;GPR15;TLE2,0.863709344101956,,0.444245291292925,TRUE,""
IMmotion150,9921,IL2RG;GPR160;H3C11;PROKR2;AGER,0.646149479664458,,0.0206338331046925,TRUE,""
IMmotion150,9922,EIF2S2P4;MANEAL;ADAMTSL1;KRT1;C5AR1,1.25111520712928,,0.294245437790198,FALSE,""
IMmotion150,9923,PDGFD;FTH1P5;SCAMP5;TRAV29DV5;CCDC110,0.832922823058037,,0.36701136267373,TRUE,""
IMmotion150,9924,KLF5;ESCO2;CATSPERE;SPOCK3;FCMR,0.520978597110497,,0.00839433519251673,TRUE,""
IMmotion150,9925,FAT3;NPIPB8;NRXN3;OR9Q2;ZNF660,0.754699961976387,,0.131355745900003,TRUE,""
IMmotion150,9926,NOSTRIN;MST1P2;RAD51;GALR1;SYDE2,0.972831885491444,,0.877806799755376,TRUE,""
IMmotion150,9927,TRBC2;ZNF471;SNORA14B;ELAVL3;RPL32P3,0.708523508259989,,0.0524106623892166,TRUE,""
IMmotion150,9928,SLC2A10;PCDHB6;NRXN3;RAET1L;TM9SF1,1.0204945482409,,0.918948772140665,FALSE,""
IMmotion150,9929,ABCA9;PDE6B;TCF7;MAN1A2P1;GRAPL,0.814715276988988,,0.298125369869097,TRUE,""
IMmotion150,9930,ACSS3;ALDH4A1;MPP7;VWA5B1;AC138696.1,0.797602417467928,,0.2565244597348,TRUE,""
IMmotion150,9931,NAV3;CFAP94;AC112777.1;POC1B-GALNT4;PRKCQ,0.832035155934818,,0.321419225700627,TRUE,""
IMmotion150,9932,PCDH17;GZMK;CMPK2;GATA1;BPTFP1,0.771331170037856,,0.172697616373652,TRUE,""
IMmotion150,9933,CDCA2;RP9P;GLI2;DSG1;CDK1,0.931280577240245,,0.745800919303482,TRUE,""
IMmotion150,9934,DENND2A;ROR2;AC136632.1;POT1-AS1;ZNF334,1.32956434243202,,0.142919439698888,FALSE,""
IMmotion150,9935,LRP4;BMPR1AP2;ELAPOR2;AC138649.1;DECR2,1.06897839403294,,0.728528965792479,FALSE,""
IMmotion150,9936,DSEL;ZNF511;EPHB2;C1QTNF1-AS1;DEPP1,0.79708034119283,,0.254204085449144,TRUE,""
IMmotion150,9937,MEIS1;PAK3;ORC6;DOK7;RANBP17,0.875700590777272,,0.463769050875284,TRUE,""
IMmotion150,9938,ALDOC;KRTCAP3;PIH1D2;CRP;LPAR1,1.07842466340368,,0.720523288676996,FALSE,""
IMmotion150,9939,ADAM22;ICA1L;TICRR;LGSN;VDR,0.869940440227416,,0.480772044783573,TRUE,""
IMmotion150,9940,MAP7;S100A9;SNORA72;SERPINB2;CYP2D7,1.07705883031382,,0.709768054456357,FALSE,""
IMmotion150,9941,TENM4;OLFM2;H3C11;ERN2;RGS9,0.714636507627137,,0.0874649503466861,TRUE,""
IMmotion150,9942,CDH23;PRLR;RSAD2;AC007326.1;PCDHGA5,1.05636599429327,,0.785154377458874,FALSE,""
IMmotion150,9943,ABCB4;ZNF57;SPAG4;UPK3A;ALDH7A1P1,0.89192751371728,,0.59107756261229,TRUE,""
IMmotion150,9944,PCDHB15;TBX15;H4C9;DMRT3;SEMA7A,1.03979456588567,,0.855675241218691,FALSE,""
IMmotion150,9945,ADAMTSL2;ZMYND19;HOXD4;KRT19P1;TRPC4,1.08733070332677,,0.668571212193003,FALSE,""
IMmotion150,9946,PCSK5;LLPH;GOLGA6L3;AL121988.1;LINC01138,0.775951709176823,,0.167444165442049,TRUE,""
IMmotion150,9947,H2BC9;IL12RB2;PCDHGA3;TEKT4;ADAMTSL1,0.767918634398777,,0.173318298154517,TRUE,""
IMmotion150,9948,ANKS1B;FTH1P5;DTX2P1;SEC22B3P;RNLS,1.05095392484236,,0.797555367034352,FALSE,""
IMmotion150,9949,HSPA7;CLEC3B;ARVCF;UGT1A11P;H2BC14,1.02739702380987,,0.887984966756564,FALSE,""
IMmotion150,9950,IL7R;HMGN5;GPX7;EN1;CD83,0.933628043828181,,0.729479417134353,TRUE,""
IMmotion150,9951,LAMB3;POM121L9P;GRIP1;BCAR3-AS1;LINC02449,1.13803174088208,,0.504240064626623,FALSE,""
IMmotion150,9952,GPC4;INAVA;MMP11;GAS2L2;PCED1B,0.673254557386918,,0.0530014476743291,TRUE,""
IMmotion150,9953,MDK;NAPSB;EMILIN1;AC025580.2;CASZ1,0.723384631390788,,0.0877108011727193,TRUE,""
IMmotion150,9954,KIF23;PAK3;LIMS2;SLITRK6;RASSF7,0.944493016490967,,0.750119181897722,TRUE,""
IMmotion150,9955,CCL3;B4GALNT3;SPN;CRHR2;OSBP2,0.613550059530449,,0.0202544123040711,TRUE,""
IMmotion150,9956,KRBA1;EXPH5;ENO3;GGTLC2;SYT17,1.29035169980744,,0.247691886740741,FALSE,""
IMmotion150,9957,STC1;RPL9P7;SPSB1;TARID;ACOX2,1.26338221437575,,0.228774004881632,FALSE,""
IMmotion150,9958,EMCN;SUMO1P3;METRNL;KRT8P5;STX11,0.87245652753533,,0.498932136859232,TRUE,""
IMmotion150,9959,EGR2;NR2F1;HLA-DOB;ALOX15;RBP1,0.806760862571375,,0.281351332611125,TRUE,""
IMmotion150,9960,OR2A7;STRIP2;VNN2;PLA2G4F;DAPP1,0.688981581156905,,0.0614127731439075,TRUE,""
IMmotion150,9961,LIF;RRAD;SNORD16;SCG3;UNC5C,1.23072094701226,,0.289604735376094,FALSE,""
IMmotion150,9962,FILIP1;PTN;SNORA59A;HORMAD2-AS1;GPT2,1.41605063348664,,0.0719633087619076,FALSE,""
IMmotion150,9963,ADAM12;B4GALNT3;KLHL13;KPNA7;RANBP17,0.890399318182009,,0.568176078870528,TRUE,""
IMmotion150,9964,ZNF90;C11orf98;MTHFS;AL117348.2;SEMA7A,1.09517480719947,,0.671644400720815,FALSE,""
IMmotion150,9965,THSD7A;AL022238.3;HOXA4;GABRA2;AL590399.1,0.863155921387392,,0.411238255635092,TRUE,""
IMmotion150,9966,APOC1;CTSW;WNK3;PEBP4;SNORA10,0.68424697390491,,0.0594193014081691,TRUE,""
IMmotion150,9967,RGS2;KLRC4-KLRK1;EIF5A2;SOWAHA;NEURL1B,0.77240612058961,,0.201977310132007,TRUE,""
IMmotion150,9968,SNORD116-23;STOX1;CD180;CELF5;TSPAN5,0.82974118467374,,0.366206485526171,TRUE,""
IMmotion150,9969,RETREG1;PCDHB5;ZNF610;TRIM50;C6orf163,1.06904558314239,,0.741739591737907,FALSE,""
IMmotion150,9970,FAM149A;SLC7A11;AL096711.2;HCG4B;GOLGA2P5,0.877923898284249,,0.487420358863623,TRUE,""
IMmotion150,9971,SNAI2;WDR53;GRIP1;GADL1;UHRF1,1.08853392600657,,0.692280039590673,FALSE,""
IMmotion150,9972,PCDHB11;BAIAP3;TSPAN2;DDX11L1;TSPAN5,1.22329086364441,,0.30457205054386,FALSE,""
IMmotion150,9973,SMAD9;CXCR6;ZDHHC11;TMEM132D;DAPP1,0.698243543689332,,0.064346475766488,TRUE,""
IMmotion150,9974,ALDH1A3;HOXA6;ZNF876P;CLDN19;CD6,0.974174776523767,,0.890049965690917,TRUE,""
IMmotion150,9975,FAM149A;SNCAIP;AGER;ARMS2;AC092068.3,0.803058552634793,,0.248963324512134,TRUE,""
IMmotion150,9976,ALDH1L2;AC022415.2;HOXD4;IGHV1-45;PPP1R16B,0.828369572301429,,0.37956848328782,TRUE,""
IMmotion150,9977,SDHAP2;GABRD;CD33;RNASEH1P2;SLC15A2,0.705967735062692,,0.0714677139185245,TRUE,""
IMmotion150,9978,ETV1;ABCF2;RCAN3;AFP;AC124944.2,0.819216096331078,,0.296977926033674,TRUE,""
IMmotion150,9979,CD209;CTSW;MMP19;HNRNPA1P30;HOXA3,0.971228784119118,,0.880020894762934,TRUE,""
IMmotion150,9980,LDLR;NRG3;RAD54L;TBC1D3F;GGH,0.966271709300982,,0.864271097182259,TRUE,""
IMmotion150,9981,HSPA7;CD38;C1QTNF3;TSPEAR;SNORD9,0.66224747935754,,0.0311015717421512,TRUE,""
IMmotion150,9982,KLF5;OSBPL6;TRIP13;NKAIN1;THSD1,1.08159752587022,,0.685642664865184,FALSE,""
IMmotion150,9983,FN3K;CHI3L2;ALDH7A1P1;AC009060.1;PDE1C,1.02203444545975,,0.907054184136847,FALSE,""
IMmotion150,9984,SNORD116-6;GATA3;KCTD15;AC005225.2;FAM83D,1.13212883337529,,0.522185218163669,FALSE,""
IMmotion150,9985,SDHAP2;SLC6A16;PCDHGA5;DNM1P41;CD33,0.684030576392322,,0.0550901211396955,TRUE,""
IMmotion150,9986,CRIP1;PCDHA7;TSNAXIP1;AL355987.3;STMN3,0.855908077839596,,0.445724129980667,TRUE,""
IMmotion150,9987,CARD11;LOXHD1;CCDC113;ZMAT4;KLHL3,1.11393812568357,,0.575490630801563,FALSE,""
IMmotion150,9988,SGIP1;LAMP3;TM7SF2;LHFPL1;PCED1B,0.612353121107092,,0.0192198627416731,TRUE,""
IMmotion150,9989,BUB1;AC036108.2;TLE2;LRRN4CL;ZWINT,1.25845404633376,,0.258741091517198,FALSE,""
IMmotion150,9990,SNORA31;RRAD;C2orf27A;SLC22A6;STEAP2,1.35255700942684,,0.137136796839205,FALSE,""
IMmotion150,9991,CSPG4;CTAGE3P;ID1;AC084756.2;DET1,0.949147899990993,,0.770518397119189,TRUE,""
IMmotion150,9992,EDNRB;CTSW;AXIN2;FCF1P6;CNRIP1,0.939546601884646,,0.760716004702352,TRUE,""
IMmotion150,9993,PSD3;TRIM16L;KCNJ5;BEX1;SYT17,1.01889390080357,,0.928537382294644,FALSE,""
IMmotion150,9994,NCKAP5;TGFB2;PRKCQ;TRPV5;RAI2,0.599592871004238,,0.0120927188464068,TRUE,""
IMmotion150,9995,ADM;CFD;H3C2;CNTFR;PCDH18,1.62066230241805,,0.0248152542136874,FALSE,""
IMmotion150,9996,TMEM91;MSANTD3-TMEFF1;PIK3R6;GLRA4;RGL3,0.884440808137058,,0.541332943838653,TRUE,""
IMmotion150,9997,MDK;UBE2T;CDH24;ERVV-1;OPLAH,1.1620362667494,,0.410230924562866,FALSE,""
IMmotion150,9998,KIF26B;METTL7B;KCNA3;TMEM139-AS1;RSAD2,0.698995338749444,,0.0581412455663628,TRUE,""
IMmotion150,9999,EMCN;KCNJ15;CSRNP3;OR10D1P;TRIM34,1.01100928186948,,0.954647363286307,FALSE,""
IMmotion150,10000,PARM1;BMPR1AP2;FAM174B;OR9A1P;PDXDC2P,0.680507279457529,,0.0373861336503968,TRUE,""
