dataset,random_set_id,genes,HR_int,beta_int,p_value,direction_supportive,notes
JAVELIN,1,CCL19;SPTBN2;HMCN1;SNORD114-7;STEAP2,1.09992044522993,,0.382625624673841,FALSE,""
JAVELIN,2,CCL20;ANKRD18A;HIST1H2AL;CNDP1;MIR3674,1.0882431634193,,0.416380714153377,FALSE,""
JAVELIN,3,ALDH1L1;KCNIP4;HIST1H4L;ALOX15B;NAV3,1.15010154669657,,0.210869240524999,FALSE,""
JAVELIN,4,AOC1;FCGBP;RHOBTB3;APOC3;CH25H,1.14198734705553,,0.20872296227213,FALSE,""
JAVELIN,5,FGG;GLDC;PLAT;SLC5A8;LZTS3,1.28094720419324,,0.0263169442983317,FALSE,""
JAVELIN,6,SPAG17;MIRLET7D;CACNA2D1;KLK1;BIRC5,1.33939390468669,,0.00759983516236443,FALSE,""
JAVELIN,7,PIGR;MIR3145;CACNA1C;ALOX15B;SNORD45B,1.1892376069411,,0.0974049244592042,FALSE,""
JAVELIN,8,SMIM24;GCNT3;PLEKHA7;SCGB3A1;CD80,1.06696325413737,,0.52906268295801,FALSE,""
JAVELIN,9,SLPI;SORCS2;IL2RB;MMP12;UNC5C,0.829869561811622,,0.0923212104463607,TRUE,""
JAVELIN,10,C1orf186;HRH2;PPL;ITPKA;TMEM246,1.09256605159142,,0.398880609564548,FALSE,""
JAVELIN,11,OLFML2A;TRPC6;MIR4635;SYT8;SNORD96B,1.30021414226091,,0.0132855913596001,FALSE,""
JAVELIN,12,FMO3;SNORD114-13;ALDH1A3;SIGLEC12;WIPF3,0.938833487214148,,0.54087709992943,TRUE,""
JAVELIN,13,COL4A4;SNORD77;LZTS1;MIR190A;ZSWIM5,1.46952883014889,,0.000259666807044241,FALSE,""
JAVELIN,14,SBSPON;LIPC;ECM2;PITX1;LOC283278,1.22191004999398,,0.0621207417541236,FALSE,""
JAVELIN,15,ACADL;SDS;BMP2;MIR4469;SERTAD4,1.33163052404453,,0.00689044109737795,FALSE,""
JAVELIN,16,C8orf4;EXPH5;MYO1G;CFHR1;NEIL3,1.13428449097581,,0.228005274049094,FALSE,""
JAVELIN,17,ADAMTSL2;CD69;SNORD116-16;CAMK2B;GNAO1,1.11300237803073,,0.328584296587841,FALSE,""
JAVELIN,18,COMP;IGFBP1;HMCN1;KLK1;COLCA2,1.35783845247944,,0.00526287183882358,FALSE,""
JAVELIN,19,F8;RARRES1;SNORD116-16;SNORD115-4;REM1,1.31903057698726,,0.0104680040365336,FALSE,""
JAVELIN,20,OLR1;PTPRD;ID4;GCKR;ICOS,1.10870261490891,,0.324538266831879,FALSE,""
JAVELIN,21,GBA3;WDR66;MIR3125;SULT2B1;P2RY6,1.41675446341823,,0.00106004981806964,FALSE,""
JAVELIN,22,GATA3;SPX;SNORD74;WNT2;PLCH1,1.21073963579379,,0.0827546150536789,FALSE,""
JAVELIN,23,MACC1;GYLTL1B;ALDOC;EYA4;PDE8B,1.46032635265396,,0.000631511429204985,FALSE,""
JAVELIN,24,PDLIM4;STK32B;RGL3;MIR3131;PHYHD1,1.33729290739999,,0.00972949194320257,FALSE,""
JAVELIN,25,FMO3;SFN;PTTG1;KCNA5;AMY2B,1.1302004076703,,0.270985926191605,FALSE,""
JAVELIN,26,FMO2;PALM3;MIR197;CILP2;CD40LG,1.20590995842617,,0.077710193874528,FALSE,""
JAVELIN,27,ASPN;SLC22A3;CRISPLD2;MIR218-2;LOC100294362,1.29673316393903,,0.018255137191659,FALSE,""
JAVELIN,28,PROM1;SLC26A1;MIR631;CA8;CCDC85A,1.34081013537364,,0.00835857670992686,FALSE,""
JAVELIN,29,C8orf4;PALM3;HRSP12;MIR4280;FAM162B,1.27606173096285,,0.0250951784326471,FALSE,""
JAVELIN,30,PGF;ACHE;ADAMTS2;SNORD115-25;TIAM2,1.12746741796474,,0.267028983598248,FALSE,""
JAVELIN,31,CXCL1;MMP24;LDLR;MIR1302-5;GPRIN1,0.956090765337577,,0.68974604571414,TRUE,""
JAVELIN,32,CHDH;GFRA1;COX7A1;MIR1245A;GPR68,1.31630300762563,,0.0102685840651075,FALSE,""
JAVELIN,33,AKR7A3;CXCR3;RGL3;HSD17B2;PDGFD,1.47679010688895,,0.000285285733564629,FALSE,""
JAVELIN,34,VTRNA2-1;DPEP1;CSF3R;DDX43;MAATS1,1.26871596284362,,0.0243791030896376,FALSE,""
JAVELIN,35,MAL;MST1P2;MIR628;CYP4F2;SNORD19B,1.22886413275525,,0.0614370849381762,FALSE,""
JAVELIN,36,NMB;PALM3;PIEZO2;APOBEC3A;MIR4681,1.17537522236334,,0.138254036537628,FALSE,""
JAVELIN,37,SNORD14C;GCNT3;ARL4C;GABRP;TNFRSF18,0.844782885918347,,0.128297092655793,TRUE,""
JAVELIN,38,NXPH4;AIF1L;HRSP12;ASGR2;DSEL,1.27104171238037,,0.0272075473578552,FALSE,""
JAVELIN,39,FMO3;SPINK1;ALDH1A3;AP3B2;HMMR,0.861685966071552,,0.169740478102217,TRUE,""
JAVELIN,40,NME5;CD69;CALCRL;FCAMR;EMR4P,1.28053718898034,,0.0148130681849101,FALSE,""
JAVELIN,41,MIR25;COL11A1;PTK7;GC;CCDC74B,1.02585893614733,,0.810642469826042,FALSE,""
JAVELIN,42,ACADL;CPXM1;HIST1H2BO;LINC00671;UHRF1,1.04124392879632,,0.720750913772775,FALSE,""
JAVELIN,43,SHROOM3;KIF26B;DENND2A;PRPH;GRAMD1B,1.1966736718252,,0.10574352526719,FALSE,""
JAVELIN,44,LAMC3;TF;SELENBP1;ZMAT4;PMAIP1,1.19828588679216,,0.0967989580306559,FALSE,""
JAVELIN,45,C1orf186;CYP4F12;MIR938;PCDHGA3;ADAMTS12,1.12467585868195,,0.279716746272969,FALSE,""
JAVELIN,46,FOLH1;CES3;EFNA1;MUM1L1;RNF152,1.44454615892268,,0.00089298547345658,FALSE,""
JAVELIN,47,DDC;ALDOB;EFNA1;SCGB3A2;GZMM,1.24181955409093,,0.0420547415435331,FALSE,""
JAVELIN,48,DDC;LIPC;ADAMTS2;AFM;NCAPG,1.24109315509712,,0.0409940880373033,FALSE,""
JAVELIN,49,JPH2;APOLD1;DMD;HOXA13;PRDM8,1.19067326709547,,0.0992188060782849,FALSE,""
JAVELIN,50,SULT1C4;B3GNT3;PC;ICAM5;FCRL6,1.07222877736009,,0.515476699957807,FALSE,""
JAVELIN,51,UGT8;MIR569;RNF128;CPA6;MIR151A,1.13456568929937,,0.260627500036539,FALSE,""
JAVELIN,52,FAM46C;MIR1972-1;DENND2A;PLA2G1B;GSTO2,1.23032689702015,,0.0573571919643753,FALSE,""
JAVELIN,53,FOSB;HPD;DCBLD2;PRIMA1;MIR98,0.997371358282055,,0.980346135150186,TRUE,""
JAVELIN,54,LOC101927834;MAL2;MIR938;OVCH2;LOC100294362,1.27187756982011,,0.0321632629091882,FALSE,""
JAVELIN,55,EMX2;GDA;S1PR3;IRX2;SNORD19B,1.39084976954155,,0.00278949651340468,FALSE,""
JAVELIN,56,UBD;MFAP2;MKI67;ZIC2;SIT1,0.772370131587015,,0.0227007878250004,TRUE,""
JAVELIN,57,TRABD2B;MIR378A;DENND2A;APOH;TSPYL5,1.2187949670336,,0.0661461712024379,FALSE,""
JAVELIN,58,TINAG;AQP7;MIR3975;MIR320A;KCNIP3,1.28239258240424,,0.0251406524587575,FALSE,""
JAVELIN,59,FMO2;NPY6R;PTER;MIR425;GNAO1,1.19780140754289,,0.0918190104679879,FALSE,""
JAVELIN,60,MIR4317;LAMC2;MIR4714;MIR93;THEMIS,0.976380423904238,,0.81961798378731,TRUE,""
JAVELIN,61,RAP1GAP;FOSL1;ARHGEF15;PTGES;HOXB5,1.01291629184651,,0.909207526359653,FALSE,""
JAVELIN,62,NOX4;MIR3145;MIR544B;LINC00671;SH2D3A,1.54488314294984,,4.78544138124617e-05,FALSE,""
JAVELIN,63,CCL20;TRPC6;MTCL1;SCN4A;DNAH6,1.38661656279243,,0.00269958900861707,FALSE,""
JAVELIN,64,FGG;MIR548AU;MIR3125;FCER2;BIRC5,1.07992514550822,,0.495311745431404,FALSE,""
JAVELIN,65,F2RL1;C2;DLL4;SLC47A2;CLEC1A,1.26720594307935,,0.0311112977262513,FALSE,""
JAVELIN,66,MIR4652;MST1P2;MIR938;HECW1;SPHK1,1.12689462469833,,0.278752533626736,FALSE,""
JAVELIN,67,CCL18;PPP1R1A;MIR4714;AGR2;JAM2,1.07045423837645,,0.536732373720687,FALSE,""
JAVELIN,68,UPB1;INMT;CCL4;SCN2A;TBX21,1.08542611842499,,0.421828455931705,FALSE,""
JAVELIN,69,GLYAT;CMYA5;MIR4714;S100B;FCN1,1.06789946443525,,0.551242750604969,FALSE,""
JAVELIN,70,MT1G;MZB1;MCF2L;BCHE;GPRIN1,1.08637352304751,,0.451081208633973,FALSE,""
JAVELIN,71,SULT1C4;MFI2;TIE1;MIR548AS;C9orf106,1.29095954878971,,0.0176164652467072,FALSE,""
JAVELIN,72,FXYD2;MIR646;HMCN1;PTK6;CYP2D7P,1.49742532290032,,0.000248863504662444,FALSE,""
JAVELIN,73,EXOC3L4;SNORD65;FAM20A;HAPLN1;GLT8D2,1.20620530862874,,0.0712955825374835,FALSE,""
JAVELIN,74,ADAMTSL2;MAPK15;PLEKHA7;HIST1H2AA;RASGEF1A,1.28977359200565,,0.0194889790020753,FALSE,""
JAVELIN,75,SLC7A9;DNAH5;SARDH;MIR4469;DBH-AS1,1.10477360025039,,0.352487395114901,FALSE,""
JAVELIN,76,IRX5;ASPHD1;MST1;FAM153B;SNORA70D,1.29347260779804,,0.0171003825069165,FALSE,""
JAVELIN,77,MYBL2;MIR4655;IL2RB;PLA2G12B;ARHGAP28,1.05869644385803,,0.600189521743978,FALSE,""
JAVELIN,78,F2RL1;SLC7A8;MIR4784;GLRB;MIR627,1.0945569177934,,0.40638905208742,FALSE,""
JAVELIN,79,HOXD10;EPPK1;MXRA8;DUOX1;WIPF3,1.11759727655116,,0.277154995623692,FALSE,""
JAVELIN,80,MIR25;COBL;ECM2;SIM1;LRRC17,1.51435374350386,,0.000222908355251108,FALSE,""
JAVELIN,81,HIF1A-AS2;C10orf113;COX7A1;CCL11;CYP26B1,1.38263249421163,,0.00351757995779275,FALSE,""
JAVELIN,82,MIR4317;VEPH1;ALDOC;COL25A1;STEAP2,1.47785967844095,,0.000387250019200983,FALSE,""
JAVELIN,83,GZMA;SLC22A3;EVI2B;CNTN6;DNALI1,0.976581604144051,,0.823799086114379,TRUE,""
JAVELIN,84,MIR3117;FOSL1;FOLR2;NMU;SERTAD4,1.0685773566377,,0.558747453278215,FALSE,""
JAVELIN,85,TSPAN13;NAPSA;MIR3975;FUT3;KIF4A,1.10170779629755,,0.364496253216465,FALSE,""
JAVELIN,86,MIR27B;ESPN;SNORA77;PRND;MIR3177,1.39462189119645,,0.00266968225410106,FALSE,""
JAVELIN,87,CYP2E1;MFI2;ALDOC;CLIC6;EMP2,1.16401321934356,,0.139940724376543,FALSE,""
JAVELIN,88,MIR27B;FLRT3;MYO1G;TFR2;AGAP11,1.43587132669434,,0.000753236778266518,FALSE,""
JAVELIN,89,FER1L4;ITGBL1;ID1;TUBA3E;MIR4681,1.06031988054464,,0.59542294294098,FALSE,""
JAVELIN,90,CXCL1;ESPN;ALDH6A1;NPHS2;MIR5697,1.26228809616223,,0.0420603690652083,FALSE,""
JAVELIN,91,TACSTD2;CDCP1;TIE1;MIR3187;MIR1273F,1.0665029869949,,0.537804381062984,FALSE,""
JAVELIN,92,NPNT;C10orf113;CKS2;SLC38A4;WBSCR27,1.23590694362779,,0.0532738681585637,FALSE,""
JAVELIN,93,SLIT2;MIR548AA2;FKBP9P1;MUC13;HAS3,1.10915460438141,,0.343236277225118,FALSE,""
JAVELIN,94,MYO3A;MIR4804;RHOBTB3;SNORD114-31;PI4KAP1,1.07922450715628,,0.484114908030862,FALSE,""
JAVELIN,95,GPER1;MAP7D2;SEMA4G;GPM6A;FIBIN,1.17655258362763,,0.129668712216974,FALSE,""
JAVELIN,96,MIR4317;LOC391322;ARHGEF15;BAALC;THRB,1.19853269440793,,0.0736966756058174,FALSE,""
JAVELIN,97,MUC3A;KISS1R;PC;AQP2;LOC283278,1.49063918785642,,0.00046872399671956,FALSE,""
JAVELIN,98,HOXD10;PCDHGA5;TMEM204;SNTG2;MIR4753,1.36304573558904,,0.00351059268324013,FALSE,""
JAVELIN,99,TTC39A;LOC101928757;SLC44A3;UNC5A;SNORD116-10,1.1234437924721,,0.296442612822934,FALSE,""
JAVELIN,100,SORBS2;ANKRD18A;SNORD59A;MIR4531;TSPAN2,1.49177608073445,,0.000234510641892023,FALSE,""
JAVELIN,101,GPT;BAI1;ANGPT2;SNORD114-7;PDE8B,1.33149314536604,,0.00778447165669813,FALSE,""
JAVELIN,102,GLYAT;FGA;MIR637;CALB1;MIR548J,1.41531956914275,,0.00160253199535083,FALSE,""
JAVELIN,103,PYCR1;KMO;TREM2;KLHDC7B;DNAH6,1.18774474650425,,0.112070636816596,FALSE,""
JAVELIN,104,MIR548AR;MIR186;CALCRL;CXCR2P1;TSPYL5,1.16159803662425,,0.134503558896488,FALSE,""
JAVELIN,105,HOGA1;CDA;MIR1537;GPR115;TTK,0.899498189866107,,0.325218256145369,TRUE,""
JAVELIN,106,SLC34A2;DNAH5;MYO5B;GGT3P;MIR1256,1.17874978106591,,0.133153108822944,FALSE,""
JAVELIN,107,MIR4652;ASRGL1;MYO1G;PKD1L2;DSEL,1.48039933882427,,0.000255431865534317,FALSE,""
JAVELIN,108,MIR142;LOC647859;MKI67;PVRL4;KIAA1755,0.916912754751837,,0.421841670169248,TRUE,""
JAVELIN,109,ADAMTSL2;SNAP25;ANGPT2;TMEM252;CCDC144CP,1.45285551800072,,0.000516328238811002,FALSE,""
JAVELIN,110,TFPI2;NPY6R;DPYSL3;GUCY1B2;KLHL13,1.56709249943088,,7.07096611447149e-05,FALSE,""
JAVELIN,111,HIF1A-AS2;HLF;DLL4;MIR365A;MIR98,1.22786493898567,,0.053663610770178,FALSE,""
JAVELIN,112,PLA2G7;NEBL;MXRA8;ATOH8;GRTP1,1.26774575087079,,0.020046777029409,FALSE,""
JAVELIN,113,BAMBI;KMO;RNF128;XDH;C8orf88,1.02505118601884,,0.820272039861346,FALSE,""
JAVELIN,114,HOGA1;LDHD;HIST1H2BO;SLC34A1;OSR1,1.20423294788808,,0.0901847258927264,FALSE,""
JAVELIN,115,CHDH;PLCH2;ROBO4;NOG;MIR4706,1.35547135248941,,0.00590880411395464,FALSE,""
JAVELIN,116,COMP;PLA2G2A;MIR1537;CNTFR;MIR4681,1.07923502356247,,0.493582261213858,FALSE,""
JAVELIN,117,GZMA;MST1P2;ECM2;MTTP;FAM162B,1.26876910922118,,0.0271999441889708,FALSE,""
JAVELIN,118,MIR27B;MIR4804;EVI2B;PVRL4;MIR1288,1.11730750241222,,0.307085996452301,FALSE,""
JAVELIN,119,FAM46C;MIR4655;S1PR3;PRSS3;MIR548S,0.928403991788794,,0.492839512677404,TRUE,""
JAVELIN,120,MYBL2;INMT;SNORA77;MIR578;PI4KAP1,0.953391945366848,,0.65843715587127,TRUE,""
JAVELIN,121,TRABD2B;CD22;FPR1;SLC4A1;MEFV,0.833021249069935,,0.0847304896895126,TRUE,""
JAVELIN,122,BAIAP2L2;MIR589;CACNA1C;MIR924;GCAT,1.33238602695555,,0.00933554304061362,FALSE,""
JAVELIN,123,CCL19;MOXD1;TMEM132A;CNTN3;CD244,0.765503743850811,,0.0131868298988328,TRUE,""
JAVELIN,124,ACSM5;LIPC;CACNA2D1;B3GAT1;RHBDL1,1.25156699678136,,0.0353434479448147,FALSE,""
JAVELIN,125,IL17RB;PALM3;RHOBTB3;SLC34A3;S1PR4,1.18296247074185,,0.145276812811632,FALSE,""
JAVELIN,126,C8orf4;UTY;TMEM132A;NRK;PAQR6,0.98843926192386,,0.91333998936431,TRUE,""
JAVELIN,127,PPAP2C;B3GNT4;CCL4;PLG;MIR5191,0.858867922419015,,0.180003126045199,TRUE,""
JAVELIN,128,CPZ;RASAL1;MYRF;SLC26A9;CNTN4,1.17602202197947,,0.139323322337362,FALSE,""
JAVELIN,129,STC1;TENM3;PTK7;MIR320A;EME1,0.853197668125025,,0.135558360595889,TRUE,""
JAVELIN,130,RERG;MIR3918;CRISPLD2;PCP4;CCDC36,1.3462196813414,,0.00616725889104927,FALSE,""
JAVELIN,131,LOC101927834;MAP7D2;ROBO4;MIR4636;CORO2B,1.38643472614377,,0.00277424060415502,FALSE,""
JAVELIN,132,ACSM5;RASAL1;BMP2;NKAIN4;SNORD24,1.45804610109376,,0.000625871897437869,FALSE,""
JAVELIN,133,MIR4499;EXPH5;RGL3;MIR425;CRYBB2,1.66775819482955,,2.4297346535407e-06,FALSE,""
JAVELIN,134,GBA3;HYDIN;CALCRL;TDO2;HIST2H3C,1.33402955114354,,0.00719489156345577,FALSE,""
JAVELIN,135,PRSS8;KLKB1;CYTIP;RANBP3L;C9orf106,1.32276018534716,,0.0101591713010398,FALSE,""
JAVELIN,136,MIR3117;MIR569;MIR1537;MAPK8IP2;PCDHGC5,1.07237031927721,,0.518673049384276,FALSE,""
JAVELIN,137,STEAP4;ELOVL7;TIE1;HSD17B2;NOVA1,1.52739119310562,,0.000267699255668526,FALSE,""
JAVELIN,138,OGDHL;MAPK15;TMEM204;MIR3187;ST6GALNAC3,1.35552486294285,,0.00595358226192072,FALSE,""
JAVELIN,139,GPT;COL11A1;ECM2;PLA2G1B;LOC101927970,1.25349347150952,,0.033706771766112,FALSE,""
JAVELIN,140,S100A8;THBS4;IGFBP6;PTPRQ;HOXA7,1.11960359899591,,0.283882085330561,FALSE,""
JAVELIN,141,ARHGEF16;GJB1;LDLR;CYP2D6;FRMD3,1.29619059861682,,0.0194927725558089,FALSE,""
JAVELIN,142,PTHLH;CDA;CDH13;ETV4;LOC101927941,1.21181091956071,,0.0856986330000073,FALSE,""
JAVELIN,143,FABP4;HSH2D;LDLR;PRIMA1;JAM2,0.872847851728102,,0.191958542495955,TRUE,""
JAVELIN,144,IL17RB;CD79A;ADAMTS2;HSD17B2;EPHB3,1.25753101932331,,0.0340837873061452,FALSE,""
JAVELIN,145,IKZF3;AQP7;MYO1G;TEX15;DBH-AS1,1.12854880838551,,0.250805492836765,FALSE,""
JAVELIN,146,ALPK3;CHRDL1;FOLR2;MIR3126;SNORD116-10,1.04531380267745,,0.683437024107404,FALSE,""
JAVELIN,147,ACE2;SNORD110;HOXD4;SLC5A8;KIAA1324L,1.49891911411941,,0.000156762103657383,FALSE,""
JAVELIN,148,SHROOM3;CD79A;CDH13;CYP2C18;GRHL1,1.14670779600743,,0.202613433914539,FALSE,""
JAVELIN,149,STC1;GPC3;RNF128;GUCY1B2;POLQ,1.05699204328693,,0.61012499573175,FALSE,""
JAVELIN,150,MIR645;MFAP2;RASGRP1;SLC13A1;TP73,0.964367875017605,,0.726137471107979,TRUE,""
JAVELIN,151,HOGA1;ESPN;SEMA4G;CNTN6;GRAP2,1.08616739977197,,0.438654147937599,FALSE,""
JAVELIN,152,MYO3A;C2;PTER;ANO4;KIF20A,0.984938579244722,,0.885952648929569,TRUE,""
JAVELIN,153,HHLA2;IGF1;TSKU;TUBA3E;MIR3177,1.12634465289653,,0.264811917354626,FALSE,""
JAVELIN,154,MYOM3;MLXIPL;ID4;KNG1;SPTBN5,1.34949922318956,,0.00873433653659117,FALSE,""
JAVELIN,155,MIR4499;ADORA1;ALDOC;C9orf66;SPIRE2,1.3180636656244,,0.0090034757378168,FALSE,""
JAVELIN,156,MUC3A;SPEG;HMCN1;SNORD115-25;CYP27B1,1.23821310235455,,0.052517865656829,FALSE,""
JAVELIN,157,PROM1;IL1B;HMCN1;MIR4274;MYCT1,1.31433358467491,,0.0124033851524685,FALSE,""
JAVELIN,158,AKR7A3;MIR563;HRSP12;COL25A1;SMG1P5,1.4854033649668,,0.000388318878807632,FALSE,""
JAVELIN,159,SCNN1A;SNORD114-13;ECM2;SFTPC;MFAP3L,1.26796853057899,,0.0245102086045934,FALSE,""
JAVELIN,160,FNDC1;CYP2C9;MIR628;HAS1;SPHK1,0.997364713203302,,0.98095064715273,TRUE,""
JAVELIN,161,KCP;PCDH10;HOXD4;KLB;PDE1C,1.612734458599,,1.13606332106944e-05,FALSE,""
JAVELIN,162,SLC16A12;KIF26B;PTER;MUC13;CD300LF,1.07182905672871,,0.50160997324179,FALSE,""
JAVELIN,163,TINAG;CXCL8;RASGRP1;GDF6;EMR4P,1.18017516944402,,0.128115694907203,FALSE,""
JAVELIN,164,FGG;CLCNKA;HIST1H2BM;SNORD114-5;MIR593,1.15710643606718,,0.170812516974453,FALSE,""
JAVELIN,165,SCN9A;COBL;MTCL1;CR1L;MELK,1.00007241942417,,0.999469061532842,FALSE,""
JAVELIN,166,FOLH1;CYP4F12;RIPK4;GCGR;KCNA3,1.35916880360616,,0.00391604978330874,FALSE,""
JAVELIN,167,FXYD2;GFRA1;PTTG1;AGR2;MIR627,1.22152773377061,,0.0633782949036217,FALSE,""
JAVELIN,168,CCL19;FLRT3;PDLIM3;UNC5A;SOGA3,0.936624282952628,,0.5481034958524,TRUE,""
JAVELIN,169,PCOLCE2;SPINK1;SNORD29;MIR4685;DPY19L2P2,1.16037563821079,,0.164590471330571,FALSE,""
JAVELIN,170,TENM1;SNORD110;SLC1A1;MIR1302-5;LILRA6,1.43334381286122,,0.00124552972008936,FALSE,""
JAVELIN,171,RAP1GAP;CYP4F3;MIR4635;MIR4521;CXCR6,1.20532803231641,,0.0776533130456395,FALSE,""
JAVELIN,172,SLC16A12;ABCA12;TOP2A;MIR365A;NEIL3,0.863941061901823,,0.17216740980277,TRUE,""
JAVELIN,173,ADAM12;GLIS1;MYO7A;NECAB2;LOC441402,1.33459474297129,,0.00884712957515318,FALSE,""
JAVELIN,174,STC1;MGAM;PLAUR;APOBEC3A;CCDC141,1.0898600176289,,0.419966122881864,FALSE,""
JAVELIN,175,DDC;CYP24A1;SNORD29;PCDHB5;NBEAP1,1.33432296034466,,0.0105431320456942,FALSE,""
JAVELIN,176,PIGR;EPPK1;MXRA8;MIR4798;CACNA2D4,1.04141319894432,,0.701936574049677,FALSE,""
JAVELIN,177,TMEM45A;VNN1;MS4A4A;CLIC6;MMP17,1.10979191214741,,0.331743076236665,FALSE,""
JAVELIN,178,NEB;THBS4;RASGRP1;ORM1;TMEM38A,1.0365269516644,,0.762774942373952,FALSE,""
JAVELIN,179,GATA3;SNORD114-13;ID1;MMP12;RPS6KL1,0.991417688275171,,0.936444838000621,TRUE,""
JAVELIN,180,ADAM12;MIR4731;CYTIP;TRPA1;FAM69B,1.12970181055933,,0.265893099466595,FALSE,""
JAVELIN,181,MIR23C;IRF4;SEMA4G;SCGB1A1;GRHL1,1.08553789091959,,0.46426474744563,FALSE,""
JAVELIN,182,COMP;PLCH2;CSF3R;MIR4280;KIF26A,0.995422895457854,,0.964390879891545,TRUE,""
JAVELIN,183,ARHGEF16;GRM8;CCL4;SCTR;LINC00299,1.23413735368795,,0.0464119276897688,FALSE,""
JAVELIN,184,CHDH;UTY;TOP2A;HAS1;LOC101928749,1.15786096202074,,0.184733670005822,FALSE,""
JAVELIN,185,FOLH1;MT1A;DPYSL3;BMPER;AGBL3,1.28911898106881,,0.0218684288450109,FALSE,""
JAVELIN,186,ALDH1L1;CPA3;SLC44A3;LRRC7;MIR3664,1.55799505332653,,6.48401862055622e-05,FALSE,""
JAVELIN,187,CST7;HAMP;FPR1;KRT15;KCNMB4,0.836037619486289,,0.104384534601365,TRUE,""
JAVELIN,188,FRAS1;FOXF1;SNORD4B;ZNF114;LRRC17,1.47209537687369,,0.000319799653289788,FALSE,""
JAVELIN,189,SCN9A;SNORD87;HOXD4;TUBA3E;ZSWIM5,1.30936008779242,,0.0114154759800909,FALSE,""
JAVELIN,190,HABP2;SIGLEC14;HOXD4;SCN4A;CD80,1.14395738926283,,0.191493613966926,FALSE,""
JAVELIN,191,PIGR;MIR3941;MECOM;C1orf116;LOC100133669,1.3455719021876,,0.00474786627883986,FALSE,""
JAVELIN,192,FRAS1;AGMAT;SLC1A1;MIR3193;RPL39L,1.51960727033457,,0.000126251116420352,FALSE,""
JAVELIN,193,NOX4;AGMAT;NT5E;KIAA0319;MDFI,1.27105182481201,,0.038146881016751,FALSE,""
JAVELIN,194,CPZ;ADRA2C;SNORA26;CYP4F2;HAS3,1.07990683367588,,0.462626291463076,FALSE,""
JAVELIN,195,LOC101927960;SFRP1;DENND2A;PEG3;LOC400043,1.22259382961575,,0.0671056559045255,FALSE,""
JAVELIN,196,IL17RB;KLHDC7A;BMP2;FCER1A;FAM184A,1.26231347544559,,0.0404168532245151,FALSE,""
JAVELIN,197,LAMC3;SLC2A2;PTTG1;SNORD114-2;OR52N4,1.0232690340512,,0.831891964932109,FALSE,""
JAVELIN,198,EMX2;MMP24;RGL3;MGARP;TMEM178A,1.33406839606611,,0.00838334875540241,FALSE,""
JAVELIN,199,TMEM27;FAP;HMCN1;OR2T11;GLI1,1.4411543892848,,0.000563455089207117,FALSE,""
JAVELIN,200,CCL20;REEP6;PIEZO2;LEFTY1;LOC100506518,1.07000909303817,,0.546258069056775,FALSE,""
JAVELIN,201,TMEM27;CYP4F11;RNF128;MIR452;LOC441402,1.21668317831835,,0.0693615075222401,FALSE,""
JAVELIN,202,FAM46C;BEX2;ID4;ASPG;RPS6KL1,1.30350831444161,,0.0155695380083152,FALSE,""
JAVELIN,203,MT1G;HSH2D;LZTS1;SNORD114-27;KIF18B,0.82257026155982,,0.0824989725328837,TRUE,""
JAVELIN,204,PEG10;COL7A1;ADCY4;CCDC78;FAM132A,0.912289962790969,,0.424197249740265,TRUE,""
JAVELIN,205,SNORD14C;ZNF711;ALDH1A3;BTLA;MIR4706,1.02192169666688,,0.837566750366094,FALSE,""
JAVELIN,206,BAMBI;C2;MIR938;PRSS22;DSEL,1.17757677317715,,0.139225819253149,FALSE,""
JAVELIN,207,MT1G;MIR548AA2;PC;SCG5;CYP2S1,1.09383442188869,,0.402009084121931,FALSE,""
JAVELIN,208,ITGB6;BTNL9;S1PR3;APCDD1L;DOC2B,1.0601070252689,,0.618324754373135,FALSE,""
JAVELIN,209,UPB1;CDH23;MMP11;CA3;MIR221,1.32493305439296,,0.00942537784689495,FALSE,""
JAVELIN,210,S100A8;TF;MIR1207;MFSD4;MDFI,1.11616226212217,,0.317680216604503,FALSE,""
JAVELIN,211,COMP;MAL2;S1PR3;GRIA3;CACNA2D4,1.03100167721826,,0.782135534690363,FALSE,""
JAVELIN,212,CD27;GABRD;ADAMTS2;CASR;DEPDC7,1.32431185947287,,0.0101433455669232,FALSE,""
JAVELIN,213,ADAMTSL2;IL1B;TMEM132A;ZNF365;SNCA,0.940169964246157,,0.558286934037866,TRUE,""
JAVELIN,214,DDC;NAGS;ANGPT2;TNNT2;CCDC17,1.3717255370926,,0.00466177777955962,FALSE,""
JAVELIN,215,CCL18;SNORD114-13;CKS2;KCNB1;KCNN3,1.12495882315766,,0.278549647608712,FALSE,""
JAVELIN,216,S100A8;MIR548AA2;TIE1;VIPR1;GJC2,1.15772567434577,,0.161543676912374,FALSE,""
JAVELIN,217,CHDH;PNMA2;SNORD6;IHH;MIR3664,1.33665353604029,,0.00548992838940487,FALSE,""
JAVELIN,218,BCMO1;MMP24;CSF3R;MIR4797;GPR68,1.0102111645621,,0.922549523763282,FALSE,""
JAVELIN,219,COX4I2;DNASE1L3;FZD8;CPA4;ATP1B2,1.17900280508842,,0.148710931020941,FALSE,""
JAVELIN,220,FRAS1;TCF21;ARL4C;ASPG;MIR1256,1.36207886635617,,0.00370352611898124,FALSE,""
JAVELIN,221,MIR3646;DUSP2;MIR631;HIST1H2AA;PAMR1,1.26195609185953,,0.0344759660997067,FALSE,""
JAVELIN,222,MIR548AR;ZNF727P;MST1;MIR134;MIR1288,1.31239466220108,,0.00985680281759042,FALSE,""
JAVELIN,223,HOGA1;MIR4796;PTK7;CALB1;FAIM3,1.11296443986553,,0.330782110299393,FALSE,""
JAVELIN,224,PEG10;FXYD1;TMEM204;FCER1A;LOC100294362,1.4205825603206,,0.00152268108566971,FALSE,""
JAVELIN,225,CD38;HP;ACSF2;FAM166B;SNORD60,0.975800598666975,,0.812944513922247,TRUE,""
JAVELIN,226,ACSM5;DNAH5;S1PR3;UPK1B;SLC16A10,1.25508895889817,,0.0351759912646155,FALSE,""
JAVELIN,227,SNCG;TF;HIST1H2AL;GDF6;MIR3973,1.24358477646294,,0.0540961654567085,FALSE,""
JAVELIN,228,IGF2BP2;ST6GALNAC2;ALDH1A3;SLC7A11;HIST1H1A,0.807853973006255,,0.052058400466057,TRUE,""
JAVELIN,229,PLA2G7;MIR4676;PIEZO2;HSD17B2;CCDC144CP,1.35223308330455,,0.00643361904697263,FALSE,""
JAVELIN,230,CNN1;STEAP1;MECOM;DLK2;CADM4,1.33515271468851,,0.00990176476463612,FALSE,""
JAVELIN,231,NXPH4;AGMAT;PTER;DDIT4L;ARHGAP28,1.29728298332444,,0.0136750468612607,FALSE,""
JAVELIN,232,FAM46C;BAI1;ID1;SLC6A20;ARHGAP28,0.974084518929911,,0.813548873055774,TRUE,""
JAVELIN,233,PCOLCE2;APOLD1;FZD8;MIR4251;SPHK1,1.29771839697113,,0.0231525830481395,FALSE,""
JAVELIN,234,CCL18;C10orf113;FOLR2;FXYD4;PCDHB15,1.21885824022453,,0.0680172037186993,FALSE,""
JAVELIN,235,UGT8;PAQR5;IL2RB;MIR4530;GNMT,1.24687858686783,,0.0358693928234014,FALSE,""
JAVELIN,236,COX4I2;GSTM1;MYO5B;TNNI3;AGBL3,1.32128227261194,,0.0143507336077621,FALSE,""
JAVELIN,237,MYO3A;MIR3145;SNORA48;SHISA9;HOXB5,1.40123439005231,,0.00152562672521784,FALSE,""
JAVELIN,238,NEB;MIR554;GAMT;ELFN2;ZNF90,1.01776180950847,,0.872409785051864,FALSE,""
JAVELIN,239,PTH1R;NLGN4Y;SNORD59A;SCGB3A2;DACT3,1.22603231058273,,0.0515871601361544,FALSE,""
JAVELIN,240,IGF2BP2;PLIN4;SNAI2;SLC5A2;DBH-AS1,0.897194204544493,,0.310492710715439,TRUE,""
JAVELIN,241,STC2;GRM8;NT5E;BMPER;GRID1,1.17164592197049,,0.163666838852047,FALSE,""
JAVELIN,242,MIR645;CLCNKA;TIE1;HAO2;GTSE1,1.44228299809877,,0.00133005590872362,FALSE,""
JAVELIN,243,SORBS2;HOXD11;TMEM204;FOXF2;MDFI,1.27923428695922,,0.0229312249799736,FALSE,""
JAVELIN,244,PSAT1;HLF;HIST1H4L;KCNAB1;HMMR,1.10467258586697,,0.370711387193462,FALSE,""
JAVELIN,245,SLC17A1;CRYM;MIR3125;SNORD116-5;DACT3,1.40592777523076,,0.00237938270638843,FALSE,""
JAVELIN,246,MIR3646;CHST13;ADCY4;CCL17;PPP2R2B,1.3024607449678,,0.0083157326323992,FALSE,""
JAVELIN,247,MIR25;MIRLET7D;TSKU;PITX1;MIR3177,1.03104744790485,,0.787435861914457,FALSE,""
JAVELIN,248,MIR27B;DSCAML1;MAP4K1;MIR10A;CDS1,1.41499485021452,,0.00155951723473215,FALSE,""
JAVELIN,249,SEC14L6;MIR563;MIR197;MIR3126;TDRD10,1.43616157515574,,0.0013794612808709,FALSE,""
JAVELIN,250,SCNN1A;MIR1303;ALDOC;CD177;EMR4P,1.21191930410513,,0.0766199144096905,FALSE,""
JAVELIN,251,PIGR;PCK1;ID1;SNORD115-21;SLAMF1,1.1664099776347,,0.160257766436778,FALSE,""
JAVELIN,252,JPH2;EXPH5;MS4A4E;AQP2;PANK1,1.49351787074526,,0.000240321977086739,FALSE,""
JAVELIN,253,FOLH1;MIRLET7I;PDLIM3;DNAI1;ADAMTS12,1.34378315781365,,0.00571541282551934,FALSE,""
JAVELIN,254,FER1L4;EGR3;CDH13;HCAR3;FAM132A,1.12320619013001,,0.288384101819138,FALSE,""
JAVELIN,255,ITGA8;ASRGL1;GPC4;GYG2;ETV1,1.33362686215187,,0.00711715261507308,FALSE,""
JAVELIN,256,NME5;SFN;MKI67;SCG5;LOC644086,0.802656530943041,,0.0438379962421479,TRUE,""
JAVELIN,257,GPT;GLIS1;SNORD6;IRX6;SPHK1,1.34338242269088,,0.00721539006648659,FALSE,""
JAVELIN,258,SULT1C4;HLF;SLC44A3;ANGPTL3;HIST2H3C,1.27871355073701,,0.0269956086589687,FALSE,""
JAVELIN,259,ACKR1;CPXM1;DCBLD2;CLGN;FAM110C,1.01585475182879,,0.885282527522398,FALSE,""
JAVELIN,260,SLC39A5;LDHD;FOLR2;C1orf168;LOC101928003,1.26168802520353,,0.0314911924804033,FALSE,""
JAVELIN,261,TMEM45A;SFRP1;LY96;DIRAS2;CPNE5,1.24115373328536,,0.0460971403100067,FALSE,""
JAVELIN,262,IGF2BP2;MIOX;GAMT;FAM166B;AGAP11,1.18657386928331,,0.113563901977105,FALSE,""
JAVELIN,263,NPR3;AR;MTCL1;PRSS12;ILDR1,1.21989768669245,,0.063607336882959,FALSE,""
JAVELIN,264,LOC101927834;ESRP2;RIPK4;KCNA5;PDCD1LG2,1.3922054130177,,0.0019597930556761,FALSE,""
JAVELIN,265,STC1;ADRA2C;MYO7A;MIR193A;XCL2,1.21105765316551,,0.0869597732052374,FALSE,""
JAVELIN,266,NR4A3;CYP4F11;HIST1H4L;MIR4705;ZDHHC11,1.28716479352236,,0.0184343241688101,FALSE,""
JAVELIN,267,MYH14;SNORD114-10;MIR4635;OR2T35;MIR28,1.26821918122314,,0.0267356967125283,FALSE,""
JAVELIN,268,TSPAN13;HPD;PTK7;ENAM;LOC100506518,1.22718645049386,,0.0622537305706697,FALSE,""
JAVELIN,269,CD27;FLRT3;COX7A1;SEMA3D;PCDHB16,1.19966511969745,,0.0824161014877275,FALSE,""
JAVELIN,270,C1orf186;AZGP1;CALCRL;RHOV;RAB6B,1.39515356347551,,0.0016793886221892,FALSE,""
JAVELIN,271,IKZF3;C4A;MYRF;COL25A1;SLC39A4,1.11810233480567,,0.310679313775257,FALSE,""
JAVELIN,272,NLGN1;CLMP;CALCRL;FBXO2;GPR174,1.12419551593249,,0.249709870817238,FALSE,""
JAVELIN,273,SLC34A2;GSTM1;HIST1H2BM;LOC389602;CLEC12A,1.03672014546123,,0.735481688913989,FALSE,""
JAVELIN,274,OLR1;GABRD;CYTIP;ZNF114;CCDC17,1.14991178048872,,0.178121350530062,FALSE,""
JAVELIN,275,GZMK;MIR4676;MIR3125;LCN2;C14orf64,1.24025575139309,,0.0396188905450772,FALSE,""
JAVELIN,276,LAMC3;ALDOB;LZTS1;SLC22A24;MIR3682,1.57082299501654,,4.85049447639262e-05,FALSE,""
JAVELIN,277,GPT;MIOX;SNORD116-28;DNAI1;SIT1,1.32757604885619,,0.00737749223095003,FALSE,""
JAVELIN,278,CNN1;KLHDC7A;PLAT;MUC13;PCDHGA6,1.21919646211505,,0.0707068223180042,FALSE,""
JAVELIN,279,C1orf186;SLC2A2;SELENBP1;PEG3;CATSPERG,1.37823125042569,,0.00359318154054043,FALSE,""
JAVELIN,280,TINAG;SNORD114-10;MIR4435-2;ASXL3;LRRC4,1.49698120314546,,0.000171662097593777,FALSE,""
JAVELIN,281,SBSPON;ZNF727P;TEK;CNTFR;IL33,1.30149298056263,,0.0125507203787441,FALSE,""
JAVELIN,282,RAB17;GZMB;CACNA2D1;PRSS12;SNORD50A,1.18031963998391,,0.107034123480594,FALSE,""
JAVELIN,283,BAIAP2L2;C4B;ADCY4;SNORD114-24;LOC101927236,1.35024576556683,,0.0046913249273611,FALSE,""
JAVELIN,284,SLC16A12;MIR1203;RHOBTB3;DUOX1;THEMIS,0.999584350559673,,0.996829454323207,TRUE,""
JAVELIN,285,CST7;MGAM;MIR544B;SLC26A7;FAM69B,1.49227500458257,,0.00019248572744946,FALSE,""
JAVELIN,286,EMX2;HP;SLC44A3;C16orf89;PCDHB4,1.5557066392382,,7.06638796362179e-05,FALSE,""
JAVELIN,287,MIR645;MST1P2;PLAUR;CST6;KCNIP3,0.941196859329587,,0.575282314854813,TRUE,""
JAVELIN,288,MIR30A;AQP7;SLC44A3;MIR4521;JAM2,1.45297029907439,,0.000865466852048986,FALSE,""
JAVELIN,289,HABP2;LDHD;RNF128;MIR4506;KCNJ5,1.23217342935519,,0.0508372103637726,FALSE,""
JAVELIN,290,MIR126;ROR2;ANGPT2;AGXT;NTNG2,1.427005209423,,0.000912633080070263,FALSE,""
JAVELIN,291,C1orf186;MIR563;RASGRP1;OVCH2;MDH1B,1.32392711672311,,0.00902255112669477,FALSE,""
JAVELIN,292,LAMC3;KLF15;CALCRL;OR2T34;CCR6,1.30915689387872,,0.0133121269265817,FALSE,""
JAVELIN,293,MIR4652;PTGER3;SNORD4B;RSPO4;KIF26A,1.3339439413275,,0.00689744968268168,FALSE,""
JAVELIN,294,NPNT;DUSP2;FZD8;SFTPB;FAM184A,1.17659984726061,,0.13145843422322,FALSE,""
JAVELIN,295,PLA2G7;AIF1L;APCDD1;ZNF812;FAM212A,1.17803863810101,,0.116445878774776,FALSE,""
JAVELIN,296,AGMO;HRH2;LDLR;MIR431;PLEKHN1,1.19599465500043,,0.0997847735962854,FALSE,""
JAVELIN,297,TNFAIP6;STK32B;SNORD33;ASPDH;TDRD10,1.48727023491819,,0.000130121609718304,FALSE,""
JAVELIN,298,CTSW;SNORD110;SLC44A3;LCN2;MIR581,1.16169601916894,,0.173560915119061,FALSE,""
JAVELIN,299,MIR126;MFI2;DLL4;CCDC158;FAXDC2,1.27652215173246,,0.0232885718847273,FALSE,""
JAVELIN,300,PROM1;MIR569;TSKU;ARHGEF38;PDE8B,1.1816879410479,,0.126504591518794,FALSE,""
JAVELIN,301,JPH2;SDS;GAMT;TDO2;SLAMF1,1.1781008980147,,0.114859546899883,FALSE,""
JAVELIN,302,HOXD10;LOC100288152;ADCY4;KCNJ1;LNX1,1.43255908556851,,0.00140538615443034,FALSE,""
JAVELIN,303,ANLN;ANKRD18A;SLC2A9;SFTPA2;PMAIP1,0.95759730328809,,0.682055780881722,TRUE,""
JAVELIN,304,ANK3;C4A;FOLR2;GRIA3;RASGEF1A,1.14703536434174,,0.186963271651554,FALSE,""
JAVELIN,305,MYO3A;MIRLET7D;RHOBTB3;MIR582;PPP1R3G,1.33974222099344,,0.00758768502019416,FALSE,""
JAVELIN,306,TFPI2;SLC5A10;MIR197;GRIN2B;ZNF90,1.32661242302506,,0.00956296042517417,FALSE,""
JAVELIN,307,PPAP2C;ZFHX4;MIR631;BMP5;CKAP2L,0.76282623899571,,0.0137551114679391,TRUE,""
JAVELIN,308,EXOC3L4;MIR589;LDLR;MIR3178;CPNE5,1.0792817563312,,0.478757030448353,FALSE,""
JAVELIN,309,MIR30A;MIR1203;SARDH;PDE4C;ASPRV1,1.28048589654862,,0.0205792759855543,FALSE,""
JAVELIN,310,JPH2;MIR589;MYRF;RTKN2;CCDC74B,1.10316157553574,,0.345635003995371,FALSE,""
JAVELIN,311,FGG;LAMC2;SNORD116-28;SIM2;C14orf37,1.1363488530995,,0.257043177953863,FALSE,""
JAVELIN,312,TSPAN13;LOC101928757;CKS2;C16orf89;GRIP1,0.93911490234876,,0.538070025869144,TRUE,""
JAVELIN,313,OGDHL;AZGP1;MIR197;DUOX2;RPL39L,1.32242356990858,,0.0149194192903597,FALSE,""
JAVELIN,314,SLC39A5;SFRP1;SARDH;SLC34A3;CACNA2D4,1.26047881749018,,0.0415840575102823,FALSE,""
JAVELIN,315,MIR1180;SLC23A1;PTK7;CTSE;MIR548J,1.17752994012412,,0.128364901171614,FALSE,""
JAVELIN,316,FXYD2;KLF15;HIST1H2BM;SNORD114-6;CPNE5,1.1415386297371,,0.227290392756862,FALSE,""
JAVELIN,317,MIR378I;FTCD;GAMT;AGXT;CCDC36,1.25407081811356,,0.0376451217827012,FALSE,""
JAVELIN,318,SLC34A2;SOX6;CRISPLD2;SLC6A20;NTNG2,1.18140761663258,,0.125850593338457,FALSE,""
JAVELIN,319,C8orf4;NEBL;SNORA26;SNORD114-31;NTNG2,1.21310628158206,,0.0636691555654836,FALSE,""
JAVELIN,320,FGB;CDHR1;MMP11;TFR2;CCDC3,1.1974127914999,,0.093299105944515,FALSE,""
JAVELIN,321,SLC16A12;ADRA2C;APCDD1;IHH;SLC39A4,1.31528098000178,,0.0150511732960779,FALSE,""
JAVELIN,322,F8;MIR185;IL2RB;CALCR;MIR5094,1.33311993700397,,0.00677675515758345,FALSE,""
JAVELIN,323,MIR3117;MIR4796;SNORD33;IGSF10;RNF152,1.33204844281929,,0.0078986372986435,FALSE,""
JAVELIN,324,AKR7A3;GDA;CDH13;PEG3;SLAMF8,1.29120024660507,,0.0176360521111001,FALSE,""
JAVELIN,325,MYH14;FTCD;MYO5B;MIR1245A;KCNA3,0.976027154057175,,0.825504963419857,TRUE,""
JAVELIN,326,FAM46C;GJB1;PTTG1;KRT13;SNORD103B,1.0198141031709,,0.857077887523584,FALSE,""
JAVELIN,327,PROM1;LOC647859;MIR4714;MIR3178;GALNT16,1.12655352246312,,0.275137793931699,FALSE,""
JAVELIN,328,BAIAP2L2;GPC3;LY96;PRSS3;MIR4681,0.989048458616794,,0.92122612184459,TRUE,""
JAVELIN,329,MT1G;NAGS;FPR1;ATP6V0A4;TRIM6,1.16255203365358,,0.170175488220378,FALSE,""
JAVELIN,330,SPOCK1;FTCD;CKS2;LPPR5;SNORD103B,0.967147200326582,,0.751616688601207,TRUE,""
JAVELIN,331,C14orf105;TCF21;DENND2A;LRRN2;APOBEC3B,1.14067865866037,,0.245974760920427,FALSE,""
JAVELIN,332,DCDC2;MLXIPL;ADAMTSL3;OR2T35;CRYBB2,1.42995241626137,,0.00116316712448787,FALSE,""
JAVELIN,333,GPT;MIR378A;CACNA2D1;MIR100;ZNF471,1.65070831665568,,2.94472891053716e-06,FALSE,""
JAVELIN,334,MGAT3;MST1P2;HRSP12;ATG9B;MIR3978,1.31217088416161,,0.0167878384841386,FALSE,""
JAVELIN,335,RERG;HOXD11;RNF128;IGF2BP3;ETV7,0.991560833814561,,0.937866405482803,TRUE,""
JAVELIN,336,TSPAN13;MIR4482;SNORA48;MIR574;CD40LG,1.0439083506196,,0.687467324600459,FALSE,""
JAVELIN,337,ITGB6;MIR3145;PDLIM3;SFTPA1;PANK1,1.22844077610954,,0.0479857137775034,FALSE,""
JAVELIN,338,MYBL2;SNORD67;PTK7;IL1RL1;RASD2,0.985695633510389,,0.894890069449986,TRUE,""
JAVELIN,339,MYO3A;MIRLET7D;FZD8;INHBE;C8orf88,1.43612037285202,,0.00140979726365865,FALSE,""
JAVELIN,340,CYP2E1;ABCA12;ITGA11;MAMDC2;SNORD91A,1.24346512371471,,0.0387468137142697,FALSE,""
JAVELIN,341,PRSS8;SLC12A8;MMP11;NCAM2;SERTAD4-AS1,1.13994699432113,,0.219845822450856,FALSE,""
JAVELIN,342,FCN3;HPGD;DLL4;AQP4;RASD2,1.35051460089786,,0.00576775995535786,FALSE,""
JAVELIN,343,MT1G;MIR185;MIR631;C1orf116;GRAP2,1.06110358813256,,0.584800984357878,FALSE,""
JAVELIN,344,TMEM45A;MIR4676;RGL3;FGF9;WBSCR27,1.55316639672225,,5.05499762050825e-05,FALSE,""
JAVELIN,345,RAB42;DNAH5;PLAUR;CXCR1;GPRIN1,0.767452620764242,,0.013184127757516,TRUE,""
JAVELIN,346,GPR126;NDNF;SLC1A1;TEX15;HOXA10-AS,1.38415188689941,,0.00374463860396727,FALSE,""
JAVELIN,347,ANO9;SPX;PDLIM3;MIR4636;SMG1P5,1.22685103551758,,0.0528623636307995,FALSE,""
JAVELIN,348,SBSPON;NEBL;MIR4714;MIR4274;C6orf132,1.26491872257425,,0.0277182818192878,FALSE,""
JAVELIN,349,SPAG17;MIR4731;TEK;TCAP;LURAP1,1.33434585816173,,0.0065432587556767,FALSE,""
JAVELIN,350,NR4A2;PCDHGA5;SNORA77;ATP6V0A4;LZTS3,1.09676028713449,,0.394001430390584,FALSE,""
JAVELIN,351,NEB;MOXD1;GAMT;MIR617;DEPDC7,1.42596071525432,,0.00101363471249271,FALSE,""
JAVELIN,352,PLAC9;SFRP1;PDLIM3;FAM153B;EXO1,1.29083122077451,,0.0258440773794602,FALSE,""
JAVELIN,353,MACC1;FABP7;MIR4784;PTGES;CCDC144CP,1.05145246286183,,0.635070950185063,FALSE,""
JAVELIN,354,OLFML2A;VNN1;SNORD74;ASGR2;ZNF831,1.08935369090364,,0.431267017177513,FALSE,""
JAVELIN,355,NEB;MIR3918;TSKU;KCNN1;ZSCAN31,1.3665951138027,,0.00633568352110598,FALSE,""
JAVELIN,356,FABP4;FCGBP;PTER;CASR;PAQR6,1.02914494552045,,0.78984116347325,FALSE,""
JAVELIN,357,CX3CR1;F5;HIST1H2BM;OR2T3;DSEL,1.22952705748966,,0.0632725915362013,FALSE,""
JAVELIN,358,IDO1;RGS9;ACSF2;CPA6;HUNK,1.1957442391616,,0.0953720573860402,FALSE,""
JAVELIN,359,PSAT1;ST6GALNAC2;HRSP12;EPS8L3;NEK10,1.00537292175151,,0.961322530197738,FALSE,""
JAVELIN,360,MIR4652;SLC38A11;COX7A1;ITPKA;HOXA7,1.33039371793438,,0.0101577076503904,FALSE,""
JAVELIN,361,ALDH1L1;SLC12A8;MIR628;CNTN3;EMR4P,1.12947350565101,,0.266359268647602,FALSE,""
JAVELIN,362,ABO;SLC23A3;NT5E;P4HA3;GLI1,1.22243656995517,,0.0685488216087475,FALSE,""
JAVELIN,363,NME5;SNORD114-10;TOP2A;ST6GAL2;LOC400043,1.13459967718638,,0.260505687980518,FALSE,""
JAVELIN,364,SULT1C4;VEPH1;SNORA48;PEG3;KIAA1755,1.44148630753993,,0.000590686773258651,FALSE,""
JAVELIN,365,COMP;MIR3941;MIR4435-2;WFDC10B;EPHB1,1.06597027806571,,0.563303162544186,FALSE,""
JAVELIN,366,TSPAN7;LOC101928757;ALDH1A3;CHIT1;CCDC36,1.06176051053012,,0.56794319571208,FALSE,""
JAVELIN,367,NXPH4;LIPC;PBX1;GGT3P;HIST2H3A,1.25786489104677,,0.0332138422423103,FALSE,""
JAVELIN,368,STEAP4;NDNF;SNORD12B;PEG3;MIR3134,0.937181580558252,,0.544637818641043,TRUE,""
JAVELIN,369,CNN1;COBL;S1PR3;SLC22A7;LRRC37A4P,1.16714223397881,,0.174090415304013,FALSE,""
JAVELIN,370,CPZ;PTGS2;MST1;SLC36A2;DNALI1,1.26146619723313,,0.0382120203852204,FALSE,""
JAVELIN,371,ANLN;MAP7;SNORD74;ADCY8;SYCE1L,1.05614875447681,,0.62190199741163,FALSE,""
JAVELIN,372,GBP5;NLGN4Y;MIR4714;CXCR2;DPY19L2P2,1.02427773625739,,0.814088667346825,FALSE,""
JAVELIN,373,AGMO;SLC4A3;TIE1;GRHL2;TBX21,1.16150403325194,,0.163387667817759,FALSE,""
JAVELIN,374,ANLN;PRODH2;IFI44L;CYP2C18;SYCE1L,0.949499453440437,,0.634005257127168,TRUE,""
JAVELIN,375,IL6;GLIS1;HOXD9;GC;PDE3B,1.22040042112159,,0.0726073668347423,FALSE,""
JAVELIN,376,ACKR1;TF;MTCL1;LINC00671;ACTA2-AS1,1.3301799413408,,0.00864689098198621,FALSE,""
JAVELIN,377,HNF1A;PTPRD;PTTG1;TRPV3;FAM162B,1.15790041544965,,0.200707385649334,FALSE,""
JAVELIN,378,OLFML2A;REEP6;HIST1H2BO;G6PC;MIR5697,1.07563363088934,,0.502475390317141,FALSE,""
JAVELIN,379,BCMO1;CD79A;LDB2;ATP13A4;MIR4681,1.23948176785436,,0.045012704276351,FALSE,""
JAVELIN,380,MIR4526;PDGFRL;RHOBTB3;MAPK8IP2;GJA5,1.23099443580769,,0.0554266831731895,FALSE,""
JAVELIN,381,SMIM24;MIR548AU;HOXD9;THPO;NLRC3,1.50237852719433,,0.000164479297074588,FALSE,""
JAVELIN,382,TACSTD2;MIR186;EFNA1;SNORD114-27;GZMM,0.967782246102072,,0.756365674211766,TRUE,""
JAVELIN,383,ABCC6;SMTNL2;CYTIP;C5orf27;LIPE,1.20414126043043,,0.0782704679868592,FALSE,""
JAVELIN,384,BAMBI;HSH2D;RHOBTB3;TRIM54;FLRT2,0.908424249028426,,0.36400282936826,TRUE,""
JAVELIN,385,FRAS1;LAG3;MIR544B;FAM151A;CYP2D7P,1.39357190498115,,0.00187432133326268,FALSE,""
JAVELIN,386,BAIAP2L2;MLLT11;ID4;FAM153A;MIR28,1.3005962647035,,0.0137568534601301,FALSE,""
JAVELIN,387,CST7;MYO7B;CSF3R;ZNF365;GNAO1,0.846942201036348,,0.117876848104247,TRUE,""
JAVELIN,388,ANO9;CXCL8;RHOBTB3;CCDC158;RBM20,1.18096734751504,,0.143314919027985,FALSE,""
JAVELIN,389,NOX4;MFI2;MIR637;SNORD114-6;TMEM178A,1.11584648380113,,0.309149756735612,FALSE,""
JAVELIN,390,TSPAN7;ESPN;ACSF2;MIR4521;KIAA1755,1.27862373593099,,0.0259903570032228,FALSE,""
JAVELIN,391,C8orf4;CMYA5;MXRA8;PLA2G12B;ROPN1L,1.2738211945886,,0.0231914171230204,FALSE,""
JAVELIN,392,SCNN1A;SLC6A10P;MIR1207;PRSS12;IL17RD,1.23943645424042,,0.0426578784387053,FALSE,""
JAVELIN,393,ALDH1L1;MIR4796;2020-03-02 00:00:00;ICAM5;ILDR1,1.50198092953175,,0.000282691362542509,FALSE,""
JAVELIN,394,ANK3;CXCR3;LZTS1;CDR1;CCDC141,1.20151700340506,,0.0713006016968613,FALSE,""
JAVELIN,395,PCOLCE2;MAP7D2;MIR544B;AKR1B10;RLTPR,1.07257496612209,,0.525371596552415,FALSE,""
JAVELIN,396,PCOLCE2;SLC16A9;MIR3125;CNDP1;TMEM246,1.5717007783104,,4.49699828145164e-05,FALSE,""
JAVELIN,397,SMIM24;CPXM1;MIR1207;FERMT1;PPP1R3G,1.06278805415613,,0.583298003894674,FALSE,""
JAVELIN,398,PGF;CES3;PLAT;HPX;SLC16A10,1.43697011329704,,0.000803373031169347,FALSE,""
JAVELIN,399,PTH1R;EPPK1;ALDOC;PCDHB2;LOC101928749,1.36699116263004,,0.00594012607731745,FALSE,""
JAVELIN,400,C1orf186;ZNF711;LDLR;C5orf27;KCNQ4,1.16789811722314,,0.150549968769216,FALSE,""
JAVELIN,401,NPNT;LBP;TEK;TCAP;MIR1288,1.2764422131692,,0.0216204301518424,FALSE,""
JAVELIN,402,PRSS8;SNORA69;FPR1;SNORD115-20;MEFV,0.846963594378786,,0.126974007601179,TRUE,""
JAVELIN,403,REG1A;LRG1;S1PR3;CPAMD8;TMEM246,1.41462053996459,,0.00214150026522143,FALSE,""
JAVELIN,404,MACC1;FOXQ1;APCDD1;SLC30A2;DLGAP5,1.00020262678401,,0.998416259053443,FALSE,""
JAVELIN,405,MYBL2;TCF21;CSF3R;RSPO4;PCP2,0.911675197878037,,0.397367135211731,TRUE,""
JAVELIN,406,SCN9A;FAP;MECOM;FOXA2;GJA5,1.30952563702898,,0.0122589167810295,FALSE,""
JAVELIN,407,SPOCK1;FTCD;SNORD4B;SNORD114-24;TP73,0.879036824395164,,0.22912021051134,TRUE,""
JAVELIN,408,ABCC6;PALM3;RHOBTB3;SLC26A9;TNFRSF11A,1.09577516706069,,0.389060964487901,FALSE,""
JAVELIN,409,SHROOM3;PRAP1;SLC44A3;TDRD9;TSPAN32,1.26171120740709,,0.0317064346620069,FALSE,""
JAVELIN,410,CCL18;C4A;FOLR2;CYP21A2;PAMR1,1.00830270834716,,0.938088485490499,FALSE,""
JAVELIN,411,UBD;ANXA13;CRISPLD2;MIR4654;SOGA3,1.01522108561009,,0.894381133920588,FALSE,""
JAVELIN,412,WDR72;CHST13;MYO5B;OR2T34;THEMIS,1.14207220915104,,0.212688493471058,FALSE,""
JAVELIN,413,BAMBI;GLDC;ALDH1A3;CSDC2;LOC643339,1.2252258248844,,0.0637001554343471,FALSE,""
JAVELIN,414,ASPN;CYP4F11;ROBO4;TUBA3D;MELK,1.06816234046719,,0.550581401762327,FALSE,""
JAVELIN,415,MYBL2;FOXQ1;HIST1H2BO;BAAT;MAP6,0.914429982079705,,0.432433051462348,TRUE,""
JAVELIN,416,SPOCK1;PRAP1;HIST1H2AL;VWDE;CLEC10A,0.916227966215765,,0.408292756922239,TRUE,""
JAVELIN,417,RASD1;ADAMTS14;HMCN1;CNTNAP5;P2RY6,1.11320284660251,,0.337406018753993,FALSE,""
JAVELIN,418,MIR126;EPPK1;MKI67;BMP5;DEPDC7,1.21815445979119,,0.0643687330830402,FALSE,""
JAVELIN,419,MIR142;SLC23A3;TSKU;SNORD114-24;GSTO2,1.11640439929107,,0.329683191639584,FALSE,""
JAVELIN,420,ABO;SLC38A11;CKS2;PRPH;PDE8B,1.41357184689795,,0.00163798300567952,FALSE,""
JAVELIN,421,SLIT2;MIR148B;COX7A1;IL13RA2;ICOS,1.16362397987789,,0.162659044447839,FALSE,""
JAVELIN,422,CST7;KCNJ3;PTTG1;SLC18A3;CD40LG,0.983397613463328,,0.878474590252865,TRUE,""
JAVELIN,423,QPCT;FOSL1;ANGPT2;FCER2;LRRC37A4P,0.841062895716648,,0.11186211380839,TRUE,""
JAVELIN,424,ABO;SNORD77;EVI2B;CASR;FBXO27,1.09488114401254,,0.391633991719069,FALSE,""
JAVELIN,425,PCOLCE2;GDA;CACNA2D1;SLC10A2;DBNDD1,1.4099699864312,,0.00179235762932129,FALSE,""
JAVELIN,426,C1orf106;SNORD115-5;CKS2;HECW1;EMP2,1.15812932857281,,0.167433481736018,FALSE,""
JAVELIN,427,NMB;KCNIP4;MIR938;CXorf30;SNCA,1.28455894043558,,0.0223441365728103,FALSE,""
JAVELIN,428,COX4I2;C5orf46;PDLIM3;PRSS12;ARHGAP28,1.30340810619284,,0.0126034309162671,FALSE,""
JAVELIN,429,MACC1;ZNF727P;ADAMTS2;GRHL2;APOBEC3H,1.08136429572255,,0.459101579302323,FALSE,""
JAVELIN,430,SCIN;RYR2;MIR4784;BRE-AS1;ASPRV1,1.19491475183948,,0.107862198014074,FALSE,""
JAVELIN,431,F8;HOXD11;FPR1;TMEM82;TSPAN2,1.19798774971611,,0.0882587146049903,FALSE,""
JAVELIN,432,ARHGEF16;ABCB4;MIR4784;ATP6V1B1;TMEM246,1.30636483902999,,0.0141513483714606,FALSE,""
JAVELIN,433,MIR27B;GZMB;HOXD4;HRG;MIR3134,1.23387233153989,,0.0474469037794976,FALSE,""
JAVELIN,434,TACSTD2;STEAP1;MYO7A;SNORD114-25;CDC45,1.03318409092067,,0.770967699309373,FALSE,""
JAVELIN,435,QPCT;SLC7A8;CRISPLD2;PPBP;FAM132A,0.951078592035163,,0.643073677654026,TRUE,""
JAVELIN,436,IGF2BP2;VNN1;HOXD4;CYP4B1;MIR4440,0.944102947000447,,0.58602364549687,TRUE,""
JAVELIN,437,OLFML2A;MIOX;ECM2;C16orf89;LRRC4,1.45155531322737,,0.000467015949007851,FALSE,""
JAVELIN,438,GZMK;MIR4655;SARDH;EML6;ZNF90,1.10037949721234,,0.370088804595573,FALSE,""
JAVELIN,439,NPR3;MIRLET7I;PPL;MUC13;CEP55,1.14171202248564,,0.230950131512274,FALSE,""
JAVELIN,440,ITGB6;GLIS1;LDLR;FGF9;GJC2,1.21851013109955,,0.0728876329827049,FALSE,""
JAVELIN,441,HIF1A-AS2;KLKB1;PC;FAM153C;DBNDD1,1.48739528797671,,0.000390451856662021,FALSE,""
JAVELIN,442,CPZ;GDA;PBX1;KCNH2;LCN12,1.16866672274473,,0.161233898673198,FALSE,""
JAVELIN,443,PEG10;SLC38A11;HIST1H4L;CYP21A2;DBNDD1,1.16959885450927,,0.129462202847744,FALSE,""
JAVELIN,444,CST7;TMEM139;IFI44L;PXDNL;MTCP1,1.21013841997294,,0.0634419553066802,FALSE,""
JAVELIN,445,SLPI;TNXB;SARDH;SNORD115-1;HSD17B3,1.01928792399297,,0.858016857719274,FALSE,""
JAVELIN,446,PEG10;TESC;PPL;ATP6V0A4;COLCA2,1.25190959175247,,0.0427328682512977,FALSE,""
JAVELIN,447,NLGN1;GLIS1;SLC44A3;SNORA11D;FBXO27,1.4475479355367,,0.000587719575068786,FALSE,""
JAVELIN,448,IL6;TRPC6;FOLR2;LRRC3;EFS,0.952706623013816,,0.655859073254546,TRUE,""
JAVELIN,449,NXPH4;SLC7A8;ARL4C;FUT3;AGAP11,1.34923097845768,,0.00502664786856286,FALSE,""
JAVELIN,450,FMO2;MIR1972-1;SNAI2;SFTPA1;MIR5697,1.30292272174112,,0.0112952127563493,FALSE,""
JAVELIN,451,CRB3;ZNF711;CCL4;HAS1;MIR3682,1.28600606297613,,0.0199636129676552,FALSE,""
JAVELIN,452,PEG10;SNORD115-5;GEM;ZIC2;GNMT,0.99033535929688,,0.92982680431097,TRUE,""
JAVELIN,453,MYOM3;SLC23A1;MYO1G;ORM1;KIAA1324L,1.10516712756833,,0.357745670017632,FALSE,""
JAVELIN,454,PTH1R;SNORD77;SELENBP1;DPYSL4;GNAL,1.19990097770526,,0.0909096939543447,FALSE,""
JAVELIN,455,UBD;COL11A1;MIR628;OR2T11;PPP2R2B,1.2516991322326,,0.0390024909017175,FALSE,""
JAVELIN,456,MT1G;MIR3941;CRISPLD2;C5orf27;SLAMF6,1.01499407258268,,0.888088009341831,FALSE,""
JAVELIN,457,MIA2;CHI3L2;SLC1A1;PRSS3;FAXDC2,1.15841794578951,,0.182264807741721,FALSE,""
JAVELIN,458,PLA2G7;ELOVL7;TMEM132A;LRRC3;ZNF334,0.957067585103593,,0.686897186951207,TRUE,""
JAVELIN,459,GBP5;HSH2D;FAM20A;LOC101929578;C8orf88,0.897208366765081,,0.298649594554305,TRUE,""
JAVELIN,460,CHDH;PLCH2;IL2RB;SHOX2;KCNJ5,1.03824682548552,,0.730805357904242,FALSE,""
JAVELIN,461,RAP1GAP;GJB1;SNORD4B;SNORD114-25;CD300LF,1.11300788006536,,0.3163561394803,FALSE,""
JAVELIN,462,NR4A3;CDCP1;ITGA11;WBSCR17;RBM20,1.10550532496688,,0.373274479155424,FALSE,""
JAVELIN,463,EXOC3L4;B3GNT3;MKI67;MYOT;CD40LG,1.02194206484031,,0.836579189130108,FALSE,""
JAVELIN,464,SNORD14C;MAP7D2;MKI67;SNORD114-6;TMEM178A,0.965236680321085,,0.737346181588302,TRUE,""
JAVELIN,465,FGG;HOXD11;MIR1207;SLC51A;MIR593,1.24235628394955,,0.0520800738499738,FALSE,""
JAVELIN,466,MUC3A;SFRP1;PLAUR;SNORD116-5;TMOD1,0.880711501795067,,0.226337410782032,TRUE,""
JAVELIN,467,C1orf106;PTPRD;PDLIM3;PPP2R2C;PLEKHN1,1.02389238347745,,0.835104105066455,FALSE,""
JAVELIN,468,CX3CR1;GPRC5A;IL2RB;MIR4645;TP73,0.915734826316335,,0.406963597102042,TRUE,""
JAVELIN,469,IKZF3;MIR589;MIR4784;HOXA13;KIAA1755,0.941201405129931,,0.57260460960626,TRUE,""
JAVELIN,470,ACKR1;MIR4519;MTCL1;LOC389602;VN1R1,1.24850273284118,,0.0408498172278057,FALSE,""
JAVELIN,471,AGMO;KISS1R;TREM2;ARHGAP40;ZNF471,1.579517778281,,3.36435521162944e-05,FALSE,""
JAVELIN,472,MIR3117;COL7A1;MIR637;HHIP;KCNN3,1.16307942645226,,0.161617412745226,FALSE,""
JAVELIN,473,HNF1A;TESC;PLEKHA7;HRG;CD28,1.10765523220424,,0.351177071342837,FALSE,""
JAVELIN,474,CHDH;TMEM171;RGL3;SFTPC;GSTO2,1.35139636825483,,0.00749742094150516,FALSE,""
JAVELIN,475,ABO;CMYA5;MIR637;MIR574;LOC100133669,1.51794378748297,,0.000221596736502328,FALSE,""
JAVELIN,476,MIR25;CHI3L2;LY96;COL25A1;MTRNR2L10,1.1573536111837,,0.177599328550835,FALSE,""
JAVELIN,477,COX4I2;AR;CSF3R;PIK3C2G;PABPC4L,1.24554678425907,,0.032869981633246,FALSE,""
JAVELIN,478,SPAG17;KCNIP4;SLC2A9;BAAT;GMPR,1.36412428126769,,0.00521733545642622,FALSE,""
JAVELIN,479,MIR4652;MIR23B;MST1;FUT3;UHRF1,1.36052269642107,,0.00583785592393305,FALSE,""
JAVELIN,480,MIR4730;GDA;SNORD12B;MIR582;GPRIN1,1.02126687734106,,0.849169998461428,FALSE,""
JAVELIN,481,IGF2BP2;SLC6A10P;MYO5B;ASPG;SIT1,0.913462493601915,,0.415729405351519,TRUE,""
JAVELIN,482,CNN1;GCNT3;SLC2A9;CXCR2;LTB,0.958403637053666,,0.692045177521637,TRUE,""
JAVELIN,483,MYOM3;MIR4519;EFNA1;PRR15L;ANKRD29,1.13184864535317,,0.252665490246845,FALSE,""
JAVELIN,484,PCDHGB2;PCK1;ANGPT2;MIR4439;CASZ1,1.30273324973794,,0.0127423508079744,FALSE,""
JAVELIN,485,SLPI;LDHD;ALDH1A3;SNORD115-42;KBTBD11,1.01453565537812,,0.895420021297267,FALSE,""
JAVELIN,486,MIR4292;B3GNT4;ADAMTS2;FAM3B;THSD4,0.978748192618654,,0.84116687481859,TRUE,""
JAVELIN,487,MIR548AR;SIGLEC14;SNORD74;F11;LOC441402,1.26832859400927,,0.0295592910645343,FALSE,""
JAVELIN,488,ARHGEF16;KLF15;MYO5B;MIR578;IL17RE,1.3319343431179,,0.00801430152738814,FALSE,""
JAVELIN,489,CPZ;EMX1;CALCRL;MYBPC2;TTK,1.19205725738034,,0.112393525203027,FALSE,""
JAVELIN,490,IGF2BP2;MIR548AA2;CCL4;MIR1245A;E2F8,0.788856448912174,,0.0330093929911957,TRUE,""
JAVELIN,491,MIR27B;PPP1R1A;PLEKHA7;FA2H;MIR579,1.26825343369493,,0.0404627762778336,FALSE,""
JAVELIN,492,TINAG;MIR1972-1;SNORD59A;FAM166B;KIAA1755,1.31155637802333,,0.0100170011172147,FALSE,""
JAVELIN,493,PIGR;PLA2G2A;EMP1;WNT11;ANKRD29,1.03144244992066,,0.773091412728801,FALSE,""
JAVELIN,494,ITGB6;GLIS1;BMP2;PLA2G2D;COL9A2,1.08416805250442,,0.449439238150705,FALSE,""
JAVELIN,495,PEG10;ACHE;CALCRL;TFR2;LTB,1.07649798673887,,0.489946461248983,FALSE,""
JAVELIN,496,FGG;ANXA13;FAM20A;ORM1;PDE8B,1.19699733020158,,0.105614267065188,FALSE,""
JAVELIN,497,CST7;ALDOB;PPL;FOXI1;PCDHGA6,1.10690965100871,,0.358133540614221,FALSE,""
JAVELIN,498,ADAM12;SLC38A11;SLC1A1;VPREB3;TAL1,1.16546269545219,,0.168973972695586,FALSE,""
JAVELIN,499,KCP;MT1M;LZTS1;UGT3A1;SCUBE2,1.43773253665117,,0.00160117433879897,FALSE,""
JAVELIN,500,TNFAIP6;CD79A;MST1;SNORD114-15;FAM162B,1.144939437923,,0.196951480788496,FALSE,""
JAVELIN,501,FER1L4;PPP1R1A;MIR631;OVCH2;C14orf64,1.17410264792518,,0.14726427067144,FALSE,""
JAVELIN,502,PGF;MMP19;MIR4435-2;CHGB;RASGEF1A,1.11143818536984,,0.330930569383368,FALSE,""
JAVELIN,503,AGMO;MFAP2;MIR4714;DIRAS2;MIR4720,1.74670696110945,,4.09761610793419e-07,FALSE,""
JAVELIN,504,BBOX1;BAI1;MYO7A;DEFB134;NTNG2,1.34463626297045,,0.00488051005009662,FALSE,""
JAVELIN,505,ITGB6;MIR23B;TEK;LPPR5;ZSCAN31,1.33775959091423,,0.00651448394181488,FALSE,""
JAVELIN,506,STEAP4;MIR4796;CDH13;APOH;WIPF3,1.30462078112212,,0.015392796202029,FALSE,""
JAVELIN,507,CHDH;LOC391322;HIST1H2BM;FAM153C;SNORD58C,1.2243092139903,,0.0633046205291625,FALSE,""
JAVELIN,508,MIR142;DSCAML1;MIR3975;C1orf168;MYCT1,1.41903184917355,,0.000866496276918503,FALSE,""
JAVELIN,509,GLYAT;PCDH10;DENND2A;VIPR1;LOC643339,1.69294131692013,,1.36209868748207e-06,FALSE,""
JAVELIN,510,NXPH4;FLRT3;LZTS1;HECW1;MIR548AM,1.34730793595186,,0.00649027191410982,FALSE,""
JAVELIN,511,ITGB6;OLFM2;CYTIP;MIR346;TMOD1,0.837753661466617,,0.087522552294616,TRUE,""
JAVELIN,512,SLC17A1;PAH;ROBO4;SLC36A2;THSD4,1.20188950499261,,0.113880573990685,FALSE,""
JAVELIN,513,SCNN1A;PTGS2;EVI2B;ST8SIA5;RPS6KL1,1.08546278693097,,0.456763670277507,FALSE,""
JAVELIN,514,TNFAIP6;SPX;ALDH1A3;C16orf89;MIR5094,1.30273190127901,,0.0141103458815206,FALSE,""
JAVELIN,515,ANLN;RGN;MKI67;CYP2D6;PDCD1LG2,0.915854440563036,,0.416865738166297,TRUE,""
JAVELIN,516,FGB;SLC4A3;PTTG1;MIR1193;ALDH1L2,0.867596545307584,,0.195546141275865,TRUE,""
JAVELIN,517,TMEM27;FXYD1;DMD;IHH;NLRC3,1.25726324863135,,0.0296486248035224,FALSE,""
JAVELIN,518,DCDC2;KLHDC7A;ID4;ANKRD2;TG,1.25323113044407,,0.0457359242407273,FALSE,""
JAVELIN,519,CCL20;ZFY;ACSF2;CNDP1;CPNE5,1.13628902610528,,0.217353347519125,FALSE,""
JAVELIN,520,GATA3;SPTBN2;HRSP12;ANKRD1;RNF133,0.96168468839184,,0.722266274911649,TRUE,""
JAVELIN,521,HNF1A;SNAP25;SNORD116-16;MIR425;CD28,1.3741918216842,,0.00264240382130594,FALSE,""
JAVELIN,522,C14orf105;DNAH5;MYO5B;LOC100505635;SNCAIP,1.1766195543176,,0.148068302102865,FALSE,""
JAVELIN,523,ADAMTSL2;GSTM1;CYTIP;MIR190A;KCNQ4,1.23039347585972,,0.0522023972809562,FALSE,""
JAVELIN,524,ACE2;CLDN3;HIST1H4L;MIR4786;KCNA3,1.1261896494314,,0.265251672562104,FALSE,""
JAVELIN,525,MIA2;MAPK15;PLEKHA7;MIR3193;ADAMTS12,1.4067907142865,,0.00184327026259934,FALSE,""
JAVELIN,526,CXCL1;THBS4;CACNA2D1;CYP4F2;WNT3,1.12571044119707,,0.264126510938234,FALSE,""
JAVELIN,527,BAIAP2L2;SYBU;IFI44L;OR2T11;CD300LF,1.1073069224353,,0.316919365649853,FALSE,""
JAVELIN,528,ANLN;PRAP1;TEK;MIR95;LILRA6,1.10002131188534,,0.365585404382387,FALSE,""
JAVELIN,529,TBX3;ASRGL1;LZTS1;DUSP9;LOXL4,1.5260844986801,,0.000201379659868865,FALSE,""
JAVELIN,530,IKZF3;HPD;SNORD116-28;TCHH;PCP2,1.12976838895731,,0.260382011596119,FALSE,""
JAVELIN,531,FMO3;C10orf113;HOXD4;MIR4274;ALDH1L2,1.21858011118668,,0.0585531708541482,FALSE,""
JAVELIN,532,SLC39A5;SNORD115-5;DCBLD2;SIM2;RAB6B,1.08165581464999,,0.480032312908644,FALSE,""
JAVELIN,533,PYCR1;MIRLET7I;MYO1G;KCNN1;RAB6B,1.05534653746919,,0.620727079602748,FALSE,""
JAVELIN,534,SMIM24;HSH2D;PDLIM3;DDX43;DNALI1,1.13792987038776,,0.207145232964285,FALSE,""
JAVELIN,535,GPT;SLC6A10P;COL5A3;MIR545;MIR4771-2,1.35763455597665,,0.00507693669313384,FALSE,""
JAVELIN,536,SEC14L6;RGS9;ITGA11;IL13RA2;GRAP2,1.11213325807824,,0.309479986724171,FALSE,""
JAVELIN,537,HNF1A;C4A;ALDH6A1;MIR3193;CNTN4,1.59701542837764,,1.94385050614136e-05,FALSE,""
JAVELIN,538,NTM;FABP7;ID1;CDH15;ATP1B2,1.52347839512552,,0.00017438460357248,FALSE,""
JAVELIN,539,SLC17A1;MIR548AU;DCBLD2;GDF6;NEIL3,0.99288042841085,,0.94991216854042,TRUE,""
JAVELIN,540,IL17RB;MIR589;SARDH;KCNJ10;AGAP11,1.41804661259542,,0.00166454807255895,FALSE,""
JAVELIN,541,CST7;FOXQ1;2020-03-02 00:00:00;KCNA5;LCN12,1.37430274456253,,0.00435783575261997,FALSE,""
JAVELIN,542,HHLA2;F10;MYO1G;CPA6;C5AR2,1.11566741930601,,0.289040092785384,FALSE,""
JAVELIN,543,GBP5;SLC38A11;IFI44L;SLC30A2;KCNQ4,1.1061981048456,,0.338794609520766,FALSE,""
JAVELIN,544,PTHLH;GPC3;EMP1;ATP13A4;SCUBE2,1.18239108089555,,0.111980841559394,FALSE,""
JAVELIN,545,COMP;MIR200B;IFI44L;AMZ1;WDR96,1.28704427459758,,0.0206500517584562,FALSE,""
JAVELIN,546,SPAG17;MFI2;ITGA11;SIGLEC12;RPL23AP32,1.01082676914827,,0.922299770770424,FALSE,""
JAVELIN,547,TMEM45A;TENM3;SNORA48;KLK1;CDC42BPG,1.21180941584311,,0.0777291460966373,FALSE,""
JAVELIN,548,CCL20;CLCNKA;SNORA48;DMRT2;C6orf132,1.283495303764,,0.0195865031933508,FALSE,""
JAVELIN,549,FMO2;PTGS2;MS4A4E;ANKRD2;KBTBD11,1.31215533343013,,0.0106909999162731,FALSE,""
JAVELIN,550,NMB;SLC22A3;SNORD12B;NPC1L1;MIR3134,0.871144818097398,,0.205715820183886,TRUE,""
JAVELIN,551,RAP1GAP;SLC26A1;PIEZO2;IRX2;SLAMF6,1.25901996630037,,0.0421335099530777,FALSE,""
JAVELIN,552,RAB42;MIRLET7E;PBX1;TNFRSF17;MFAP3L,1.19397309171905,,0.0925380432286166,FALSE,""
JAVELIN,553,MYBL2;HOXD11;CRISPLD2;TMEM174;CD244,0.971470885074146,,0.791713890371273,TRUE,""
JAVELIN,554,MIR4292;ANXA13;ID1;TM6SF2;FIBIN,1.3671511791474,,0.00482316015402173,FALSE,""
JAVELIN,555,TRABD2B;GCNT3;HIST1H2AL;MIR3124;MIR583,1.07408938951269,,0.518004875328822,FALSE,""
JAVELIN,556,BCMO1;BEX2;SNORD74;HMGA2;LILRB4,0.917064137926782,,0.424898013419694,TRUE,""
JAVELIN,557,LOC101927960;MYO7B;MIR1537;C19orf67;CDC42BPG,1.37049992016239,,0.00268085010501116,FALSE,""
JAVELIN,558,CNN1;VANGL2;MIR4714;LEFTY1;WISP1,1.15710853679486,,0.193280868905229,FALSE,""
JAVELIN,559,FNDC1;FLRT3;S1PR3;PVRL4;NAV3,0.998564178693171,,0.989454301358739,TRUE,""
JAVELIN,560,MIR23C;ATP1A2;HIST1H2BO;TCN1;MIR3973,0.956204221115253,,0.69238933427575,TRUE,""
JAVELIN,561,SPOCK1;ZFHX4;SNORA48;NRK;HIST1H1A,0.989416787171012,,0.920037492626687,TRUE,""
JAVELIN,562,PCOLCE2;PCDH10;CCL4;MIR30D;LNX1,1.47366184025442,,0.000483203601572283,FALSE,""
JAVELIN,563,MIR4499;ST6GALNAC2;FAM20A;FA2H;EPHB1,1.08880657874439,,0.436236425279085,FALSE,""
JAVELIN,564,MIR548AR;PLCH2;PLAUR;CYP2D6;RSAD2,0.880430429012225,,0.245142771963026,TRUE,""
JAVELIN,565,PSAT1;CHRDL1;CSF3R;BMPER;SNORA38,0.890317113003778,,0.289203596738281,TRUE,""
JAVELIN,566,BCL2A1;MGAM;MIR4635;IL13RA2;FIBIN,1.37721532121665,,0.0029825148679364,FALSE,""
JAVELIN,567,ABCA6;C5orf46;RASGRP1;LAMP3;ROPN1L,1.02320530743966,,0.830088806225079,FALSE,""
JAVELIN,568,HABP2;ADRA2C;MTCL1;IHH;SLC39A4,1.18933228941386,,0.121564199883158,FALSE,""
JAVELIN,569,MIR23C;ESRP2;TOP2A;CXCR2;GSTO2,0.992659848146117,,0.945689287356657,TRUE,""
JAVELIN,570,PTH1R;HPD;GAMT;HCAR2;CLEC10A,1.0512239516226,,0.648049165788431,FALSE,""
JAVELIN,571,MT1G;REEP6;MS4A4A;MIR379;SLC16A10,1.01967232761599,,0.848937434607788,FALSE,""
JAVELIN,572,ASPN;GPD1;DLL4;PKD1L2;FAM132A,1.39807150642123,,0.00220992591534682,FALSE,""
JAVELIN,573,IKZF3;CYP2C9;PLAUR;MIR4643;KCNMB4,1.10773403751403,,0.339003098144812,FALSE,""
JAVELIN,574,MIR4499;PCK1;FAM20A;TBX5;LOC729970,1.56157757078287,,5.19959090808258e-05,FALSE,""
JAVELIN,575,ACKR1;MIR4676;DMD;GPR98;C9orf106,1.20418863171087,,0.0916308130037771,FALSE,""
JAVELIN,576,HOGA1;MGAM;CACNA1C;SNORD114-14;KCNQ4,1.36977108675122,,0.00403202279574387,FALSE,""
JAVELIN,577,ACADL;GLYATL1;TOP2A;MIR4506;KIAA1755,1.39325032311557,,0.00225332277283716,FALSE,""
JAVELIN,578,MIA2;SNORD110;ADCY4;SMPD3;C8orf88,1.39566428147812,,0.00190950663337046,FALSE,""
JAVELIN,579,ADAM12;GABRD;MIR4714;NMU;CKAP2L,1.12052070138832,,0.316243941890577,FALSE,""
JAVELIN,580,IDO1;SNORD114-13;SNORD29;SCN7A;WNT2B,1.05348232438712,,0.618986964116717,FALSE,""
JAVELIN,581,NTM;GRB14;DENND2A;ADH1C;KIAA1755,1.34614377339015,,0.00703134719806666,FALSE,""
JAVELIN,582,FABP4;SNORD67;HMCN1;DMBT1;AK7,1.28560837084456,,0.0223176712921669,FALSE,""
JAVELIN,583,IKZF3;LOC101928757;MIR1537;CILP2;MDH1B,1.00997907028277,,0.92534304691416,FALSE,""
JAVELIN,584,TBX3;PCDHGA4;FAM20A;OGN;MMP25,0.982637948881834,,0.868747915167223,TRUE,""
JAVELIN,585,COL4A3;ABCB4;TREM2;MIR4797;GJC2,1.20829869550661,,0.0827778361697361,FALSE,""
JAVELIN,586,TRABD2B;GRB14;CSF3R;MIR2052;MIR98,0.977752505400218,,0.83539485961588,TRUE,""
JAVELIN,587,FCN3;CCL28;MCF2L;LOC101929335;AK7,1.7319035953046,,8.59407676252947e-07,FALSE,""
JAVELIN,588,NEB;MMP19;EMP1;MIR4521;MMP17,1.11369551944353,,0.324442741326729,FALSE,""
JAVELIN,589,ACE2;AIF1L;MAP4K1;CFTR;HOXD3,1.18980197464804,,0.114034000813654,FALSE,""
JAVELIN,590,SLC17A1;MIRLET7A2;MIR637;MIR4439;MIR98,1.31760784191302,,0.0108363337673936,FALSE,""
JAVELIN,591,MIR23C;MFI2;CDH13;TEX15;MIR151A,1.14797604821234,,0.21586468501915,FALSE,""
JAVELIN,592,FOSB;SLC26A1;SNORD116-28;DPYSL4;RPS6KL1,1.21838093624949,,0.0645488246913958,FALSE,""
JAVELIN,593,ACE2;SLC26A1;DLL4;PEG3;AMY2B,1.53043385199189,,0.000138418357286694,FALSE,""
JAVELIN,594,AOC1;SNORA75;SNORD4B;CLIC5;MIR3157,1.33376097535471,,0.00519343084308875,FALSE,""
JAVELIN,595,FNDC1;ALDH8A1;MST1;NCAM2;GPR160,1.38509633972345,,0.00204771180285042,FALSE,""
JAVELIN,596,SLC17A1;LOC391322;PPL;CRHBP;PDE3B,1.03074141897626,,0.781302574966982,FALSE,""
JAVELIN,597,SORBS2;MIRLET7F1;HIST1H2AL;SNORD114-4;ARRDC5,1.13649732028953,,0.219875596846801,FALSE,""
JAVELIN,598,GZMK;BEX2;APCDD1;SNORD114-6;KIF26A,1.04942048864185,,0.639492344317163,FALSE,""
JAVELIN,599,TBX3;ZNF711;HIST1H2BO;EYA4;THSD4,1.04333410618587,,0.693464537505342,FALSE,""
JAVELIN,600,MIR4292;REEP6;RNF128;MIR582;RHBDL1,1.02322375322467,,0.835659726303651,FALSE,""
JAVELIN,601,CST7;BAI1;HOXD4;MIR3131;MTRNR2L10,1.04912555684243,,0.650196207001843,FALSE,""
JAVELIN,602,PYCR1;CYP24A1;FAM20A;PKLR;PDCD1LG2,1.08227547465493,,0.462196094793597,FALSE,""
JAVELIN,603,TRABD2B;SLC26A1;S1PR3;MIR924;APOBEC3H,1.0852367130419,,0.441589739404123,FALSE,""
JAVELIN,604,NME5;MIR3941;ITGA11;KCNH3;CKAP2L,0.979675756894323,,0.851942535925602,TRUE,""
JAVELIN,605,SMIM24;EMX1;ALDH1A3;CST2;MIR571,1.37025116055599,,0.00492236969989912,FALSE,""
JAVELIN,606,MIR3117;FAM65C;SLC1A1;DLK2;AK7,1.5608558361126,,8.4617538078606e-05,FALSE,""
JAVELIN,607,SRPX;ABCA8;CRISPLD2;KLHL41;LIPE,1.00473938332109,,0.964924216496422,FALSE,""
JAVELIN,608,MYOM3;MIR186;RASGRP1;FGF14;SNORD116-10,1.24256054393595,,0.0340627482014462,FALSE,""
JAVELIN,609,WDR72;PPARGC1A;MYO5B;FCRL5;SYCE1L,1.11994891070417,,0.314755117721483,FALSE,""
JAVELIN,610,CD38;ACHE;CDH13;C10orf62;GJC2,1.19336612543323,,0.0943553512500274,FALSE,""
JAVELIN,611,STC2;INHBB;MIR4714;MIR4643;KCNQ4,1.36700686307059,,0.00436512133030768,FALSE,""
JAVELIN,612,SNORD14C;CCDC148;IGFBP6;BAAT;SCUBE2,1.25205023413566,,0.0358394985425608,FALSE,""
JAVELIN,613,SBSPON;MIRLET7I;ADAMTSL3;ITPKA;PDE8B,1.34046659617157,,0.00695491730323747,FALSE,""
JAVELIN,614,MIR30A;SLC22A3;RGL3;COCH;MIR571,1.12472824409416,,0.27900580978925,FALSE,""
JAVELIN,615,FCN3;ABCA12;IGFBP6;MYRFL;TMEM232,1.32335383078043,,0.0083924195795492,FALSE,""
JAVELIN,616,PLAC9;CDHR1;PIEZO2;SLC6A20;P2RY6,1.2340768640459,,0.0485271166209383,FALSE,""
JAVELIN,617,BBOX1;FOXQ1;RIPK4;WFDC10B;PYGO1,1.25210389151151,,0.0297046381379128,FALSE,""
JAVELIN,618,AOC1;STEAP1;ARHGEF15;UGT3A1;SNCAIP,1.42780812433828,,0.00145174176339744,FALSE,""
JAVELIN,619,LOC101927960;COL11A1;NT5E;TNNC2;MIR3674,1.02744367234493,,0.807014088903526,FALSE,""
JAVELIN,620,GPER1;ALDH8A1;2020-03-02 00:00:00;LOC100505635;MIR3942,1.46886525346834,,0.000405442654136255,FALSE,""
JAVELIN,621,IL6;COLEC12;DENND2A;FERMT1;PARP15,0.942972244695272,,0.601023335558971,TRUE,""
JAVELIN,622,MIR142;BTNL9;MIR3125;HRG;EFS,1.27393191135646,,0.0212799665145466,FALSE,""
JAVELIN,623,TSPAN13;MMP19;MYO1G;TBX5;NBEAP1,1.02885056729288,,0.778376938126391,FALSE,""
JAVELIN,624,NLGN1;FXYD1;RASGRP1;PCDHGA3;KCNMB4,1.25562111247112,,0.0245333182479077,FALSE,""
JAVELIN,625,CX3CR1;C5orf46;MYRF;SNORD114-19;SLAMF8,1.05877146830734,,0.595707675051439,FALSE,""
JAVELIN,626,TENM1;GLDC;MIR197;FAM151A;CASZ1,1.2670352134951,,0.0338583230737617,FALSE,""
JAVELIN,627,UBD;MIR3145;DMD;SCUBE1;IER3,1.21116093487895,,0.06603224713817,FALSE,""
JAVELIN,628,MIR4730;MT1M;NT5E;TNFRSF17;KCNJ5,1.09920356383547,,0.379752540969002,FALSE,""
JAVELIN,629,TENM1;MLXIPL;SLC1A1;C5orf38;HAS3,1.32411719343937,,0.00872729830421861,FALSE,""
JAVELIN,630,KCP;MIRLET7E;COL5A3;SNORD116-5;UHRF1,1.16144023528338,,0.157677106471744,FALSE,""
JAVELIN,631,BBOX1;COLEC12;MECOM;IGSF10;KIAA1755,1.20264996232965,,0.0751653328438538,FALSE,""
JAVELIN,632,DDC;SLC26A1;SNORA26;CYP11A1;KCNN3,1.35985050436324,,0.00551276066994059,FALSE,""
JAVELIN,633,IL6;MIR569;LDLR;AQP2;C19orf83,0.959436688283768,,0.703765359240613,TRUE,""
JAVELIN,634,FER1L4;NAGS;FOLR2;CYP4B1;ETV1,1.00745023683427,,0.943581050568674,FALSE,""
JAVELIN,635,MIR1180;EPPK1;2020-03-02 00:00:00;MIR4654;TMEM232,1.42995023025456,,0.00112636833535155,FALSE,""
JAVELIN,636,UPB1;EXPH5;EMP1;SNORD114-24;MPP7,1.51525314518008,,0.000131233923439077,FALSE,""
JAVELIN,637,MYH14;MIR23B;HOXD9;TDRD9;CYYR1,1.53566161492619,,7.77379902533638e-05,FALSE,""
JAVELIN,638,SLC34A2;SDS;2020-03-02 00:00:00;MIR95;SPNS3,1.30736708822949,,0.0128808170463261,FALSE,""
JAVELIN,639,ACSM5;MGAM;SNORD29;ZNF676;DOC2B,1.51952112057165,,0.000205259577088179,FALSE,""
JAVELIN,640,WDR72;LRG1;FPR1;WFDC10B;NRXN3,1.11915341371957,,0.299880815318405,FALSE,""
JAVELIN,641,DDC;PCDH10;RASGRP1;ATP6V1B1;LOC101928003,1.27045298331901,,0.027841170993014,FALSE,""
JAVELIN,642,F8;ASPHD1;MKI67;COL25A1;AMY2B,1.32057336489595,,0.00948529830712767,FALSE,""
JAVELIN,643,ALPK3;SPINK1;COL5A3;PWRN1;CYP26B1,1.26200333740092,,0.0401553621170595,FALSE,""
JAVELIN,644,GZMK;ABCB4;SNORA77;APOH;KCNMB4,1.1181659932605,,0.286194664265867,FALSE,""
JAVELIN,645,COL4A3;MIR4676;PDLIM3;C9;CATSPERG,1.34684323798214,,0.00852405997779757,FALSE,""
JAVELIN,646,SCNN1A;STEAP1;TREM2;LHX1;MDFI,1.10734253030539,,0.352116915785643,FALSE,""
JAVELIN,647,TNFAIP6;MIRLET7F1;ALDOC;RANBP3L;LOC441402,1.81584249107185,,1.0104410083417e-07,FALSE,""
JAVELIN,648,VTRNA2-1;NRG1;IGFBP6;SPINK5;RASL12,1.24968000920791,,0.0389594498943253,FALSE,""
JAVELIN,649,NLGN1;COL7A1;BMP2;F11;ZSCAN31,1.35456328705292,,0.00622442322490709,FALSE,""
JAVELIN,650,GPER1;TMEM139;MAP4K1;SFTPC;PPP2R2B,1.08264935989217,,0.444640533229875,FALSE,""
JAVELIN,651,MIR30A;HYDIN;MYO5B;SLC26A7;ILDR1,1.17471022579647,,0.170890015329091,FALSE,""
JAVELIN,652,GBP5;ALDH8A1;SNORD6;GRIK4;SNORD45B,1.01089004668618,,0.918664308710916,FALSE,""
JAVELIN,653,PIGR;ASRGL1;MIR938;GUCY1B2;KCNA3,1.32192353156294,,0.0112264524336848,FALSE,""
JAVELIN,654,MIR378I;MIR1303;COX7A1;SAA2;MCOLN2,0.971859974149821,,0.789357301882272,TRUE,""
JAVELIN,655,NR4A3;DPEP1;MIR3975;DAO;MIR5697,1.26705018505091,,0.0351184818187031,FALSE,""
JAVELIN,656,MIR27A;SLC23A3;IFI44L;PLA2G1B;SNORD126,1.23487671200004,,0.0477149345145031,FALSE,""
JAVELIN,657,JPH2;SLC7A8;SEMA4G;LAMP3;PYGO1,1.13012349976628,,0.251884843931119,FALSE,""
JAVELIN,658,ANK3;ANXA13;MAP4K1;LMO1;KIF26A,1.3158856872407,,0.0134253037574335,FALSE,""
JAVELIN,659,OLR1;MIR378A;TMEM204;TNNT2;LOC101927970,1.25084442826369,,0.0380405235981723,FALSE,""
JAVELIN,660,HOXD10;SNORD65;PIEZO2;UGT3A1;LOC100294362,1.4159645464006,,0.00188959788045823,FALSE,""
JAVELIN,661,CTSW;PRODH2;TMEM204;GRIK3;AGBL3,1.28453382146727,,0.0196228432637454,FALSE,""
JAVELIN,662,FGB;ELOVL7;FPR1;MYOZ1;LOC101927941,1.09789280627565,,0.382811458723016,FALSE,""
JAVELIN,663,S100A8;MIR4796;MCF2L;BAALC;CXCR6,1.009372922933,,0.931842737733932,FALSE,""
JAVELIN,664,ACE2;PLCH2;SNORD29;MIR548A1;SERTAD4-AS1,1.14333691898176,,0.206262544166959,FALSE,""
JAVELIN,665,MIR4499;LOC101928757;HIST1H4L;MIR4797;ABCG2,1.12197536448482,,0.290737661582946,FALSE,""
JAVELIN,666,ACE2;CDCP1;TMEM204;MIR4489;ANKRD29,1.04026213977132,,0.702816709171441,FALSE,""
JAVELIN,667,LOC101927960;BTNL9;CDH13;XCR1;GRAP2,1.26270345693612,,0.0211714260258285,FALSE,""
JAVELIN,668,MAL;SLC22A3;PIEZO2;EML6;SNORD103B,1.16305922984053,,0.165607469037852,FALSE,""
JAVELIN,669,MYOM3;ABCB4;DENND2A;CILP2;TMEM246,1.35996092620767,,0.00483067294608819,FALSE,""
JAVELIN,670,GPT;VSIG2;MIR3125;SLC22A7;RBPMS2,1.60469444883028,,3.47981969336885e-05,FALSE,""
JAVELIN,671,ADAMTSL2;SIGLEC14;FOLR2;MIR1271;ARRDC5,1.00809413281086,,0.937604840930705,FALSE,""
JAVELIN,672,MIR4526;MIR378H;HIST1H2BM;ERBB4;C14orf37,1.23922793063694,,0.0581530469563544,FALSE,""
JAVELIN,673,NMB;KMO;SARDH;KLK1;JAKMIP1,1.12310293841359,,0.30961498070415,FALSE,""
JAVELIN,674,ESM1;LYVE1;MIR4784;SFTPC;MIR5094,1.05025858660966,,0.642977865461443,FALSE,""
JAVELIN,675,NOX4;RGN;ID4;MIR4531;CLEC1A,1.49189082378821,,0.000179291768256291,FALSE,""
JAVELIN,676,BAIAP2L2;CPXM2;CCL4;MIR3187;CD300LF,0.971266767614066,,0.769373746713852,TRUE,""
JAVELIN,677,TBX3;CHRDL1;SNORD116-28;CYP21A2;JAKMIP1,0.930379452102543,,0.519721893415783,TRUE,""
JAVELIN,678,SORBS2;SNORA75;SLC1A1;ZNF365;GPRIN1,1.20972990834766,,0.0874434130710808,FALSE,""
JAVELIN,679,DCDC2;CCDC148;HIST1H4L;C8orf22;SNORD96B,1.28924448416369,,0.0194524855592535,FALSE,""
JAVELIN,680,C8orf4;STK32B;MYO1G;TREM1;WNT2B,1.22388002851719,,0.0460156582326092,FALSE,""
JAVELIN,681,PGF;CD79A;CALCRL;MIR320A;LNX1,1.41603943351018,,0.000744160387447723,FALSE,""
JAVELIN,682,PEG10;SPX;SELENBP1;C1orf168;TNFRSF11A,1.33956981740866,,0.00726833647968873,FALSE,""
JAVELIN,683,AGMO;NPY6R;SNORD6;OR2T2;MIR5191,1.47194801411699,,0.000308361724580307,FALSE,""
JAVELIN,684,PGF;KMO;RIPK4;SNORD115-13;MIR3942,1.42457760742099,,0.00113853181054237,FALSE,""
JAVELIN,685,AGMO;REEP6;LDB2;MIR1538;DEPDC7,1.49004736183002,,0.00014280803584651,FALSE,""
JAVELIN,686,HOXC10;VSIG2;PTER;HAS1;SLAMF8,1.06954588710646,,0.516394775330126,FALSE,""
JAVELIN,687,IL17RB;PLCH2;ACSF2;CNDP1;CRYBB2,1.29634396401724,,0.0268559175141369,FALSE,""
JAVELIN,688,MIR645;SLC27A2;MIR628;KCNB1;RSAD2,1.06918183861237,,0.540026320666887,FALSE,""
JAVELIN,689,SLIT2;NEBL;SNORD116-28;KCNH2;EPHA1,1.14164933035027,,0.229222817752634,FALSE,""
JAVELIN,690,TFPI2;CPXM2;FPR1;GRIA4;TIAM2,1.02826808230333,,0.800531849101587,FALSE,""
JAVELIN,691,RAB17;PCDH10;HIST1H2BM;MOGAT3;E2F8,1.18511694514759,,0.111023911326454,FALSE,""
JAVELIN,692,STC1;KCNJ3;SNORD59A;WNT10A;LRRC17,1.50825834265739,,0.000154911710467799,FALSE,""
JAVELIN,693,MAL;TNXB;MYRF;SLC34A3;FLRT2,1.05535133057875,,0.620862160815001,FALSE,""
JAVELIN,694,GBP5;GRM8;SLC2A9;HTR6;GMPR,1.26563766150722,,0.0241670533170171,FALSE,""
JAVELIN,695,TSPAN13;PRAP1;TREM2;HIST1H2AA;DBH-AS1,1.29506378869196,,0.0195868086964492,FALSE,""
JAVELIN,696,FMO3;MZB1;APCDD1;ATP6V0A4;GZMM,0.940850667042982,,0.562937504064553,TRUE,""
JAVELIN,697,SCN9A;FTCD;HMCN1;SAA2;LILRB4,1.18770889964979,,0.103994328336834,FALSE,""
JAVELIN,698,MAL;FOSL1;CALCRL;SCN2A;LZTS3,1.11979647561536,,0.294991202479892,FALSE,""
JAVELIN,699,FOLH1;KLKB1;SEMA4G;C5orf27;OSR1,1.49914550333508,,0.000140643083648713,FALSE,""
JAVELIN,700,ACY3;NRG1;MMP11;BCHE;SLC39A4,1.52000481580271,,0.000187402152918981,FALSE,""
JAVELIN,701,NLGN1;AR;EMP1;MIR924;DEPDC7,1.4590980108808,,0.000538493833212631,FALSE,""
JAVELIN,702,ADAM12;HRH2;SNORA48;SLC34A3;FOXD1,1.23801802635646,,0.0454728310461324,FALSE,""
JAVELIN,703,LOC101927834;SLC6A10P;MIR637;MIR4500;MIR3177,1.35151493388788,,0.00747393903915978,FALSE,""
JAVELIN,704,SCN9A;MIR4655;APCDD1;SLC36A2;CCDC3,1.25051462412388,,0.0411891120125507,FALSE,""
JAVELIN,705,SCIN;CCDC148;CACNA1C;ANKRD2;KCNMB4,1.40955953165337,,0.00136477884461868,FALSE,""
JAVELIN,706,SNORD14C;SFN;SNORD74;SNORD115-13;MIR4779,0.838439917290858,,0.112546384688993,TRUE,""
JAVELIN,707,SMIM24;VEPH1;MAP4K1;PLA2G2D;COL21A1,1.18293986514068,,0.092423504186491,FALSE,""
JAVELIN,708,C8orf4;ANKRD18A;ARL4C;MIR4530;RAB6B,1.02614214450678,,0.817240072307787,FALSE,""
JAVELIN,709,ALPK3;PNMA2;COL5A3;FAM83F;MIR1256,1.49786948024323,,0.000229962068110083,FALSE,""
JAVELIN,710,LOC101927960;VANGL2;MS4A4E;MIR3196;FAM110C,1.24452665741264,,0.0455273040585068,FALSE,""
JAVELIN,711,FGB;MIR1972-1;NT5E;A1CF;SMN2,1.37725339422574,,0.00199449296418903,FALSE,""
JAVELIN,712,LPL;MAP7D2;ACSF2;MIR574;NLGN4X,1.17687447990854,,0.117081331614106,FALSE,""
JAVELIN,713,IL6;HOXD11;S1PR3;ACOXL;MIR765,0.972507749648804,,0.796780262733991,TRUE,""
JAVELIN,714,CNN1;DNAH5;PLEKHA7;PTPRN;GNAL,1.12363372772143,,0.296284985134371,FALSE,""
JAVELIN,715,KCP;CYP4F12;GEM;SYT12;CASZ1,1.26430419939539,,0.0337304044342461,FALSE,""
JAVELIN,716,ACADL;DPEP1;CACNA1C;MIR346;LOXL4,1.33517336938562,,0.00611113087742682,FALSE,""
JAVELIN,717,HIF1A-AS2;MFAP2;PTK7;SALL4;KCNJ5,1.10485504356876,,0.349745508107345,FALSE,""
JAVELIN,718,MIR27A;FOXQ1;HOXD9;MIR4735;LRRC4,1.47218257392997,,0.000341851927317913,FALSE,""
JAVELIN,719,FMO3;DSCAML1;SNORD29;HOXA13;CDC45,1.06411850508883,,0.558534646366756,FALSE,""
JAVELIN,720,NLGN1;ABCB4;ROBO4;MIR3124;GRID1,1.38592985074255,,0.0026957779016597,FALSE,""
JAVELIN,721,CHDH;HRH2;MTCL1;MIR3617;ADAMTS15,1.15263728814975,,0.187692150414015,FALSE,""
JAVELIN,722,BCL2A1;GRB14;HOXD4;MIR380;C14orf37,1.25847684516433,,0.031918611098302,FALSE,""
JAVELIN,723,FGG;KIF26B;CDH13;SLC12A3;SEMA3G,1.37720984677853,,0.00324045904958898,FALSE,""
JAVELIN,724,SVEP1;EMX1;ID4;HOXA13;POU5F1P3,1.30886744809992,,0.0130171433839597,FALSE,""
JAVELIN,725,ALDH1L1;CD69;CSF3R;CA8;ZNF471,1.10673001933634,,0.343405364487986,FALSE,""
JAVELIN,726,REG1A;C4B;MIR637;MIR181B2;FAM69B,1.40947266512185,,0.00161353112851711,FALSE,""
JAVELIN,727,SNCG;LOC647859;PPL;LCN2;ZNF334,1.09167436862843,,0.433199669111593,FALSE,""
JAVELIN,728,ANO9;GPC3;TMEM132A;SIM2;CTRL,0.822095655685444,,0.0648729921667326,TRUE,""
JAVELIN,729,SEC14L6;SNORD87;RNF128;MS4A2;GPR68,1.1561204568473,,0.18422893214734,FALSE,""
JAVELIN,730,BCL2A1;GSTM1;COL5A3;MIR134;PNMAL1,1.07995116628289,,0.475597583150098,FALSE,""
JAVELIN,731,TMEM45A;AR;IFI44L;SLC7A11;RPL23AP32,1.28918102750248,,0.0172507305711135,FALSE,""
JAVELIN,732,SHROOM3;SNORA75;SNORD116-8;MIR29A;LOC729970,1.46131640439601,,0.000526039333242895,FALSE,""
JAVELIN,733,PTH1R;MIR569;GPC4;C19orf80;MIR3942,1.25665590912957,,0.0296430860915736,FALSE,""
JAVELIN,734,BAIAP2L2;ACHE;SNORD29;MIR4797;GRIP1,0.944650248037567,,0.594302649746679,TRUE,""
JAVELIN,735,OLFML2A;SNORD67;MCF2L;SLC18A3;MIR3177,1.34340560134049,,0.00696023797955371,FALSE,""
JAVELIN,736,ACADL;STEAP1;MIR4635;SLC22A24;MIR28,1.72086623947829,,1.417055537652e-06,FALSE,""
JAVELIN,737,GPER1;PAH;SNORD116-8;MIR4251;SNORD50A,1.30456925427923,,0.0149027573189253,FALSE,""
JAVELIN,738,FER1L4;F10;SNORD6;ZNF676;AGAP11,1.36942407883299,,0.0030486277149827,FALSE,""
JAVELIN,739,MIR3117;NDNF;HIST1H4L;TFR2;KBTBD11,1.24883397238375,,0.0399572261977477,FALSE,""
JAVELIN,740,PROM1;KIF26B;FZD8;SNORD115-4;MIR4774,1.1691177111733,,0.153777829024505,FALSE,""
JAVELIN,741,HABP2;IGFBP1;MIR3975;STAC2;LOC644086,0.989960025127107,,0.926687998907852,TRUE,""
JAVELIN,742,UGT8;MAPK15;SNORA26;CCL8;GRAMD1B,1.08522120045249,,0.417424253598906,FALSE,""
JAVELIN,743,REG1A;CMYA5;ARL4C;CNTN3;MIR3605,1.05506983505369,,0.623867728749946,FALSE,""
JAVELIN,744,MIR30A;SLAMF7;EVI2B;FBXO2;STEAP2,0.933399766602171,,0.526862797671464,TRUE,""
JAVELIN,745,PIGR;WNK4;ALDH1A3;MIR548A1;LTB,0.953426981662666,,0.665197847334027,TRUE,""
JAVELIN,746,HIF1A-AS2;TCF21;ALDH6A1;ST6GAL2;PMAIP1,1.27711655569893,,0.0268969925583614,FALSE,""
JAVELIN,747,MIR25;ACHE;CDH13;SLC6A20;MIR1284,1.22433117206976,,0.0642989089735072,FALSE,""
JAVELIN,748,NOX4;MT1M;ALDH6A1;VIPR1;TNFRSF11A,1.30709592834489,,0.0130805839468259,FALSE,""
JAVELIN,749,SULT1C4;CMYA5;MIR4635;BRE-AS1;SLC39A4,1.3191411658741,,0.0139609726808928,FALSE,""
JAVELIN,750,UBD;C4A;ACSF2;COL25A1;S1PR4,1.06716793088961,,0.528842728158147,FALSE,""
JAVELIN,751,BCMO1;MAP7D2;PBX1;CACNA1E;CYP26B1,1.39396726202105,,0.00237191641717092,FALSE,""
JAVELIN,752,CCL19;MIOX;MCF2L;SNORD114-5;CD28,1.12271911077252,,0.288710326406335,FALSE,""
JAVELIN,753,NPR3;SNAP25;MIR197;SLC44A5;NOVA1,1.49900449170616,,0.000155130232432759,FALSE,""
JAVELIN,754,SCN9A;KMO;MIR938;CRP;LNX1,1.40868423099167,,0.00146898562868231,FALSE,""
JAVELIN,755,NR4A2;SFN;DENND2A;SLC13A1;ZNF471,1.19908253237085,,0.102086087899255,FALSE,""
JAVELIN,756,ACADL;OLFM2;RIPK4;PITX2;HIST1H1A,1.24377071178935,,0.0380843359810605,FALSE,""
JAVELIN,757,SLC16A12;SPX;MIR631;SAA2;PRDM8,1.06994613583312,,0.530763883215681,FALSE,""
JAVELIN,758,FOLH1;ABCA12;HIST1H2AL;CYP17A1;RNF133,1.15303724525991,,0.188436911282088,FALSE,""
JAVELIN,759,SHROOM3;NDNF;PDLIM3;ZMAT4;SOGA3,1.21903763578828,,0.0707605968661501,FALSE,""
JAVELIN,760,MIR142;SLC4A3;MYO5B;NPHS2;RPS6KL1,0.966290463794506,,0.756481761684895,TRUE,""
JAVELIN,761,MIR378I;STK32B;IFI44L;MIR539;SYCE1L,1.03102526108896,,0.757949473404351,FALSE,""
JAVELIN,762,OLFML2A;PAH;SNORD29;LINC00671;STEAP1B,1.31583742903469,,0.0133684025530474,FALSE,""
JAVELIN,763,SRPX;LTF;CSF3R;PLA2G1B;CASZ1,0.916828542678178,,0.411945316725627,TRUE,""
JAVELIN,764,UGT8;FOXP2;DENND2A;MIR1290;ETV1,1.37791831404337,,0.00378275765983836,FALSE,""
JAVELIN,765,CPZ;SLC4A3;FAM20A;PTX3;TMEM119,0.875027989846718,,0.228256805437918,TRUE,""
JAVELIN,766,ITGB6;MIRLET7F1;RASGRP1;FGF9;TIAM2,1.06009344650823,,0.58813742485617,FALSE,""
JAVELIN,767,NPNT;ABCA12;SNORD74;MAPK8IP2;CH25H,1.09029633525403,,0.426818731988716,FALSE,""
JAVELIN,768,RASD1;FOXP2;DPYSL3;MIR106B;FAM162B,1.20478627913747,,0.0965728925883007,FALSE,""
JAVELIN,769,NME5;NAPSA;CRISPLD2;IGF2BP3;MTCP1,1.12517376616684,,0.264232100785511,FALSE,""
JAVELIN,770,ARHGEF16;ADRA2A;SNORD4B;GCKR;DYNLRB2,1.17793536814331,,0.118944975930444,FALSE,""
JAVELIN,771,FGG;ZNF711;MXRA8;FCRL3;RPL23AP32,1.12453206549336,,0.269284451416558,FALSE,""
JAVELIN,772,LPL;SLC16A9;FKBP9P1;EYA4;MIR593,1.43458797161189,,0.000906478876522368,FALSE,""
JAVELIN,773,PPAP2C;SNORD110;EVI2B;SNORD115-37;SNCAIP,0.865526921785347,,0.184739084016918,TRUE,""
JAVELIN,774,FGB;MT1M;MIR197;SNORD115-20;FLT3,0.9604893819776,,0.710726264536969,TRUE,""
JAVELIN,775,GPER1;CRYM;ACSF2;KNG1;SPNS3,1.23088775825267,,0.0774016885624135,FALSE,""
JAVELIN,776,FRAS1;INMT;IL2RB;KLHL41;LILRB4,1.05884692261781,,0.584884699066906,FALSE,""
JAVELIN,777,TMEM27;MFAP2;TREM2;STAC2;MIR548J,1.35047798262465,,0.00500978498831488,FALSE,""
JAVELIN,778,MIR27B;FOXQ1;MXRA8;FXYD4;MEFV,1.20384634704641,,0.0861589695911874,FALSE,""
JAVELIN,779,NOX4;CDHR1;LDLR;IRX2;GZMM,1.07376203091293,,0.494373924544842,FALSE,""
JAVELIN,780,COMP;KLKB1;CACNA1C;DUSP9;STEAP1B,1.45805458996308,,0.000802730984108627,FALSE,""
JAVELIN,781,CX3CR1;CYP4F3;SLC2A9;EPO;LURAP1,1.37172196254276,,0.00311685223581473,FALSE,""
JAVELIN,782,C1orf106;IL1B;RIPK4;MIR4643;FAM110C,1.37091060507941,,0.00283192505707255,FALSE,""
JAVELIN,783,MIR4526;KLKB1;HIST1H2AL;TBX5;MIR4779,1.20078686721456,,0.0864223211625137,FALSE,""
JAVELIN,784,PLAC9;CYP2C9;SNORD59A;MIR152;DEPDC7,1.48108679042743,,0.000217148639891746,FALSE,""
JAVELIN,785,S100A8;CCDC64;ITGA11;JSRP1;SNORD24,0.963734610312,,0.71832330835108,TRUE,""
JAVELIN,786,SLC7A9;DPEP1;HOXD4;CNTFR;MIR5697,1.35095452981275,,0.00572019256544799,FALSE,""
JAVELIN,787,OLFML2A;FOSL1;TMEM132A;AGR2;CITED4,0.868966218648689,,0.19975666454638,TRUE,""
JAVELIN,788,SCIN;HP;GAMT;SNORD113-9;EPHB3,1.45111113086549,,0.000552030212577876,FALSE,""
JAVELIN,789,SLC7A9;ASPHD1;EFNA1;PAPPA2;STEAP2,1.33537685043026,,0.00828340786769521,FALSE,""
JAVELIN,790,SLC16A12;ZNF727P;ARHGEF15;CRYAA;GPR68,1.33535914831225,,0.00646186729180851,FALSE,""
JAVELIN,791,QPCT;SLC12A8;RHOBTB3;KCNB1;EPHB1,0.887957435385114,,0.263482560053064,TRUE,""
JAVELIN,792,CCL19;C4B;MST1;CYP21A1P;LOC100294362,1.19546289206265,,0.100200617602559,FALSE,""
JAVELIN,793,TBX3;CPXM1;MIR3975;MIR4797;SNORD103B,0.978335778099644,,0.841846449267306,TRUE,""
JAVELIN,794,SNORD14C;PAH;LDLR;TFR2;KCNMB4,1.00687975874656,,0.948625409131461,FALSE,""
JAVELIN,795,PSAT1;CCL28;ARL4C;MIR1208;ZNF831,0.924605760763721,,0.472744410422603,TRUE,""
JAVELIN,796,NXPH4;MMP24;EVI2B;CYP17A1;CLDN9,1.03587696293767,,0.741362456912655,FALSE,""
JAVELIN,797,CCL18;F5;MIR544B;APOC3;PADI2,0.974437204509145,,0.806482946909194,TRUE,""
JAVELIN,798,CYP2E1;CLDN3;TSKU;INHBE;PCDHGC5,1.21077751226441,,0.0706483854575346,FALSE,""
JAVELIN,799,ACADL;MIR4796;FZD8;S100P;RNF157,1.49413873519717,,0.000518206376974602,FALSE,""
JAVELIN,800,HOXD10;CXCL13;MIR637;KLK1;CPNE5,1.08357185376708,,0.454217422671934,FALSE,""
JAVELIN,801,ABO;GYLTL1B;CACNA2D1;LOC101929578;CD244,1.2893056624083,,0.0185417281004704,FALSE,""
JAVELIN,802,MIR645;PCDH10;LDLR;MIR4705;MIR581,1.21891052034085,,0.0657942648258927,FALSE,""
JAVELIN,803,SCN9A;SLC4A3;PLAT;SST;SNORD126,1.01680546047417,,0.880419932148391,FALSE,""
JAVELIN,804,PSAT1;SFN;GEM;FAM153B;HOXA7,1.14058349630321,,0.235608730950352,FALSE,""
JAVELIN,805,SLPI;COBL;HIST1H2AL;SULT2B1;PLEKHN1,0.925762363933616,,0.469150915968065,TRUE,""
JAVELIN,806,MIR126;ASPHD1;ITGA11;CYP4F2;HOXA10-AS,1.34202793930478,,0.00576137332567556,FALSE,""
JAVELIN,807,SCIN;MIR4731;IL2RB;CACNA2D2;DLGAP5,1.10680624970166,,0.327940240038473,FALSE,""
JAVELIN,808,SRPX;CRYM;CSF3R;RERGL;MIR3682,1.17406323595125,,0.140137716650173,FALSE,""
JAVELIN,809,MUC3A;GLYATL1;MAP4K1;ASPG;CYP26B1,1.36670151365397,,0.00365819715159819,FALSE,""
JAVELIN,810,F8;HSH2D;EFNA1;PDPN;KCNMB4,1.13287421480533,,0.259806523846676,FALSE,""
JAVELIN,811,UPB1;MFAP2;BMP2;CCDC158;DEPDC7,1.6281989980974,,4.7277191588342e-06,FALSE,""
JAVELIN,812,GLYAT;FXYD1;EFNA1;XDH;HOXA7,1.38722813166281,,0.00224583261913275,FALSE,""
JAVELIN,813,RASD1;MIR3145;CACNA1C;AGR2;SNORD96B,1.24690873078927,,0.0510668074768313,FALSE,""
JAVELIN,814,PSAT1;BTNL9;MIR938;GRIA4;GSTO2,1.36595471704648,,0.0048652081207691,FALSE,""
JAVELIN,815,GATA3;KLKB1;LY96;ALAS2;RASSF6,1.15630306992209,,0.174114175736825,FALSE,""
JAVELIN,816,PTHLH;IGFBP1;CYTIP;KLHDC7B;MIR581,0.881922524415958,,0.252364815977212,TRUE,""
JAVELIN,817,GBP5;MT1M;RHOBTB3;SCN2A;LRRC4,1.02022337563638,,0.852048582223179,FALSE,""
JAVELIN,818,BBOX1;VNN1;MTCL1;CYP2C18;SNORD24,1.24989985237973,,0.040811938032699,FALSE,""
JAVELIN,819,SLIT2;ANKRD18A;CDH13;MIR4735;LIPE,1.28839258203833,,0.0239690384423932,FALSE,""
JAVELIN,820,TTC39A;SFRP1;ADAMTS2;LCN2;PPFIA3,1.05608484329008,,0.616945035886693,FALSE,""
JAVELIN,821,SHROOM3;MIR378H;HIST1H2BM;DPYSL4;LNX1,1.16624581118177,,0.168749557246587,FALSE,""
JAVELIN,822,NME5;SLC26A1;MIR544B;PVRL4;KCNA3,1.06536408840338,,0.566864195120393,FALSE,""
JAVELIN,823,NME5;IRF4;SNORD116-8;ADRA1A;GNAL,1.13915082736618,,0.209673217591935,FALSE,""
JAVELIN,824,TMEM45A;KLHDC7A;SNORD59A;SNORD114-5;PAMR1,1.29454499544167,,0.0155437798638099,FALSE,""
JAVELIN,825,PGF;CXCL13;ADCY4;SCN7A;FIBIN,1.24468284093302,,0.0354339133944266,FALSE,""
JAVELIN,826,IL17RB;CHI3L2;TOP2A;FOXA1;PSD3,0.973877573285024,,0.805445283754029,TRUE,""
JAVELIN,827,SCN9A;GREM1;PIEZO2;CNTN3;LOC101927970,1.15664103389769,,0.171864167194887,FALSE,""
JAVELIN,828,BBOX1;CPXM2;SNORD12B;LAMP5;HIST2H3A,1.00634658846438,,0.953154896278784,FALSE,""
JAVELIN,829,STEAP4;REEP6;SARDH;NOG;LILRB4,0.963847310077681,,0.728735873281015,TRUE,""
JAVELIN,830,ADAMTSL2;REEP6;MIR1207;CXorf30;MIR3664,1.1160443877265,,0.313204018249623,FALSE,""
JAVELIN,831,HOXD10;SFN;PBX1;MIR4531;CD40LG,1.17381287419024,,0.137218234040124,FALSE,""
JAVELIN,832,C8orf4;PCDH10;ACSF2;TNFRSF17;CD40LG,1.07817566114554,,0.478352106617672,FALSE,""
JAVELIN,833,HIF1A-AS2;ADRA2A;CCL4;NTNG1;SNORD126,0.996967248581212,,0.977956528234084,TRUE,""
JAVELIN,834,DCDC2;MIR378H;ROBO4;IRX6;RPL23AP32,1.26986267708172,,0.0327583742287123,FALSE,""
JAVELIN,835,MIR4292;GZMB;MIR938;WFDC5;MIR3664,0.973253672169434,,0.801358772018098,TRUE,""
JAVELIN,836,COMP;SNORD114-10;MXRA8;MIR3193;FAM132A,1.15616207788532,,0.179262182976202,FALSE,""
JAVELIN,837,NTM;CLMP;MST1;SPESP1;HSD17B3,1.36620949510082,,0.00397289588323378,FALSE,""
JAVELIN,838,COMP;SLC27A2;COL5A3;CR2;PTGDR,1.25032982811753,,0.0381102837804256,FALSE,""
JAVELIN,839,MT1G;SIGLEC14;PLAUR;MIR4533;MIR4295,1.14208032047201,,0.226387510023172,FALSE,""
JAVELIN,840,CCL19;MIR3918;SARDH;LHX1;SPTBN5,1.1143459022832,,0.331388402451599,FALSE,""
JAVELIN,841,MIR126;CLCNKA;EVI2B;ST6GAL2;ALDH1L2,1.27985075258675,,0.0212649259245217,FALSE,""
JAVELIN,842,C8orf4;AGMAT;PTTG1;APOH;LOC100133669,1.41518785456043,,0.0011103155589473,FALSE,""
JAVELIN,843,OGDHL;SPTBN2;MIR631;MIR1305;RASL12,1.07997741554237,,0.495244011313401,FALSE,""
JAVELIN,844,HOXD10;CCDC64;MYRF;LHX8;ACOT1,1.26201686040505,,0.0350620348252175,FALSE,""
JAVELIN,845,MGAT3;INMT;HIST1H2BM;PVALB;LOC101927941,1.18135623444815,,0.128562416114316,FALSE,""
JAVELIN,846,UPB1;MIR23B;HOXD9;WFDC5;MIR4771-2,1.48997048023835,,0.000234806577627081,FALSE,""
JAVELIN,847,SLC17A1;GPC3;MIR3125;TPSG1;PGM5,1.21759965834319,,0.071927627262115,FALSE,""
JAVELIN,848,FOLH1;IRF4;ALDH1A3;ASPDH;LOXL4,1.2791014950988,,0.0210565570745676,FALSE,""
JAVELIN,849,TNFAIP6;SNORD114-10;SNORD116-28;IP6K3;EPHB1,1.24306791665883,,0.0536669251038706,FALSE,""
JAVELIN,850,GZMK;PAQR5;MIR544B;CFHR1;HMMR,1.03493314239202,,0.752135618921104,FALSE,""
JAVELIN,851,PCOLCE2;LOC101928757;MECOM;ARHGEF38;PCDHB16,1.25839835728398,,0.0307225079611831,FALSE,""
JAVELIN,852,IDO1;MOXD1;MTCL1;TMPRSS4;IL1RL2,0.979785898585746,,0.851559717803966,TRUE,""
JAVELIN,853,ASPN;EGR3;FKBP9P1;MIR190A;EME1,1.2246938331942,,0.070194588405986,FALSE,""
JAVELIN,854,CHDH;SNORA75;TSKU;LEFTY1;LOXL4,1.33812756132924,,0.0080725689812053,FALSE,""
JAVELIN,855,PROM1;SLAMF7;TMEM132A;ZBTB7C;PTGDR,0.883374462545227,,0.24813778572474,TRUE,""
JAVELIN,856,PYCR1;GCNT3;LY96;TSPAN10;WSCD1,0.969774544956108,,0.765665373144228,TRUE,""
JAVELIN,857,SBSPON;KIF26B;SNORD74;HCAR2;MIR626,1.12433455880631,,0.271620316495332,FALSE,""
JAVELIN,858,MIR27B;MIRLET7D;CACNA1C;STRIP2;LURAP1,1.2848290900442,,0.019821282110277,FALSE,""
JAVELIN,859,MIR4730;UTY;SARDH;WNT2;SPTBN5,1.24691012661903,,0.0403490672195945,FALSE,""
JAVELIN,860,EXOC3L4;GPC3;ARL4C;ADRB1;GZMM,0.88512733490903,,0.242673645800924,TRUE,""
JAVELIN,861,PTH1R;ARG2;MIR197;CHGB;LOC643339,1.48627349238693,,0.000350938200914381,FALSE,""
JAVELIN,862,CCL20;VSIG2;MIR544B;SLC36A2;DAPK2,1.20296578191809,,0.0933424965978935,FALSE,""
JAVELIN,863,SCN9A;LOC101928757;ADCY4;MIR4530;NEK10,1.16714024952531,,0.145228314690398,FALSE,""
JAVELIN,864,ALPK3;GPD1;MIR4435-2;MIR4506;LRRC4,1.2695308335348,,0.0251528318496119,FALSE,""
JAVELIN,865,NEB;ZNF727P;MXRA8;HAPLN1;GALNT16,1.20041724586559,,0.0853367296169662,FALSE,""
JAVELIN,866,CXCL1;LDHD;COL5A3;DUSP15;TAL1,1.44734839496681,,0.00111271129377544,FALSE,""
JAVELIN,867,RERG;MLXIPL;RIPK4;GRIN2B;MIR4295,1.46136697631032,,0.000597888417794949,FALSE,""
JAVELIN,868,PPAP2C;CCL28;MCF2L;MIR346;PDE1C,1.28410607261496,,0.0186232698221687,FALSE,""
JAVELIN,869,COL4A3;DPEP1;MIR628;TENM2;UHRF1,1.12069347330507,,0.308998722806375,FALSE,""
JAVELIN,870,LOC101927834;ASPHD1;HIST1H2BO;CLIC5;GRHL1,1.09061430230016,,0.425441408818767,FALSE,""
JAVELIN,871,GATA3;PTGS2;SNORD116-28;CST2;ASPRV1,1.23709023328554,,0.0558423789029908,FALSE,""
JAVELIN,872,MIR1180;MFI2;CRISPLD2;FCER2;MIR548J,0.933876245590089,,0.529591397078761,TRUE,""
JAVELIN,873,NTM;DNAH5;RGL3;S100B;RAB40AL,1.122110739993,,0.283022904381298,FALSE,""
JAVELIN,874,C14orf105;VSIG2;SLC2A9;MUC12;CCR6,1.45580950773035,,0.000489723892690668,FALSE,""
JAVELIN,875,ZDHHC11B;ASRGL1;FOLR2;MIR2052;AK7,1.26563891769191,,0.030984799856613,FALSE,""
JAVELIN,876,TSPAN13;MIR4326;SNORA48;RP1;FAM69B,1.18857791828421,,0.0990952595228355,FALSE,""
JAVELIN,877,ACSM5;SNORD110;HOXD4;ETV4;MIR1183,1.47865066977926,,0.00036017956623993,FALSE,""
JAVELIN,878,MUC3A;OLFM2;ID1;GRIN2B;DBH-AS1,1.09635932413362,,0.38141815309425,FALSE,""
JAVELIN,879,CD27;MIRLET7E;MXRA8;SNORD114-6;GLT8D2,1.02484583845194,,0.813827151996114,FALSE,""
JAVELIN,880,GBA3;C5orf46;ALDOC;GDF6;MIR4771-2,1.35493924398104,,0.00591689092187329,FALSE,""
JAVELIN,881,NME5;IL1B;S1PR3;LCN2;ST6GALNAC3,1.15297548818677,,0.192488237363879,FALSE,""
JAVELIN,882,ITGA8;ESPN;ANGPT2;MIR874;KCNQ4,1.42300766900978,,0.00121439421877071,FALSE,""
JAVELIN,883,LOC101927960;MIRLET7A2;MAP4K1;IGSF10;S1PR4,1.04290052525244,,0.682478502419146,FALSE,""
JAVELIN,884,S100A8;SNAP25;DPYSL3;HPX;ZSWIM5,1.23085618859317,,0.0551113928403684,FALSE,""
JAVELIN,885,C1orf186;LOC391322;IGFBP6;HRG;BMP6,1.05695351676422,,0.600155631000725,FALSE,""
JAVELIN,886,PCDHGB2;LOC100288152;SARDH;MIR3193;ROPN1L,1.34088874782298,,0.0074892410450727,FALSE,""
JAVELIN,887,ACY3;EFHD1;PLAUR;GPR98;PYGO1,1.22427745908948,,0.0615120216315005,FALSE,""
JAVELIN,888,CD27;WNK4;CYTIP;TEX11;NOVA1,1.03780807521479,,0.717187096717703,FALSE,""
JAVELIN,889,COMP;TENM3;TMEM132A;CIDEC;SNORA70D,0.834627944639892,,0.0958085396825708,TRUE,""
JAVELIN,890,SLCO4C1;ADRA2C;SEMA4G;SNORD115-4;EPHB3,1.48103726391238,,0.000372333350307383,FALSE,""
JAVELIN,891,NME5;HPGD;TEK;FAM83F;LOC729970,1.55830584439285,,7.11604234963533e-05,FALSE,""
JAVELIN,892,MYH14;MIR3941;SNAI2;GAS2;SNORA78,1.26186270255819,,0.0349161436929313,FALSE,""
JAVELIN,893,UPB1;FGA;RNF128;C1orf168;RNF133,1.41892864377261,,0.00105724048046024,FALSE,""
JAVELIN,894,UGT2A3;MIRLET7A2;MYO1G;C16orf89;GRID1,1.30362693933496,,0.0106187465421393,FALSE,""
JAVELIN,895,PTH1R;FAM65C;MIR197;MIR378D2;TP73,1.14610454048405,,0.209804152699441,FALSE,""
JAVELIN,896,LOC101927834;MOXD1;MIR631;ATP2C2;LRP8,1.04615953212798,,0.671859893542911,FALSE,""
JAVELIN,897,ACSM5;GRM8;MYO5B;MIR4530;CDS1,1.25458925318862,,0.0338340056528695,FALSE,""
JAVELIN,898,TSPAN13;GDA;HIST1H2BO;OR2T10;SNORD116-10,1.11583116118146,,0.321782587023069,FALSE,""
JAVELIN,899,LOC101927834;ESPN;HMCN1;TOX3;GNMT,1.44916874699565,,0.000723868071258299,FALSE,""
JAVELIN,900,MUC3A;DSCAML1;ANGPT2;CALCR;MDH1B,1.59070373890117,,1.79165916541261e-05,FALSE,""
JAVELIN,901,MIR548AR;SNORD67;MTCL1;SHOX2;GRIP1,0.995923127947503,,0.969804373639378,TRUE,""
JAVELIN,902,NLGN1;CRYM;ARL4C;SNORD115-6;GRAMD1B,1.11765148784901,,0.315315727453941,FALSE,""
JAVELIN,903,PDLIM4;HOXD11;HIST1H2AL;MIR3178;WDR96,1.04633201910721,,0.671496686554964,FALSE,""
JAVELIN,904,CYP2E1;KLHDC7A;MIR631;GPR37;TMC4,1.23088892376618,,0.0628146539550399,FALSE,""
JAVELIN,905,SLC7A9;C5orf46;SNAI2;TUBA3E;ZNF471,1.29475522434722,,0.0216250127698604,FALSE,""
JAVELIN,906,C8orf4;HOXD11;HIST1H2BM;FOXF2;FAM69B,1.17017027852411,,0.149095488884635,FALSE,""
JAVELIN,907,PROM1;HAMP;ROBO4;PITX2;RAB6B,1.17537231439609,,0.130390006715324,FALSE,""
JAVELIN,908,SBSPON;CYP4F12;SNORD33;CTSE;PPFIA3,1.24699435179858,,0.0468633011347119,FALSE,""
JAVELIN,909,PLAC9;PLA2G2A;SLC2A9;CDH15;LOC283278,1.43579023112292,,0.00100220926032409,FALSE,""
JAVELIN,910,C14orf105;BAI1;TSKU;SCUBE1;LIPE,1.0812514757002,,0.477471618006161,FALSE,""
JAVELIN,911,BCMO1;CDHR1;MIR4635;CYP21A1P;KCNIP3,1.24106047675183,,0.0479958329361697,FALSE,""
JAVELIN,912,ABO;HRH2;RHOBTB3;PITX2;KIF2C,1.05902549996324,,0.58222704192584,FALSE,""
JAVELIN,913,HABP2;MFI2;ALDH6A1;C2orf70;SP140,0.867473086570171,,0.190126403156117,TRUE,""
JAVELIN,914,MIR4292;MIR554;MS4A4E;SERPINA5;LOC101928003,1.00590019157053,,0.955522230084312,FALSE,""
JAVELIN,915,HHLA2;SNORD110;ARHGEF15;PSCA;RBM20,1.51517235476632,,0.000110291340070466,FALSE,""
JAVELIN,916,ACE2;PCK1;SNORD33;FOXJ1;POU5F1B,1.36123203382049,,0.00489576117120928,FALSE,""
JAVELIN,917,C8orf4;SPX;LDB2;CCL17;ICOS,1.18896198882025,,0.104561730915098,FALSE,""
JAVELIN,918,DCDC2;GPRC5A;FKBP9P1;SLC26A9;HOXA10-AS,1.06513131201202,,0.560737851173376,FALSE,""
JAVELIN,919,FGG;LDHD;HIST1H2BO;FA2H;ZNF334,1.07019407334543,,0.519666588935677,FALSE,""
JAVELIN,920,SLCO4C1;NAPSA;MIR197;IL13RA2;CRYBB2,1.28202210311056,,0.0274140953726035,FALSE,""
JAVELIN,921,CD38;GPC3;CDH13;GLRB;DAPK2,0.927495337507049,,0.475683681684112,TRUE,""
JAVELIN,922,CRB3;WNK4;IGFBP6;TMEM82;CYP4X1,1.26671108725944,,0.0327201976806471,FALSE,""
JAVELIN,923,MYBL2;CGREF1;SELENBP1;TDRD9;FBXO27,1.25826824117429,,0.0359763383016194,FALSE,""
JAVELIN,924,FER1L4;GZMB;NT5E;ALAS2;RNF148,0.947950823141272,,0.631176747244149,TRUE,""
JAVELIN,925,ABO;TMEM139;MKI67;CST1;POU5F1P4,1.23813911184298,,0.0506366582516581,FALSE,""
JAVELIN,926,HABP2;PRODH2;CALCRL;MIR30D;LILRB4,1.36573709373515,,0.00305811205213619,FALSE,""
JAVELIN,927,PTH1R;MFAP2;CSF3R;LHX8;PGM5,1.11824829863054,,0.295941281619097,FALSE,""
JAVELIN,928,TINAG;INMT;SLC1A1;LHX8;CDS1,1.29265334013329,,0.0186559186996929,FALSE,""
JAVELIN,929,UBD;MAP7D2;ITGA11;MIR758;CDS1,1.14116798928823,,0.205358412787831,FALSE,""
JAVELIN,930,GZMA;SLC6A10P;MIR637;PSCA;LTB,0.988283722429139,,0.912980153280323,TRUE,""
JAVELIN,931,PSAT1;CPA3;MIR544B;G6PC;SNORA38,1.29101156721033,,0.0192160677978484,FALSE,""
JAVELIN,932,OLR1;PLIN4;IGFBP6;MIR3131;ANKRD29,0.995304901110009,,0.964115209393172,TRUE,""
JAVELIN,933,MIR3117;MFAP2;SNORD6;CXCR1;CADM4,1.04509468648965,,0.687382338421938,FALSE,""
JAVELIN,934,NR4A2;GDA;MIR938;SNORD114-26;PCDHGC4,1.11297616865661,,0.332038155752237,FALSE,""
JAVELIN,935,SHROOM3;SLC22A3;MIR628;UPK1B;RASGEF1A,1.09350139741944,,0.433556881692554,FALSE,""
JAVELIN,936,AGMO;CLMP;SNORD59A;SLC47A2;SPNS3,1.247032474181,,0.0444469060203575,FALSE,""
JAVELIN,937,LAMC3;SFN;SNORD12B;HOXB13;SNORD20,0.844976402021295,,0.118461440688421,TRUE,""
JAVELIN,938,SLPI;IGFBP1;SNORD6;SLC12A3;GSTT2,1.00674821082793,,0.95147879434703,FALSE,""
JAVELIN,939,COMP;VANGL2;MIR4435-2;FAM151A;CATSPERG,1.2095450452685,,0.0898092576994925,FALSE,""
JAVELIN,940,RASD1;MLLT11;SNORD33;COX6A2;MELK,0.839292484749177,,0.101475502938463,TRUE,""
JAVELIN,941,MYH14;SNORD110;SNORA48;MIR1245A;TNFRSF18,1.16396555938353,,0.158941886414908,FALSE,""
JAVELIN,942,ALPK3;GRB14;SNORD116-8;UNC93A;KCNN3,1.45074390331251,,0.000394611576205236,FALSE,""
JAVELIN,943,MIR645;MIR3918;HIST1H2BM;PLA2G12B;WSCD1,1.24562974078031,,0.0450802984792381,FALSE,""
JAVELIN,944,MIR142;C5orf46;SLC44A3;CFHR1;MFAP3L,1.37705876041621,,0.00304264777952987,FALSE,""
JAVELIN,945,MIA2;CHI3L2;APCDD1;GDF6;PCDHGA6,1.25956300556622,,0.0355697694193522,FALSE,""
JAVELIN,946,ADAMTSL2;MIR429;MIR628;OR2T10;SIX1,1.37273672198569,,0.00377723734934989,FALSE,""
JAVELIN,947,OGDHL;KIT;CALCRL;SNORD114-19;NLRC3,1.24870021776643,,0.0321604486529678,FALSE,""
JAVELIN,948,NTM;NPY1R;IL2RB;NTNG1;MIR579,1.20478412586608,,0.0944806583881105,FALSE,""
JAVELIN,949,PGF;KLHDC7A;ARL4C;ATP6V0D2;ASPRV1,1.35389038964919,,0.00548275836648645,FALSE,""
JAVELIN,950,HNF1A;LOC391322;COX7A1;PLA2G1B;LOC100133669,1.44292547690193,,0.000634368609568567,FALSE,""
JAVELIN,951,REG1A;KLF15;COX7A1;HCN2;RHBDL1,1.14172463411588,,0.238821733469573,FALSE,""
JAVELIN,952,ZDHHC11B;CPXM1;EVI2B;MIR320A;LOC101927970,0.984072848756357,,0.878782330506246,TRUE,""
JAVELIN,953,RAB42;CXCR3;LY96;SNORD114-5;FOXD1,0.895380035079684,,0.314955136113865,TRUE,""
JAVELIN,954,KCP;CD22;LDLR;MIR4798;TIAM2,0.900477598269347,,0.330857140208336,TRUE,""
JAVELIN,955,RBP4;COLEC12;MIR4714;SCN4A;MIR5697,1.23755951460141,,0.0527799866513737,FALSE,""
JAVELIN,956,ANK3;C2;HOXD9;DIO1;SNORA38,1.39996973358596,,0.0019948262482022,FALSE,""
JAVELIN,957,JPH2;EPPK1;BMP2;LHX1;RASL12,1.20906522509124,,0.0713770177646948,FALSE,""
JAVELIN,958,PCDHGB2;IL2RA;MIR4635;MIR582;CRYBB2,1.17273877620904,,0.143332925604025,FALSE,""
JAVELIN,959,MIR30A;CLDN3;PTER;CYP2C18;SYNC,0.980069102001925,,0.85229938007731,TRUE,""
JAVELIN,960,PSAT1;SPINK1;TMEM204;DAO;PAPPA-AS1,1.52840673452625,,0.000206975646611074,FALSE,""
JAVELIN,961,FMO2;SDS;ECM2;MIR4274;EPHB3,1.47217661655646,,0.000379426807642504,FALSE,""
JAVELIN,962,TBX3;MIR186;MMP11;GPR115;LTB,0.991362717351238,,0.936965975092819,TRUE,""
JAVELIN,963,PRSS8;PNMA2;HOXD9;STAC2;FAM110C,1.42072909760717,,0.0011778499326948,FALSE,""
JAVELIN,964,MACC1;MIR548AU;LDB2;SNORD114-25;CKAP2L,1.14401828663335,,0.203056779137415,FALSE,""
JAVELIN,965,PSAT1;LDHD;IGFBP6;NOG;LOC100133669,1.31893387948812,,0.00923963723865074,FALSE,""
JAVELIN,966,GBA3;SNORD115-5;MIR637;SLC52A3;TMEM246,1.42597831182108,,0.00148937116805204,FALSE,""
JAVELIN,967,EXOC3L4;MST1P2;SNORD116-28;MIR4685;RNF157,1.27330189796975,,0.0305772333805914,FALSE,""
JAVELIN,968,STEAP4;SFN;APCDD1;C1orf116;PPFIA3,0.962816719383234,,0.72198424034434,TRUE,""
JAVELIN,969,TSPAN7;CPA3;MMP11;NMU;MFAP3L,1.51511153574276,,0.000177985148684275,FALSE,""
JAVELIN,970,MIR4730;CLDN3;ID1;HAS1;MFAP3L,1.32486140591587,,0.0104763199509039,FALSE,""
JAVELIN,971,ESM1;FGA;MYO5B;MIR548AS;GPR174,1.1485291248258,,0.207718597318604,FALSE,""
JAVELIN,972,FGB;SLC27A2;MIR1537;MFAP5;MIR626,1.14978681998557,,0.211787257383011,FALSE,""
JAVELIN,973,F2RL1;KCNJ3;MTCL1;FBXO2;DAPP1,1.0787381787479,,0.478006559482579,FALSE,""
JAVELIN,974,PEG10;OLFM2;APCDD1;C9;BATF,0.983983539390567,,0.875094605902593,TRUE,""
JAVELIN,975,RAP1GAP;SMTNL2;ITGA11;CST2;XCL2,1.3266647821657,,0.0134499497243793,FALSE,""
JAVELIN,976,LAMC3;ABCA12;RGL3;MIR95;CKAP2L,1.10727589503561,,0.353459356433278,FALSE,""
JAVELIN,977,TENM1;CD69;MYO1G;CNTFR;KCNA3,1.03633989121573,,0.726053978198821,FALSE,""
JAVELIN,978,HOGA1;ATP1A2;TEK;KCNA5;WIPF3,1.37695542486699,,0.0036449583333528,FALSE,""
JAVELIN,979,NR4A3;CLMP;DMD;ZNF812;RAB40AL,1.02419207985849,,0.817630726573133,FALSE,""
JAVELIN,980,GZMA;CD69;MYO1G;GRIK4;PANK1,1.00192280490512,,0.985231000577221,FALSE,""
JAVELIN,981,CX3CR1;PCDHGA4;SNORD74;KCNJ10;PPP1R3G,1.25364954629255,,0.0374377618883522,FALSE,""
JAVELIN,982,ABCA6;SNORA75;FAM20A;LPPR5;ZDHHC11,1.20143370414128,,0.0811187665458954,FALSE,""
JAVELIN,983,FER1L4;KIT;BMP2;PDPN;LRRC17,1.30519813647695,,0.0132873029081243,FALSE,""
JAVELIN,984,SULT1C4;AZGP1;TEK;DPYSL4;KBTBD11,1.47499082804111,,0.000351358739157128,FALSE,""
JAVELIN,985,ALDH1L1;SPX;EMP1;ANGPTL3;ZSWIM5,1.50780063675373,,0.000230962197305263,FALSE,""
JAVELIN,986,TENM1;ESPN;MYRF;SST;SYCE1L,1.06084759046661,,0.581894202110932,FALSE,""
JAVELIN,987,TRABD2B;ADRA2A;HIST1H2BM;ANGPTL3;BMP6,0.968418348597544,,0.774235543727806,TRUE,""
JAVELIN,988,PPAP2C;ANXA13;MIR1207;MIR618;FRMD3,1.14586049314989,,0.206688398195275,FALSE,""
JAVELIN,989,UPB1;MIR339;ALDH1A3;CCDC78;WNT9A,1.11198317976436,,0.327638321959844,FALSE,""
JAVELIN,990,CST7;PLIN4;SNORA26;MIR379;CRYBB2,1.1533406241461,,0.181770541876749,FALSE,""
JAVELIN,991,ANLN;CHST13;HIST1H4L;S100B;PDCD1LG2,0.884084787978225,,0.273908160551791,TRUE,""
JAVELIN,992,ADAM12;ADORA1;CDH13;HMGA2;LOC644086,0.7948435854733,,0.0450539508643503,TRUE,""
JAVELIN,993,KRT7;MIRLET7I;SNORD29;BMPR1B;DLGAP5,0.989281657835146,,0.924417895253403,TRUE,""
JAVELIN,994,SLC34A2;ARG2;TMEM132A;GRPR;SNORD19,0.903149279358618,,0.345988941525644,TRUE,""
JAVELIN,995,GLYAT;MIR1303;SNORA77;CLDN16;LOC643339,1.50663597131903,,0.000209911147031948,FALSE,""
JAVELIN,996,TINAG;RASAL1;MCF2L;SNORD115-37;LRRC4,1.5430985050476,,0.000111261263390285,FALSE,""
JAVELIN,997,MIR4317;FXYD1;FAM20A;ALAS2;FAM184A,1.12355326075954,,0.272800289141695,FALSE,""
JAVELIN,998,NR4A3;ALDH8A1;LDB2;MIR3131;LCN12,1.37730244240824,,0.00527096470278718,FALSE,""
JAVELIN,999,PTHLH;HYDIN;SNORD29;CYP21A2;CXCR6,0.974633825171194,,0.810419744118457,TRUE,""
JAVELIN,1000,RERG;KISS1R;MST1;PXDNL;CLEC1A,1.53428124551051,,6.47493270201525e-05,FALSE,""
JAVELIN,1001,TBX3;MFI2;APCDD1;COL25A1;AMY2B,1.16227060728659,,0.163116460582123,FALSE,""
JAVELIN,1002,VTRNA2-1;PPARGC1A;HIST1H4L;GPM6A;HSD17B3,1.45100471112487,,0.000666143023914014,FALSE,""
JAVELIN,1003,SLC16A12;LDHD;SNORA48;KCNH2;CYP4X1,1.36968766191445,,0.00387638808148955,FALSE,""
JAVELIN,1004,COX4I2;MIR548AU;SNORD33;CNTN6;P2RY10,1.1352584138987,,0.236960081941071,FALSE,""
JAVELIN,1005,S100A8;ADAMTS14;FAM20A;MUC5B;CLEC10A,0.894199255456627,,0.291923532706632,TRUE,""
JAVELIN,1006,AKR7A3;GJB1;PLEKHA7;NUGGC;CYP27B1,1.21702594996508,,0.0804584970551577,FALSE,""
JAVELIN,1007,COL4A4;LYVE1;MIR637;FAM151A;ADAMTS12,1.11864562456151,,0.29919387575991,FALSE,""
JAVELIN,1008,NR4A2;VEPH1;PLEKHA7;B3GAT1;WISP1,1.2105049116666,,0.0828726977031606,FALSE,""
JAVELIN,1009,SCIN;TESC;PTER;SLC26A7;DBH-AS1,1.19644336067598,,0.115962914709151,FALSE,""
JAVELIN,1010,MIR27B;MIR429;ITGA11;CTSE;WDR96,1.35478412434826,,0.00639115207949605,FALSE,""
JAVELIN,1011,PPAP2C;SPEG;TMEM132A;MIR33A;LOC643339,0.831600406999586,,0.0960901059775362,TRUE,""
JAVELIN,1012,CTSW;FABP7;MYO7A;PKLR;PAPPA-AS1,1.34536111089447,,0.00550922687327399,FALSE,""
JAVELIN,1013,MIR27A;PNMA2;RIPK4;SCGB1A1;S1PR4,1.18327962861923,,0.0981043671155331,FALSE,""
JAVELIN,1014,CTSW;RGN;ALDH6A1;TOX3;LOC101927970,1.21002718359127,,0.0767370066557142,FALSE,""
JAVELIN,1015,MYBL2;BAI1;ALDH1A3;PAPPA2;NEIL3,0.815790949309939,,0.0712122611561573,TRUE,""
JAVELIN,1016,IL6;CCDC148;MTCL1;MIR4486;PPFIA3,1.05996745798872,,0.601355272902832,FALSE,""
JAVELIN,1017,AGMO;MLXIPL;MIR637;MIR431;GPR160,1.58645635677187,,1.3028378164648e-05,FALSE,""
JAVELIN,1018,GZMK;SIGLEC14;PPL;MTTP;LURAP1,1.0326419586515,,0.762332635645699,FALSE,""
JAVELIN,1019,MIR29B2;FAP;MIR1207;MUC5B;LRRC4,1.2387125689961,,0.0558988465001619,FALSE,""
JAVELIN,1020,F8;TCF21;MIR1537;CST1;ACOT1,1.34516233195991,,0.00649849342399812,FALSE,""
JAVELIN,1021,CHDH;MT1M;FPR1;MTTP;EGFLAM,1.1257876822262,,0.274917959235635,FALSE,""
JAVELIN,1022,ACSM5;THBS4;ARHGEF15;XCR1;SNORD116-23,1.36988396476731,,0.00145585302860277,FALSE,""
JAVELIN,1023,TBX3;FOXP2;DPYSL3;CXCR1;LILRB4,0.902538484436546,,0.339965165517722,TRUE,""
JAVELIN,1024,PLA2G7;SNORA75;MYO1G;CAMK2B;SPHK1,0.996947623144474,,0.977258816849828,TRUE,""
JAVELIN,1025,FMO2;AQP7;ROBO4;TDRD9;ATP1B2,1.51695180823404,,0.000151623429031322,FALSE,""
JAVELIN,1026,RASD1;FTCD;COX7A1;MIR493;TMEM178A,1.26658044395711,,0.0331864596510373,FALSE,""
JAVELIN,1027,PRSS8;PCDHGA4;CALCRL;ATP13A4;SNORD60,1.41642820699018,,0.00139322166706141,FALSE,""
JAVELIN,1028,KRT7;INMT;MS4A4E;HS3ST3A1;SH2D3A,0.918616984497668,,0.430670483989363,TRUE,""
JAVELIN,1029,SLC17A1;PCDH10;PTER;MIR3188;SNCA,1.31502290903856,,0.012588946557095,FALSE,""
JAVELIN,1030,MAL;PRAP1;IGFBP6;CYP2B7P;GPRIN1,0.934070308234979,,0.509636610396748,TRUE,""
JAVELIN,1031,ACE2;KLKB1;SEMA4G;CYP11A1;LOC101928749,1.33097428155951,,0.0081192911863833,FALSE,""
JAVELIN,1032,ACSM5;SLC12A8;MKI67;PRSS3;MIR5191,0.840703030489218,,0.116274341262823,TRUE,""
JAVELIN,1033,FGB;IRF4;HIST1H2BO;MIR93;RPL23AP32,0.84341293767593,,0.116281461135406,TRUE,""
JAVELIN,1034,MIA2;KMO;SNORD4B;DNAAF1;TMEM232,1.46024643395625,,0.000375055188580468,FALSE,""
JAVELIN,1035,MIR4730;DNAH5;CACNA2D1;HBG2;OR52N4,1.17934212789213,,0.137300820527203,FALSE,""
JAVELIN,1036,PPAP2C;SNORD114-13;MIR544B;CYP2C19;CDC45,0.861223500721203,,0.185247916663332,TRUE,""
JAVELIN,1037,KCP;HSH2D;RNF128;PRND;GALNT16,1.02623039700954,,0.819977912999736,FALSE,""
JAVELIN,1038,ACADL;ALDOB;PLAT;CYP4A22;KLHL13,1.4641957955498,,0.000811278272277432,FALSE,""
JAVELIN,1039,STC2;SNORD87;TSKU;PRSS22;MIR3157,1.11094725642817,,0.331388538878176,FALSE,""
JAVELIN,1040,COL4A3;SLC26A1;ACSF2;TFF3;RBM20,1.34799494258113,,0.0109556777147871,FALSE,""
JAVELIN,1041,PGF;PTGS2;SNORD116-16;PLA2G1B;RPS6KL1,1.45347920689932,,0.000797215345157873,FALSE,""
JAVELIN,1042,MT1G;VNN1;MIR1537;MIR585;PCDHB15,1.26256172797253,,0.0340099385429824,FALSE,""
JAVELIN,1043,ARHGEF16;GFRA1;HIST1H2BM;VWDE;TMEM119,1.16989190708998,,0.155562440836371,FALSE,""
JAVELIN,1044,SLC7A9;MMP19;LY96;RERGL;MIR581,1.23720779706391,,0.041148282431005,FALSE,""
JAVELIN,1045,MAL;MIRLET7A2;MST1;PLA2G12B;PANK1,1.46236237399945,,0.000738250136125361,FALSE,""
JAVELIN,1046,WDR72;NPY1R;HMCN1;CCL17;ACOT1,1.43607155389499,,0.000948229955446694,FALSE,""
JAVELIN,1047,SLC17A1;MIR378A;MIR3975;MUC12;MIR583,1.34987068815587,,0.00751468370596132,FALSE,""
JAVELIN,1048,SCIN;UBASH3A;SNORD59A;SNORD114-26;MIR643,1.0903847900978,,0.406733933430427,FALSE,""
JAVELIN,1049,OLR1;FABP7;CCL4;RHOV;SIX1,1.10508270244662,,0.336658632670935,FALSE,""
JAVELIN,1050,CYP2E1;SPTBN2;S1PR3;SLC9A3;PPM1H,1.04631579009094,,0.678858387058171,FALSE,""
JAVELIN,1051,MIR4317;VNN1;MIR3125;TOX3;SOGA3,1.19518427173802,,0.115608291197567,FALSE,""
JAVELIN,1052,MYOM3;COBL;ROBO4;STAC2;SMG1P5,1.36588196739712,,0.0044328567405328,FALSE,""
JAVELIN,1053,TMEM45A;CYP2C9;PTER;SOX11;MIR4753,1.27600834767859,,0.0243227174806732,FALSE,""
JAVELIN,1054,PRSS8;CD69;MYO1G;MIR4489;MIR5191,0.958729704083343,,0.683263337380252,TRUE,""
JAVELIN,1055,WDR72;F10;ECM2;RTKN2;PYGO1,1.23606478344886,,0.0446021422938167,FALSE,""
JAVELIN,1056,KRT7;KMO;SNORD33;ASXL3;MIR4295,1.41416350158952,,0.00149087546964398,FALSE,""
JAVELIN,1057,PLAC9;TNFSF14;SEMA4G;RANBP3L;POU5F1B,1.44768237730364,,0.000888417495229414,FALSE,""
JAVELIN,1058,COL4A3;EGR3;SNORD4B;BTLA;MIR571,1.05635663510405,,0.595743303236946,FALSE,""
JAVELIN,1059,ASPN;HLF;GPC4;CAPN6;SNORD20,1.27973436592942,,0.0228749628293047,FALSE,""
JAVELIN,1060,C8orf4;MAL2;MIR197;HAS1;CYP26B1,1.08246727196975,,0.486399358683758,FALSE,""
JAVELIN,1061,VTRNA2-1;COBL;MIR3975;SIM1;EPHA1,1.34519170722122,,0.00754375431056905,FALSE,""
JAVELIN,1062,BAIAP2L2;LOC391322;MIR631;ANGPTL3;ARL4D,1.20276426185857,,0.09410195953247,FALSE,""
JAVELIN,1063,GPR126;MZB1;MECOM;SNORD114-17;CORO2B,1.04429516503089,,0.695671637204631,FALSE,""
JAVELIN,1064,FER1L4;IL1B;MYO5B;MIR4486;CYP27B1,0.977881606680172,,0.839853891204056,TRUE,""
JAVELIN,1065,MACC1;SORCS2;MAP4K1;TEX15;AGBL3,1.15279197696622,,0.166057149520673,FALSE,""
JAVELIN,1066,TINAG;CDHR1;FKBP9P1;IHH;MIR5191,1.23268726513239,,0.0543305429649894,FALSE,""
JAVELIN,1067,C1orf186;MIR378A;ID1;PDPN;PMAIP1,1.01250252544236,,0.908363807032093,FALSE,""
JAVELIN,1068,TTC39A;SNORD114-13;TIE1;SNORD113-9;MIR643,1.20833013239854,,0.0835620857984642,FALSE,""
JAVELIN,1069,TMEM45A;PTGER3;RASGRP1;MIR539;LTB,1.10893409000924,,0.303692293714572,FALSE,""
JAVELIN,1070,OLFML2A;MOXD1;GEM;CLIC5;GJC2,1.24098854691725,,0.0471602456729111,FALSE,""
JAVELIN,1071,MYH14;PCK1;MMP11;PITX1;THRB,1.26752794341502,,0.0328931567864811,FALSE,""
JAVELIN,1072,ACY3;TMEM171;MTCL1;COX6A2;LURAP1,1.24630751656043,,0.0409604206592511,FALSE,""
JAVELIN,1073,MUC3A;TRPC6;HRSP12;ATP6V0D2;MEFV,1.29282928441145,,0.0154667197930816,FALSE,""
JAVELIN,1074,CD27;NEBL;MIR938;CRYAA;LILRB4,1.06345255164422,,0.564239671351029,FALSE,""
JAVELIN,1075,HNF1A;MAP7;MIR4714;CHGB;JAM2,1.36664053726499,,0.00425869049151543,FALSE,""
JAVELIN,1076,NMB;SNORA75;GPC4;TRIM54;FAM110C,1.36826565419684,,0.00411559279425347,FALSE,""
JAVELIN,1077,ASPN;MFI2;HOXD9;ADIPOQ;PAMR1,1.11540438280312,,0.320384326206828,FALSE,""
JAVELIN,1078,PRSS8;COLEC12;HIST1H2BO;MIR3124;CCDC74B,0.935803103232452,,0.535537586564578,TRUE,""
JAVELIN,1079,FER1L4;MIR4655;SARDH;MIR5091;MIR1256,1.19250519723446,,0.0983450568169932,FALSE,""
JAVELIN,1080,MUC3A;DNAH5;TSKU;MIR4705;PCDHB4,1.25473041400804,,0.0373213870207371,FALSE,""
JAVELIN,1081,PDLIM4;KCNIP4;CYTIP;MIR1538;PARP15,0.978476208582572,,0.837274000597066,TRUE,""
JAVELIN,1082,OLFML2A;PCDHGA5;TIE1;CYP4F2;DPY19L2P2,1.44724065008829,,0.000602411169435434,FALSE,""
JAVELIN,1083,TBX3;SNORA69;TIE1;SCG5;TMC4,1.04457425209139,,0.687423575677125,FALSE,""
JAVELIN,1084,C8orf4;TRIM55;ROBO4;AQP2;C9orf106,1.53115388166743,,0.000139651026235097,FALSE,""
JAVELIN,1085,ACY3;STK32B;SNORD116-16;CCL13;GPR174,1.272038829758,,0.0149375556889287,FALSE,""
JAVELIN,1086,MIR27B;B3GNT3;MXRA8;TNNI3;CYP27B1,1.16873483136554,,0.158419907278278,FALSE,""
JAVELIN,1087,ACSM5;LOC391322;TREM2;HCAR3;CHST1,1.20211636729028,,0.0827620310724338,FALSE,""
JAVELIN,1088,STC1;MLLT11;GPC4;TNNT2;CPNE5,1.03431109099665,,0.759924095250116,FALSE,""
JAVELIN,1089,PIGR;MLXIPL;GEM;MIR378D2;FRMD3,1.3313975254655,,0.00909768470185077,FALSE,""
JAVELIN,1090,UBD;ADORA1;MIR1537;MGARP;PCDHB4,1.1325386186459,,0.251330804039403,FALSE,""
JAVELIN,1091,FABP4;SLC2A2;SNORA26;DNER;MDH1B,1.06055317575864,,0.590956425578507,FALSE,""
JAVELIN,1092,C8orf4;VNN1;DCBLD2;ZNF812;RASD2,1.07989079279916,,0.502410690778651,FALSE,""
JAVELIN,1093,CYP2E1;FUT6;SLC44A3;CIDEC;NLRC3,1.23790773996167,,0.0517183406269925,FALSE,""
JAVELIN,1094,SRPX;KISS1R;PPL;MIR3187;AGAP11,1.33835738442119,,0.00560471422987009,FALSE,""
JAVELIN,1095,CD27;FLRT3;SNORD59A;MIR493;JAKMIP1,0.998445997236619,,0.987761228051066,TRUE,""
JAVELIN,1096,SORBS2;SLC27A2;RASGRP1;MIR93;EMP2,1.31492577349049,,0.00637865011274945,FALSE,""
JAVELIN,1097,VTRNA2-1;SLC23A1;SNORD116-28;COCH;CD28,1.16520940476256,,0.169251123416849,FALSE,""
JAVELIN,1098,MIR4499;NPY1R;RNF128;ELFN2;GMPR,1.05011480403916,,0.661891723031695,FALSE,""
JAVELIN,1099,FXYD2;TENM3;EVI2B;MIR4479;HMMR,0.856159763089167,,0.152043501899163,TRUE,""
JAVELIN,1100,RASD1;MIR4482;TMEM204;MIR1290;POU5F1P4,1.24791693803137,,0.0421961421401912,FALSE,""
JAVELIN,1101,MIR126;DSCAML1;ADAMTSL3;VIPR1;ZNF831,1.37928357504867,,0.00261971794022473,FALSE,""
JAVELIN,1102,MIR4526;TRPC6;DENND2A;MIR378D2;ATP8B3,1.28084746209549,,0.0225072044608831,FALSE,""
JAVELIN,1103,JPH2;HLF;MIR544B;TUBB1;MELK,1.14954079393938,,0.203505358442665,FALSE,""
JAVELIN,1104,NPNT;LDHD;MIR4784;WNT2;MIR5697,1.28362273822224,,0.016338642694506,FALSE,""
JAVELIN,1105,MIR378I;TRIM55;LZTS1;UNC5A;TRIM6,1.27076379312128,,0.0273738329069603,FALSE,""
JAVELIN,1106,SRPX;FOXQ1;PBX1;MIR218-1;JAM2,1.2540487374263,,0.0296798677790826,FALSE,""
JAVELIN,1107,AKR7A3;VNN1;PLEKHA7;ASXL3;GTSE1,1.26997941269581,,0.0260332127294925,FALSE,""
JAVELIN,1108,IGF2BP2;INMT;IL2RB;PSCA;C14orf37,0.826069442170659,,0.0708922629652388,TRUE,""
JAVELIN,1109,SLPI;GLIS1;CCL4;OR2T10;IER3,1.15176818197497,,0.18281593331172,FALSE,""
JAVELIN,1110,SLC34A2;RARRES1;TOP2A;CCL17;STEAP1B,0.882651857782108,,0.253518740817433,TRUE,""
JAVELIN,1111,UBD;NAPSA;SARDH;ALX1;GSTT2,1.21393685283809,,0.0736842544327711,FALSE,""
JAVELIN,1112,HOGA1;NRG1;MS4A4E;FAM153C;KIF2C,1.16096104544976,,0.163410771158199,FALSE,""
JAVELIN,1113,ANK3;KCNJ3;MIR1207;KHDRBS2;TG,1.51690632492965,,0.000206058982931803,FALSE,""
JAVELIN,1114,REG1A;CGREF1;ANGPT2;SLC9A3;PLEKHN1,1.31509814625304,,0.00927727164927113,FALSE,""
JAVELIN,1115,NR4A2;CYP2C9;ECM2;CLDN19;CCDC144CP,1.29184483678903,,0.0198178157237313,FALSE,""
JAVELIN,1116,MGAT3;SNORD87;ADAMTSL3;DMRT2;CTRL,1.38195332856949,,0.00223832094410973,FALSE,""
JAVELIN,1117,IDO1;CLDN3;SNORA77;CLDN16;WNT3,1.08572795483885,,0.470005172485211,FALSE,""
JAVELIN,1118,SCIN;MIR548AA2;PBX1;SCGB3A2;PCDHGC4,1.36465354632912,,0.00316678201582817,FALSE,""
JAVELIN,1119,MIR4730;PLIN4;SNORD4B;SCN7A;FAM132A,1.16912362364647,,0.151319993588573,FALSE,""
JAVELIN,1120,MIR378I;LAG3;SNORD74;IL13RA2;CD200R1,0.858193848458707,,0.161927611516786,TRUE,""
JAVELIN,1121,HABP2;PPP1R1A;TMEM204;IRX2;TMEM232,1.36532934504148,,0.00588432494306228,FALSE,""
JAVELIN,1122,SMIM24;INMT;COL5A3;AMPD1;FAM184A,1.20595685128974,,0.0757563558513942,FALSE,""
JAVELIN,1123,F8;MIR554;PLAT;SMPD3;SNORD19B,1.14182879304484,,0.201723848914674,FALSE,""
JAVELIN,1124,PLA2G7;HSH2D;MIR628;TMEM82;ADCY1,1.17379313808086,,0.129906770141364,FALSE,""
JAVELIN,1125,RBP4;MIR186;PC;ANO3;PDE3B,1.21705922178855,,0.0715692199210188,FALSE,""
JAVELIN,1126,MUC3A;GPRC5A;ANGPT2;ZBTB7C;DOC2B,1.02901795676015,,0.790842241444406,FALSE,""
JAVELIN,1127,CPZ;IL1B;HOXD9;KLB;CDC45,1.17195854312193,,0.153192965327233,FALSE,""
JAVELIN,1128,TENM1;STK32B;CCL4;JSRP1;HOXA10-AS,1.23719642734622,,0.0435361060190567,FALSE,""
JAVELIN,1129,LAMC3;CXCL8;SEMA4G;C19orf80;COL9A2,1.13030998370109,,0.265861668876935,FALSE,""
JAVELIN,1130,EMX2;SPEG;FZD8;TFF3;MIR627,1.280874089746,,0.0267068565111945,FALSE,""
JAVELIN,1131,CYP2E1;HP;MMP11;GRIK4;RLTPR,1.07793975678507,,0.478422283189764,FALSE,""
JAVELIN,1132,MIR3189;SORCS2;EVI2B;CIDEC;MIR4779,0.775800915407693,,0.0236604408781443,TRUE,""
JAVELIN,1133,C1orf186;FOSL1;SNORD4B;MOGAT3;PPIAP30,0.982192919053951,,0.867610053753789,TRUE,""
JAVELIN,1134,AGMO;MLXIPL;ALDH6A1;STRIP2;MIR3973,1.28511634224633,,0.0218695768854677,FALSE,""
JAVELIN,1135,SLPI;ESPN;CACNA2D1;GGT3P;RGS4,1.36747491413755,,0.00509310156387923,FALSE,""
JAVELIN,1136,GZMA;TCF21;LDLR;WNK2;MIR4295,1.05487482140061,,0.627410360662994,FALSE,""
JAVELIN,1137,PEG10;GLYATL1;SLC2A9;LOC101928281;NAV3,1.41528096960001,,0.000938487770684061,FALSE,""
JAVELIN,1138,FER1L4;LOC647859;SNORA77;SCGB1A1;C22orf34,1.02809745718658,,0.797008929782443,FALSE,""
JAVELIN,1139,IKZF3;SLC16A9;ECM2;FAM3B;FCN1,1.05781072692573,,0.595084705121614,FALSE,""
JAVELIN,1140,UBD;HRH2;SNORD116-28;ALOX15B;PHYHD1,1.15406290519591,,0.170709338113568,FALSE,""
JAVELIN,1141,ARHGEF16;CCDC183;RASGRP1;MUM1L1;WDR96,1.31166775525142,,0.0157518122917766,FALSE,""
JAVELIN,1142,PGF;SNORD114-10;MIR197;ANO4;FIBIN,1.2915226735046,,0.0210390254711524,FALSE,""
JAVELIN,1143,MIR30A;CXCL8;HOXD9;LRRN2;HOXA10-AS,1.25034931793637,,0.0384569908786716,FALSE,""
JAVELIN,1144,NME5;MIR4519;LY96;MIR3131;ATP1B2,1.3160635993513,,0.0110086968413044,FALSE,""
JAVELIN,1145,KCP;EGR3;TMEM204;ZBTB7C;PLCH1,1.36656963893339,,0.00481381307528981,FALSE,""
JAVELIN,1146,ACY3;CPXM1;PIEZO2;NPHS1;CATSPERG,1.37877403659365,,0.00590655158713804,FALSE,""
JAVELIN,1147,NOX4;SPINK1;MIR544B;GRPR;NCAPG,1.1009518929947,,0.375138735417488,FALSE,""
JAVELIN,1148,ADAM12;IRF4;SNORD116-8;CAPN8;HOXA10-AS,1.08493957077496,,0.441536334132338,FALSE,""
JAVELIN,1149,MIR4652;CLCNKA;HRSP12;LRRC3;ROPN1L,1.34640071426146,,0.00827953974353498,FALSE,""
JAVELIN,1150,CD38;LYVE1;MKI67;MUC5B;CHST1,0.822784823606717,,0.0877649867104958,TRUE,""
JAVELIN,1151,MIR3646;ADRA2A;SLC2A9;MIR3124;NAV3,1.14940325658718,,0.19961601266804,FALSE,""
JAVELIN,1152,F8;SLAMF7;SLC1A1;B4GALNT2;CETP,1.30673872031554,,0.0120422417493799,FALSE,""
JAVELIN,1153,QPCT;B3GNT4;HMCN1;KCNH3;SNORD20,1.02816449109777,,0.79354184939622,FALSE,""
JAVELIN,1154,NLGN1;SNORA69;ADAMTSL3;LOC101928281;FIGNL2,1.68013482324329,,1.95488645373429e-06,FALSE,""
JAVELIN,1155,TMEM45A;REEP6;TSKU;CYP21A2;MIR1273F,1.04943979722534,,0.649207509793356,FALSE,""
JAVELIN,1156,MACC1;HSH2D;MIR938;WNT2;RNF152,1.16222114230442,,0.14607054482196,FALSE,""
JAVELIN,1157,ABCA6;TMEM171;PTER;MIR298;ATP8B3,0.933896750310614,,0.516198929036788,TRUE,""
JAVELIN,1158,CHDH;SPTBN2;TREM2;TMEM252;MIR581,1.20897219287813,,0.0823590827964385,FALSE,""
JAVELIN,1159,KRT7;CD3G;ALDH1A3;TTR;ZNF831,0.800873535497584,,0.0412961123041466,TRUE,""
JAVELIN,1160,SCN9A;DSCAML1;HMCN1;MIR4280;TTC22,1.42274277341481,,0.00104026096480894,FALSE,""
JAVELIN,1161,SNORD14C;SLC6A10P;CALCRL;S100B;LOC283278,1.26808787699181,,0.028239175279807,FALSE,""
JAVELIN,1162,FMO2;ESPN;SNORD12B;BRE-AS1;C19orf83,1.20158175217907,,0.0890190026412745,FALSE,""
JAVELIN,1163,IKZF3;CCL28;DPYSL3;AVPR1B;STEAP1B,1.24311739541236,,0.0481745815526151,FALSE,""
JAVELIN,1164,HIF1A-AS2;MIR1203;2020-03-02 00:00:00;SNORD115-6;CD244,1.14444509853075,,0.181740181982685,FALSE,""
JAVELIN,1165,OGDHL;SPTBN2;ADAMTSL3;SIM2;CPNE5,1.25882040658395,,0.0412525577833545,FALSE,""
JAVELIN,1166,PPAP2C;DUSP2;MST1;AFM;TRIM6,1.05867483193245,,0.609562368876273,FALSE,""
JAVELIN,1167,FABP4;ANXA13;ADAMTSL3;ZMAT4;LOC101928003,1.21227147666809,,0.0792533240629124,FALSE,""
JAVELIN,1168,KRT7;GABRD;MIR1537;ATP6V0D2;GSTT2,1.32664263997694,,0.0109136397738361,FALSE,""
JAVELIN,1169,REG1A;SNAP25;MMP11;CALCR;HUNK,1.63506218383485,,5.02982142540051e-06,FALSE,""
JAVELIN,1170,SORBS2;CYP24A1;BMP2;NPHS2;LOC401317,1.22946903697868,,0.0691739442460921,FALSE,""
JAVELIN,1171,FCN3;SLC16A9;IGFBP6;MIR425;MDH1B,1.35883902484221,,0.00452992825924455,FALSE,""
JAVELIN,1172,PSAT1;MIRLET7D;PTTG1;COX6A2;MIR3664,1.03047738979953,,0.781001563948725,FALSE,""
JAVELIN,1173,COX4I2;MOXD1;SNORA77;SLC47A2;FAM110C,1.24904817194805,,0.0386890100260611,FALSE,""
JAVELIN,1174,PYCR1;CHRDL1;ANGPT2;HPX;SPIRE2,1.05966435177282,,0.600156343562484,FALSE,""
JAVELIN,1175,MIR4317;EGR3;MIR1207;TDRD9;SYCE1L,1.06088262975156,,0.585684736749021,FALSE,""
JAVELIN,1176,BCL2A1;ATP1A2;RNF128;GGT3P;ARL4D,1.18433507437036,,0.113474054449266,FALSE,""
JAVELIN,1177,PGF;SIGLEC14;SARDH;SCGB1A1;RNF152,1.40261797703621,,0.0011009180323777,FALSE,""
JAVELIN,1178,PIGR;ITGBL1;SNORA48;C19orf80;USHBP1,1.36121676843796,,0.00347438322610936,FALSE,""
JAVELIN,1179,NR4A3;KLF15;COX7A1;C5orf38;SEMA3G,1.3050704741913,,0.0154176161062867,FALSE,""
JAVELIN,1180,SLC39A5;FAP;DENND2A;AFM;GRTP1,1.44604206020128,,0.00063460559133924,FALSE,""
JAVELIN,1181,IRX5;TENM3;SNORA26;UMOD;MIR581,1.06572141172167,,0.557578631628078,FALSE,""
JAVELIN,1182,NOX4;NDNF;ADAMTSL3;NKAIN4;PAPPA-AS1,1.47338814394177,,0.000351268672182942,FALSE,""
JAVELIN,1183,LPL;SNORA75;RHOBTB3;BMPR1B;CCR6,1.26553415614586,,0.0240319934293463,FALSE,""
JAVELIN,1184,BBOX1;GFRA1;SELENBP1;MIR195;TSPYL5,1.37103644386927,,0.00168034137316225,FALSE,""
JAVELIN,1185,DCDC2;VSIG2;SNORA48;ADCY8;MIR4774,1.32758818691119,,0.00885587639252643,FALSE,""
JAVELIN,1186,TNFAIP6;SLC7A8;MST1;SNORD115-37;CCDC141,1.42238239412336,,0.00178851809518679,FALSE,""
JAVELIN,1187,MACC1;ATP1A2;PLAUR;GSTM5;DLG2,1.14301717807706,,0.195051337280734,FALSE,""
JAVELIN,1188,C1orf106;SLC6A10P;DLL4;SIM1;CD300LF,1.31326871506095,,0.0101796726462256,FALSE,""
JAVELIN,1189,ACKR1;SIGLEC14;PTTG1;MIR3131;CTRL,0.951688980039279,,0.645822437694807,TRUE,""
JAVELIN,1190,SPOCK1;CLMP;SNORD29;HSD17B6;MIR583,0.983319367585473,,0.880101455408664,TRUE,""
JAVELIN,1191,GLYAT;MIR4676;ADAMTSL3;MIR193A;GPR160,1.63745903108429,,5.25111954479936e-06,FALSE,""
JAVELIN,1192,MIR4526;ALDH8A1;LZTS1;MAPK8IP2;PDE3B,1.16190121320191,,0.163345965865472,FALSE,""
JAVELIN,1193,UGT2A3;CYP4F12;GPC4;AQP2;REM1,1.37066712155006,,0.00391199080993737,FALSE,""
JAVELIN,1194,MYBL2;MIR3941;ALDOC;MIR574;SH2D3A,1.150500172792,,0.193296070474973,FALSE,""
JAVELIN,1195,FAM46C;GZMB;PTER;ANKRD2;PYGO1,0.83324510175678,,0.0848425654966446,TRUE,""
JAVELIN,1196,GPT;HPD;ECM2;PIK3C2G;LZTS3,1.35288069155672,,0.0084646429272296,FALSE,""
JAVELIN,1197,ABCA6;RYR2;CYTIP;CYP21A2;GLI1,0.996512295697139,,0.973269178959555,TRUE,""
JAVELIN,1198,MIR142;CYP4F3;ITGA11;FUT3;UNC5C,1.19656861053952,,0.0948714795040657,FALSE,""
JAVELIN,1199,CRB3;ZNF727P;MIR544B;SNORD115-1;KIF18B,1.26387735636359,,0.034104329695902,FALSE,""
JAVELIN,1200,ASPN;HOXD11;HRSP12;S100B;ZNF334,1.20409636299572,,0.0869702407084425,FALSE,""
JAVELIN,1201,PRSS8;CLMP;ACSF2;HHIP;MIR3157,1.05884971868093,,0.592543677566234,FALSE,""
JAVELIN,1202,MIR1180;LOC100288152;RASGRP1;MIR4685;ETV1,1.08073862982434,,0.471332432750835,FALSE,""
JAVELIN,1203,FCN3;MOXD1;ACSF2;GCGR;DLG2,1.16703803444067,,0.146685114159949,FALSE,""
JAVELIN,1204,OGDHL;HYDIN;MIR3125;SIGLEC12;PIFO,1.39765970105128,,0.00415783744013589,FALSE,""
JAVELIN,1205,AKR7A3;CHST13;MIR544B;GRPR;MEFV,1.15679665535962,,0.189029682166739,FALSE,""
JAVELIN,1206,GLYAT;GDA;PLEKHA7;KCNS1;AMY2B,1.33101423378888,,0.00856319364625791,FALSE,""
JAVELIN,1207,COL4A3;HPGD;ADCY4;SLC38A4;P2RY12,1.24671561465003,,0.0417779609644167,FALSE,""
JAVELIN,1208,NMB;LOC391322;SNORA77;NUGGC;PPM1H,1.06640263194057,,0.563355557249264,FALSE,""
JAVELIN,1209,PRSS8;PLA2G2A;SNORD116-28;GABRB3;RASGEF1A,1.25818221762182,,0.0352573732435638,FALSE,""
JAVELIN,1210,GPER1;IL2RA;DCBLD2;ENAM;MIR548AM,1.00467295858994,,0.966115911100404,FALSE,""
JAVELIN,1211,PROM1;PCDHGA5;GEM;HCAR3;SLAMF1,0.966016996623882,,0.747773860190039,TRUE,""
JAVELIN,1212,SHROOM3;SLC2A2;CACNA2D1;MIR345;UBE2T,1.25592004979311,,0.0338430753321752,FALSE,""
JAVELIN,1213,EMX2;ACHE;ALDOC;ATP6V1B1;TMEM178A,1.31096020052461,,0.0168265870242187,FALSE,""
JAVELIN,1214,ABO;KISS1R;SNORA48;PTK6;IL33,1.51908385217965,,0.000125901072382674,FALSE,""
JAVELIN,1215,ACADL;SPINK1;LY96;AMBP;DSEL,1.41184475711333,,0.00144646891785286,FALSE,""
JAVELIN,1216,BAMBI;ANKRD18A;SNORD12B;MIR4705;MIR4706,1.24401420056298,,0.0541028865491059,FALSE,""
JAVELIN,1217,LOC101927834;ESRP2;TEK;SYT12;PLCH1,1.45839259403447,,0.000652741662730312,FALSE,""
JAVELIN,1218,UGT8;PCDH10;ALDOC;MIR3126;SNORD116-23,1.57115241442138,,4.61217965816007e-05,FALSE,""
JAVELIN,1219,CD38;ADORA1;LY96;ADRA1A;RGS4,0.98989673615198,,0.926610972632111,TRUE,""
JAVELIN,1220,TENM1;COBL;SNORD59A;A1CF;PADI2,1.40261684994023,,0.00153880717349945,FALSE,""
JAVELIN,1221,FGB;LAMC2;ARHGEF15;LOC101926988;RAB40AL,1.15300305365326,,0.176448768656913,FALSE,""
JAVELIN,1222,COMP;SNORD110;MIR197;MYRFL;C6orf132,1.19604381683695,,0.104367579742369,FALSE,""
JAVELIN,1223,GATA3;SNORD77;COX7A1;ATP6V0A4;LOC100294362,1.15951024929806,,0.173054907568371,FALSE,""
JAVELIN,1224,PSAT1;CGREF1;MTCL1;HAO2;AMY2B,1.39057012623307,,0.00205343582872449,FALSE,""
JAVELIN,1225,FNDC1;PLCH2;2020-03-02 00:00:00;ANGPTL3;SNORA78,1.26018488977426,,0.0335745289422998,FALSE,""
JAVELIN,1226,GLYAT;MIR569;HOXD9;FLG;KIAA1324L,1.34286254785772,,0.00541889751007692,FALSE,""
JAVELIN,1227,NPNT;SFRP1;ID1;LGALS12;COLCA2,1.51150329678477,,0.000188181238890349,FALSE,""
JAVELIN,1228,MIR126;NRG1;PIEZO2;MIR4500;PAPPA-AS1,1.42676186115271,,0.00159646579149311,FALSE,""
JAVELIN,1229,IDO1;NLGN4Y;MYO7A;SFTPB;LOC101928871,1.06177345703479,,0.56833207819173,FALSE,""
JAVELIN,1230,F8;MIR569;ROBO4;FAM153C;DEPDC1B,1.4167408318352,,0.00196917492736349,FALSE,""
JAVELIN,1231,NPR3;GSTM1;ALDH6A1;RHBG;CNTN4,1.41074475277423,,0.00204114484054292,FALSE,""
JAVELIN,1232,PLAC9;WDR66;HIST1H2BO;PITX1;CCDC36,0.997642377884539,,0.983283635343711,TRUE,""
JAVELIN,1233,PEG10;UTY;SEMA4G;TNNC2;NOVA1,1.15361390430149,,0.176391814522548,FALSE,""
JAVELIN,1234,TNFAIP6;TESC;SELENBP1;SFTPB;LOC100128242,1.28256640542917,,0.0224507971852748,FALSE,""
JAVELIN,1235,MACC1;PLA2G2A;MIR4714;DDIT4L;FAM162B,1.26143154932685,,0.0351160967293835,FALSE,""
JAVELIN,1236,STC1;LTF;SNORA77;TRIM54;CYP26B1,1.14427413824108,,0.200224236406989,FALSE,""
JAVELIN,1237,ESM1;ETNK2;GEM;HAO2;GCAT,1.44266647867055,,0.00065127816362464,FALSE,""
JAVELIN,1238,MIR548AR;MIR339;HMCN1;SNORD114-19;TMEM178A,1.31336661895405,,0.00817494216133402,FALSE,""
JAVELIN,1239,ARHGEF16;DSCAML1;RGL3;OR2T10;DBNDD1,1.29850608841593,,0.0174683594420237,FALSE,""
JAVELIN,1240,SVEP1;COLEC12;MCF2L;CHIT1;SLAMF8,1.07761457231428,,0.464339071360692,FALSE,""
JAVELIN,1241,SULT1C4;MIR3918;RHOBTB3;CSDC2;PCP2,1.4132045581717,,0.00243483688070713,FALSE,""
JAVELIN,1242,PEG10;APOLD1;CACNA1C;MIR95;ADAMTS15,1.31416974838129,,0.0125361299012707,FALSE,""
JAVELIN,1243,GLYAT;CPXM1;IGFBP6;MAT1A;APOL4,1.11803483489777,,0.312310066658498,FALSE,""
JAVELIN,1244,GPT;IL2RA;DPYSL3;SCARA5;CKAP2L,0.833832515445283,,0.107547358664508,TRUE,""
JAVELIN,1245,STEAP4;IGFBP1;PTER;CCDC158;E2F8,0.928028747478188,,0.485551231276544,TRUE,""
JAVELIN,1246,TMEM27;MIR589;SNORA48;MAT1A;SCUBE2,1.46641330469191,,0.000488873365172278,FALSE,""
JAVELIN,1247,SLC7A9;LBP;ID4;FCAMR;APOBEC3B,1.23246796663371,,0.0544893050811619,FALSE,""
JAVELIN,1248,TNFAIP6;MT1M;DCBLD2;ACOXL;RLTPR,0.903038941170193,,0.345628840355757,TRUE,""
JAVELIN,1249,MIR3646;NRG1;FOLR2;MIR4439;MTRNR2L10,1.06765492151175,,0.542018748620016,FALSE,""
JAVELIN,1250,CNN1;MAPK15;S1PR3;MIR574;PADI2,1.21442220458693,,0.0641777254352434,FALSE,""
JAVELIN,1251,BBOX1;SPX;HRSP12;MIR3196;WNT9A,1.230382832458,,0.0599386987564359,FALSE,""
JAVELIN,1252,NPNT;PLIN4;TSKU;BRE-AS1;PGM5,1.09894983462841,,0.403255991101034,FALSE,""
JAVELIN,1253,NPNT;ESRP2;SNAI2;OCA2;TRIM6,1.36872767198369,,0.00323518310264556,FALSE,""
JAVELIN,1254,SCNN1A;MIR548AU;MIR4635;GPR15;RPS6KL1,1.30134461502741,,0.0129191088897502,FALSE,""
JAVELIN,1255,SLC16A12;RGN;MIR637;MMP12;CITED4,1.21965654473745,,0.0706485888889386,FALSE,""
JAVELIN,1256,CCL20;ALDOB;FZD8;LRRN2;AMY2B,1.45547041228205,,0.00115128989303458,FALSE,""
JAVELIN,1257,IKZF3;HOXD11;CSF3R;DAO;COL21A1,1.10839989569515,,0.303226853566573,FALSE,""
JAVELIN,1258,FNDC1;AGMAT;MTCL1;KCNH6;PLAC8,1.13688057757237,,0.244716202301279,FALSE,""
JAVELIN,1259,FXYD2;PALM3;RHOBTB3;ALX1;RASSF6,1.29161151872738,,0.0233970559755372,FALSE,""
JAVELIN,1260,TACSTD2;SNORD114-10;MYRF;PTX3;LOC100294362,1.01857582245074,,0.865507416853019,FALSE,""
JAVELIN,1261,SULT1C4;SPINK1;NT5E;SNORD115-21;ACTA2-AS1,1.2348550434006,,0.0593932727960534,FALSE,""
JAVELIN,1262,NPNT;MIR378A;SLC2A9;PDE4C;CACNA2D4,1.54516075640077,,6.03071581808698e-05,FALSE,""
JAVELIN,1263,IGF2BP2;SLC6A10P;ALDH1A3;SLC26A7;LOC100128242,0.862479401642074,,0.171572555062486,TRUE,""
JAVELIN,1264,MYH14;FTCD;IFI44L;C10orf62;FIBIN,1.18975968661493,,0.103799986659657,FALSE,""
JAVELIN,1265,UGT2A3;CYP4F3;RHOBTB3;CPAMD8;POU5F1P3,1.21229283267478,,0.0794334607931849,FALSE,""
JAVELIN,1266,PCOLCE2;SPTBN2;SNORD33;MIR4786;MTCP1,1.13387276928733,,0.250805142599853,FALSE,""
JAVELIN,1267,CRB3;SLAMF7;DCBLD2;FPR2;CACNA2D4,0.774847258197855,,0.0202637032305363,TRUE,""
JAVELIN,1268,FRAS1;CCDC148;MIR197;TBX5;CD80,1.33942359573151,,0.00775295607371564,FALSE,""
JAVELIN,1269,MIR126;SLC22A3;PLEKHA7;C1orf168;CCR4,1.23394653177004,,0.045437194298218,FALSE,""
JAVELIN,1270,TMEM27;MLXIPL;SNORD59A;MIR758;PPIAP30,1.2664665130911,,0.0255788378132382,FALSE,""
JAVELIN,1271,MYBL2;CYP4F3;IL2RB;LOC100505635;CCDC36,1.00629295776345,,0.954315258168856,FALSE,""
JAVELIN,1272,GPT;CXCL8;HIST1H4L;FBXL16;SNORD60,1.31285916927763,,0.0122967087160433,FALSE,""
JAVELIN,1273,CD27;GZMB;EFNA1;AKR1B10;CACNA2D4,0.913693685671503,,0.401129940839514,TRUE,""
JAVELIN,1274,ACY3;MIR4731;HRSP12;MIR410;CASZ1,1.46840107920919,,0.000358697738133661,FALSE,""
JAVELIN,1275,F2RL1;FOXQ1;RASGRP1;IHH;BIRC5,1.06314006389059,,0.56251132478195,FALSE,""
JAVELIN,1276,CHDH;MIR1249;IL2RB;EHF;CLDN9,1.08327990134102,,0.48093384457469,FALSE,""
JAVELIN,1277,MIR3646;ALDH8A1;SNORA77;SFTPA1;RNF148,1.28724751343881,,0.015839776626539,FALSE,""
JAVELIN,1278,OGDHL;FGA;TIE1;MIR3617;KCNMB4,1.24015778646677,,0.0465965317100665,FALSE,""
JAVELIN,1279,MIR4730;SLC5A10;GAMT;TMEM252;AGBL3,1.44427780349439,,0.00101260707282675,FALSE,""
JAVELIN,1280,PRSS8;RGN;CALCRL;TRIM54;LOC644086,1.31690801632574,,0.00922385644814848,FALSE,""
JAVELIN,1281,MIR645;REEP6;NT5E;EML6;TIAM2,0.882334598021741,,0.253569541543293,TRUE,""
JAVELIN,1282,GZMK;MAP7D2;MYO7A;SYT9;ICOS,1.09357677111718,,0.397560741690486,FALSE,""
JAVELIN,1283,ARHGEF16;PRODH2;MTCL1;SLC35F3;HOXA10-AS,1.18759578219394,,0.107003656250893,FALSE,""
JAVELIN,1284,HNF1A;PNMA2;ACSF2;SLC22A24;PYGO1,1.44240570503989,,0.000835644985157474,FALSE,""
JAVELIN,1285,DCDC2;GLDC;CDH13;ACOXL;MIR3978,1.10975694448711,,0.334160261420818,FALSE,""
JAVELIN,1286,PTH1R;VSIG2;MIR1207;MIR592;MIR1273F,1.31631568460324,,0.0118230256523768,FALSE,""
JAVELIN,1287,GBA3;TNFSF14;ADCY4;SLC38A4;FRMD3,1.30865626316553,,0.0145475682929047,FALSE,""
JAVELIN,1288,FCN3;GFRA1;RGL3;MIR5091;GSTT2,1.33084873992092,,0.00494484093042238,FALSE,""
JAVELIN,1289,PPAP2C;TNFSF14;CKS2;CST6;WNT9A,0.703634420247861,,0.00106241959564194,TRUE,""
JAVELIN,1290,SNCG;CCDC148;COL5A3;CST6;KIAA1324L,1.29522463323787,,0.0128988471956318,FALSE,""
JAVELIN,1291,TACSTD2;FOXP2;CDH13;TTR;FLT3,1.1077338063306,,0.341048082079161,FALSE,""
JAVELIN,1292,MYBL2;MIR23B;LZTS1;SNORD114-26;LOC101928494,1.08986226091802,,0.437336050035194,FALSE,""
JAVELIN,1293,SPOCK1;FOXQ1;MIR1537;CNTFR;CASZ1,1.06116320010038,,0.593724768339216,FALSE,""
JAVELIN,1294,TMEM27;FOXF1;FPR1;MIR380;FLRT2,1.13358720337007,,0.236871619929207,FALSE,""
JAVELIN,1295,SLC7A9;MIRLET7I;PDLIM3;ATOH8;CCDC85A,1.47797452052138,,0.000262433056828381,FALSE,""
JAVELIN,1296,CXCL1;ROR2;2020-03-02 00:00:00;MIR4654;FLRT2,1.23895692933054,,0.0440669062545476,FALSE,""
JAVELIN,1297,MIR1180;TNXB;FZD8;OMD;NCAPG,1.0429635304017,,0.712965842559699,FALSE,""
JAVELIN,1298,LOC101927834;MIR1972-1;HIST1H2BM;RERGL;MIR4774,1.28148995709115,,0.0207249496640567,FALSE,""
JAVELIN,1299,CD38;ARG2;MIR4784;ATRNL1;ATP8B3,0.902344914621023,,0.334901853763212,TRUE,""
JAVELIN,1300,NPNT;MIR339;HIST1H2AL;GC;NEIL3,1.06737071690231,,0.548536487465218,FALSE,""
JAVELIN,1301,MIR27A;C4A;CALCRL;NKAIN4;CD200R1,1.28429350465451,,0.0163517224940054,FALSE,""
JAVELIN,1302,ACY3;NLGN4Y;MECOM;CYP21A1P;LIPE,1.2257208871074,,0.0607837789539858,FALSE,""
JAVELIN,1303,SCNN1A;CXCL8;TEK;PTPRQ;SMN2,1.28110015714815,,0.0227867716039731,FALSE,""
JAVELIN,1304,BCMO1;CLMP;DENND2A;CERKL;ROPN1L,1.36435643048296,,0.00463153789881193,FALSE,""
JAVELIN,1305,SCNN1A;EMX1;PTER;FOXA1;TNFRSF18,1.09053852804051,,0.420040848537068,FALSE,""
JAVELIN,1306,ANLN;PCDHGA4;ADAMTS2;VIPR1;PLAC8,0.926772164457628,,0.482777443297485,TRUE,""
JAVELIN,1307,EXOC3L4;PCDH10;RNF128;SHISA9;THEMIS,1.12376187487955,,0.274188373440432,FALSE,""
JAVELIN,1308,EMX2;REEP6;ADAMTS2;CYP4F2;MIR98,1.15261886145057,,0.197452156731945,FALSE,""
JAVELIN,1309,NR4A2;KCNJ3;MIR4635;CCDC78;SNORD116-23,1.36525296223007,,0.00485740811418601,FALSE,""
JAVELIN,1310,MYH14;MIRLET7I;LY96;NPC1L1;PPM1H,0.949233327236058,,0.638400411649602,TRUE,""
JAVELIN,1311,SCIN;SERPINA6;RIPK4;WFDC10B;LOC441402,1.57127323570784,,5.09735514907115e-05,FALSE,""
JAVELIN,1312,TSPAN13;ZFHX4;ROBO4;WFDC5;HMMR,0.863889051271956,,0.189240246700568,TRUE,""
JAVELIN,1313,MYO3A;IRF4;RNF128;IHH;DGKI,1.33776683418028,,0.00756789358019059,FALSE,""
JAVELIN,1314,NOX4;CDHR1;SLC1A1;PAEP;STEAP1B,1.17211680847459,,0.149070714039772,FALSE,""
JAVELIN,1315,CD38;STK32B;SNORA26;C10orf62;MIR4779,0.986783026254981,,0.898969145490735,TRUE,""
JAVELIN,1316,TMEM27;TRPC6;MIR1207;TSPAN10;COL21A1,1.39569968014686,,0.00214663890998692,FALSE,""
JAVELIN,1317,ALPK3;GPD1;SLC2A9;DUOX1;KCNMB4,1.27490690276826,,0.0206377420320998,FALSE,""
JAVELIN,1318,TBX3;ZNF711;HOXD9;WFDC5;RAB6B,1.23374510982209,,0.0529695755682647,FALSE,""
JAVELIN,1319,PIGR;B3GNT3;ALDOC;MIR181B2;FAXDC2,1.24707367511,,0.0384054681138384,FALSE,""
JAVELIN,1320,CNN1;DUSP2;SNORD59A;MIR4521;S1PR4,0.994221575213884,,0.955798206967285,TRUE,""
JAVELIN,1321,MUC3A;AR;SNORD116-16;ATP2C2;TMOD1,1.30257047467999,,0.0163977666532801,FALSE,""
JAVELIN,1322,CST7;GLIS1;MMP11;AGXT;MIR4295,1.55730023232395,,7.10276638761711e-05,FALSE,""
JAVELIN,1323,OLR1;C10orf113;PTTG1;ZNF676;MIR4440,1.12499760145517,,0.255750325422841,FALSE,""
JAVELIN,1324,S100A8;MIR186;HOXD9;MYOZ1;PRDM8,1.16383051153013,,0.146059431017135,FALSE,""
JAVELIN,1325,CCL19;LBP;TMEM204;PITX1;ANKRD29,0.83277279262008,,0.0950994263674925,TRUE,""
JAVELIN,1326,IL6;AQP7;2020-03-02 00:00:00;RHBG;MDH1B,1.49792813336709,,0.000441566058619852,FALSE,""
JAVELIN,1327,SMIM24;SPINK1;RGL3;CXCR2;WNT3,1.13009083532371,,0.258497561509523,FALSE,""
JAVELIN,1328,TFPI2;FOXQ1;GEM;LEFTY1;SNORD116-23,1.16383877871278,,0.167139257568535,FALSE,""
JAVELIN,1329,PSAT1;TENM3;FZD8;MIR378D2;CCDC74B,0.976189987490566,,0.823824145828931,TRUE,""
JAVELIN,1330,CHDH;ADAMTS14;MIR4714;APOA1;FAM212A,1.33488977761913,,0.00968124466854729,FALSE,""
JAVELIN,1331,MYH14;GREM1;GAMT;MIR1271;FAM132A,1.06724948443177,,0.538466569669538,FALSE,""
JAVELIN,1332,ABCA6;HLF;DCBLD2;ZBTB7C;LILRA6,0.87761791078163,,0.211758991851754,TRUE,""
JAVELIN,1333,MIR548AR;GPD1;DENND2A;MIR4636;MMP17,1.27572445184911,,0.0203354229576372,FALSE,""
JAVELIN,1334,RAP1GAP;MAPK15;MIR3975;PRND;C6orf132,1.28300825052975,,0.0219218286070212,FALSE,""
JAVELIN,1335,FCN3;MFAP2;TEK;SCN2A;MAATS1,1.33940264916502,,0.00640012271645926,FALSE,""
JAVELIN,1336,F2RL1;HOXD11;IGFBP6;GRIK4;TSPAN32,0.998737536786851,,0.990272948010448,TRUE,""
JAVELIN,1337,MACC1;SLC26A1;MIR1207;CILP2;ADCY1,1.34418976341673,,0.00716645309951932,FALSE,""
JAVELIN,1338,FGG;EGR3;DMD;DNAH9;CD40LG,1.05138736840436,,0.653240454005406,FALSE,""
JAVELIN,1339,SPOCK1;TMEM139;GPC4;TMC5;CD28,1.0109163317083,,0.917580918055174,FALSE,""
JAVELIN,1340,QPCT;ATP1A2;PIEZO2;LPPR5;IL17RD,1.38070918285786,,0.00343513247420897,FALSE,""
JAVELIN,1341,ACY3;SFN;MYO5B;SLC4A1;LOC644086,0.993628830949698,,0.953389469076241,TRUE,""
JAVELIN,1342,ANO9;PCDHGA5;TREM2;MIR4486;PI4KAP1,1.04987654823501,,0.633692979457503,FALSE,""
JAVELIN,1343,PPAP2C;FTCD;MIR4714;OR2T34;SNORD126,1.07366089790889,,0.514169660476024,FALSE,""
JAVELIN,1344,CCL20;KIT;SNORD6;DDIT4L;PAMR1,1.3263878015487,,0.0113670712888885,FALSE,""
JAVELIN,1345,ABO;TRIM55;MYO5B;LPPR5;GNMT,1.33310507463768,,0.0109513666176736,FALSE,""
JAVELIN,1346,F8;HYDIN;SNAI2;EYA1;LURAP1,1.4316005680612,,0.000896607116863187,FALSE,""
JAVELIN,1347,UGT2A3;SIGLEC14;MIR1207;WNT2;COL9A2,1.20273384086831,,0.0860540365952114,FALSE,""
JAVELIN,1348,TENM1;SLC4A3;TMEM204;PCDHB5;PLCH1,1.36391960466851,,0.00479491437474566,FALSE,""
JAVELIN,1349,MIR378I;MIR23B;SELENBP1;AMBP;AGBL3,1.38339990870611,,0.00185505101595335,FALSE,""
JAVELIN,1350,SLPI;LYVE1;MIR631;MUC12;DOC2B,0.825399265948834,,0.0752222413362772,TRUE,""
JAVELIN,1351,ALDH1L1;KLKB1;ADAMTSL3;DDX43;SNORD50A,1.52253490278883,,6.9051609853719e-05,FALSE,""
JAVELIN,1352,SLPI;PCDHGA5;PLAT;TMEM252;EME1,0.940144516670373,,0.577001966642942,TRUE,""
JAVELIN,1353,SLPI;FUT6;BMP2;MS4A2;DCDC1,1.30940029091001,,0.0128874843757596,FALSE,""
JAVELIN,1354,FRAS1;SLC6A10P;SNORD4B;MIR4531;SNORA70D,1.51092131205797,,0.000200345160250228,FALSE,""
JAVELIN,1355,HHLA2;GPC3;EFNA1;ASPDH;DLGAP5,1.24050156567274,,0.0484145316716913,FALSE,""
JAVELIN,1356,IKZF3;FXYD1;ANGPT2;MIR425;PPIAP30,1.10819227788137,,0.346637027256608,FALSE,""
JAVELIN,1357,NTM;GJB1;TIE1;C19orf67;RASGEF1A,1.41605249121402,,0.00122813360561421,FALSE,""
JAVELIN,1358,SLPI;PAH;ECM2;SCARA5;DLG2,1.09310225057716,,0.406579892141252,FALSE,""
JAVELIN,1359,DDC;MLLT11;SELENBP1;SNORD114-25;MIR640,1.21746434863617,,0.0696772888480224,FALSE,""
JAVELIN,1360,PTH1R;KMO;SNORD12B;MIR493;MIR765,1.0611261330065,,0.577252009112678,FALSE,""
JAVELIN,1361,C14orf105;SLC12A8;RGL3;MIR665;GNAO1,1.04467795889477,,0.684232052841473,FALSE,""
JAVELIN,1362,TINAG;LOC647859;MST1;PDPN;PRRT3-AS1,1.19981821195611,,0.0966386130030899,FALSE,""
JAVELIN,1363,HABP2;ADRA2A;IGFBP6;SYT12;SMG1P5,0.996513714812392,,0.974513839656243,TRUE,""
JAVELIN,1364,SVEP1;HSH2D;CKS2;MIR320A;GRAP2,0.823100635150055,,0.0646470228669879,TRUE,""
JAVELIN,1365,PEG10;MIR4731;RGL3;LGALS12;KIF26A,1.45805568951057,,0.000366151842665879,FALSE,""
JAVELIN,1366,C8orf4;SLC4A3;CRISPLD2;GABRB3;SNORD103B,1.17732472696704,,0.147663790286657,FALSE,""
JAVELIN,1367,HOXD10;MIR1203;MYRF;RERGL;ICOS,1.04803557355366,,0.665910621151937,FALSE,""
JAVELIN,1368,ANK3;RARRES1;MIR197;SCARA5;NOVA1,1.17615262560678,,0.131969366012471,FALSE,""
JAVELIN,1369,OGDHL;IGFBP1;CALCRL;PTX3;NBEAP1,1.21851566380387,,0.0735459685983003,FALSE,""
JAVELIN,1370,SRPX;PCDH10;FKBP9P1;MIR95;GPR160,1.28597895525032,,0.0212219392927379,FALSE,""
JAVELIN,1371,CHDH;CYP4F3;SNORA77;KCNJ10;PCDHB4,1.1656263650166,,0.165974076873596,FALSE,""
JAVELIN,1372,CTSW;MIR554;MCF2L;LOC101926988;LOC100128242,1.09981455141037,,0.35195513232032,FALSE,""
JAVELIN,1373,PROM1;RYR2;TREM2;HSD3B2;TRIM6,1.34009379310502,,0.00449559051082591,FALSE,""
JAVELIN,1374,HABP2;GPD1;MXRA8;TUBB1;AGBL3,1.14082299868002,,0.227873373247706,FALSE,""
JAVELIN,1375,TTC39A;WDR66;PLAT;SLC6A20;RNF157,1.17357710824661,,0.139897459585011,FALSE,""
JAVELIN,1376,ACKR1;PTGER3;MYO7A;C10orf62;CASZ1,1.34631670031689,,0.00751440801836698,FALSE,""
JAVELIN,1377,SEC14L6;MZB1;IFI44L;TMEM252;FOXD1,1.09610630485802,,0.391121503436993,FALSE,""
JAVELIN,1378,RBP4;MIRLET7A2;CACNA1C;DUOX2;SNORD126,1.38397051578756,,0.00350767678061245,FALSE,""
JAVELIN,1379,DDC;WDR66;PDLIM3;PROC;CDS1,1.37895995723451,,0.00368230514069712,FALSE,""
JAVELIN,1380,AKR7A3;GPRC5A;MIR197;CHGB;EMR4P,1.05176407746454,,0.65269324317392,FALSE,""
JAVELIN,1381,ESM1;KLF15;DLL4;CALCR;WDR96,1.59675450413131,,2.60599646179089e-05,FALSE,""
JAVELIN,1382,RBP4;MST1P2;PTTG1;MIR100;LOC729970,1.46625073524995,,0.00051800182539893,FALSE,""
JAVELIN,1383,ESM1;MYO7B;MS4A4A;MIR218-2;GCAT,1.47460807883331,,0.000473687841749178,FALSE,""
JAVELIN,1384,NME5;CYP4F3;MIR631;SNORD114-2;GPR160,1.16775562211229,,0.151349370512966,FALSE,""
JAVELIN,1385,IL6;SPTBN2;COX7A1;MMP12;MIR4440,0.896182192900421,,0.310174810765629,TRUE,""
JAVELIN,1386,MIR142;SNORD114-13;GPC4;CTSG;C9orf106,1.17256857101139,,0.131312450411985,FALSE,""
JAVELIN,1387,MIR27A;SNORD115-5;DLL4;KLK1;LOXL4,1.44601368054226,,0.00123074132820266,FALSE,""
JAVELIN,1388,ANO9;VSIG2;ADCY4;TFCP2L1;LOC100294362,1.1907138036262,,0.103910143703614,FALSE,""
JAVELIN,1389,ITGA8;SNORD114-13;SNORA26;MIR758;CD80,1.04374429329435,,0.685336675197443,FALSE,""
JAVELIN,1390,RAB17;ESPN;SNORA77;SULT2B1;WNT9A,1.18701981087923,,0.113937881344467,FALSE,""
JAVELIN,1391,SEC14L6;ZFY;NT5E;KIAA0319;P2RY6,0.979455833677029,,0.850433770123646,TRUE,""
JAVELIN,1392,ANLN;MGAM;FKBP9P1;MIR1290;CTRL,1.13724824418936,,0.232530809306436,FALSE,""
JAVELIN,1393,FGG;FABP7;COL5A3;TNNI3;POU5F1P4,1.33375942308865,,0.0097997888951337,FALSE,""
JAVELIN,1394,GPR126;WDR66;FOLR2;GPM6A;PMAIP1,0.91812520909371,,0.433713387427446,TRUE,""
JAVELIN,1395,CCL20;WNK4;SNORD116-8;KCNS1;MMP25,0.974444973799186,,0.809458344916789,TRUE,""
JAVELIN,1396,FABP4;DNASE1L3;MAP4K1;B3GAT1;USHBP1,0.931647167725142,,0.492967231281124,TRUE,""
JAVELIN,1397,SLC17A1;ELOVL7;BMP2;SCN4A;ADM2,1.38600628575122,,0.00284315408342155,FALSE,""
JAVELIN,1398,IKZF3;NAPSA;HMCN1;MIR379;KBTBD11,1.29989186264072,,0.0144137730281813,FALSE,""
JAVELIN,1399,SCN9A;SNORD65;SNORD12B;ADRB1;HAS3,0.992104465186259,,0.941421531944646,TRUE,""
JAVELIN,1400,TNFAIP6;SPTBN2;SEMA4G;SLC6A20;ALMS1P,1.21810525581338,,0.0714127880539183,FALSE,""
JAVELIN,1401,NPR3;EGR3;HIST1H2BO;MIR93;LRRC4,1.13956849961514,,0.227955092202362,FALSE,""
JAVELIN,1402,FOLH1;GLIS1;IGFBP6;TRNP1;PCDHB16,1.22534719258375,,0.0761296750743746,FALSE,""
JAVELIN,1403,ACE2;TMEM171;MXRA8;STAC2;HSD17B3,1.35279226660585,,0.00536579173205515,FALSE,""
JAVELIN,1404,CX3CR1;PPARGC1A;EVI2B;HPX;LOC729970,1.32002265940997,,0.00668186430144145,FALSE,""
JAVELIN,1405,ABO;C5orf46;ADAMTSL3;MIR30D;GJC2,1.65359510448281,,4.10762531868421e-06,FALSE,""
JAVELIN,1406,MIR4499;AR;HMCN1;PEG3;DYNLRB2,1.44920236084004,,0.000333271426675817,FALSE,""
JAVELIN,1407,FOSB;ACHE;MIR4635;FPR2;AGAP11,1.11537319866014,,0.283653111701686,FALSE,""
JAVELIN,1408,ACY3;MIOX;HOXD9;KCNJ1;SNORA70D,1.4188442482102,,0.00146210527555798,FALSE,""
JAVELIN,1409,AGMO;ELOVL7;HIST1H2BM;KCNH2;WISP1,1.32554595490822,,0.00869195676580129,FALSE,""
JAVELIN,1410,MIR645;LOC100288152;FZD8;SNORD114-14;FIGNL2,1.23080065725169,,0.0610741169152588,FALSE,""
JAVELIN,1411,ALDH1L1;FOXQ1;MIR3975;DUOX2;LOC101928494,1.32592425518071,,0.0148836041052792,FALSE,""
JAVELIN,1412,STC2;GZMB;MIR1537;P4HA3;WNT3,0.92330501729633,,0.481097561328166,TRUE,""
JAVELIN,1413,COL4A3;PALM3;FAM20A;SLC44A5;SNORA70D,1.26215540494767,,0.0308214239436669,FALSE,""
JAVELIN,1414,CYP2E1;NPY6R;CACNA1C;GPR15;SNORD45B,1.33733546414342,,0.0069767196179349,FALSE,""
JAVELIN,1415,KRT7;HRH2;SNORD116-16;MIR3178;PPIAP30,1.14984871712082,,0.183333861892623,FALSE,""
JAVELIN,1416,MIR645;CCDC148;SARDH;CLIC5;KLHL13,1.32841704263801,,0.013152600912748,FALSE,""
JAVELIN,1417,ACKR1;SERPINA6;MIR4635;PTPRQ;AGBL3,1.60588882148024,,9.2380290425206e-06,FALSE,""
JAVELIN,1418,NPR3;CYP24A1;SLC1A1;PRIMA1;POU5F1P4,1.27618515935466,,0.0240768927601993,FALSE,""
JAVELIN,1419,SCNN1A;CHI3L2;NT5E;MIR5584;EPHB1,1.04089263505127,,0.714924262073596,FALSE,""
JAVELIN,1420,ABO;MIRLET7E;MIR4784;SST;LOC441402,1.25692422260025,,0.0387872673494321,FALSE,""
JAVELIN,1421,STC2;LOC647859;EMP1;NAT8L;MIR1183,1.22303440002701,,0.070773275109851,FALSE,""
JAVELIN,1422,COX4I2;MIR1303;PLEKHA7;CCL11;SPIRE2,1.35440221998852,,0.00620074049073829,FALSE,""
JAVELIN,1423,FGB;MIR4519;SLC1A1;ST6GAL2;DLG2,1.49143713386333,,0.000289526327031163,FALSE,""
JAVELIN,1424,ACY3;CYP4F12;FZD8;MIR3124;GNAO1,1.26833933692072,,0.0244164653137877,FALSE,""
JAVELIN,1425,SLC7A9;CYP4F3;MIR4714;CST1;TSPYL5,1.23500351944528,,0.0510143268535825,FALSE,""
JAVELIN,1426,DCDC2;MIR339;HIST1H2AL;IP6K3;CCDC141,1.0927602238324,,0.425930153274565,FALSE,""
JAVELIN,1427,IDO1;EPPK1;BMP2;C9;LOC441402,1.20552639609488,,0.0787970876224706,FALSE,""
JAVELIN,1428,MACC1;CPXM2;RHOBTB3;AKR1B10;CD200R1,0.972310818261725,,0.787750772256217,TRUE,""
JAVELIN,1429,MIR548AR;PRODH2;DENND2A;MIR2052;WBSCR27,1.27806561998352,,0.0223385902729517,FALSE,""
JAVELIN,1430,IGF2BP2;PLA2G2A;MIR4435-2;PXDNL;MIR3682,0.984791504794467,,0.887723667341905,TRUE,""
JAVELIN,1431,C14orf105;PCDHGA4;DCBLD2;LHX1;DEPDC1B,0.945256852409634,,0.607627984380479,TRUE,""
JAVELIN,1432,IGF2BP2;PRAP1;GAMT;PADI3;PPP1R3G,0.880340014478006,,0.262969269545877,TRUE,""
JAVELIN,1433,FGB;MIR3145;ROBO4;FAM153B;PDE8B,1.50276228868781,,0.000167154266487555,FALSE,""
JAVELIN,1434,FABP4;ELOVL7;ALDOC;GYG2;ADAMTS15,1.19416314298332,,0.119834068889011,FALSE,""
JAVELIN,1435,AOC1;IL2RA;SELENBP1;PTPRN;LRRC17,1.2496175041973,,0.0360284238208115,FALSE,""
JAVELIN,1436,CST7;ACHE;ID4;ANKRD2;LOC101928494,0.955410346191521,,0.661033965777598,TRUE,""
JAVELIN,1437,NTM;CGREF1;HRSP12;C19orf67;DEPDC7,1.5759544364647,,2.97088324675426e-05,FALSE,""
JAVELIN,1438,MIR142;FUT6;HIST1H2AL;PLA2G1B;EPHB3,1.199536760479,,0.0944448721488734,FALSE,""
JAVELIN,1439,CD27;CDA;SNAI2;SNORD115-37;KIF26A,1.07924956425319,,0.485184706129104,FALSE,""
JAVELIN,1440,ESM1;GYLTL1B;TMEM204;C19orf80;PAPPA-AS1,1.61191536255363,,2.25278015082092e-05,FALSE,""
JAVELIN,1441,MIR3117;CD22;EVI2B;CDH15;KCNIP3,0.959232290118407,,0.69652228792155,TRUE,""
JAVELIN,1442,VTRNA2-1;ELOVL7;ARL4C;DDIT4L;MIR5094,1.38673617000693,,0.0027214156371942,FALSE,""
JAVELIN,1443,HABP2;CLDN10;MIR631;KNG1;MIR3942,1.44510664488044,,0.00152587405006795,FALSE,""
JAVELIN,1444,MIR645;MIR4731;SLC1A1;SNORD114-7;GPR174,1.06624320402326,,0.549242748392634,FALSE,""
JAVELIN,1445,F2RL1;MIR3941;SELENBP1;TMPRSS4;FCN1,1.1646415141705,,0.158980519671832,FALSE,""
JAVELIN,1446,SEC14L6;IL2RA;PTK7;FAM153C;TG,1.06188036833679,,0.584324188658458,FALSE,""
JAVELIN,1447,BAIAP2L2;MIR148B;ROBO4;GUCY1B2;MIR3135A,1.66256313285124,,4.8064177551228e-06,FALSE,""
JAVELIN,1448,CST7;SOX6;MS4A4A;ESRP1;LIPE,1.03111469963488,,0.772859128761431,FALSE,""
JAVELIN,1449,PIGR;MIR3918;ADAMTS2;PRSS22;LRP8,1.01071129438908,,0.920730540396299,FALSE,""
JAVELIN,1450,SNCG;TENM3;SNORD33;MIR345;TNFRSF11A,0.949468797008133,,0.637324354433729,TRUE,""
JAVELIN,1451,FCN3;SPINK1;HOXD9;MIR196A1;PDE1C,1.46254941671334,,0.000567066229655871,FALSE,""
JAVELIN,1452,CNN1;C10orf113;SLC1A1;MIR2052;EFS,1.17269044411239,,0.148564091175357,FALSE,""
JAVELIN,1453,MIR645;GCNT3;LZTS1;MIR548A1;GZMM,0.96952697618332,,0.775768990012777,TRUE,""
JAVELIN,1454,MIR548AR;GFRA1;MXRA8;SLC47A2;GTSE1,1.11058788255684,,0.342797677183755,FALSE,""
JAVELIN,1455,AGMO;MIR646;MCF2L;CYP17A1;HOXA7,1.60017919061239,,1.96659926085746e-05,FALSE,""
JAVELIN,1456,ANK3;CDH23;PTER;EYA4;STEAP1B,1.25939326615879,,0.0303174122883392,FALSE,""
JAVELIN,1457,MYH14;KCNJ3;SNORD59A;DDIT4L;LCN12,1.51254005850026,,0.000220993320991038,FALSE,""
JAVELIN,1458,FNDC1;CD69;EFNA1;DMBT1;CTRL,1.06328550986823,,0.565807175097341,FALSE,""
JAVELIN,1459,ALDH1L1;SLC27A2;TIE1;KLHL41;DAPP1,1.25599420438003,,0.0296000399520108,FALSE,""
JAVELIN,1460,SCNN1A;CYP4F3;LY96;PPP2R2C;HUNK,0.974614959475582,,0.810881574112694,TRUE,""
JAVELIN,1461,MAL;DUSP2;HOXD4;LRRC7;HIST2H3A,1.07180845753853,,0.512600601861339,FALSE,""
JAVELIN,1462,MGAT3;VANGL2;CACNA1C;NEFM;DCDC1,1.47291301669704,,0.000621402684958083,FALSE,""
JAVELIN,1463,ACE2;MLLT11;CRISPLD2;TNIP3;SNCAIP,0.930736089401969,,0.516912454543931,TRUE,""
JAVELIN,1464,UBD;ROR2;ADCY4;SCUBE3;NLRC3,1.07467235961523,,0.485550460752565,FALSE,""
JAVELIN,1465,CPZ;ATP1A2;PPL;CLIC6;MIR5697,1.1306018542042,,0.252439272507675,FALSE,""
JAVELIN,1466,C1orf106;AR;FOLR2;DEFB134;RNF157,1.27562806212841,,0.0291290847036705,FALSE,""
JAVELIN,1467,RASD1;GSTM1;SNORD116-28;KCNS1;GNAO1,0.964859769398315,,0.737840934277257,TRUE,""
JAVELIN,1468,MUC3A;MIR569;ARL4C;FAM153C;NOVA1,1.17368741764783,,0.129192836602011,FALSE,""
JAVELIN,1469,PRSS8;PPARGC1A;NT5E;CAPN6;ADORA2B,1.12711752592955,,0.280210997739358,FALSE,""
JAVELIN,1470,OLFML2A;PCK1;FOLR2;BDH1;POU5F1B,1.43239644053093,,0.00123920487750864,FALSE,""
JAVELIN,1471,NR4A2;PPARGC1A;LDB2;NPHS1;ALDH1L2,1.28434989273065,,0.0226623194424385,FALSE,""
JAVELIN,1472,CST7;VSIG2;ITGA11;NAT8L;TMOD1,1.02490771454947,,0.821799983483963,FALSE,""
JAVELIN,1473,MT1G;CHRDL1;APCDD1;XDH;GRAMD1B,0.856142354592971,,0.143119834698958,TRUE,""
JAVELIN,1474,IRX5;MYO7B;PTTG1;CYP21A2;NTNG2,1.12410606465873,,0.282586420350052,FALSE,""
JAVELIN,1475,MIA2;PCDHGA5;SNORD116-28;SHISA9;TTC22,1.29707458082662,,0.0196844773563997,FALSE,""
JAVELIN,1476,F8;ANXA13;NT5E;FOXF2;CCDC85A,1.37762376487364,,0.00274675809724277,FALSE,""
JAVELIN,1477,FER1L4;PRAP1;ANGPT2;SHOX2;RNF157,1.2437760471427,,0.0472313065940852,FALSE,""
JAVELIN,1478,REG1A;ABCA12;MIR197;MIR4506;CACNB2,1.43793322674764,,0.0012540022211136,FALSE,""
JAVELIN,1479,LOC101927834;ADAMTS14;MIR938;MIR2052;RSAD2,0.925183951211461,,0.476181080153204,TRUE,""
JAVELIN,1480,MIR30A;TRPC6;ALDH6A1;DIRAS2;FAIM3,1.26429847970995,,0.0299010262171422,FALSE,""
JAVELIN,1481,FGB;LRG1;DCBLD2;MYOZ1;P2RY10,0.862259299259029,,0.168434657961377,TRUE,""
JAVELIN,1482,OGDHL;SLC23A3;ITGA11;ANO3;PRKAR2B,1.15818898236011,,0.18407519521799,FALSE,""
JAVELIN,1483,HNF1A;ARG2;ALDH6A1;MIR924;LRRC37A4P,1.28914455767148,,0.0243776054251658,FALSE,""
JAVELIN,1484,BCL2A1;F5;ALDOC;ASPDH;WDR96,1.17753599566654,,0.126850353055586,FALSE,""
JAVELIN,1485,AKR7A3;ROR2;MIR938;CYP21A1P;OSR1,1.19493419881408,,0.107686020720016,FALSE,""
JAVELIN,1486,CRB3;PLCH2;HIST1H4L;PRR15L;LOC401317,1.08340936690844,,0.458816022729966,FALSE,""
JAVELIN,1487,MIR548AR;TNXB;ANGPT2;ZBTB7C;RNF157,1.16354225515006,,0.142291829888825,FALSE,""
JAVELIN,1488,ASPN;MZB1;DPYSL3;ESPNP;KCNIP3,1.09066400900266,,0.433978532671322,FALSE,""
JAVELIN,1489,CCL19;VSIG2;DENND2A;PKP3;LOC401317,1.02306747764212,,0.839604046960704,FALSE,""
JAVELIN,1490,GATA3;ACHE;MIR544B;SMOC1;KCNIP3,0.894992202554076,,0.305046163507288,TRUE,""
JAVELIN,1491,AOC1;HP;MIR4635;MIR379;LRP8,1.13423165064996,,0.244447894365356,FALSE,""
JAVELIN,1492,NR4A3;AGMAT;MIR4784;CFTR;PSD3,1.08820429561907,,0.448680412061003,FALSE,""
JAVELIN,1493,MIR23C;GPD1;MYO5B;PDPN;GJA5,1.101854588088,,0.374508884133394,FALSE,""
JAVELIN,1494,MIR29B2;GRM8;SNORA48;LGALS12;ABCG2,1.68710099012532,,4.12174008245086e-06,FALSE,""
JAVELIN,1495,ITGB6;TRPC6;PDLIM3;FMN2;CCDC17,1.08782550225955,,0.433947492490485,FALSE,""
JAVELIN,1496,GBA3;F5;SLC2A9;MIR33A;FIGNL2,1.25813975860962,,0.0373041708713267,FALSE,""
JAVELIN,1497,FXYD2;CD22;PBX1;SNORD114-14;MMP17,1.01451756847165,,0.892322693313608,FALSE,""
JAVELIN,1498,C1orf106;LBP;PLAT;SNORD114-14;ZDHHC11,1.12612607461975,,0.268905694094132,FALSE,""
JAVELIN,1499,MYOM3;GLYATL1;MYO1G;PLG;LURAP1,1.29923882285983,,0.0155542563422721,FALSE,""
JAVELIN,1500,SRPX;SMTNL2;MYO1G;MIR196A1;SIT1,1.01631816574005,,0.879350641515072,FALSE,""
JAVELIN,1501,SPOCK1;STEAP1;ADAMTSL3;KCNB1;SEMA3G,1.27207581511824,,0.0268570788881567,FALSE,""
JAVELIN,1502,IGF2BP2;ESRP2;MYRF;MIR3126;SOGA3,0.839070644335767,,0.103889232188947,TRUE,""
JAVELIN,1503,SHROOM3;TMEM171;PPL;CXCR2P1;CLEC12A,0.990773421282715,,0.926888536677956,TRUE,""
JAVELIN,1504,BCMO1;ADAMTS14;PLEKHA7;MIR5091;FAM184A,1.21239171113957,,0.0797419438594827,FALSE,""
JAVELIN,1505,ABCC6;SLC5A10;CSF3R;MIR3193;MIR3605,1.39973683926787,,0.00169633992259801,FALSE,""
JAVELIN,1506,CXCL1;TCF21;HMCN1;CHGB;CYP2S1,1.18134781459865,,0.132698297518578,FALSE,""
JAVELIN,1507,UPB1;FXYD1;MKI67;PRR15L;MIR571,1.2389911874237,,0.0414754473868039,FALSE,""
JAVELIN,1508,NEB;SPTBN2;ITGA11;HAS1;SERTAD4-AS1,1.08968954897781,,0.438499454982799,FALSE,""
JAVELIN,1509,COX4I2;HYDIN;SNORD59A;ZMAT4;C5AR2,1.35080056906194,,0.00464952275520701,FALSE,""
JAVELIN,1510,ZDHHC11B;BTNL9;SNORD116-8;GRHL2;C9orf106,1.31776294128818,,0.0127673430316999,FALSE,""
JAVELIN,1511,COL4A4;MIR339;MECOM;SAA2;CLEC10A,1.12252685385995,,0.286208728202645,FALSE,""
JAVELIN,1512,HABP2;SLC26A1;DCBLD2;GPR98;TSPYL5,0.909657985163766,,0.381373427281984,TRUE,""
JAVELIN,1513,FGB;CDHR1;ID4;CNFN;DAPK2,1.11719406548144,,0.29585816861726,FALSE,""
JAVELIN,1514,ITGA8;ACHE;SNORD116-8;MIR3193;MIR3134,1.18421578734292,,0.10514578002199,FALSE,""
JAVELIN,1515,SCNN1A;SPX;LY96;CNDP1;TMEM178A,1.2444818794877,,0.0503115235472471,FALSE,""
JAVELIN,1516,CCL18;VSIG2;GAMT;MUC5B;GLT8D2,1.27635726880812,,0.0297502977391761,FALSE,""
JAVELIN,1517,SLC17A1;LOC100288152;HIST1H2AL;DDX43;WBSCR27,1.22810909803267,,0.0640960326695853,FALSE,""
JAVELIN,1518,CCL20;GLIS1;COL5A3;CYP2B7P;CITED4,1.38771592162394,,0.00272823414165183,FALSE,""
JAVELIN,1519,NPNT;HYDIN;PC;SNORD115-42;MDFI,1.20253386731594,,0.100587656341987,FALSE,""
JAVELIN,1520,MIR1180;GCNT3;MIR4635;MS4A2;PDCD1LG2,1.19967009191164,,0.0901403365185091,FALSE,""
JAVELIN,1521,TENM1;MT1M;SNORD116-16;NUGGC;ACTA2-AS1,1.33258865353764,,0.00719703936300834,FALSE,""
JAVELIN,1522,EXOC3L4;PCDH10;GEM;MIR4685;ADAMTS15,1.16790991365588,,0.158728794377812,FALSE,""
JAVELIN,1523,IGF2BP2;SLC23A3;MMP11;TFF3;MIR581,1.10518782675757,,0.371397141192541,FALSE,""
JAVELIN,1524,SBSPON;CMYA5;SNORA77;MUC12;KIF4A,1.0255288172043,,0.81824951700856,FALSE,""
JAVELIN,1525,TACSTD2;MLXIPL;ANGPT2;ATP6V1B1;CADM4,1.23349928722882,,0.0677308371193719,FALSE,""
JAVELIN,1526,NPR3;HAMP;SNORD33;OR2T11;WISP1,1.27346168145816,,0.0221175156082237,FALSE,""
JAVELIN,1527,PTH1R;IL2RA;SNORD6;TREM1;RAB6B,0.95175664776399,,0.654142815607687,TRUE,""
JAVELIN,1528,RAB17;CD79A;FPR1;ATP2C2;SYNC,0.903108937193725,,0.339308340304006,TRUE,""
JAVELIN,1529,SLC7A9;AIF1L;EMP1;TMEM252;PLEKHN1,1.24240320673109,,0.0413207090126766,FALSE,""
JAVELIN,1530,NME5;MIRLET7A2;MAP4K1;SEMA3D;JAM2,1.18660385279229,,0.0946925499758351,FALSE,""
JAVELIN,1531,AOC1;SPTBN2;MXRA8;MIR93;PABPC4L,1.21478414466212,,0.0654816019117411,FALSE,""
JAVELIN,1532,MIR27A;MIR563;SELENBP1;CFHR1;FAM184A,1.38604018615833,,0.00279080557497153,FALSE,""
JAVELIN,1533,ACKR1;NRG1;RHOBTB3;MATN3;SP140,0.988733230518502,,0.916957399084541,TRUE,""
JAVELIN,1534,TACSTD2;MIRLET7A2;SLC2A9;TNFRSF17;LOC101928494,1.18390987619174,,0.12318379033812,FALSE,""
JAVELIN,1535,GPR126;LOC391322;MIR4714;WNK2;GJC2,1.3335862511479,,0.0082228419650609,FALSE,""
JAVELIN,1536,GZMA;HYDIN;MXRA8;BEX1;LTB,0.942397043891054,,0.569605490290237,TRUE,""
JAVELIN,1537,NEB;LTF;CALCRL;ELFN2;WIPF3,1.141776852045,,0.219986241548755,FALSE,""
JAVELIN,1538,MIR645;CYP2C9;MYO1G;SNORD114-5;FAXDC2,1.01241214876212,,0.90641417605178,FALSE,""
JAVELIN,1539,HNF1A;PCK1;RGL3;CA8;DSEL,1.53233097838148,,0.000130790570023166,FALSE,""
JAVELIN,1540,GPR126;MST1P2;SNORD59A;MIR379;MIR1183,1.29269278116754,,0.0166086312900028,FALSE,""
JAVELIN,1541,MIR3117;LOC100288152;HIST1H2AL;MIR4645;CH25H,0.999369052916352,,0.995378269025253,TRUE,""
JAVELIN,1542,TINAG;MIR185;MIR1207;APOA1;MIR4706,1.30086203293771,,0.0177078612136513,FALSE,""
JAVELIN,1543,QPCT;GABRD;ID4;MIR4735;MIR548J,1.4234741350739,,0.00151316751885645,FALSE,""
JAVELIN,1544,WDR72;VSIG2;MTCL1;PSCA;PPP1R3G,1.26819079064838,,0.0304119821592917,FALSE,""
JAVELIN,1545,GLYAT;TESC;SNORD29;RSPO4;GLT8D2,1.15026290308698,,0.190178522080058,FALSE,""
JAVELIN,1546,TMEM45A;CDH23;SNORD116-16;ADCY8;AK7,1.6184356314059,,7.08240991236907e-06,FALSE,""
JAVELIN,1547,CHDH;MIOX;COX7A1;MIR4500;PDGFD,1.46297488919609,,0.000544590113332586,FALSE,""
JAVELIN,1548,MIR126;MAP7;MYO5B;SNORD115-1;TSPYL5,1.14901427422142,,0.193630117241425,FALSE,""
JAVELIN,1549,SLCO4C1;SNORD77;MIR1207;ORM1;ALDH1L2,1.13147110039325,,0.272743699342731,FALSE,""
JAVELIN,1550,FER1L4;MIOX;CRISPLD2;ZNF676;KLHL13,1.29982702747045,,0.0150341343168519,FALSE,""
JAVELIN,1551,HOXD10;LOC391322;EMP1;ETV4;MFAP3L,1.20229785329481,,0.086628254869981,FALSE,""
JAVELIN,1552,PDLIM4;ST6GALNAC2;CKS2;MIR874;ROPN1L,1.02435542487052,,0.820971583151783,FALSE,""
JAVELIN,1553,SLC7A9;MIR563;MIR4714;ATP6V0A4;LINC00299,1.5092798879388,,0.000203502319402153,FALSE,""
JAVELIN,1554,IGF2BP2;PTGS2;LY96;NAT8L;TMEM246,0.959516902187814,,0.7006966256081,TRUE,""
JAVELIN,1555,MIR142;MAP7;SNAI2;SNORD114-15;PAPPA-AS1,1.26037314379359,,0.0331824256752689,FALSE,""
JAVELIN,1556,MAL;FLRT3;RGL3;MIR134;C14orf183,1.20830950025946,,0.0792996566277009,FALSE,""
JAVELIN,1557,SULT1C4;MIR4519;PLEKHA7;OR2T10;DNAJC22,1.40371163785052,,0.00223060482912191,FALSE,""
JAVELIN,1558,OLR1;MIR554;SNORA26;SAA2;CD80,0.904866207076273,,0.342115067196961,TRUE,""
JAVELIN,1559,IL17RB;CHRDL1;CCL4;TMC5;GNAO1,0.881672223343644,,0.247442729239058,TRUE,""
JAVELIN,1560,F8;MAL2;SNORA26;CCL11;DNALI1,1.12481268688901,,0.289268736958033,FALSE,""
JAVELIN,1561,GATA3;PNMA2;MIR4784;MIR4735;CYYR1,1.14059105271594,,0.197785293102014,FALSE,""
JAVELIN,1562,S100A8;LOC647859;ADAMTS2;SBSN;KIF20A,0.862845236735895,,0.165872070055948,TRUE,""
JAVELIN,1563,ADAM12;MIR339;CYTIP;ASPDH;SLAMF1,1.0106781309018,,0.921085093156825,FALSE,""
JAVELIN,1564,TBX3;ARG2;MIR4784;C19orf80;ACOT1,1.20048198422613,,0.0979357150022809,FALSE,""
JAVELIN,1565,FGB;MIR3145;FPR1;PPP2R2C;COL9A2,0.896163568332752,,0.306460764751691,TRUE,""
JAVELIN,1566,GPR126;B3GNT3;CYTIP;KLB;AGAP11,1.236336296035,,0.0436395150376443,FALSE,""
JAVELIN,1567,ABCA6;GZMB;MYRF;OR4F15;SYNC,0.872932617543946,,0.208591756900363,TRUE,""
JAVELIN,1568,MIR4292;MIR186;PLAUR;CST1;LOC101927941,1.18539890024152,,0.112019175814995,FALSE,""
JAVELIN,1569,C1orf186;C4A;CACNA2D1;CRHBP;DACT3,1.38738562397814,,0.00300300229974222,FALSE,""
JAVELIN,1570,MIR645;STK32B;APCDD1;HRCT1;FAM43A,1.24840185711922,,0.0343910761525955,FALSE,""
JAVELIN,1571,SLIT2;CD69;TMEM204;MIR5091;PAQR6,1.19537296815014,,0.0806705041960991,FALSE,""
JAVELIN,1572,STC2;MIR186;S1PR3;VSTM2L;RGS16,1.05417024821775,,0.641186643748209,FALSE,""
JAVELIN,1573,CYP2E1;HLF;PIEZO2;PTX3;CCDC141,1.16964878203884,,0.124020360592959,FALSE,""
JAVELIN,1574,CPZ;PCDHGA5;MAP4K1;SNORD115-21;MIR1273F,1.04130383912924,,0.696695118571687,FALSE,""
JAVELIN,1575,MUC3A;SPEG;S1PR3;OR2T35;SIX1,1.1144010952394,,0.335123150124663,FALSE,""
JAVELIN,1576,IGF2BP2;LOC101928757;MIR628;ACTC1;DPY19L2P2,0.974445310359399,,0.815644512545316,TRUE,""
JAVELIN,1577,GZMK;MIR569;PTTG1;COL25A1;EME1,0.887645996704233,,0.298088863230167,TRUE,""
JAVELIN,1578,NEB;HSH2D;FPR1;CA8;EGFLAM,0.900935551984704,,0.321929400985081,TRUE,""
JAVELIN,1579,SNCG;PLIN4;EMP1;ASPDH;CORO2B,1.21690695875293,,0.0713927656534321,FALSE,""
JAVELIN,1580,GPR126;F5;PTER;GPR115;EFS,0.831307911185498,,0.0858880534182068,TRUE,""
JAVELIN,1581,EXOC3L4;RASAL1;SNAI2;KRT5;CKAP2L,1.14997160343305,,0.219694802008626,FALSE,""
JAVELIN,1582,ARHGEF16;DPEP1;MKI67;XCR1;ZNF334,1.0968753123124,,0.374978451828408,FALSE,""
JAVELIN,1583,ACSM5;RGS9;MIR938;MIR4786;FAM43A,1.36508177411258,,0.00383350985700935,FALSE,""
JAVELIN,1584,SLPI;LOC391322;PTK7;WBSCR17;GMPR,0.915362504370541,,0.413605459420347,TRUE,""
JAVELIN,1585,ANK3;GRB14;CCL4;TNIP3;C5AR2,1.10517159017981,,0.355398377190748,FALSE,""
JAVELIN,1586,AGMO;TENM3;HIST1H2AL;MIR425;EME1,0.95483038682801,,0.67926784578701,TRUE,""
JAVELIN,1587,MIR378I;C5orf46;FKBP9P1;CLDN16;TMEM38A,1.09626538878565,,0.398741485765595,FALSE,""
JAVELIN,1588,NR4A2;CCDC183;PC;SEMA3D;PMAIP1,1.07354373419678,,0.516300851597801,FALSE,""
JAVELIN,1589,C1orf186;ACHE;DPYSL3;APOC3;PAPPA-AS1,1.20035534346056,,0.093316060891349,FALSE,""
JAVELIN,1590,SLC7A9;ZNF711;EMP1;SIM1;SIX1,1.45034958855743,,0.000792777647125263,FALSE,""
JAVELIN,1591,HABP2;NPY6R;ALDH1A3;PPP2R2C;DYNLRB2,1.13782143019218,,0.226285225429715,FALSE,""
JAVELIN,1592,AKR7A3;BAI1;LY96;NUGGC;PAPPA-AS1,1.25994615425951,,0.0335817422643489,FALSE,""
JAVELIN,1593,IL6;SNORD110;LY96;IL1RL1;GSTO2,1.13598921877168,,0.230134132108777,FALSE,""
JAVELIN,1594,MACC1;TNXB;MIR637;CPAMD8;TDRD10,1.11850401148148,,0.296600932100727,FALSE,""
JAVELIN,1595,MIR23C;MOXD1;LY96;MAMDC2;SERTAD4-AS1,1.1561605927269,,0.171123614428111,FALSE,""
JAVELIN,1596,SRPX;AIF1L;RNF128;ATP6V0A4;SNORD20,1.0575676743571,,0.609626422094664,FALSE,""
JAVELIN,1597,GZMA;CDCP1;SLC44A3;VTN;SP140,0.862420654011447,,0.182269906486751,TRUE,""
JAVELIN,1598,PEG10;MIR3145;ADCY4;SMPD3;MELK,1.13236137521984,,0.253735211058581,FALSE,""
JAVELIN,1599,RAP1GAP;PALM3;ALDH6A1;CRB2;PPFIA3,1.32846054531231,,0.0138329044178234,FALSE,""
JAVELIN,1600,COX4I2;VNN1;TMEM132A;CCL11;SNCA,1.04926666342649,,0.65392262132296,FALSE,""
JAVELIN,1601,SULT1C4;SLC23A3;MIR4784;FAM151A;TSPYL5,1.23182989650909,,0.0540872443941542,FALSE,""
JAVELIN,1602,HOGA1;MIRLET7A2;MIR4714;MIR1305;DNAH6,1.36150590710759,,0.00376765963821372,FALSE,""
JAVELIN,1603,NXPH4;GLIS1;CALCRL;HPX;ACOT1,1.61651455926208,,7.71724437357388e-06,FALSE,""
JAVELIN,1604,TFPI2;C5orf46;IGFBP6;MAP3K15;WISP1,1.07476747129847,,0.514608533757706,FALSE,""
JAVELIN,1605,PPAP2C;MIR185;PTER;HSD17B2;IL17RE,1.07354520978805,,0.518510970683425,FALSE,""
JAVELIN,1606,ABCA6;COLEC12;RASGRP1;GRIA4;GTSE1,0.971683950431632,,0.7965614570482,TRUE,""
JAVELIN,1607,BAIAP2L2;LYVE1;MIR4714;MUM1L1;MIR1256,1.12507553464547,,0.275479052382294,FALSE,""
JAVELIN,1608,SBSPON;MIR1303;DLL4;SNORD115-20;MIR5191,1.35412027893964,,0.00585197447746867,FALSE,""
JAVELIN,1609,GZMK;CRYM;GEM;PRPH;TSPAN2,1.2403605073493,,0.0476352110533961,FALSE,""
JAVELIN,1610,CPZ;FOSL1;S1PR3;FCRL5;SNORD50A,0.868667424782105,,0.191792958274237,TRUE,""
JAVELIN,1611,LOC101927834;CXCR3;ID4;C1orf116;TIAM2,1.12272719566101,,0.260363058347123,FALSE,""
JAVELIN,1612,SCN9A;OLFM2;ADAMTSL3;KCNJ1;SCUBE2,1.32229395940952,,0.00779336504525354,FALSE,""
JAVELIN,1613,MIR3189;MIR4326;IGFBP6;TMEM252;CKAP2L,0.974055100221887,,0.813331424577791,TRUE,""
JAVELIN,1614,MT1G;HLF;PTER;PRND;PRDM8,1.07415376282675,,0.511175659251497,FALSE,""
JAVELIN,1615,CTSW;ABCA12;SARDH;TRIM54;GRAMD1B,0.943820566295924,,0.596799043223192,TRUE,""
JAVELIN,1616,ABCA6;EMX1;DENND2A;GRIA4;WNT3,1.31258890770323,,0.0122103985587296,FALSE,""
JAVELIN,1617,PCOLCE2;ZNF727P;ADAMTS2;KCNS1;REM1,1.15643840339007,,0.198713471327502,FALSE,""
JAVELIN,1618,NEB;RGS9;MIR4714;MIR3178;ETV7,1.22258081781396,,0.063073844409677,FALSE,""
JAVELIN,1619,SLC17A1;INHBB;DPYSL3;CAPN8;CORO2B,1.04440028108604,,0.694574497210098,FALSE,""
JAVELIN,1620,AOC1;TMEM171;DMD;ASGR2;SNORD19,1.25457151070365,,0.0411982251980757,FALSE,""
JAVELIN,1621,AOC1;PTPRD;DCBLD2;OR2T10;NRXN3,1.26434160764861,,0.0288543395411483,FALSE,""
JAVELIN,1622,LAMC3;OLFM2;MIR4635;MIR4645;TMEM38A,1.1161255531832,,0.308684620837939,FALSE,""
JAVELIN,1623,KCP;MIR3918;S1PR3;C1orf116;LOC401317,1.37435623731804,,0.00321125025977885,FALSE,""
JAVELIN,1624,C8orf4;FLRT3;PTK7;ROBO2;HOXB5,1.26351962636932,,0.0321077699726049,FALSE,""
JAVELIN,1625,MT1G;AQP7;SNORD116-16;PRIMA1;CTRL,1.35800604712832,,0.00416177611205013,FALSE,""
JAVELIN,1626,PTHLH;HOXD11;APCDD1;MUC5B;KCNMB4,1.18349423961731,,0.128095848850531,FALSE,""
JAVELIN,1627,CCL20;LTF;FZD8;MAP3K15;GTSE1,1.02273280617432,,0.837215017044625,FALSE,""
JAVELIN,1628,GPER1;CDCP1;HIST1H4L;CXCR1;IER3,0.935953262092542,,0.546883718541744,TRUE,""
JAVELIN,1629,FGG;KCNJ3;EMP1;MIR1302-5;GALNT16,1.56762116166074,,6.26332970849293e-05,FALSE,""
JAVELIN,1630,ACADL;FOXQ1;ALDH6A1;SPINK5;MDH1B,1.41963487015998,,0.0017134928841895,FALSE,""
JAVELIN,1631,SORBS2;B3GNT3;DLL4;MIR452;NEK10,1.34190174936177,,0.00537078328412203,FALSE,""
JAVELIN,1632,SLIT2;SNORD115-5;MS4A4A;BTLA;P2RY12,1.04834215729909,,0.656969544660876,FALSE,""
JAVELIN,1633,EMX2;DNAH5;SNAI2;EYA4;NTNG2,1.33489960486201,,0.00654195185859595,FALSE,""
JAVELIN,1634,EMX2;SPX;CKS2;LOC100505635;DGKI,1.4663820457232,,0.000692148048817233,FALSE,""
JAVELIN,1635,CCL19;CLMP;MS4A4E;MIR3188;ETV7,0.901979830555408,,0.326856253838839,TRUE,""
JAVELIN,1636,MYBL2;HP;PTTG1;ZNF676;JAM2,0.999816556405507,,0.998647065038604,TRUE,""
JAVELIN,1637,ADAMTSL2;SLAMF7;RASGRP1;MAMDC2;MIR627,1.05744370015432,,0.595530729703552,FALSE,""
JAVELIN,1638,SLC34A2;GDA;FPR1;CLDN19;CXCR6,0.972922968641269,,0.798317940923443,TRUE,""
JAVELIN,1639,ACSM5;MIR4519;MKI67;MIR578;SPTBN5,1.27364590516892,,0.0282829896493534,FALSE,""
JAVELIN,1640,PEG10;CGREF1;HRSP12;WFDC10B;AK7,1.34186939891081,,0.00748092216152442,FALSE,""
JAVELIN,1641,NMB;RGS9;SNAI2;FA2H;RASD2,1.21133542071823,,0.0841813806581311,FALSE,""
JAVELIN,1642,ACE2;MIR4796;MMP11;F11;SPIRE2,1.51246628793837,,0.000245505224056072,FALSE,""
JAVELIN,1643,ADAM12;PLA2G2A;PDLIM3;BEX1;HMMR,0.843919327288309,,0.133759975834165,TRUE,""
JAVELIN,1644,GPR126;TRPC6;TSKU;MIR1305;BIRC5,0.955823775716905,,0.682329497557497,TRUE,""
JAVELIN,1645,MIR142;ABCA12;MIR1207;NEFM;CACNA2D4,1.06904543760629,,0.55288191932344,FALSE,""
JAVELIN,1646,HIF1A-AS2;FAP;ARHGEF15;GLRB;AGAP11,1.34276350542458,,0.00420473256386828,FALSE,""
JAVELIN,1647,TINAG;ASRGL1;ADAMTSL3;MIR1193;MIR1256,1.54637684537012,,4.17131550828596e-05,FALSE,""
JAVELIN,1648,PCDHGB2;MIR4796;DENND2A;AP3B2;SH2D3A,1.21754481431177,,0.0698905151787809,FALSE,""
JAVELIN,1649,ABCC6;SLC7A8;MYO1G;SYT8;DBH-AS1,1.09886953091324,,0.389290580573642,FALSE,""
JAVELIN,1650,MIR30A;MST1P2;MST1;CYP2C19;P2RY12,1.15100170224322,,0.210791579228064,FALSE,""
JAVELIN,1651,FOSB;HAMP;HIST1H4L;SNORD115-6;PAMR1,1.02012268932163,,0.857624638833219,FALSE,""
JAVELIN,1652,MUC3A;SNORD87;HIST1H4L;RHBG;GLT8D2,1.14172626495046,,0.213683875255758,FALSE,""
JAVELIN,1653,BAMBI;KLHDC7A;SNORA26;ALOX15B;C19orf83,1.09916634427454,,0.391689621720184,FALSE,""
JAVELIN,1654,C14orf105;SLC6A10P;PTTG1;PPBP;ZNF667-AS1,1.04859085174786,,0.656926314786571,FALSE,""
JAVELIN,1655,ALPK3;ADORA1;MIR631;PCDHB2;CPNE5,1.16510585684547,,0.161539398098628,FALSE,""
JAVELIN,1656,MUC3A;AGMAT;ALDOC;MIR365A;CYP26B1,1.23222459649711,,0.0439775224305869,FALSE,""
JAVELIN,1657,HOXC10;SNORD65;IFI44L;MIR1251;HMMR,1.13160511037447,,0.25290355119144,FALSE,""
JAVELIN,1658,SLC17A1;TENM3;PTTG1;DIO1;LOC644086,0.943727502808836,,0.588164254275473,TRUE,""
JAVELIN,1659,SVEP1;HYDIN;DMD;SLC12A3;CITED4,1.22891791158405,,0.0654748551468811,FALSE,""
JAVELIN,1660,GLYAT;MIR4804;CRISPLD2;SCUBE1;WSCD1,1.19881008662161,,0.0975321985718792,FALSE,""
JAVELIN,1661,ACE2;PLA2G2A;DENND2A;MIR4643;PCDHB15,1.58875621445025,,3.39102812846597e-05,FALSE,""
JAVELIN,1662,CTSW;FLRT3;MYO5B;MYBPC2;SLAMF8,0.901859538328046,,0.331340721327203,TRUE,""
JAVELIN,1663,STC1;MIR185;MIR3975;PODNL1;PDE1C,1.31210365858078,,0.0122138982928081,FALSE,""
JAVELIN,1664,ALDH1L1;ZFHX4;RHOBTB3;MMP12;PIFO,1.10584482227844,,0.349590181342259,FALSE,""
JAVELIN,1665,C1orf186;PAH;TOP2A;SNORD115-25;CH25H,1.17632815296186,,0.138946284800033,FALSE,""
JAVELIN,1666,TSPAN13;FOSL1;TREM2;LOC101928281;GNAO1,0.983070180733064,,0.8750789924523,TRUE,""
JAVELIN,1667,TINAG;SLAMF7;IGFBP6;SNORD113-9;C14orf183,1.06850331572928,,0.527228010439299,FALSE,""
JAVELIN,1668,SLPI;SLC23A3;SNORD74;CXCR2P1;MIR98,0.929023646464813,,0.488984165668773,TRUE,""
JAVELIN,1669,ALPK3;MIR185;CCL4;CLDN19;RPL39L,1.19957032851983,,0.092229720039925,FALSE,""
JAVELIN,1670,MIR645;MIR4804;PTER;C9;FLT3,0.914424948108876,,0.397961273735102,TRUE,""
JAVELIN,1671,TMEM45A;SLC2A2;DENND2A;AMZ1;NBEAP1,1.3703487137353,,0.00408739736620122,FALSE,""
JAVELIN,1672,PSAT1;MIR4482;IFI44L;CYP8B1;KLHL13,1.1113877532998,,0.319001010310236,FALSE,""
JAVELIN,1673,ABO;CHRDL1;PPL;CCBE1;ZDHHC11,1.01427622622551,,0.895905146076296,FALSE,""
JAVELIN,1674,COL4A3;LAMC2;MS4A4E;SCUBE3;ROPN1L,1.12647327910835,,0.257590416041217,FALSE,""
JAVELIN,1675,ANK3;CRYM;SNORD116-8;SLC6A19;SLAMF6,1.23888484517455,,0.0575102259005943,FALSE,""
JAVELIN,1676,MYH14;CYP2C9;SELENBP1;SLC30A2;CDS1,1.11831073752679,,0.320044113755255,FALSE,""
JAVELIN,1677,MIR3189;SNORD65;PTER;DUSP15;RSAD2,0.954939614847089,,0.663672349773881,TRUE,""
JAVELIN,1678,NEB;SFN;MST1;SCGB1D2;RBM20,1.2510143969482,,0.0487795767256691,FALSE,""
JAVELIN,1679,C1orf186;NRG1;LZTS1;C19orf67;WDR96,1.39850268462382,,0.00158925433345846,FALSE,""
JAVELIN,1680,SCIN;RGN;CKS2;OR4F15;PMAIP1,0.95389651108114,,0.663867663132352,TRUE,""
JAVELIN,1681,FER1L4;ESPN;MIR4784;CCL17;REM1,1.13611037664114,,0.223617861664597,FALSE,""
JAVELIN,1682,ADAMTSL2;ESRP2;SNORD116-8;PKD1L2;EMR4P,1.38233820597902,,0.00304967826330618,FALSE,""
JAVELIN,1683,IKZF3;GPC3;SLC2A9;MIR127;ALDH1L2,1.00748973377707,,0.941957351557247,FALSE,""
JAVELIN,1684,ABCA6;SLAMF7;RNF128;SP5;SNORA78,0.90203881984661,,0.354943361843864,TRUE,""
JAVELIN,1685,TRABD2B;GFRA1;ID4;MIR30D;PAPPA-AS1,1.34528893240765,,0.00529209469394568,FALSE,""
JAVELIN,1686,VTRNA2-1;HPGD;CSF3R;GRHL2;NEIL3,1.08266411769888,,0.478707410544649,FALSE,""
JAVELIN,1687,HABP2;VNN1;APCDD1;TREM1;LZTS3,1.04222700971146,,0.709028541468215,FALSE,""
JAVELIN,1688,MFSD2A;LYVE1;PDLIM3;THPO;ARL4D,0.985057934148167,,0.886099627256955,TRUE,""
JAVELIN,1689,ZDHHC11B;PDGFRL;CACNA2D1;MIR618;CKAP2L,1.30982779964136,,0.0165914963548897,FALSE,""
JAVELIN,1690,MYH14;MIR589;PTK7;LAMP3;PSD3,0.925358398536712,,0.461922979927839,TRUE,""
JAVELIN,1691,OLFML2A;LYVE1;PC;MROH2A;EPHB3,1.3421383335297,,0.00902602859737162,FALSE,""
JAVELIN,1692,SCIN;GREM1;MCF2L;GRIN2B;CLEC10A,1.21537583343968,,0.0671789073799799,FALSE,""
JAVELIN,1693,ALDH1L1;LAG3;MIR4714;CLDN16;DOC2B,1.12438921269961,,0.272994002467877,FALSE,""
JAVELIN,1694,IL17RB;DSCAML1;LZTS1;MIR152;GMPR,1.49778005992916,,0.000224560470701579,FALSE,""
JAVELIN,1695,STC1;SLC16A9;EFNA1;KRT15;PPM1H,1.18160559763815,,0.101958101329359,FALSE,""
JAVELIN,1696,COL4A4;MIR4519;BMP2;DMBT1;DGKI,1.45833193182378,,0.000692647787615449,FALSE,""
JAVELIN,1697,COL4A4;BAI1;TEK;FCRL3;LURAP1,1.08854066334,,0.430099154107683,FALSE,""
JAVELIN,1698,FGB;CXCL8;CSF3R;SST;PAMR1,0.908705366516668,,0.383895517263411,TRUE,""
JAVELIN,1699,BAMBI;KMO;MS4A4E;TMEM132E;MIR4779,1.1184551917076,,0.297458868382323,FALSE,""
JAVELIN,1700,UPB1;SNORA69;EMP1;DNAAF1;P2RY10,1.40139020835944,,0.00104544791461782,FALSE,""
JAVELIN,1701,C1orf186;PTPRD;TSKU;KLHDC7B;PAMR1,1.06143091946117,,0.581604316370134,FALSE,""
JAVELIN,1702,ABCC6;GJB1;ID1;CYP2C19;CADM4,1.18212927516659,,0.124282477382983,FALSE,""
JAVELIN,1703,ANK3;GREM1;SNORA48;BRE-AS1;LNX1,1.39295394369526,,0.00246623834047108,FALSE,""
JAVELIN,1704,IL17RB;CCL28;MYO1G;DNAH9;MIR151A,1.24872670548387,,0.0419561676483801,FALSE,""
JAVELIN,1705,CRB3;CHST13;PTER;APCDD1L;SPIRE2,1.04068781641272,,0.706882341995863,FALSE,""
JAVELIN,1706,SPOCK1;BEX2;MCF2L;HECW1;RLTPR,1.03953426296564,,0.714266579675753,FALSE,""
JAVELIN,1707,BCMO1;PRODH2;EMP1;APOH;IL17RD,1.52554358130552,,0.000101386780788113,FALSE,""
JAVELIN,1708,MIR548AR;LOC100288152;ECM2;DLK2;MIR1183,1.37579946392805,,0.0028866815354993,FALSE,""
JAVELIN,1709,NR4A3;WNK4;EFNA1;SLC10A2;AGAP11,1.45500457947673,,0.000517992173483819,FALSE,""
JAVELIN,1710,DCDC2;CD22;ROBO4;LINC00671;CD200R1,1.20604531068069,,0.0846726495562805,FALSE,""
JAVELIN,1711,ACKR1;GLIS1;ADCY4;SNORD114-24;PDE3B,1.1361909167149,,0.229912835576837,FALSE,""
JAVELIN,1712,JPH2;FGA;DCBLD2;FST;CLEC10A,0.917218623861995,,0.41593238476653,TRUE,""
JAVELIN,1713,BCMO1;ABCB4;MMP11;GRHL2;RGS4,1.40804737890154,,0.00197493787946388,FALSE,""
JAVELIN,1714,SCIN;PALM3;PTTG1;NAT8L;CD40LG,1.11850249432664,,0.29952581169508,FALSE,""
JAVELIN,1715,LOC101927834;GRB14;SNORA48;FAM153A;CLDN9,1.61198329131785,,1.31312081417251e-05,FALSE,""
JAVELIN,1716,FMO3;CCL28;MIR197;GRIK4;CYYR1,1.35001201021336,,0.00470137647545978,FALSE,""
JAVELIN,1717,MIR25;SOX6;TOP2A;MIR4274;CD200R1,1.18856590561852,,0.12958567302174,FALSE,""
JAVELIN,1718,CCL20;GZMB;FZD8;ST6GAL2;FAM43A,1.23780330234134,,0.0652407282766016,FALSE,""
JAVELIN,1719,OGDHL;SNORD110;IGFBP6;NPHS2;KCNN3,1.31113003460881,,0.0113119278974908,FALSE,""
JAVELIN,1720,SLC39A5;SYBU;ECM2;CCL11;MDH1B,1.47994720478165,,0.00031431040973419,FALSE,""
JAVELIN,1721,LOC101927960;LOC391322;CALCRL;LRRC3;SEMA3G,1.3568846872877,,0.00343850779637427,FALSE,""
JAVELIN,1722,MUC3A;MIR4731;PLAUR;ASPDH;PPIAP30,1.14178915845378,,0.210575816159716,FALSE,""
JAVELIN,1723,ANK3;NAGS;PBX1;SST;MDFI,1.24629234234123,,0.0448118005912085,FALSE,""
JAVELIN,1724,IKZF3;CMYA5;BMP2;SCUBE1;LILRA6,0.948173767529986,,0.61433580175422,TRUE,""
JAVELIN,1725,ARHGEF16;FOXQ1;ACSF2;AP3B2;DLGAP5,0.993925319695509,,0.955369023904013,TRUE,""
JAVELIN,1726,MIR25;HAMP;SNORD59A;RHOV;NEK10,1.10404516343874,,0.345615762550088,FALSE,""
JAVELIN,1727,C1orf186;SLC27A2;MIR3975;TSPAN10;HMMR,1.07401921537613,,0.523205914921219,FALSE,""
JAVELIN,1728,LAMC3;THBS4;CSF3R;OR4F15;RSAD2,0.803728401238605,,0.0441236025919562,TRUE,""
JAVELIN,1729,RERG;CPXM1;MIR631;SLC30A2;ADAMTS12,1.13225098544265,,0.250852198722375,FALSE,""
JAVELIN,1730,SLPI;FOSL1;RHOBTB3;SMOC1;SNORD103B,0.827554958594469,,0.0841828982122288,TRUE,""
JAVELIN,1731,HHLA2;SNORD114-10;TIE1;HOXB13;CCDC74B,1.17940000314218,,0.123046764653932,FALSE,""
JAVELIN,1732,HOXC10;MT1M;ARHGEF15;CDR1;LRRC17,1.43790010165692,,0.000947204665558311,FALSE,""
JAVELIN,1733,PLA2G7;MIR378A;GAMT;CRB2;RGS4,1.34521176383237,,0.0100100098943991,FALSE,""
JAVELIN,1734,REG1A;MIR4804;TEK;IRX6;PCDHB11,1.33231027383452,,0.00809110495832574,FALSE,""
JAVELIN,1735,ACSM5;INHBB;FZD8;GDF6;PTTG2,1.29846896571452,,0.0162437459389819,FALSE,""
JAVELIN,1736,HOGA1;SFN;PTER;OPCML;RHBDL1,1.07797465320814,,0.472645908033417,FALSE,""
JAVELIN,1737,MIR4652;CGREF1;DENND2A;TFF3;FOXD1,1.35035847613547,,0.00835146471905874,FALSE,""
JAVELIN,1738,MIR3117;ZFY;MIR631;MIR29A;ILDR1,1.22256402563189,,0.0622724628506327,FALSE,""
JAVELIN,1739,CHDH;RASAL1;LDLR;VSTM2L;ZNF831,0.893891843419648,,0.313708339046428,TRUE,""
JAVELIN,1740,PRSS8;MIR1972-1;MIR4435-2;AGR2;MIR98,1.23621554377387,,0.0574414412426112,FALSE,""
JAVELIN,1741,FOSB;KLKB1;SNORD116-28;SNORD114-31;SIX1,1.20578462221324,,0.0885283068776846,FALSE,""
JAVELIN,1742,TFPI2;MLXIPL;ITGA11;CHIT1;TMEM178A,1.35846864038948,,0.00456879271580223,FALSE,""
JAVELIN,1743,FCN3;SLAMF7;SNORD12B;HOXA13;MTCP1,1.10904271031027,,0.337854885450537,FALSE,""
JAVELIN,1744,SEC14L6;MMP24;HIST1H2BO;MYBPC2;ZSWIM5,1.17739386105233,,0.119273249697255,FALSE,""
JAVELIN,1745,EMX2;ITGBL1;ROBO4;GRIN2B;LRRC4,1.34302169953817,,0.0062650257559761,FALSE,""
JAVELIN,1746,OLR1;GJB1;TOP2A;SLC13A3;GCAT,1.2262485536174,,0.0579052796172264,FALSE,""
JAVELIN,1747,CPZ;VEPH1;GAMT;CALCR;SNORD96B,1.3432959600661,,0.0067433603643298,FALSE,""
JAVELIN,1748,CD38;CDHR1;SNAI2;PERM1;TBX21,0.9958055798872,,0.96887483857873,TRUE,""
JAVELIN,1749,SEC14L6;TNXB;ACSF2;OR2T11;TMEM246,1.21048781464029,,0.0844437687715159,FALSE,""
JAVELIN,1750,FRAS1;SNORD67;CACNA1C;MIR874;PDE1C,1.41154357947946,,0.00120368709658857,FALSE,""
JAVELIN,1751,PIGR;LAMC2;MIR197;MIR365A;MIR3942,1.0177019137853,,0.875382993590762,FALSE,""
JAVELIN,1752,SLC34A2;NAPSA;HMCN1;PAEP;MIR4440,1.12614687034131,,0.264021506090919,FALSE,""
JAVELIN,1753,RBP4;IGF1;MCF2L;SLC10A2;NOVA1,1.6321328156178,,7.51177523185864e-06,FALSE,""
JAVELIN,1754,TACSTD2;SLC27A2;SNORD29;PRSS12;GRAMD1B,0.968523451887171,,0.769255761130552,TRUE,""
JAVELIN,1755,MIA2;LRG1;HOXD9;APOBEC3A;LY9,1.2010040795451,,0.0740339475750031,FALSE,""
JAVELIN,1756,TSPAN13;FAM65C;MTCL1;EHF;GSTT2,1.12895646053417,,0.269587727849223,FALSE,""
JAVELIN,1757,MIR378I;ACHE;ADAMTS2;CAMK2B;LY9,0.879910235585011,,0.228853029051733,TRUE,""
JAVELIN,1758,MIR23C;SNAP25;SNORD6;PPBP;MIR3674,1.2104812085457,,0.076483994724133,FALSE,""
JAVELIN,1759,MACC1;LYVE1;GAMT;LGALS12;LRRC4,1.28416704649632,,0.01974774086317,FALSE,""
JAVELIN,1760,PYCR1;DNASE1L3;LY96;FAM153C;LOC100506518,1.12247469140282,,0.295710817522854,FALSE,""
JAVELIN,1761,TTC39A;PPARGC1A;MIR3125;SLC12A3;FAM43A,1.43978512730861,,0.00111406894679558,FALSE,""
JAVELIN,1762,TNFAIP6;ANKRD18A;SNORD4B;MIR3124;LOC100506518,1.23146334557919,,0.059715005656667,FALSE,""
JAVELIN,1763,NMB;SOX6;MYRF;MIR1290;DYNLRB2,1.32343650670472,,0.00977005663028233,FALSE,""
JAVELIN,1764,TSPAN13;MIR1303;ADCY4;MEGF11;ZNF667-AS1,1.15778852123984,,0.180445586238288,FALSE,""
JAVELIN,1765,MACC1;MAPK15;MIR938;MIR4645;CACNB2,1.26994661767788,,0.0230242421520863,FALSE,""
JAVELIN,1766,VTRNA2-1;PCDH10;TIE1;DUSP9;HOXA7,1.70528682210646,,2.08167973714254e-06,FALSE,""
JAVELIN,1767,C8orf4;STEAP1;HRSP12;APLP1;PPFIA3,1.25973044070918,,0.0323283777660058,FALSE,""
JAVELIN,1768,COX4I2;SMTNL2;MIR4635;THPO;EGFLAM,1.58589999706287,,2.82069970546963e-05,FALSE,""
JAVELIN,1769,ESM1;PCK1;HRSP12;ELFN2;UHRF1,1.32419055954499,,0.00893375111515208,FALSE,""
JAVELIN,1770,MIR4317;SFN;HIST1H2AL;CHAT;EPHB3,0.933433519835907,,0.532220029451481,TRUE,""
JAVELIN,1771,RAB17;PLCH2;SNORD116-8;MS4A2;MDFI,1.22469125020651,,0.0627690087587739,FALSE,""
JAVELIN,1772,HABP2;HPD;DCBLD2;AQP2;LOC101927236,1.19530000578526,,0.103431684915407,FALSE,""
JAVELIN,1773,MIR142;MIR200B;MIR1207;UGT3A1;MTCP1,1.284858536621,,0.0223898516804637,FALSE,""
JAVELIN,1774,BCMO1;KIT;RHOBTB3;HS3ST3A1;RPS6KL1,1.23640567679116,,0.050065986623028,FALSE,""
JAVELIN,1775,HOXD10;SLC27A2;RHOBTB3;SNORD115-20;LRP8,0.977923100924792,,0.837716176954437,TRUE,""
JAVELIN,1776,IL17RB;MAL2;ROBO4;MIR10A;GPR174,1.15511732057142,,0.180246963294381,FALSE,""
JAVELIN,1777,WDR72;MLXIPL;ADCY4;HAPLN1;PDCD1LG2,1.48462610211268,,0.000168342411288149,FALSE,""
JAVELIN,1778,STC1;PRAP1;MIR637;IBSP;MIR4720,1.51505461159127,,0.000332175584541479,FALSE,""
JAVELIN,1779,ANO9;PLIN4;MS4A4E;AFM;PRRT3-AS1,1.06815048013746,,0.534847815376308,FALSE,""
JAVELIN,1780,TINAG;SNORD115-5;MS4A4A;FERMT1;WIPF3,1.14608211821587,,0.203290051938005,FALSE,""
JAVELIN,1781,SLCO4C1;REEP6;FZD8;SNORA11D;STEAP1B,1.19425902880196,,0.11734443112079,FALSE,""
JAVELIN,1782,PIGR;COLEC12;ADAMTS2;CLDN19;BIRC5,1.01671421954496,,0.88035247598412,FALSE,""
JAVELIN,1783,MIR25;TRPC6;CCL4;SLC6A18;PCP2,1.35873336499281,,0.00399090338863907,FALSE,""
JAVELIN,1784,UGT8;VEPH1;CACNA2D1;SNORD114-6;C14orf183,1.41984706185583,,0.00102058665645316,FALSE,""
JAVELIN,1785,NMB;LRG1;GAMT;EYA4;FRMD3,1.47815007387823,,0.000380613001457253,FALSE,""
JAVELIN,1786,ARHGEF16;CPXM1;MS4A4E;FOXI1;APOL4,1.19171575374356,,0.105762570407795,FALSE,""
JAVELIN,1787,HOXD10;NAGS;MIR544B;SFTPA2;COLCA2,1.47861135185411,,0.000226558812952087,FALSE,""
JAVELIN,1788,SVEP1;ATP1A2;HIST1H4L;DEFB134;LOC100133669,1.34602242575039,,0.00595066048945825,FALSE,""
JAVELIN,1789,SLC39A5;REEP6;SNAI2;UMOD;PLEKHN1,1.06496443993219,,0.586013467665114,FALSE,""
JAVELIN,1790,GZMA;ABCA12;LDLR;CYP21A2;PTGDR,0.918431161893469,,0.442723026638719,TRUE,""
JAVELIN,1791,CHDH;FOXQ1;ALDH1A3;MIR1302-5;NTNG2,1.38703461056997,,0.00331198690480783,FALSE,""
JAVELIN,1792,SHROOM3;MIR3145;SNORD116-16;MIR195;FAXDC2,1.36787021204257,,0.00362950850516397,FALSE,""
JAVELIN,1793,ASPN;SERPINA6;MIR4435-2;PLG;LOC100133669,1.60845438993847,,1.14702827618968e-05,FALSE,""
JAVELIN,1794,ALDH1L1;FOXP2;S1PR3;CA8;CXCR6,1.21004768404037,,0.0800848991346832,FALSE,""
JAVELIN,1795,HOXD10;RARRES1;MYO1G;TMC5;ADCY1,1.09414611216901,,0.406186586101068,FALSE,""
JAVELIN,1796,ABO;SLC27A2;MXRA8;FGF9;SYCE1L,1.29233727076101,,0.0213209707655263,FALSE,""
JAVELIN,1797,WDR72;MIR563;SELENBP1;TM6SF2;EGFLAM,1.73933823820337,,4.93726201421071e-07,FALSE,""
JAVELIN,1798,LPL;CXCL13;DCBLD2;FOXJ1;WNT3,0.878488061853303,,0.230900027327927,TRUE,""
JAVELIN,1799,TMEM45A;FAM65C;SNAI2;SLC10A2;COL9A2,1.45437639808245,,0.00051640497714015,FALSE,""
JAVELIN,1800,NOX4;FOXF1;PIEZO2;MUC12;PLAC8,1.24190828240278,,0.0506208917608884,FALSE,""
JAVELIN,1801,AKR7A3;CLDN3;MKI67;SLC4A1;ETV1,1.14855486758453,,0.215689229991657,FALSE,""
JAVELIN,1802,TRABD2B;PTGS2;PBX1;SFTPC;LIPE,1.14957544096701,,0.19522818610491,FALSE,""
JAVELIN,1803,MIR23C;TMEM139;ADAMTS2;PRR15L;EPHB1,1.09140444932172,,0.429795926667719,FALSE,""
JAVELIN,1804,MIR4499;GABRD;COL5A3;CRB2;PPP1R3G,1.45786345537748,,0.000637456278927636,FALSE,""
JAVELIN,1805,SNCG;GPC3;ALDH6A1;TMEM45B;KIF26A,1.31977228669184,,0.014143802404451,FALSE,""
JAVELIN,1806,FGG;AR;SNORD29;OR2T2;BIRC5,1.13595470619365,,0.226724573068596,FALSE,""
JAVELIN,1807,SPOCK1;MIR4731;ECM2;DDIT4L;AK7,1.36526243135407,,0.00576205325866556,FALSE,""
JAVELIN,1808,PYCR1;HYDIN;SNORD116-16;WNT10A;EFS,1.20730832636113,,0.0813647970579468,FALSE,""
JAVELIN,1809,FMO2;LAG3;MTCL1;PLG;GRHL1,1.22488530231613,,0.0576364227584253,FALSE,""
JAVELIN,1810,ARHGEF16;LAG3;MIR938;SCN7A;ATP8B3,1.09958129414143,,0.36738147906602,FALSE,""
JAVELIN,1811,ACADL;PLA2G2A;DLL4;MIR3187;RPL39L,1.3183654507261,,0.0112345523931824,FALSE,""
JAVELIN,1812,WDR72;KIT;ALDH1A3;MIR4654;PARP15,1.23302662649499,,0.0584658098764786,FALSE,""
JAVELIN,1813,CYP2E1;IL1B;RNF128;SNORD115-6;CRYBB2,1.16380140173167,,0.171801708269207,FALSE,""
JAVELIN,1814,ITGA8;GLDC;SNORD116-8;ZMAT4;FAIM3,1.17237268201395,,0.144342521989753,FALSE,""
JAVELIN,1815,TMEM27;KLKB1;PDLIM3;MIR452;GRIP1,1.41534338223218,,0.00129415102485036,FALSE,""
JAVELIN,1816,STC2;WNK4;BMP2;DIRAS2;PPP1R3G,1.26976250675004,,0.0266075329060993,FALSE,""
JAVELIN,1817,RERG;SNORD110;MYO7A;GYG2;KCNMB4,1.3693677473074,,0.00237007239435765,FALSE,""
JAVELIN,1818,JPH2;ZFHX4;SNORD6;PKD1L2;PTGDR,1.1577314196968,,0.174899378569561,FALSE,""
JAVELIN,1819,QPCT;MFAP2;CSF3R;SLC6A20;C14orf37,0.912319952880114,,0.38785345694079,TRUE,""
JAVELIN,1820,PIGR;CPXM2;PTTG1;MIR181B2;LRP8,0.94632329100375,,0.61972157399239,TRUE,""
JAVELIN,1821,MIR25;ELOVL7;RGL3;OMD;CYP27B1,1.37652177136949,,0.00440879713906373,FALSE,""
JAVELIN,1822,TFPI2;AIF1L;CSF3R;MIR617;RLTPR,1.09277557012712,,0.406977503659497,FALSE,""
JAVELIN,1823,AGMO;TCF21;SLC2A9;DNAAF1;CDC42BPG,1.54590343960639,,0.000108323672574566,FALSE,""
JAVELIN,1824,SHROOM3;CXCR3;HIST1H2BM;MIR33A;PAMR1,0.995708246107766,,0.968962373861935,TRUE,""
JAVELIN,1825,SLCO4C1;UTY;ADAMTSL3;SAA2;GNAL,1.21094324143078,,0.0775068391809367,FALSE,""
JAVELIN,1826,HOXC10;C4B;FOLR2;MUM1L1;C14orf64,1.16968622517824,,0.138694502004626,FALSE,""
JAVELIN,1827,COX4I2;KMO;SNORD4B;THPO;RPL23AP32,1.35804159671322,,0.0048892527265265,FALSE,""
JAVELIN,1828,PRSS8;F5;HMCN1;CYP2B7P;CCDC17,1.10843212977997,,0.36012813569391,FALSE,""
JAVELIN,1829,FGG;COLEC12;SNORD33;SLC51A;MDH1B,1.38816231324327,,0.00301335465255768,FALSE,""
JAVELIN,1830,UBD;FOXF1;MKI67;SHOX2;GJC2,1.07649493900315,,0.502009166131724,FALSE,""
JAVELIN,1831,OGDHL;ADORA1;EMP1;HLA-G;SYCE1L,1.00437224043065,,0.966427975795411,FALSE,""
JAVELIN,1832,CXCL1;MIRLET7E;MIR4714;UMOD;SNORA78,1.19750398120814,,0.100178901964848,FALSE,""
JAVELIN,1833,SULT1C4;MAP7;ADAMTS2;FXYD4;LNX1,1.43308333396094,,0.00158314940777871,FALSE,""
JAVELIN,1834,ACKR1;F10;SNORD12B;ZNF676;DACT3,1.11307585053129,,0.311582441074485,FALSE,""
JAVELIN,1835,FAM46C;IL2RA;PTER;MIR33A;MIR3157,0.8981086744872,,0.328661555523738,TRUE,""
JAVELIN,1836,SORBS2;CRYM;MS4A4E;PIK3C2G;RPS6KL1,1.36691696187979,,0.00473310384456166,FALSE,""
JAVELIN,1837,MIR27A;LTF;TREM2;MIR1538;ADAMTS12,1.10073264987598,,0.360148406155512,FALSE,""
JAVELIN,1838,PTHLH;SLC23A3;S1PR3;SNORD114-5;GPR68,1.21931924800128,,0.0768210439214379,FALSE,""
JAVELIN,1839,FMO3;ALDOB;SNORD4B;WNT10A;MIR3134,1.01722054407064,,0.870498272488303,FALSE,""
JAVELIN,1840,RAB42;SNORD87;SNORD4B;TDRD9;KCNA3,0.962602715755598,,0.723649473802309,TRUE,""
JAVELIN,1841,MIR27B;MZB1;GPC4;A1CF;KIF26A,1.57623374224974,,2.42178814950655e-05,FALSE,""
JAVELIN,1842,CNN1;AIF1L;DCBLD2;CLIC6;KIF20A,0.907395537816915,,0.377613450940901,TRUE,""
JAVELIN,1843,EMX2;IGF1;HMCN1;SNORD115-37;HSD17B3,1.38257228830452,,0.00190832035872456,FALSE,""
JAVELIN,1844,HABP2;LTF;MIR3975;TDRD9;SNCAIP,1.10801064138407,,0.365684788474706,FALSE,""
JAVELIN,1845,QPCT;GPRC5A;ID4;FCRL3;EPHB3,0.985381215413386,,0.888949523804756,TRUE,""
JAVELIN,1846,MIR4499;ACHE;ARL4C;ICAM5;MIR5094,0.978607605694126,,0.843279712382288,TRUE,""
JAVELIN,1847,ACE2;PTGER3;SNORD6;PCDHB2;CCR6,1.46515250229949,,0.000418568431186021,FALSE,""
JAVELIN,1848,SLC7A9;SFN;HIST1H2BM;SYT8;C14orf64,1.11204022798433,,0.324590371719943,FALSE,""
JAVELIN,1849,PIGR;FCGBP;DMD;IL1RL1;PABPC4L,1.33824902827401,,0.00770301753947742,FALSE,""
JAVELIN,1850,NME5;CRYM;SNORD6;MIR4439;HIST2H3A,1.0784488338854,,0.481639854081286,FALSE,""
JAVELIN,1851,ACADL;PDGFRL;SLC2A9;ESRP1;TBX21,1.24015223103632,,0.0396179648224189,FALSE,""
JAVELIN,1852,SVEP1;SOX6;PLAT;MIR4533;PANK1,1.42670750130483,,0.00151382757848205,FALSE,""
JAVELIN,1853,SLC7A9;PNMA2;ARL4C;SNORD114-27;SNORD116-10,1.05856754619417,,0.596584927262789,FALSE,""
JAVELIN,1854,HNF1A;ETNK2;GAMT;DDIT4L;SPNS3,1.27964977919383,,0.0230429010619146,FALSE,""
JAVELIN,1855,SMIM24;MIR569;MYO5B;OR4F15;CLEC1A,1.17118222477066,,0.15843478815165,FALSE,""
JAVELIN,1856,ZDHHC11B;LTF;TREM2;WNK2;RAB40AL,1.13699728653778,,0.223979748430287,FALSE,""
JAVELIN,1857,PPAP2C;FAM65C;GAMT;VPREB3;HAS3,0.921466656560416,,0.451629527193716,TRUE,""
JAVELIN,1858,PTHLH;MIR339;MYO7A;INHBE;TSPAN32,1.19910531507558,,0.0930298629907065,FALSE,""
JAVELIN,1859,VTRNA2-1;GFRA1;SNORD4B;MIR1208;PNMAL1,1.27658280912182,,0.0232973643261085,FALSE,""
JAVELIN,1860,OGDHL;MIR23B;ACSF2;SLC30A2;MIR3134,1.0872156871623,,0.457452642597637,FALSE,""
JAVELIN,1861,PLA2G7;CYP4F12;EVI2B;SP5;JAKMIP1,0.942340686998023,,0.573970765665265,TRUE,""
JAVELIN,1862,TACSTD2;ANKRD18A;MIR4784;EPS8L3;LTB,0.857715874097964,,0.146846559254253,TRUE,""
JAVELIN,1863,NOX4;PCDH10;ARL4C;PLG;MIR643,1.27361668405567,,0.0264475892180371,FALSE,""
JAVELIN,1864,FGB;F10;ALDOC;DNAI1;FAM212A,1.32158595341546,,0.00956303773630695,FALSE,""
JAVELIN,1865,MIR4730;CLCNKA;SNORD6;LOC101926988;MIR5697,1.43566953353852,,0.00120578769136203,FALSE,""
JAVELIN,1866,WDR72;SLC7A8;COX7A1;TNNC2;LOC101928871,1.27586601291878,,0.0294627083396832,FALSE,""
JAVELIN,1867,MAL;SLC23A1;ECM2;SNORD114-19;DAPK2,1.05824858491285,,0.593373560840291,FALSE,""
JAVELIN,1868,HNF1A;PTGS2;PBX1;SHISA9;CACNA2D4,1.36241813155671,,0.00541927079834675,FALSE,""
JAVELIN,1869,UBD;ADORA1;MYRF;SLC10A2;SNORD116-10,1.0717271883559,,0.521855849346079,FALSE,""
JAVELIN,1870,MIR4317;GDA;ADAMTS2;MIR10A;MIR3664,1.36090436272348,,0.00505413152179815,FALSE,""
JAVELIN,1871,KCP;TRPC6;MIR4714;CPA4;PLAC8,1.01973273920941,,0.852544365738537,FALSE,""
JAVELIN,1872,SNORD14C;PLCH2;SNAI2;ANO3;ILDR1,1.21272285163942,,0.0848063232699536,FALSE,""
JAVELIN,1873,FMO2;PLIN4;PTK7;SLC47A2;DGKI,1.30359930268665,,0.0192466997003688,FALSE,""
JAVELIN,1874,RASD1;PRODH2;MIR637;BAAT;KBTBD11,1.37280388110749,,0.00379811207283832,FALSE,""
JAVELIN,1875,LOC101927960;SNORD114-13;TMEM204;GRHL2;FAM132A,1.34160081721099,,0.00766728569965453,FALSE,""
JAVELIN,1876,TBX3;CXCR3;SNORD74;PWRN1;SNORD19,0.935265281333245,,0.533389611541005,TRUE,""
JAVELIN,1877,SLC16A12;SLC23A3;HMCN1;HECW1;NLRC3,1.23964573934585,,0.0385892981192193,FALSE,""
JAVELIN,1878,MIR4526;MIR3941;PLEKHA7;P4HA3;CH25H,1.20529783370986,,0.0944400493784629,FALSE,""
JAVELIN,1879,EMX2;CCDC183;MIR4784;PVRL4;MIR765,1.07998090733695,,0.477150112411107,FALSE,""
JAVELIN,1880,MIR142;BTNL9;SEMA4G;SLC10A2;DAPP1,1.25306187408632,,0.0367236444684544,FALSE,""
JAVELIN,1881,ZDHHC11B;C10orf113;MIR1207;MYRFL;EMR4P,1.26250327540002,,0.0335664955819352,FALSE,""
JAVELIN,1882,NEB;WDR66;IGFBP6;UNC93A;EFS,1.02770715666525,,0.804340229043703,FALSE,""
JAVELIN,1883,TACSTD2;ASRGL1;RASGRP1;SFTPC;CITED4,1.1538921570945,,0.186209071996667,FALSE,""
JAVELIN,1884,MIR23C;MIR548AU;SNORD33;IRX2;CXCR6,1.13147304881361,,0.250776587051976,FALSE,""
JAVELIN,1885,NR4A2;RGS9;MIR4635;CDR1;COLCA2,1.52691287001664,,0.000112261799005476,FALSE,""
JAVELIN,1886,MIR1180;SERPINA6;SNORD12B;SLC7A11;SPHK1,1.06287852376755,,0.588245938238076,FALSE,""
JAVELIN,1887,SPAG17;FCGBP;NT5E;MIR100;PCDHB15,1.57937067052345,,4.34396807983241e-05,FALSE,""
JAVELIN,1888,GZMA;BEX2;COL5A3;SNORD115-35;PPIAP30,1.06815375825339,,0.536031932051146,FALSE,""
JAVELIN,1889,C1orf186;PLA2G2A;PDLIM3;PLA2G1B;KCNN3,1.27609918058331,,0.0214815028308477,FALSE,""
JAVELIN,1890,GBA3;ADAMTS14;HOXD9;STAC2;GJA5,1.42719223994034,,0.000966511559944411,FALSE,""
JAVELIN,1891,PGF;GJB1;HIST1H2AL;HS3ST3A1;ATP1B2,1.22872381528554,,0.0667266284044181,FALSE,""
JAVELIN,1892,OLR1;KIF26B;CKS2;SNORD114-31;VN1R1,0.96701936189993,,0.762893104612211,TRUE,""
JAVELIN,1893,MIA2;ZNF727P;RGL3;CST6;PLAC8,1.15809760804447,,0.188334520173357,FALSE,""
JAVELIN,1894,CPZ;DNASE1L3;PDLIM3;LRRC3;MIR4771-2,1.00815417523005,,0.938934761625436,FALSE,""
JAVELIN,1895,TFPI2;MIR4796;TIE1;EPO;TP73,1.29738562597013,,0.0170601181495159,FALSE,""
JAVELIN,1896,PROM1;BAI1;SNORD33;GABRP;HOXD3,1.13185621080165,,0.258353575527521,FALSE,""
JAVELIN,1897,C8orf4;GJB1;IL2RB;TMEM100;TSPAN32,1.0863464858996,,0.423238173402921,FALSE,""
JAVELIN,1898,SVEP1;MIR4676;IGFBP6;SLC47A2;MIR548AM,1.10614753704714,,0.349477812849781,FALSE,""
JAVELIN,1899,NEB;CXCL8;PTTG1;KCNJ10;TSPYL5,0.873427689316243,,0.207764552313262,TRUE,""
JAVELIN,1900,MAL;CLDN10;SNORA77;DUOX2;LOC401317,1.25886576894913,,0.0317807341984822,FALSE,""
JAVELIN,1901,TACSTD2;SLC22A3;ADAMTS2;PCDHGA3;DCDC1,1.12629659951444,,0.277598787985134,FALSE,""
JAVELIN,1902,HNF1A;SLC5A10;SLC1A1;MIR3187;ABCG2,1.40115351683714,,0.00217200960009942,FALSE,""
JAVELIN,1903,LPL;FOXQ1;ALDH1A3;AVPR1B;CATSPERG,1.36011567067945,,0.00353281109316614,FALSE,""
JAVELIN,1904,GZMK;MFAP2;DMD;FUT3;TP73,1.0189049813659,,0.857075849672992,FALSE,""
JAVELIN,1905,GPR126;EXPH5;CCL4;RHCG;PDGFD,1.48469355425139,,0.00036927661394561,FALSE,""
JAVELIN,1906,RAB42;INMT;SELENBP1;TRPV3;RGS4,1.01790259101803,,0.867561769163952,FALSE,""
JAVELIN,1907,OLFML2A;HPD;S1PR3;SLC4A1;MIR4295,1.51473429620019,,0.000251788713374001,FALSE,""
JAVELIN,1908,ITGA8;PLCH2;RIPK4;MIR874;MIR627,1.3657223916088,,0.00453034854064153,FALSE,""
JAVELIN,1909,SPAG17;TENM3;SNORD59A;XDH;COL9A2,1.09270698368326,,0.425296108510896,FALSE,""
JAVELIN,1910,OGDHL;PCK1;PLAUR;SLC47A2;CYP4X1,1.28350706528499,,0.0252409040486178,FALSE,""
JAVELIN,1911,NR4A3;FAM65C;RASGRP1;GRHL2;WBSCR27,1.17168112528379,,0.139769383305056,FALSE,""
JAVELIN,1912,MIR142;EPPK1;SLC44A3;FOXF2;C5AR2,1.21037903547829,,0.0763536930494234,FALSE,""
JAVELIN,1913,MIR3646;TRIM55;ECM2;FAM153A;MIR5191,1.50275835025451,,0.000178902739286768,FALSE,""
JAVELIN,1914,PLAC9;SPINK1;TREM2;ATOH8;MIR3674,1.27209314069596,,0.0224722851795693,FALSE,""
JAVELIN,1915,ACY3;VSIG2;PLAT;CNTFR;PCDHB15,1.47373213405674,,0.000411985046826827,FALSE,""
JAVELIN,1916,MYBL2;MIR548AA2;IL2RB;ACOXL;POU5F1B,1.01268623586439,,0.904302436943043,FALSE,""
JAVELIN,1917,IDO1;SLC12A8;HIST1H2BM;SIGLEC12;MAP6,0.789854342409381,,0.0330286264171461,TRUE,""
JAVELIN,1918,NPNT;MIR563;BMP2;KLHL4;KCNQ4,1.38625211776291,,0.00255656993761214,FALSE,""
JAVELIN,1919,CX3CR1;PAH;HIST1H2AL;ANGPTL3;NRXN3,1.327676548911,,0.00835470117341889,FALSE,""
JAVELIN,1920,AKR7A3;HRH2;ID4;CYP4B1;SNORD103B,1.2356943923929,,0.0481969848800395,FALSE,""
JAVELIN,1921,ABCA6;MIRLET7D;ARHGEF15;LOC101929335;MIR548AM,1.45065473274987,,0.000327789002882879,FALSE,""
JAVELIN,1922,GLYAT;CCL28;ROBO4;CDR1;GNAL,1.62328506763279,,1.03789536918412e-05,FALSE,""
JAVELIN,1923,FGB;TCF21;S1PR3;UGT2B4;MIR3978,1.05955117815341,,0.580247938823488,FALSE,""
JAVELIN,1924,AGMO;CPXM1;BMP2;OR2T34;RSAD2,1.23244412283071,,0.0532293674117744,FALSE,""
JAVELIN,1925,IRX5;FOSL1;RGL3;SLC26A7;POU5F1P3,1.19613375283762,,0.0990279379599179,FALSE,""
JAVELIN,1926,TFPI2;CDH23;SNORD116-28;SFTPB;DNALI1,1.27355516379633,,0.0198226642791496,FALSE,""
JAVELIN,1927,FNDC1;GPRC5A;RGL3;CNFN;EMP2,1.12042902595987,,0.275373274972429,FALSE,""
JAVELIN,1928,C14orf105;MIR4482;SNORD4B;OR2T10;MIR3664,1.24922399282318,,0.0378856279224303,FALSE,""
JAVELIN,1929,FOLH1;CYP24A1;PTER;HMGA2;CACNB2,1.14578000388117,,0.21280595540332,FALSE,""
JAVELIN,1930,COX4I2;SLC27A2;RGL3;IHH;LOC283278,1.40342887648773,,0.00191389028197052,FALSE,""
JAVELIN,1931,MIR29B2;HAMP;FAM20A;SFTPD;CLEC10A,1.04494304052164,,0.684857886854406,FALSE,""
JAVELIN,1932,COX4I2;SOX6;SNORD116-28;SNORD114-15;DAPP1,1.21773579084799,,0.052787890694584,FALSE,""
JAVELIN,1933,MIR3189;HRH2;MIR3125;TCHH;DLGAP5,1.13617208180914,,0.238458073166626,FALSE,""
JAVELIN,1934,RASD1;MT1M;LY96;PEG3;CLEC10A,0.987104107348445,,0.902263066242904,TRUE,""
JAVELIN,1935,C8orf4;AIF1L;MIR3975;HCAR2;EFS,1.08422157940766,,0.460387281038137,FALSE,""
JAVELIN,1936,CST7;MIRLET7D;RIPK4;DNAH9;SNORD116-23,1.25967941770155,,0.0370044087084077,FALSE,""
JAVELIN,1937,CCL19;REEP6;MIR4784;PKLR;C14orf64,1.06528416340809,,0.546550366547319,FALSE,""
JAVELIN,1938,F2RL1;KIT;CKS2;C12orf36;LOC101927941,1.09188942323535,,0.410269466151123,FALSE,""
JAVELIN,1939,C8orf4;KCNIP4;PLAT;HSD3B2;MIR3605,1.36689768436225,,0.00477828585612603,FALSE,""
JAVELIN,1940,HOXC10;VEPH1;CDH13;ROS1;ALDH1L2,1.45240688957736,,0.000669159303933689,FALSE,""
JAVELIN,1941,CD38;CYP4F3;CSF3R;ASGR2;GSTT2,0.919456670266115,,0.406541591915692,TRUE,""
JAVELIN,1942,UGT2A3;FGA;MIR3125;PVALB;TMEM178A,1.42223719548946,,0.00238701400250477,FALSE,""
JAVELIN,1943,MACC1;ITGBL1;LZTS1;WNT11;MTCP1,1.2969275505905,,0.0169751088561048,FALSE,""
JAVELIN,1944,SCIN;MIR1303;PTTG1;GC;SNORD96B,1.21723823240681,,0.072377533469909,FALSE,""
JAVELIN,1945,SPAG17;LTF;SNAI2;SFTPA2;RASD2,1.25115859876235,,0.038826765163409,FALSE,""
JAVELIN,1946,TBX3;PRAP1;ACSF2;PTGES;P2RY10,0.908463938006743,,0.357565991281657,TRUE,""
JAVELIN,1947,TSPAN13;KMO;MYO7A;KRT5;SLC39A4,1.15766078460362,,0.171816340962979,FALSE,""
JAVELIN,1948,CRB3;MIR548AA2;ALDOC;SLC38A4;DGKI,1.45831495788666,,0.00054085269606454,FALSE,""
JAVELIN,1949,BAMBI;TNFSF14;PTK7;SNORD114-14;C5AR2,0.941839797458358,,0.584052628223995,TRUE,""
JAVELIN,1950,ACE2;MYO7B;MAP4K1;MIR874;TRIM6,1.22677525832448,,0.0554978932094213,FALSE,""
JAVELIN,1951,NEB;MLLT11;CCL4;ATP2C2;CD80,0.897010940810443,,0.307457033484722,TRUE,""
JAVELIN,1952,SLPI;TRPC6;ROBO4;GRHL2;CEP55,1.00857626109583,,0.935800759786889,FALSE,""
JAVELIN,1953,ACSM5;MIR4731;TMEM204;CASR;CD300LF,1.31804474642343,,0.00738641296903465,FALSE,""
JAVELIN,1954,CD27;MIR589;MIR628;KRT13;PTGDR,1.12124960649612,,0.281488062213763,FALSE,""
JAVELIN,1955,STC1;KCNJ3;MIR637;C4BPA;FOXD1,1.44674459997394,,0.00095874486243385,FALSE,""
JAVELIN,1956,PGF;CYP4F3;HRSP12;ST6GAL2;HMMR,1.26851943414944,,0.0265811213147275,FALSE,""
JAVELIN,1957,MIR3117;MIR4796;SARDH;TFAP2B;CCDC74B,1.30638015032626,,0.0174199179261591,FALSE,""
JAVELIN,1958,S100A8;CRYM;EFNA1;CALCR;KIF26A,1.39931190714628,,0.0026157028946103,FALSE,""
JAVELIN,1959,SLIT2;CYP4F3;MTCL1;TMEM174;C2orf82,1.18803546261003,,0.127938713584938,FALSE,""
JAVELIN,1960,RAB17;C5orf46;SNORD116-8;EPO;EPHB3,1.59932920577923,,2.01200903444638e-05,FALSE,""
JAVELIN,1961,ABCA6;NPY1R;ARL4C;SCN2A;TAL1,1.06366844171005,,0.571966786408249,FALSE,""
JAVELIN,1962,SLIT2;KIF26B;COL5A3;SLC4A1;SLAMF6,1.11957642117985,,0.285801445610004,FALSE,""
JAVELIN,1963,SCIN;SYBU;CACNA2D1;CAPN6;CCDC141,1.28422335467866,,0.0181479714582846,FALSE,""
JAVELIN,1964,SHROOM3;SPEG;HMCN1;NCAM2;KCNMB4,1.16290289975233,,0.152589147069055,FALSE,""
JAVELIN,1965,PSAT1;COL11A1;MIR628;HTR6;SERTAD4,1.36796410389741,,0.00388490701705649,FALSE,""
JAVELIN,1966,ACE2;DSCAML1;PLAT;DUOX1;CADM4,1.27593576724753,,0.0213192053571458,FALSE,""
JAVELIN,1967,OLR1;PLA2G2A;SLC44A3;EYA4;GRAP2,1.21299680973682,,0.0746108529924684,FALSE,""
JAVELIN,1968,FCN3;CCDC64;TIE1;APOA1;OSR1,1.26346056697745,,0.029136583314441,FALSE,""
JAVELIN,1969,NR4A3;PLCH2;SNORD4B;TFR2;LOC101927970,0.968661682216699,,0.767519252716348,TRUE,""
JAVELIN,1970,SRPX;TRPC6;MIR938;SYT8;TG,1.1388278201943,,0.244798842880933,FALSE,""
JAVELIN,1971,MIR23C;MIRLET7E;PLAUR;AGXT;MIR4295,1.37885029929355,,0.00595596340453856,FALSE,""
JAVELIN,1972,ABCA6;LAG3;HRSP12;MUC13;MDH1B,1.26821241158497,,0.0320723869973355,FALSE,""
JAVELIN,1973,RASD1;KLF15;DENND2A;XDH;ALMS1P,1.27761795637636,,0.0244613609097017,FALSE,""
JAVELIN,1974,IDO1;GYLTL1B;PIEZO2;CXCR1;FAM69B,1.21073646747953,,0.0744001638480917,FALSE,""
JAVELIN,1975,GZMA;SOX6;RNF128;BMPR1B;RGS16,1.13449135674636,,0.248456435599512,FALSE,""
JAVELIN,1976,NR4A3;GRB14;MIR4714;IL13RA2;MCOLN2,1.05950723523409,,0.591677242853047,FALSE,""
JAVELIN,1977,UPB1;COL7A1;TOP2A;HLA-G;CCR6,1.00745991909383,,0.945855180296836,FALSE,""
JAVELIN,1978,CTSW;B3GNT4;RIPK4;STAC2;MIR5697,1.15364625631929,,0.183813874488534,FALSE,""
JAVELIN,1979,MAL;SIGLEC14;LDB2;C19orf67;ARHGAP28,1.2848532454745,,0.013887024739472,FALSE,""
JAVELIN,1980,DCDC2;MMP24;MIR4784;CALB1;MIR4774,1.12361946502676,,0.282486824281755,FALSE,""
JAVELIN,1981,TSPAN13;SLC12A8;BMP2;CST6;SNORD24,0.954043833602074,,0.649059794580531,TRUE,""
JAVELIN,1982,RBP4;CLDN3;SNORD59A;GPR15;PRKAR2B,1.08370747440024,,0.46380031734259,FALSE,""
JAVELIN,1983,MIR29B2;GABRD;SNORA48;CXorf30;AGBL3,1.52236953901884,,0.000112222393840897,FALSE,""
JAVELIN,1984,MT1G;HPD;HRSP12;SLC52A3;PPM1H,1.17608548264858,,0.136804841165144,FALSE,""
JAVELIN,1985,RAP1GAP;MIR548AA2;RIPK4;GRIA3;COL21A1,1.42162377771252,,0.00110283875588189,FALSE,""
JAVELIN,1986,KRT7;GPRC5A;CSF3R;PRSS22;GSTO2,0.894252455219325,,0.305409336052317,TRUE,""
JAVELIN,1987,BAIAP2L2;ASRGL1;SNORA26;MIR4280;CDC20,1.0260599736685,,0.80685633678603,FALSE,""
JAVELIN,1988,CD27;FLRT3;SNORD33;MIR874;TDRD10,1.09022698481339,,0.404411685481393,FALSE,""
JAVELIN,1989,EXOC3L4;PPP1R1A;MST1;CNFN;EPHA1,1.04816774146229,,0.673985077672826,FALSE,""
JAVELIN,1990,NPR3;FOSL1;PLEKHA7;MIR3126;MIR1284,1.25541969895005,,0.0339647810220659,FALSE,""
JAVELIN,1991,RASD1;COL7A1;DPYSL3;NTNG1;UNC5C,0.92100388061145,,0.456142180749437,TRUE,""
JAVELIN,1992,NLGN1;GSTM1;RIPK4;TOX3;MIR627,1.45207292078817,,0.000803705933834069,FALSE,""
JAVELIN,1993,SLC39A5;SLC23A3;DPYSL3;MIR578;TMC4,1.16774066787158,,0.145090355162818,FALSE,""
JAVELIN,1994,SORBS2;GJB1;TMEM132A;ZIC2;PSD3,0.88967357893779,,0.251650415075031,TRUE,""
JAVELIN,1995,AGMO;ELOVL7;COX7A1;AMPD1;MAATS1,1.66297295965571,,4.08572104764393e-06,FALSE,""
JAVELIN,1996,GZMA;MIR1249;CACNA1C;HAS1;SOGA3,0.964101661138215,,0.744741456383937,TRUE,""
JAVELIN,1997,ACADL;FOSL1;DLL4;HLA-G;DGKI,1.23505905694361,,0.0558069017153355,FALSE,""
JAVELIN,1998,TENM1;SLC5A10;MYO7A;ZNF676;LINC00299,1.50870889668165,,0.000251471594926571,FALSE,""
JAVELIN,1999,HOXD10;MIRLET7F1;HMCN1;NTNG1;MIR28,1.34528117534648,,0.00616092280862889,FALSE,""
JAVELIN,2000,PTH1R;F5;FKBP9P1;BMPER;MMP17,0.998513539645513,,0.988914855492655,TRUE,""
JAVELIN,2001,PIGR;ZFHX4;SNORD12B;PLG;POU5F1B,1.09440095741451,,0.409487722447624,FALSE,""
JAVELIN,2002,CCL18;KCNIP4;FZD8;MIR1208;MPP7,1.20306714917308,,0.0980480562487245,FALSE,""
JAVELIN,2003,DDC;OLFM2;CRISPLD2;MIR924;GPRIN1,0.974290378108298,,0.820584187069173,TRUE,""
JAVELIN,2004,IL6;ASPHD1;MXRA8;UNC5A;E2F8,0.838014679579031,,0.0995275632105969,TRUE,""
JAVELIN,2005,SPOCK1;CD3G;PLEKHA7;SMOC1;CLEC10A,0.812619900099407,,0.0569601634248611,TRUE,""
JAVELIN,2006,MYOM3;C4A;CCL4;LOC101926988;SNORD45B,1.14435692547418,,0.196167500319068,FALSE,""
JAVELIN,2007,AKR7A3;SLC22A3;ARHGEF15;CD177;MIR548AM,1.27883325622026,,0.0226230625563809,FALSE,""
JAVELIN,2008,MIR1180;ESPN;MIR3975;ATP6V0A4;RNF152,1.48376618643549,,0.000667996247777607,FALSE,""
JAVELIN,2009,MYBL2;MMP24;ALDH1A3;HRCT1;LOC644086,0.92683961519587,,0.474376656759559,TRUE,""
JAVELIN,2010,COL4A3;C2;GPC4;DIO1;SERTAD4-AS1,1.247900597172,,0.0434988409880818,FALSE,""
JAVELIN,2011,MIR27B;INMT;SNORA26;SLC4A1;FLT3,1.05861125865397,,0.596524023285126,FALSE,""
JAVELIN,2012,SLC17A1;KCNIP4;MIR637;ATP6V0D2;TIAM2,1.34583311452804,,0.00845756748465185,FALSE,""
JAVELIN,2013,S100A8;FOXP2;IFI44L;FLJ22184;IL33,1.01210769764546,,0.909034674141598,FALSE,""
JAVELIN,2014,SVEP1;GLIS1;ADCY4;TMPRSS4;UBE2T,1.22323398462977,,0.0757386513647515,FALSE,""
JAVELIN,2015,ARHGEF16;VANGL2;MMP11;PKP3;MIR4681,1.06202331562269,,0.600048869040574,FALSE,""
JAVELIN,2016,BBOX1;KLHDC7A;DCBLD2;LRRC3;KIAA1324L,1.15098380175036,,0.207592148068818,FALSE,""
JAVELIN,2017,NPR3;KLKB1;MIR938;G6PC;SERTAD4-AS1,1.45867605592652,,0.000629179466457332,FALSE,""
JAVELIN,2018,MYBL2;TCF21;IGFBP6;MIR4469;PDE8B,0.916249774367236,,0.402373135741905,TRUE,""
JAVELIN,2019,SLIT2;APOLD1;MS4A4A;PRIMA1;TMOD1,1.12587417709349,,0.272493415767598,FALSE,""
JAVELIN,2020,TNFAIP6;TTN;DPYSL3;OR2T2;PCDHB16,1.26378165974905,,0.0304722409160293,FALSE,""
JAVELIN,2021,ACY3;VANGL2;TREM2;PKP3;FCN1,0.992808534863651,,0.94612599944229,TRUE,""
JAVELIN,2022,GPT;MFI2;CACNA2D1;KCNH2;FAM162B,1.11826789861076,,0.29605402487877,FALSE,""
JAVELIN,2023,CX3CR1;SNORD114-10;TMEM132A;SLC47A2;CYP4X1,1.09169898812574,,0.410969517034011,FALSE,""
JAVELIN,2024,TENM1;IGF1;MIR544B;TCHH;CD200R1,1.24870045623946,,0.0463023886193161,FALSE,""
JAVELIN,2025,MACC1;PLCH2;MCF2L;MAMDC2;SLAMF8,1.08168327573437,,0.441215375119045,FALSE,""
JAVELIN,2026,UPB1;C5orf46;CCL4;ITPKA;ACOT1,1.23239694287429,,0.0636412898787788,FALSE,""
JAVELIN,2027,PTH1R;MIRLET7F1;TEK;SCGB1D2;PANK1,1.45025063576555,,0.000744278737713801,FALSE,""
JAVELIN,2028,F8;DNASE1L3;SNORD4B;OR2T3;SIT1,1.16829110212585,,0.13486479864556,FALSE,""
JAVELIN,2029,TMEM45A;PAH;PBX1;CCBE1;GLT8D2,1.15852757975659,,0.159043583421839,FALSE,""
JAVELIN,2030,MIR645;GPRC5A;ID1;FOXI1;SMN2,1.09503162692546,,0.397210978664358,FALSE,""
JAVELIN,2031,GPER1;ST6GALNAC2;MIR628;SCN3A;RLTPR,1.11357903750966,,0.315070620162792,FALSE,""
JAVELIN,2032,MACC1;GDA;CKS2;SNORD116-5;LOC643339,1.28373794977317,,0.0249785641079882,FALSE,""
JAVELIN,2033,GBP5;DSCAML1;MS4A4A;C10orf62;LOC283278,1.14890577044201,,0.191398919956293,FALSE,""
JAVELIN,2034,GZMK;CYP4F11;FAM20A;PLG;DNALI1,1.08014257696494,,0.461351454055498,FALSE,""
JAVELIN,2035,FMO2;NAPSA;ALDH6A1;SNORD115-13;ST6GALNAC3,1.40631588628267,,0.00202816588536056,FALSE,""
JAVELIN,2036,MIR4652;SLC16A9;MYO1G;MIR574;TMEM38A,1.27569463640073,,0.0251894032461478,FALSE,""
JAVELIN,2037,MIR645;SLC4A3;MST1;SYT9;IL17RD,1.2345715888922,,0.0522437459149745,FALSE,""
JAVELIN,2038,PPAP2C;ANKRD18A;ANGPT2;GYG2;PARP15,0.896033192266346,,0.314738563184223,TRUE,""
JAVELIN,2039,MUC3A;EFHD1;IGFBP6;MIR874;KCNA3,1.04808818408626,,0.652648420069233,FALSE,""
JAVELIN,2040,IL6;PCDH10;MECOM;MIR3126;GPRIN1,1.12104697254425,,0.311001342411007,FALSE,""
JAVELIN,2041,MIR126;FTCD;HOXD4;TBX5;MIR1183,1.43692636315568,,0.000549259648132263,FALSE,""
JAVELIN,2042,SCN9A;HP;CYTIP;AFM;POU5F1B,1.30104070523578,,0.0122304460292729,FALSE,""
JAVELIN,2043,SRPX;HOXD11;ANGPT2;MIR548AS;CD80,1.1129346741543,,0.329131291506347,FALSE,""
JAVELIN,2044,KCP;CES3;HOXD9;PLG;CITED4,1.48016743442857,,0.000338674786538935,FALSE,""
JAVELIN,2045,FOLH1;MMP19;SNAI2;SNORD114-15;MIR3157,1.1508443122691,,0.215884274008442,FALSE,""
JAVELIN,2046,MIR548AR;CCDC148;SNORD12B;SYT12;MTRNR2L10,1.12883769530205,,0.267539204980019,FALSE,""
JAVELIN,2047,PLAC9;CYP4F12;CACNA1C;A1CF;PDE8B,1.55270604374238,,2.81431766701444e-05,FALSE,""
JAVELIN,2048,PLA2G7;FTCD;ANGPT2;PIK3C2G;GPR174,1.17931603051044,,0.129148161624351,FALSE,""
JAVELIN,2049,TENM1;GYLTL1B;DCBLD2;C10orf62;RPS6KL1,1.26143327119937,,0.0346406328420792,FALSE,""
JAVELIN,2050,SLC17A1;AZGP1;LDB2;OCA2;GALNT16,1.36061044609765,,0.00421486795658005,FALSE,""
JAVELIN,2051,GBA3;CCDC183;2020-03-02 00:00:00;TRPA1;WDR96,1.64865466062683,,9.66618127020571e-06,FALSE,""
JAVELIN,2052,ACY3;SNAP25;ECM2;ATP2C2;WSCD1,1.59617046182748,,1.43996140597267e-05,FALSE,""
JAVELIN,2053,FABP4;TRPC6;DLL4;LEFTY1;ZNF471,1.19233601056273,,0.109877968441143,FALSE,""
JAVELIN,2054,TFPI2;MIR589;CYTIP;B3GAT1;ETV7,0.921156619934867,,0.449038791104875,TRUE,""
JAVELIN,2055,ANLN;CLCNKA;FPR1;ANKRD1;TAL1,0.899696962576729,,0.324010188122424,TRUE,""
JAVELIN,2056,MIR4292;GYLTL1B;EMP1;TUBB1;CPNE5,1.18372666006533,,0.113408618382062,FALSE,""
JAVELIN,2057,MIR30A;C2;ADAMTSL3;SNORD114-4;COLCA2,1.33540403787473,,0.00556292320492156,FALSE,""
JAVELIN,2058,CX3CR1;SPX;SNORD29;MIR4251;MELK,1.18974140362394,,0.101806253429313,FALSE,""
JAVELIN,2059,RAP1GAP;ATP1A2;MIR197;MGARP;SNORA78,1.2761388702048,,0.0250144624199257,FALSE,""
JAVELIN,2060,ANK3;FUT6;CKS2;IRX1;MIR3664,1.25627623712756,,0.0365787050571231,FALSE,""
JAVELIN,2061,UBD;MIR616;SNORD12B;TRIM54;PCDHGC4,0.957898112638113,,0.689093992753145,TRUE,""
JAVELIN,2062,HABP2;MIR616;SELENBP1;GRIN2B;MIR593,1.14479958506056,,0.221065645382253,FALSE,""
JAVELIN,2063,NXPH4;CD3G;GPC4;MIR379;PPP1R3G,1.09036346902764,,0.406433396693078,FALSE,""
JAVELIN,2064,QPCT;LBP;RASGRP1;CYP4A22;GRID1,1.03864203426877,,0.735750424272975,FALSE,""
JAVELIN,2065,RAB42;MIR3145;ID1;CABP1;KCNN3,1.47443436941531,,0.000182409393454111,FALSE,""
JAVELIN,2066,F8;GPRC5A;MCF2L;ORM1;PAPPA-AS1,1.45159526940681,,0.00077469586839301,FALSE,""
JAVELIN,2067,NME5;MIR616;LZTS1;HCAR2;PCP2,1.2011043352274,,0.0844698314273217,FALSE,""
JAVELIN,2068,ANLN;EPPK1;TMEM132A;CFTR;FOXD1,0.795284344460432,,0.0350883569846815,TRUE,""
JAVELIN,2069,BAMBI;HYDIN;CCL4;CYP4F2;GSTO2,1.2496695964812,,0.0414051793480926,FALSE,""
JAVELIN,2070,SVEP1;SNORA69;PLAT;CLDN16;MIR765,1.08301084289914,,0.466155100056308,FALSE,""
JAVELIN,2071,SEC14L6;SNORD114-13;RNF128;KCNH3;AMY2B,1.13527651767885,,0.258995385715604,FALSE,""
JAVELIN,2072,TMEM27;GZMB;ARL4C;HCN2;CTRL,0.835360204378595,,0.0985241911622805,TRUE,""
JAVELIN,2073,SLC17A1;CDCP1;MIR1537;RHCG;CD244,1.01307700191223,,0.905693235544405,FALSE,""
JAVELIN,2074,FGB;MMP19;EVI2B;XDH;HIST2H3A,0.828137468316424,,0.0817974765070378,TRUE,""
JAVELIN,2075,SLC39A5;ADAMTS14;PLAT;MIR4489;ADAMTS12,1.05417831530407,,0.631055420472508,FALSE,""
JAVELIN,2076,COMP;CXCL13;ARL4C;LRRC3;CEP55,0.771536366643006,,0.0218670419262728,TRUE,""
JAVELIN,2077,HHLA2;EPPK1;LDB2;SNORD114-15;RHBDL1,1.24424848449622,,0.0402248510398351,FALSE,""
JAVELIN,2078,PROM1;LDHD;GEM;MAMDC2;PIFO,1.37809137342639,,0.00350930796434312,FALSE,""
JAVELIN,2079,MIR4292;HPD;ANGPT2;TUBA3E;SNCA,1.25133919990468,,0.0421696114308963,FALSE,""
JAVELIN,2080,IGF2BP2;FOXQ1;APCDD1;SNORD115-6;DYNLRB2,0.975695748939421,,0.821645578762604,TRUE,""
JAVELIN,2081,ZDHHC11B;HLF;MMP11;HRCT1;SLC27A5,1.31461249618573,,0.0100896646430435,FALSE,""
JAVELIN,2082,GLYAT;PLIN4;PPL;CALB1;CDC42BPG,1.27732805353478,,0.0306948346195541,FALSE,""
JAVELIN,2083,CHDH;CMYA5;ARL4C;CYP4B1;DACT3,1.16440655452184,,0.171526026055751,FALSE,""
JAVELIN,2084,BBOX1;FOXF1;CYTIP;PLG;SNORD96B,1.26728146192192,,0.0290241546023203,FALSE,""
JAVELIN,2085,JPH2;MIR200B;MTCL1;LMO1;SNORD96B,1.18685116495605,,0.106000055714988,FALSE,""
JAVELIN,2086,GBA3;BTNL9;MIR4435-2;HCN2;ZSWIM5,1.40558456766819,,0.00132112176877505,FALSE,""
JAVELIN,2087,TBX3;CGREF1;ANGPT2;CALCR;JAM2,1.47877836535307,,0.000324106618812776,FALSE,""
JAVELIN,2088,RAB42;PLCH2;SNORA77;MYBPC2;GMPR,0.933947556882681,,0.552229152550884,TRUE,""
JAVELIN,2089,ANLN;TNFSF14;RNF128;GRIA3;CACNB2,1.05752012036412,,0.606539782357999,FALSE,""
JAVELIN,2090,MIR378I;MIR23B;EMP1;CPA4;PLCH1,1.07356180386185,,0.514435155540552,FALSE,""
JAVELIN,2091,MIR23C;C4A;FAM20A;PRND;FRMD3,1.30723332221557,,0.0164925131231872,FALSE,""
JAVELIN,2092,ABO;CYP4F12;MAP4K1;PTGES;NEIL3,0.895341761279774,,0.301911838420952,TRUE,""
JAVELIN,2093,IDO1;GYLTL1B;MIR1207;LOC101929578;MAP6,1.24187613001901,,0.0487798726196684,FALSE,""
JAVELIN,2094,ZDHHC11B;MYO7B;CALCRL;MIR30D;CYP26B1,1.42969060593037,,0.00127186236426878,FALSE,""
JAVELIN,2095,GPR126;CPXM2;ACSF2;MIR4531;E2F8,1.11287278088125,,0.323463283018626,FALSE,""
JAVELIN,2096,MIR4317;AQP7;NT5E;MIR592;MIR3942,1.2695763118422,,0.0290054108277585,FALSE,""
JAVELIN,2097,NR4A3;KCNJ3;LZTS1;KCNS1;PCP2,1.35953256992749,,0.00550854290132657,FALSE,""
JAVELIN,2098,STEAP4;B3GNT3;RIPK4;CSDC2;MAATS1,1.19596262510801,,0.0993945311450856,FALSE,""
JAVELIN,2099,PPAP2C;SLC38A11;EMP1;SPINK5;IL17RE,1.20116620181031,,0.0879471724863646,FALSE,""
JAVELIN,2100,FER1L4;SLC26A1;HIST1H2AL;TRIM54;LOC100294362,1.17437852517217,,0.145588636666914,FALSE,""
JAVELIN,2101,NMB;MST1P2;TMEM132A;CXCR1;CCDC17,0.958339185745311,,0.701604255353112,TRUE,""
JAVELIN,2102,FER1L4;AGMAT;MAP4K1;KCNH3;SH2D3A,1.00589288422922,,0.956148303390676,FALSE,""
JAVELIN,2103,STC1;SLC7A8;SNORD116-16;CCL11;DEPDC7,1.55321027762031,,0.000110863664148651,FALSE,""
JAVELIN,2104,RERG;ETNK2;ACSF2;DMRT2;AGBL3,1.38298152875948,,0.00373396572326403,FALSE,""
JAVELIN,2105,OLR1;MIR378A;MAP4K1;CYP8B1;DYNLRB2,1.21034581696574,,0.0685555861461418,FALSE,""
JAVELIN,2106,TTC39A;MZB1;GPC4;SST;KCNIP3,0.974283862821833,,0.809788006763206,TRUE,""
JAVELIN,2107,IKZF3;NEBL;RNF128;ANKRD2;GLI1,1.00899478246427,,0.93599335883799,FALSE,""
JAVELIN,2108,IGF2BP2;ETNK2;MIR544B;MIR93;NTNG2,0.974053823639767,,0.809958559685598,TRUE,""
JAVELIN,2109,BCL2A1;NPY1R;CYTIP;MIR4274;PDE8B,1.06656112367709,,0.548572949033404,FALSE,""
JAVELIN,2110,F8;CDHR1;ID4;CTSE;LOC101927970,1.31928354826061,,0.00912163745796256,FALSE,""
JAVELIN,2111,MT1G;LOC647859;SLC2A9;TMC5;SPTBN5,1.29883668190658,,0.0206719205051915,FALSE,""
JAVELIN,2112,MIR29B2;MIOX;RIPK4;ETV4;KCNQ4,1.29030093484661,,0.0202142757831466,FALSE,""
JAVELIN,2113,MYH14;GZMB;TOP2A;CYP21A1P;WDR96,1.00029904707655,,0.997791394640116,FALSE,""
JAVELIN,2114,MIR4292;MAL2;RGL3;PROC;SEMA3G,1.20058146370158,,0.0962813550020329,FALSE,""
JAVELIN,2115,FMO3;MIOX;ALDH1A3;GABRB3;TAL1,1.29623059773041,,0.0174283523138421,FALSE,""
JAVELIN,2116,NPNT;OLFM2;FPR1;SLC36A2;MIR1256,1.08717828232206,,0.436194513443377,FALSE,""
JAVELIN,2117,MIR27B;PCDH10;TMEM132A;COCH;PCDHB15,1.18697982909749,,0.108959141871371,FALSE,""
JAVELIN,2118,CD27;DNASE1L3;PLAT;ATP6V1B1;PLCH1,1.15426878020868,,0.184076823460817,FALSE,""
JAVELIN,2119,LPL;CES3;MYRF;SFTPD;LILRB4,1.20103579929576,,0.0783923422872189,FALSE,""
JAVELIN,2120,AOC1;SLC5A10;SNORD116-8;TTR;SLAMF1,1.33620321065492,,0.00812857616290503,FALSE,""
JAVELIN,2121,AOC1;NEBL;SNORD12B;MIR4506;PPP1R3G,1.20568284679511,,0.0689796867179968,FALSE,""
JAVELIN,2122,NPNT;CCL28;CYTIP;CHIT1;MIR548AM,1.29730399346376,,0.0114131580770911,FALSE,""
JAVELIN,2123,COL4A3;COBL;IL2RB;SNORD114-26;MIR548S,1.06058397784891,,0.561468899174337,FALSE,""
JAVELIN,2124,RAP1GAP;FCGBP;HMCN1;MIR218-2;SNORD50A,1.41713039801775,,0.0014054513517268,FALSE,""
JAVELIN,2125,PYCR1;SDS;SNORD116-28;CXCR1;FAM69B,1.18511312819552,,0.123316709837414,FALSE,""
JAVELIN,2126,TRABD2B;MZB1;MYO5B;B3GAT1;MELK,0.788474267130126,,0.0269927739273591,TRUE,""
JAVELIN,2127,SLC39A5;MIOX;MIR3975;ESRP1;TTC22,1.26147966221916,,0.0362175285336103,FALSE,""
JAVELIN,2128,TMEM45A;FOXF1;TSKU;PTPRQ;USHBP1,1.36359984929279,,0.00291668992417346,FALSE,""
JAVELIN,2129,ESM1;MIR4482;ALDOC;SLC10A2;SLAMF8,1.34364390467428,,0.0057442431951373,FALSE,""
JAVELIN,2130,TINAG;SOX6;SEMA4G;EGFL6;CD300LF,1.32445843685021,,0.00862128404353487,FALSE,""
JAVELIN,2131,IDO1;PTPRD;CDH13;TMEM100;PDE3B,1.10644303482963,,0.328054884310625,FALSE,""
JAVELIN,2132,SLC7A9;DPEP1;EVI2B;NCAM2;BATF,0.974408769808163,,0.794979022269804,TRUE,""
JAVELIN,2133,BBOX1;NPY6R;SNORD116-16;MIR4786;SCUBE2,1.50579650161267,,0.000146872996862231,FALSE,""
JAVELIN,2134,GLYAT;SNORD114-10;COX7A1;KHDRBS2;CYP26B1,1.28633502698423,,0.0172692241292287,FALSE,""
JAVELIN,2135,STC2;FOSL1;COX7A1;CDO1;LOC100128242,0.980993841954485,,0.867140137310284,TRUE,""
JAVELIN,2136,MIR378I;HOXD11;LY96;MIRLET7G;RGS16,0.952864792013093,,0.645248467233335,TRUE,""
JAVELIN,2137,LOC101927834;CYP2C9;CACNA2D1;MAPK8IP2;APOBEC3B,1.12733766264654,,0.285571594474367,FALSE,""
JAVELIN,2138,ACKR1;KISS1R;SLC44A3;PROC;C6orf132,1.45684996647999,,0.000523577182327616,FALSE,""
JAVELIN,2139,SULT1C4;MIR3918;DMD;ATP2C2;RPL23AP32,1.37056421498018,,0.00485564460411885,FALSE,""
JAVELIN,2140,PRSS8;C10orf113;SNORD59A;HCN2;ZNF831,0.965583221586842,,0.745455760680918,TRUE,""
JAVELIN,2141,DDC;RYR2;PTER;CCL8;TMEM119,1.04096850459286,,0.697007284244656,FALSE,""
JAVELIN,2142,ACY3;GABRD;MKI67;FA2H;GZMM,1.07143546378042,,0.51223322588856,FALSE,""
JAVELIN,2143,MIR4652;MIR3941;MIR1537;ADCY8;MIR221,1.13445177358522,,0.239714006688487,FALSE,""
JAVELIN,2144,FXYD2;HPD;CACNA1C;STAC2;CCDC141,1.41682798534793,,0.0013295615745107,FALSE,""
JAVELIN,2145,HABP2;MIR378H;ADAMTS2;BCHE;LOC101927941,1.16622057180108,,0.158117987870425,FALSE,""
JAVELIN,2146,ADAMTSL2;NPY6R;MST1;MIR665;IL1RL2,1.46205690362069,,0.00057564128468264,FALSE,""
JAVELIN,2147,LPL;GPRC5A;ADCY4;PRSS12;SNORD19B,1.06971288457013,,0.519095511743099,FALSE,""
JAVELIN,2148,GBP5;KLKB1;RNF128;DIRAS2;PCDHGC4,1.14345020740267,,0.210530498243374,FALSE,""
JAVELIN,2149,SVEP1;SORCS2;ARL4C;SAA2;MIR4681,0.873251361707991,,0.22440389105378,TRUE,""
JAVELIN,2150,ALDH1L1;ITGBL1;FKBP9P1;OGN;C22orf34,1.16181374165064,,0.168792338556319,FALSE,""
JAVELIN,2151,SRPX;COBL;RIPK4;HAS1;ADAMTS15,1.12882229546065,,0.265456935454684,FALSE,""
JAVELIN,2152,RAB42;STK32B;MKI67;HS3ST3A1;MIR3605,0.917949029296927,,0.436811105427777,TRUE,""
JAVELIN,2153,RERG;SNORD110;ARL4C;CYP4F2;KCNN4,1.0918859357287,,0.418992100182563,FALSE,""
JAVELIN,2154,SHROOM3;SNORD87;MXRA8;S100P;TBX21,1.0421460415591,,0.69816138579233,FALSE,""
JAVELIN,2155,FABP4;HP;ITGA11;EYA1;CTRL,1.09767060580725,,0.378712075550839,FALSE,""
JAVELIN,2156,ACADL;TENM3;PDLIM3;MMP12;CCDC3,1.1035706490341,,0.367076097703892,FALSE,""
JAVELIN,2157,IGF2BP2;ANKRD18A;SLC44A3;GPR15;LINC00299,0.989759562892121,,0.926495661353532,TRUE,""
JAVELIN,2158,CX3CR1;SLAMF7;MIR4635;LCN2;CACNB2,1.33690366464387,,0.00358810254045359,FALSE,""
JAVELIN,2159,FOLH1;MIRLET7I;SLC2A9;SLC44A5;LOC400043,1.50649969382048,,0.000136509289579198,FALSE,""
JAVELIN,2160,MIR4730;HSH2D;MIR4635;MUC12;PTTG2,1.04045631374743,,0.710471856898189,FALSE,""
JAVELIN,2161,IL6;GPD1;CACNA1C;HSD17B6;CCDC154,1.15250878038248,,0.18343371636335,FALSE,""
JAVELIN,2162,PCOLCE2;LAMC2;ITGA11;LAMP3;PDE8B,1.08832272499961,,0.417844210037767,FALSE,""
JAVELIN,2163,QPCT;SNORD87;PBX1;HTR6;RAB40AL,1.17456538781528,,0.141060843626385,FALSE,""
JAVELIN,2164,PTH1R;MAPK15;PLEKHA7;SLC34A3;ABCG2,1.39878946984935,,0.00323243579812072,FALSE,""
JAVELIN,2165,CHDH;TNFSF14;TMEM132A;AQP4;ROPN1L,1.0344077895965,,0.756895127058539,FALSE,""
JAVELIN,2166,COMP;FOXQ1;MIR1207;GGT3P;MIR593,1.26627021713538,,0.0330000932654205,FALSE,""
JAVELIN,2167,GZMA;NAPSA;SNORD116-28;ATOH8;DBNDD1,1.12332219070265,,0.281622527996728,FALSE,""
JAVELIN,2168,FMO2;PTGS2;MTCL1;GPM6A;UHRF1,1.10778470823689,,0.368535368606992,FALSE,""
JAVELIN,2169,UGT8;ZFHX4;MIR4435-2;SCGB3A2;LURAP1,1.23046487522298,,0.057364274560993,FALSE,""
JAVELIN,2170,COX4I2;MGAM;TREM2;MIRLET7G;STEAP1B,1.37809115003852,,0.00335593557798366,FALSE,""
JAVELIN,2171,MAL;LOC391322;PLEKHA7;AP3B2;PDE3B,0.94854427328431,,0.630303828633594,TRUE,""
JAVELIN,2172,SCIN;CPXM2;PTK7;KCNK9;PNMAL1,1.21859223355223,,0.0726610981233671,FALSE,""
JAVELIN,2173,SULT1C4;FXYD1;SNORD59A;SYT12;PYGO1,1.36191839864754,,0.00572206344988763,FALSE,""
JAVELIN,2174,MIR548AR;B3GNT3;ALDH6A1;TFR2;GALNT16,1.19469183677821,,0.0961933324520566,FALSE,""
JAVELIN,2175,EXOC3L4;CXCL8;SNAI2;MIR1271;HSD17B3,1.18462105617573,,0.122442919156683,FALSE,""
JAVELIN,2176,CNN1;INHBB;DPYSL3;AKR1B10;DNAH6,1.14047640860475,,0.22329688994344,FALSE,""
JAVELIN,2177,OLR1;RASAL1;MIR4784;KCNH3;ADAMTS15,1.00074292088143,,0.994561743855991,FALSE,""
JAVELIN,2178,PLA2G7;AQP7;GAMT;MMP12;ALDH1L2,1.1017049681805,,0.367499898063867,FALSE,""
JAVELIN,2179,TNFAIP6;UBASH3A;HMCN1;SNORD115-35;CYYR1,1.3115173847796,,0.00812931195939304,FALSE,""
JAVELIN,2180,FAM46C;MIR646;CALCRL;SLC38A4;DNAJC22,1.36857207815838,,0.00363111915222674,FALSE,""
JAVELIN,2181,COMP;C2;TSKU;MIR493;GALNT16,1.01120139591181,,0.916866294196307,FALSE,""
JAVELIN,2182,CHDH;CYP24A1;TSKU;DEFB134;CHST1,1.18264063340814,,0.125997633813031,FALSE,""
JAVELIN,2183,PPAP2C;GLDC;RIPK4;TEX11;FIBIN,1.04814316844246,,0.645201383139651,FALSE,""
JAVELIN,2184,GZMK;PNMA2;PTK7;CERKL;SYNC,1.07707404325987,,0.481978755889633,FALSE,""
JAVELIN,2185,ITGA8;VANGL2;SNORA26;LRRC3;RASGEF1A,0.979732829275465,,0.84974622628473,TRUE,""
JAVELIN,2186,SLC34A2;MIR4731;GPC4;FCER1A;FIGNL2,1.3321487013036,,0.00704130997465348,FALSE,""
JAVELIN,2187,NOX4;MT1M;SNORD74;PRSS12;CCDC36,1.2307615591436,,0.0492555041415579,FALSE,""
JAVELIN,2188,TTC39A;PCDHGA5;CKS2;FBXL16;CYP4X1,1.25474027223924,,0.035441762347251,FALSE,""
JAVELIN,2189,CTSW;CYP2C9;SARDH;KNG1;APOBEC3B,0.984135510742703,,0.876661929061024,TRUE,""
JAVELIN,2190,ANK3;NRG1;SNORA77;SNORD116-5;ADAMTS12,1.13529980251386,,0.224859585751932,FALSE,""
JAVELIN,2191,ABO;PCDHGA4;PLEKHA7;INHBE;LOC100294362,1.44406060915765,,0.00113190966287124,FALSE,""
JAVELIN,2192,CX3CR1;IL1B;ECM2;SCGB1D2;DACT3,1.4259896803153,,0.00100580000786628,FALSE,""
JAVELIN,2193,DDC;GPRC5A;TOP2A;MIR196A1;MIR3157,1.12957388426235,,0.262363334885946,FALSE,""
JAVELIN,2194,DDC;MIR548AA2;MIR3125;HAS1;CCDC85A,1.47334971308709,,0.000574474679883323,FALSE,""
JAVELIN,2195,IDO1;THBS4;HIST1H2BO;DNAI1;HAS3,0.962547761674105,,0.716411145102285,TRUE,""
JAVELIN,2196,AOC1;MIR4731;FZD8;CILP2;NRXN3,1.3282372032851,,0.00887632659558299,FALSE,""
JAVELIN,2197,BAIAP2L2;CXCL13;MIR1207;PTPRQ;KIAA1755,1.07893461697255,,0.491949613013144,FALSE,""
JAVELIN,2198,CCL18;EXPH5;TMEM204;FAM83F;SNORD103B,1.46278517043062,,0.000533760308241393,FALSE,""
JAVELIN,2199,MIR1180;MFAP2;MIR197;ZBTB7C;EPHA1,1.02829229447382,,0.794583280715008,FALSE,""
JAVELIN,2200,ABCA6;LAG3;CSF3R;KCNN1;HOXA10-AS,0.983484882336496,,0.878469510247773,TRUE,""
JAVELIN,2201,CNN1;IRF4;GPC4;ADCY8;ALDH1L2,1.05897540128074,,0.585732868513451,FALSE,""
JAVELIN,2202,BCL2A1;MIR569;2020-03-02 00:00:00;IP6K3;EPHA1,1.1426444551269,,0.217971598559223,FALSE,""
JAVELIN,2203,SNORD14C;NLGN4Y;CDH13;CXCR2P1;LILRB4,0.945354554476187,,0.606697579667241,TRUE,""
JAVELIN,2204,GZMA;GLDC;ID1;SNORD114-5;CCDC154,1.00439494342319,,0.967287781642582,FALSE,""
JAVELIN,2205,FOLH1;HPGD;CACNA1C;RANBP3L;PDCD1LG2,1.33368889943291,,0.00603605789130413,FALSE,""
JAVELIN,2206,FCN3;LTF;FOLR2;HRG;DNALI1,1.14018012819209,,0.214745048930439,FALSE,""
JAVELIN,2207,CNN1;MST1P2;SNORD74;MIR3197;TTK,1.16515744682884,,0.168521303044008,FALSE,""
JAVELIN,2208,SLC34A2;CMYA5;ECM2;MIR431;MIR3973,1.15150773665217,,0.192245124668626,FALSE,""
JAVELIN,2209,SORBS2;MLXIPL;FOLR2;MIR1193;RASGEF1A,1.18772214254844,,0.107002436253084,FALSE,""
JAVELIN,2210,SLIT2;ADRA2C;EFNA1;MIR5091;CITED4,1.39475870333184,,0.00233410932583035,FALSE,""
JAVELIN,2211,UGT2A3;IGF1;CKS2;PRIMA1;MIR1273F,1.24245352762964,,0.0442704181542659,FALSE,""
JAVELIN,2212,PROM1;F10;PTK7;LGALS12;FAM69B,1.25704476438885,,0.0309840126159823,FALSE,""
JAVELIN,2213,HIF1A-AS2;GLYATL1;FZD8;PDPN;FOXD1,1.45884125660482,,0.0011712663320093,FALSE,""
JAVELIN,2214,F2RL1;LDHD;ARHGEF15;MIR30D;NRXN3,1.57595936719578,,3.26599884853517e-05,FALSE,""
JAVELIN,2215,CCL19;C5orf46;HIST1H2BO;EPS8L3;DOC2B,0.86102538936664,,0.174450965196019,TRUE,""
JAVELIN,2216,TINAG;IRF4;SLC2A9;HSD17B2;TMEM119,1.22764045461845,,0.0525685350956505,FALSE,""
JAVELIN,2217,GPR126;RASAL1;MIR4714;MYRFL;RASD2,1.34229009624164,,0.00692113258267177,FALSE,""
JAVELIN,2218,GPT;MIRLET7D;MST1;CDO1;C14orf183,1.49842396454334,,0.000379071043424114,FALSE,""
JAVELIN,2219,ZDHHC11B;C4B;PPL;ATP6V0A4;FAM162B,1.1624313209224,,0.155161558417025,FALSE,""
JAVELIN,2220,TSPAN7;SLAMF7;SNORD4B;RHCG;DNAH6,1.26991210151709,,0.0272587724332762,FALSE,""
JAVELIN,2221,SCIN;SNORA69;S1PR3;PTPRN;RAB40AL,1.31874118168131,,0.0101320466954098,FALSE,""
JAVELIN,2222,MIR30A;GPC3;ECM2;LOC101929578;TMC4,1.12800341650325,,0.280657460351117,FALSE,""
JAVELIN,2223,EXOC3L4;GLDC;FOLR2;DLK2;FOXD1,1.08346413352215,,0.486637166348024,FALSE,""
JAVELIN,2224,FER1L4;PCDH10;MIR4714;FAM153B;LRRC17,1.52392877699377,,0.000104689322783463,FALSE,""
JAVELIN,2225,HNF1A;GLYATL1;PLAUR;MIR585;LRRC17,1.47398947843451,,0.000350431882270078,FALSE,""
JAVELIN,2226,HHLA2;CLDN3;MYO1G;OMD;CDC45,1.19683610107207,,0.0825956122557789,FALSE,""
JAVELIN,2227,MT1G;EMX1;FZD8;DNER;ZSCAN31,1.27281679018916,,0.0315171828618996,FALSE,""
JAVELIN,2228,MIR27A;GPC3;ECM2;SFTPD;LOC101928871,1.16064114203979,,0.158368085142744,FALSE,""
JAVELIN,2229,GZMA;FGA;RIPK4;GPM6A;PDE3B,0.995994831206564,,0.970632684970143,TRUE,""
JAVELIN,2230,BCMO1;SNORD115-5;LY96;SHOX2;GRTP1,1.2035415304557,,0.0986410957633762,FALSE,""
JAVELIN,2231,GBP5;RARRES1;FPR1;TRNP1;MELK,0.680873445202805,,0.000523954292502947,TRUE,""
JAVELIN,2232,STC1;ANKRD18A;SNORA48;MIR4705;HOXA7,1.55784135022158,,3.42550478303954e-05,FALSE,""
JAVELIN,2233,OLR1;C2;SNORD12B;MIR1271;FIBIN,1.02491254604442,,0.812928016831704,FALSE,""
JAVELIN,2234,TBX3;MIR569;SNORA48;DLK2;PARP15,1.09394714700558,,0.401549636854506,FALSE,""
JAVELIN,2235,MYOM3;IGF1;PBX1;SNORD114-24;MAP6,1.18601582568134,,0.108166268270171,FALSE,""
JAVELIN,2236,DDC;ROR2;ARHGEF15;SNORD115-21;TMEM38A,1.38108320575404,,0.002891548894198,FALSE,""
JAVELIN,2237,ANK3;SERPINA6;SNORA77;MGARP;CCDC3,1.3831347182575,,0.00214716050824734,FALSE,""
JAVELIN,2238,MIR3189;CLDN3;EFNA1;NPC1L1;MIR3664,1.18715680882806,,0.112225288096681,FALSE,""
JAVELIN,2239,PEG10;ROR2;TOP2A;CILP2;GPR160,1.07455524736132,,0.518436550795639,FALSE,""
JAVELIN,2240,CNN1;HRH2;MIR3125;IL13RA2;BMP6,1.15503582413063,,0.19060341068595,FALSE,""
JAVELIN,2241,ANLN;LOC647859;CACNA1C;FCRL5;MIR28,1.06399431791441,,0.581904804747438,FALSE,""
JAVELIN,2242,GPER1;FXYD1;SNORD59A;DIRAS2;PAQR6,1.39839136161535,,0.00240859128158454,FALSE,""
JAVELIN,2243,NXPH4;MIR589;TOP2A;CAMK2B;ETV1,1.04735338078516,,0.671889205341657,FALSE,""
JAVELIN,2244,TNFAIP6;TMEM139;ALDOC;MIR548A1;DLG2,1.44064864343964,,0.000791544640474016,FALSE,""
JAVELIN,2245,CX3CR1;FUT6;DMD;SCN4A;CETP,1.43771931145474,,0.000679977425973233,FALSE,""
JAVELIN,2246,FOSB;SLC23A3;PTK7;SERPINA5;CCR4,0.990965810765285,,0.932722837618805,TRUE,""
JAVELIN,2247,RAB17;ALDH8A1;MYO5B;MIR196A1;PDGFD,1.3908043290671,,0.00213022592466277,FALSE,""
JAVELIN,2248,GPT;SLC16A9;LDB2;SLC51A;ZNF667-AS1,1.53058700009753,,0.000124923433997076,FALSE,""
JAVELIN,2249,SVEP1;ZFHX4;MAP4K1;SLC5A8;BIRC5,0.901198384579584,,0.347138834246978,TRUE,""
JAVELIN,2250,ACY3;C2;APCDD1;MIR4797;TMEM178A,1.12334519050151,,0.265343533416742,FALSE,""
JAVELIN,2251,RAB42;ITGBL1;GPC4;CYP21A1P;LOC101928871,1.11200073689403,,0.299238166299738,FALSE,""
JAVELIN,2252,PSAT1;PNMA2;CKS2;CIDEC;DNALI1,0.955000644803919,,0.660911388058281,TRUE,""
JAVELIN,2253,NR4A3;DNAH5;DLL4;C8orf22;NEIL3,1.09545074597579,,0.409526841103014,FALSE,""
JAVELIN,2254,MIR126;SLC4A3;MIR197;ATP13A4;TTC22,1.18092829327897,,0.144855248302947,FALSE,""
JAVELIN,2255,TSPAN7;ROR2;DMD;APCDD1L;WISP1,1.11399896905758,,0.329004024064048,FALSE,""
JAVELIN,2256,UPB1;MOXD1;SNORA48;LEFTY1;MMP25,1.13302416980908,,0.254908228987733,FALSE,""
JAVELIN,2257,MFSD2A;CYP24A1;TEK;TMEM252;ADAMTS15,1.1311711589526,,0.267498413761832,FALSE,""
JAVELIN,2258,SEC14L6;CYP4F3;PLAUR;UNC93A;NRXN3,1.11560994210758,,0.321045299406463,FALSE,""
JAVELIN,2259,TINAG;ELOVL7;EMP1;CDH15;LRRC37A4P,1.42025786511967,,0.00103229653178274,FALSE,""
JAVELIN,2260,SPOCK1;KISS1R;RHOBTB3;SCUBE3;CCDC3,1.1965191293569,,0.0967867332374497,FALSE,""
JAVELIN,2261,QPCT;KIF26B;MYRF;KCNJ1;HOXA10-AS,1.11210850095337,,0.320555862994303,FALSE,""
JAVELIN,2262,GZMK;KIF26B;MIR4714;NPHS2;CYP2D7P,1.21424174824968,,0.0705139764905901,FALSE,""
JAVELIN,2263,ALPK3;SLC27A2;SNAI2;PLA2G1B;RNF148,1.26031179503289,,0.0321287546907159,FALSE,""
JAVELIN,2264,ACSM5;VSIG2;PIEZO2;F11;FBXO27,1.52487235111454,,8.19312903777764e-05,FALSE,""
JAVELIN,2265,LOC101927960;ANKRD18A;ADAMTS2;MIR1271;LURAP1,1.20362211497895,,0.0812245147913868,FALSE,""
JAVELIN,2266,ANLN;PCDHGA4;PTTG1;C19orf67;ADCY1,1.10563982928472,,0.368507748921284,FALSE,""
JAVELIN,2267,IKZF3;HPGD;GAMT;PAPPA2;MIR1256,1.1527029827129,,0.187124114509057,FALSE,""
JAVELIN,2268,ANO9;MIRLET7A2;TMEM132A;DPYSL4;SYCE1L,0.837350122476788,,0.106135211031739,TRUE,""
JAVELIN,2269,MYBL2;MAP7;ID1;GPR115;WNT9A,0.81217153544701,,0.0634463584337329,TRUE,""
JAVELIN,2270,ANLN;CCDC64;RASGRP1;SYT9;PANK1,1.1230672051512,,0.277452959348011,FALSE,""
JAVELIN,2271,SBSPON;PPARGC1A;PLEKHA7;PCDHB2;MIR583,1.40953894637056,,0.0021053655291506,FALSE,""
JAVELIN,2272,STEAP4;UTY;MTCL1;SCTR;SERTAD4-AS1,1.09303030673353,,0.420572303475461,FALSE,""
JAVELIN,2273,MIR3189;GDA;MMP11;IBSP;MIR1284,1.47449273989908,,0.000685224090751746,FALSE,""
JAVELIN,2274,ITGB6;MIR200B;MYO7A;IBSP;PTGDR,1.11413086589673,,0.322742872255332,FALSE,""
JAVELIN,2275,IDO1;DSCAML1;MS4A4A;MIR196A1;GZMM,1.05100247331711,,0.653420340058414,FALSE,""
JAVELIN,2276,UGT2A3;HP;FAM20A;PTGES;RHBDL1,1.04779547285393,,0.662603165733047,FALSE,""
JAVELIN,2277,C1orf106;TMEM139;SNORD33;KRT13;ILDR1,1.22651723185084,,0.0573457891535034,FALSE,""
JAVELIN,2278,MIR548AR;IGF1;MIR4714;CSDC2;GPR160,1.29394325959968,,0.012119075836255,FALSE,""
JAVELIN,2279,IL17RB;CHI3L2;MIR3975;FAM153B;RPL23AP32,1.35551782006005,,0.00583655023666903,FALSE,""
JAVELIN,2280,BCL2A1;MIRLET7A2;TIE1;TCN1;FRMD3,1.39337865841878,,0.0043226589349294,FALSE,""
JAVELIN,2281,MIR1180;GPD1;IL2RB;PAEP;MDH1B,1.15390662686434,,0.193255496617945,FALSE,""
JAVELIN,2282,ALPK3;CXCL13;PIEZO2;CDR1;FAM162B,1.21190638032363,,0.0791390508180953,FALSE,""
JAVELIN,2283,GPR126;CYP4F12;ECM2;ATRNL1;P2RY10,1.08603641458975,,0.42910132727613,FALSE,""
JAVELIN,2284,RBP4;MMP24;ARHGEF15;TNNT2;SERTAD4,1.32264744447444,,0.011590879695806,FALSE,""
JAVELIN,2285,MIR4499;CCL28;IFI44L;NOG;HIST2H3A,1.35668214504346,,0.00609498403411321,FALSE,""
JAVELIN,2286,FNDC1;CYP24A1;CDH13;SLC38A4;KCNJ5,1.22407259257544,,0.0616545611835986,FALSE,""
JAVELIN,2287,C1orf106;KISS1R;EMP1;FAM83F;SNORA78,1.44111847732042,,0.000640263566583119,FALSE,""
JAVELIN,2288,PDLIM4;HSH2D;CYTIP;SLC34A1;RASD2,0.909954070769885,,0.378738268839638,TRUE,""
JAVELIN,2289,MIR1180;CDHR1;FKBP9P1;ST8SIA6;MAP6,1.32656982786584,,0.0104668251462593,FALSE,""
JAVELIN,2290,PTH1R;AIF1L;TMEM204;MIR1290;LIPE,1.18937388238008,,0.116048725506562,FALSE,""
JAVELIN,2291,TMEM45A;AZGP1;ARHGEF15;FA2H;PCDHGC4,1.34923302477387,,0.00473809393791782,FALSE,""
JAVELIN,2292,AOC1;SLC22A3;ALDOC;SNORD115-20;LOC101927970,1.26487558707251,,0.0325605242052898,FALSE,""
JAVELIN,2293,MT1G;SNORD87;DCBLD2;GAS2;FAM132A,1.06795146168713,,0.544170441198558,FALSE,""
JAVELIN,2294,OGDHL;MIR339;IFI44L;DUOX1;CYP2S1,1.27437577326669,,0.0280041021402113,FALSE,""
JAVELIN,2295,MIR3117;SNORD110;COX7A1;BMPER;SEMA3G,1.32852584566674,,0.00819299561681206,FALSE,""
JAVELIN,2296,NXPH4;TRIM55;IL2RB;DUOX1;MIR3942,1.30774026617348,,0.0103026822793669,FALSE,""
JAVELIN,2297,HABP2;DPEP1;EMP1;MIR345;P2RY10,1.09450537684241,,0.382646752874147,FALSE,""
JAVELIN,2298,NTM;AQP7;MMP11;C4BPA;GNMT,1.33805549249421,,0.00455059210175576,FALSE,""
JAVELIN,2299,COX4I2;GLDC;MIR631;G6PC;WDR96,1.37115770883891,,0.00459440381394635,FALSE,""
JAVELIN,2300,HNF1A;FTCD;PTK7;AKR1B10;CCR6,1.1831873172304,,0.12903739466872,FALSE,""
JAVELIN,2301,MIR4292;MOXD1;SEMA4G;LRRC7;GLI1,1.34429018775584,,0.0071666611514079,FALSE,""
JAVELIN,2302,LPL;HPD;EFNA1;SLC4A1;WIPF3,1.34766207854205,,0.0098139035819958,FALSE,""
JAVELIN,2303,PPAP2C;SLC12A8;ID4;SBSN;CADM4,0.791509141616985,,0.0281724561065447,TRUE,""
JAVELIN,2304,GPER1;COL11A1;HOXD9;NOG;DLGAP5,1.19315227537602,,0.104204747301469,FALSE,""
JAVELIN,2305,AOC1;MT1A;SNORD116-28;DNER;FAM110C,1.22385321133958,,0.068229442174055,FALSE,""
JAVELIN,2306,UPB1;SLC38A11;LDB2;MIR4735;SNORD126,1.5879475332095,,2.05295353896796e-05,FALSE,""
JAVELIN,2307,S100A8;CLMP;PLEKHA7;CDO1;RNF148,0.992425735383123,,0.94214936661465,TRUE,""
JAVELIN,2308,HIF1A-AS2;TCF21;SNORD59A;CIDEC;PLEKHN1,1.10243177387873,,0.351695006770172,FALSE,""
JAVELIN,2309,MYH14;MIR200B;SLC2A9;SHISA9;ALDH1L2,1.21447569906923,,0.075186335278798,FALSE,""
JAVELIN,2310,ADAMTSL2;TRPC6;BMP2;CTSG;GPR174,1.14435215616964,,0.211274163098325,FALSE,""
JAVELIN,2311,CD27;PLCH2;MS4A4E;FAM166B;CRYBB2,1.07098734490752,,0.510776728347373,FALSE,""
JAVELIN,2312,NEB;HAMP;MYO7A;TMPRSS4;ZNF831,0.953654188310689,,0.651011127458901,TRUE,""
JAVELIN,2313,MIR3117;MMP24;MTCL1;GYG2;SCUBE2,1.18245110127556,,0.133004731410061,FALSE,""
JAVELIN,2314,RASD1;B3GNT3;PTER;FCER2;MMP25,0.847527385002927,,0.113405661627467,TRUE,""
JAVELIN,2315,TNFAIP6;PRAP1;LY96;HAS1;NEK10,1.18700955936575,,0.0989368171071376,FALSE,""
JAVELIN,2316,STEAP4;ABCA8;SNORD59A;SNORD115-42;SNORD19B,0.981386970108506,,0.857362508726572,TRUE,""
JAVELIN,2317,RERG;HPGD;HIST1H2AL;MAPK8IP2;SLAMF6,1.00732802676767,,0.945468917568619,FALSE,""
JAVELIN,2318,PCOLCE2;MIR646;S1PR3;MIR195;RLTPR,1.23302185817514,,0.0496682365508294,FALSE,""
JAVELIN,2319,MIR3189;WDR66;PLAT;MIR4274;MIR548J,1.27965267956987,,0.0278396958186388,FALSE,""
JAVELIN,2320,ITGA8;DNAH5;MIR3975;NKAIN4;CEP55,0.997091575451641,,0.978712352682657,TRUE,""
JAVELIN,2321,PCOLCE2;MGAM;CRISPLD2;HECW1;PCDHB15,1.4876356153694,,0.000496881061471404,FALSE,""
JAVELIN,2322,PRSS8;PDGFRL;COL5A3;SBSN;LOC101927236,1.33462974887027,,0.00727556908663069,FALSE,""
JAVELIN,2323,NR4A2;MIR3941;CCL4;LGALS12;SNORA70D,1.18974027180051,,0.10969542665685,FALSE,""
JAVELIN,2324,TMEM27;AGMAT;IL2RB;LPPR5;FAM184A,1.28484525675234,,0.0236643053996101,FALSE,""
JAVELIN,2325,CD27;FOSL1;RASGRP1;SNORD115-21;PCDHB4,0.917602361971338,,0.41713425282684,TRUE,""
JAVELIN,2326,CD38;COL7A1;SNORD116-8;CPAMD8;C8orf88,0.958317887133269,,0.693922744505261,TRUE,""
JAVELIN,2327,FOSB;CGREF1;HRSP12;MIR365A;MIR3134,1.05881254565574,,0.589289807167033,FALSE,""
JAVELIN,2328,SBSPON;MIR4796;SEMA4G;C2orf70;FRMD3,1.33051190099316,,0.00778626131649254,FALSE,""
JAVELIN,2329,COL4A4;ZFHX4;MIR544B;PADI3;ATP8B3,0.941531512536446,,0.586935662493135,TRUE,""
JAVELIN,2330,FNDC1;CHRDL1;DENND2A;MIR195;SNORD45B,1.1304586737216,,0.258701154423799,FALSE,""
JAVELIN,2331,MYH14;LBP;MIR3975;KLHDC7B;ZNF334,0.99450588787935,,0.959455633948911,TRUE,""
JAVELIN,2332,F8;ZFY;PLEKHA7;RHCG;SNORD19B,1.22188996669415,,0.0593237855225345,FALSE,""
JAVELIN,2333,STC2;CYP4F11;MIR4714;SNORD115-25;LURAP1,1.36843276010974,,0.00500193349433784,FALSE,""
JAVELIN,2334,ACE2;ADRA2A;COX7A1;MIR106B;SPNS3,1.21201552724006,,0.0707699895000099,FALSE,""
JAVELIN,2335,NLGN1;SLC6A10P;MIR4435-2;TMEM132E;PHYHD1,1.47299366501349,,0.000317866405917914,FALSE,""
JAVELIN,2336,PSAT1;DNASE1L3;PPL;AFM;PDGFD,1.27587841179806,,0.0262722057839271,FALSE,""
JAVELIN,2337,SLC17A1;SPTBN2;ALDH1A3;GRIA4;KIAA1324L,1.1232203014374,,0.28519423554917,FALSE,""
JAVELIN,2338,ADAM12;RGN;MS4A4E;SLC22A24;MIR4681,1.27260331951752,,0.0200662838278163,FALSE,""
JAVELIN,2339,SORBS2;CYP4F11;CACNA2D1;LEFTY1;CYP4X1,1.30098463443225,,0.017733645481913,FALSE,""
JAVELIN,2340,NEB;MIR4482;LZTS1;LGALS12;SIT1,1.21200380462172,,0.0672968077020964,FALSE,""
JAVELIN,2341,CYP2E1;ANXA13;HIST1H2BM;BCHE;KIF4A,1.02898741040087,,0.789500514597298,FALSE,""
JAVELIN,2342,SEC14L6;COLEC12;CACNA2D1;EPO;HIST2H3C,1.02989286345997,,0.7952421111607,FALSE,""
JAVELIN,2343,MIR4652;SMTNL2;RIPK4;SCGB1D2;PHYHD1,1.36157989015259,,0.00546765585612491,FALSE,""
JAVELIN,2344,STC1;ALDOB;ARHGEF15;MIR4643;MIR3973,1.5123591191205,,0.000158132084241007,FALSE,""
JAVELIN,2345,RAB42;CRYM;CYTIP;CRP;OR52N4,1.0849932594595,,0.448679439618541,FALSE,""
JAVELIN,2346,GBP5;MIR339;SNORD33;MIR134;PPFIA3,1.04455476424828,,0.68867290015243,FALSE,""
JAVELIN,2347,NME5;MIR1972-1;PTER;GCGR;SOGA3,1.15583306245186,,0.179073519347003,FALSE,""
JAVELIN,2348,MIR548AR;GPRC5A;CRISPLD2;DUSP9;CLEC10A,0.973137348150958,,0.797188944274437,TRUE,""
JAVELIN,2349,PDLIM4;GRM8;CKS2;CHGB;SCUBE2,1.043947360314,,0.68171623550265,FALSE,""
JAVELIN,2350,ACKR1;LAG3;TREM2;TOX3;FAM212A,1.17241814649384,,0.132269033737381,FALSE,""
JAVELIN,2351,BCMO1;MIOX;PTTG1;GABRP;CACNA2D4,1.09946039848223,,0.36749792878132,FALSE,""
JAVELIN,2352,F8;MT1M;SNORD74;ROS1;GJC2,1.29351128757984,,0.0146173180783163,FALSE,""
JAVELIN,2353,CXCL1;ZNF711;SNORA77;SAA2;PPM1H,1.0196473871819,,0.859577615133926,FALSE,""
JAVELIN,2354,SMIM24;LAG3;SNORD59A;PTX3;TIAM2,0.974532551315175,,0.810573257288773,TRUE,""
JAVELIN,2355,UGT8;PPP1R1A;SNORA26;MIR1245A;GNAL,1.09869171855833,,0.388080408614078,FALSE,""
JAVELIN,2356,FNDC1;DUSP2;MTCL1;ANKRD1;POLQ,0.743064705694727,,0.00966465023354507,TRUE,""
JAVELIN,2357,TTC39A;MIR616;GAMT;TMC5;PLEKHN1,1.12536721394621,,0.285871803400033,FALSE,""
JAVELIN,2358,TINAG;RARRES1;TSKU;HAPLN1;MIR1256,1.15354167079523,,0.171558614841195,FALSE,""
JAVELIN,2359,MIR30A;MT1M;MIR1207;WFDC5;SLAMF1,0.900859068249904,,0.345637787814633,TRUE,""
JAVELIN,2360,EMX2;MYO7B;LDLR;ZIC2;MIR28,1.02078799416288,,0.848808316476909,FALSE,""
JAVELIN,2361,C8orf4;SPTBN2;MIR938;PERM1;KCNN3,1.27880712812799,,0.0222770147771386,FALSE,""
JAVELIN,2362,ASPN;SLC2A2;MIR4714;MIR4786;HUNK,1.41937064643496,,0.00139057264597044,FALSE,""
JAVELIN,2363,SNORD14C;ELOVL7;SNORD33;KCNN1;GJA5,1.30089127884301,,0.0140993774295342,FALSE,""
JAVELIN,2364,MGAT3;F5;RNF128;ZNF676;GSTO2,1.16427560306447,,0.173374585572475,FALSE,""
JAVELIN,2365,UBD;FOXF1;PC;DNAH9;WDR96,1.27268248524888,,0.0315790000279668,FALSE,""
JAVELIN,2366,F2RL1;VSIG2;DMD;HTR6;MIR3605,1.41442943870953,,0.00198864846818189,FALSE,""
JAVELIN,2367,COX4I2;CXCL8;SNORA26;FOXJ1;CCDC17,1.14339562739158,,0.218234328592287,FALSE,""
JAVELIN,2368,HABP2;MIR563;HIST1H4L;MIR4685;SNORD126,1.14888191979259,,0.197389068852985,FALSE,""
JAVELIN,2369,PROM1;EXPH5;SNAI2;CST1;SMN2,1.42693780918918,,0.00112588867226969,FALSE,""
JAVELIN,2370,UBD;VANGL2;MYO5B;GDF6;AK7,1.14645844849851,,0.206629765101991,FALSE,""
JAVELIN,2371,ANO9;MIR569;SNORD29;MIR924;SNORD126,0.930426371238005,,0.509865453735021,TRUE,""
JAVELIN,2372,DCDC2;C5orf46;MMP11;EML6;C2orf82,1.25655749958224,,0.0315874359477353,FALSE,""
JAVELIN,2373,GATA3;COL7A1;ALDH6A1;PSCA;MIR3664,0.967778302497588,,0.76687340326049,TRUE,""
JAVELIN,2374,NMB;WNK4;SNORD116-28;MIR3196;KCNJ5,1.30028407247152,,0.0144554557257906,FALSE,""
JAVELIN,2375,PLAC9;SFN;MS4A4E;OVCH2;TP73,1.02115757351049,,0.842844998722739,FALSE,""
JAVELIN,2376,PYCR1;IL1B;MIR3975;C9;LTB,0.976431004514585,,0.822250290046053,TRUE,""
JAVELIN,2377,AKR7A3;CYP2C9;MIR197;C1orf168;WNT3,1.14630323318415,,0.202669132685376,FALSE,""
JAVELIN,2378,NMB;CDH23;MYO1G;FCAMR;SEMA3G,1.28061109249115,,0.0164500505676899,FALSE,""
JAVELIN,2379,NTM;MIR548AA2;RASGRP1;SLC22A8;SPTBN5,1.26331046549232,,0.0300113113340491,FALSE,""
JAVELIN,2380,PIGR;SLC22A3;MIR3125;LAMP3;GMPR,1.07347478873515,,0.515098622597337,FALSE,""
JAVELIN,2381,SPOCK1;HOXD11;RNF128;KRT15;OR52N4,0.922712092570005,,0.458726537725129,TRUE,""
JAVELIN,2382,SULT1C4;C4B;RASGRP1;HCAR2;CYP4X1,1.16181268179709,,0.137460548810711,FALSE,""
JAVELIN,2383,SEC14L6;CD69;SNORD33;MIR4469;PRRT3-AS1,0.946935195936197,,0.608167980160063,TRUE,""
JAVELIN,2384,CNN1;LRG1;ID1;TFCP2L1;CCDC3,1.1371950456962,,0.247365553868801,FALSE,""
JAVELIN,2385,UGT8;SNORD110;DPYSL3;WNK2;AK7,1.5038421072492,,0.000450364821248279,FALSE,""
JAVELIN,2386,ZDHHC11B;IRF4;MIR637;FAM153A;MIR571,1.19478013407834,,0.0809769332853638,FALSE,""
JAVELIN,2387,ACY3;MIRLET7D;MYO5B;HIST1H2AA;DBH-AS1,1.35500833944436,,0.00656012582656781,FALSE,""
JAVELIN,2388,ASPN;CDCP1;SNORD116-8;SFTPA1;APOBEC3H,1.08445272385264,,0.437756643005248,FALSE,""
JAVELIN,2389,MIR27A;SLC4A3;SNORD29;MIR33A;GPR68,0.942034562286005,,0.579835410782253,TRUE,""
JAVELIN,2390,MIR4730;VANGL2;PPL;NOG;MIR583,1.23313445876839,,0.0552116871584248,FALSE,""
JAVELIN,2391,TSPAN7;SPINK1;MYO5B;WNK2;GRHL1,1.19765938266824,,0.111567816695603,FALSE,""
JAVELIN,2392,C14orf105;ESPN;MYO5B;LRRN2;MIR627,1.21470430024914,,0.0809540813615157,FALSE,""
JAVELIN,2393,ALDH1L1;LYVE1;2020-03-02 00:00:00;B3GAT1;AGBL3,1.24693271500253,,0.0331138652768072,FALSE,""
JAVELIN,2394,IL6;KCNIP4;CSF3R;STRIP2;SNORD116-10,0.880225407058467,,0.241658421158015,TRUE,""
JAVELIN,2395,MGAT3;HRH2;ANGPT2;TNNC2;ROPN1L,1.35609328439895,,0.00415287542990977,FALSE,""
JAVELIN,2396,GBA3;NPY6R;FOLR2;SLC52A3;RNF157,1.30450992398667,,0.0171516977984068,FALSE,""
JAVELIN,2397,CCL19;KMO;LDLR;XCR1;EPHB3,0.995918667032134,,0.969342681573667,TRUE,""
JAVELIN,2398,NXPH4;MIR4804;ALDH6A1;LOC389602;PDE3B,1.17929371900063,,0.132028601823063,FALSE,""
JAVELIN,2399,IDO1;SLC6A10P;PPL;CLDN19;FCN1,1.05004590884452,,0.648557265525025,FALSE,""
JAVELIN,2400,TENM1;WDR66;HRSP12;CD177;WBSCR27,1.27709327307541,,0.0251781808105094,FALSE,""
JAVELIN,2401,GPER1;MIR4519;SNORA77;MIR758;PGM5,1.24111609753547,,0.0480710308094974,FALSE,""
JAVELIN,2402,SLC34A2;SLC5A10;GEM;FAM183A;KIF20A,1.27844015817772,,0.0213184133530555,FALSE,""
JAVELIN,2403,SPOCK1;LTF;IGFBP6;TTR;KCNIP3,0.860871767043933,,0.163083453174358,TRUE,""
JAVELIN,2404,VTRNA2-1;CD3G;SLC1A1;SYT8;P2RY12,1.22177088734002,,0.0642410786770692,FALSE,""
JAVELIN,2405,PDLIM4;TRIM55;MS4A4E;AKR1B10;RAB40AL,1.10536984873425,,0.351635167211582,FALSE,""
JAVELIN,2406,MGAT3;ALDH8A1;TOP2A;C10orf62;ALMS1P,1.36514331214841,,0.00514173741742713,FALSE,""
JAVELIN,2407,TMEM45A;SNORD87;ECM2;VPREB3;KCNQ4,1.17776235276747,,0.135036963729554,FALSE,""
JAVELIN,2408,CHDH;ADRA2C;CKS2;MIR380;ETV1,1.20387264734728,,0.0830776779173232,FALSE,""
JAVELIN,2409,SCNN1A;MST1P2;MYO5B;GAS2;DNALI1,1.26298654939405,,0.0376467360081192,FALSE,""
JAVELIN,2410,ALPK3;MIR429;EFNA1;MIR3193;EGFLAM,1.36841330770931,,0.00483666873144969,FALSE,""
JAVELIN,2411,MIR23C;PLCH2;CACNA2D1;SCUBE3;MIR548S,1.17758435391447,,0.120288023829847,FALSE,""
JAVELIN,2412,EMX2;ZNF727P;RGL3;PVRL4;MTCP1,1.34870704905014,,0.00616448089038053,FALSE,""
JAVELIN,2413,CNN1;SLC5A10;SLC2A9;FCER2;MIR571,1.32749976124749,,0.00776457446854766,FALSE,""
JAVELIN,2414,MT1G;SNORA69;PLAUR;MIR1290;CCR4,0.990901289785501,,0.932357897436095,TRUE,""
JAVELIN,2415,MIA2;MYO7B;ID4;MIR320A;POU5F1P3,1.39413989129609,,0.00271912251640688,FALSE,""
JAVELIN,2416,BAIAP2L2;SLC23A1;PTK7;SFTPA2;MIR4753,1.25437411392047,,0.031789439406047,FALSE,""
JAVELIN,2417,PEG10;MLXIPL;MIR637;AMPD1;TMEM38A,1.23540256173106,,0.0549219395668774,FALSE,""
JAVELIN,2418,FOSB;UTY;SNORD116-28;MIR548AS;TMEM178A,1.15168806445111,,0.195675479779646,FALSE,""
JAVELIN,2419,ESM1;PTGS2;RNF128;VPREB3;MELK,0.995057801506255,,0.964473322532166,TRUE,""
JAVELIN,2420,IRX5;PLA2G2A;MIR3975;BTLA;WNT9A,0.961484862217906,,0.71221045109361,TRUE,""
JAVELIN,2421,SCN9A;GREM1;SLC1A1;ST8SIA6;ADM2,1.51088878233328,,6.06142267341661e-05,FALSE,""
JAVELIN,2422,CX3CR1;CHRDL1;MIR3125;AGR2;CEP55,1.07732304443183,,0.501042824355657,FALSE,""
JAVELIN,2423,MIR25;ST6GALNAC2;TSKU;FAM153B;NTNG2,1.23370514420846,,0.0527351561031288,FALSE,""
JAVELIN,2424,SLC16A12;C10orf113;MYO5B;HOXB13;THRB,1.21231680419608,,0.0831758131005426,FALSE,""
JAVELIN,2425,FOLH1;PRAP1;MIR631;SLC22A24;CTRL,1.51953276431885,,0.000116923071355488,FALSE,""
JAVELIN,2426,MIR142;PTGER3;ID1;SAA2;MIR597,1.25714095860223,,0.0342776631629936,FALSE,""
JAVELIN,2427,PIGR;SLC5A10;ADAMTS2;FCRL3;TAL1,1.17638597879494,,0.123585411555343,FALSE,""
JAVELIN,2428,KRT7;GABRD;ALDOC;UNC5A;RPS6KL1,1.23123293661379,,0.0629229953904568,FALSE,""
JAVELIN,2429,JPH2;MLLT11;HIST1H2BM;MATN3;COL9A2,0.986659723077785,,0.906112804858477,TRUE,""
JAVELIN,2430,ZDHHC11B;MIR4655;TMEM204;CABP1;SNORD19B,1.33318095276883,,0.00701620804818064,FALSE,""
JAVELIN,2431,TTC39A;B3GNT3;FPR1;FAM153A;C8orf88,1.00312042905313,,0.976509229199764,FALSE,""
JAVELIN,2432,TACSTD2;KCNJ3;ACSF2;SNORD115-6;OSR1,1.21515778638296,,0.0840057852815893,FALSE,""
JAVELIN,2433,LOC101927960;SLC26A1;SEMA4G;SLC10A2;PAPPA-AS1,1.39247036134573,,0.00300231932745861,FALSE,""
JAVELIN,2434,DDC;FOXQ1;SARDH;F11;CLEC12A,1.23237365793969,,0.0523896340825398,FALSE,""
JAVELIN,2435,ABCC6;EMX1;MTCL1;ICAM5;WIPF3,1.16979700872556,,0.147734317574794,FALSE,""
JAVELIN,2436,BAIAP2L2;IRF4;MYO5B;TMC5;KIF26A,1.08438174671216,,0.463064891436489,FALSE,""
JAVELIN,2437,CRB3;SNAP25;ALDH1A3;LOC101929335;SERTAD4-AS1,1.54783372609961,,7.53850335812622e-05,FALSE,""
JAVELIN,2438,GLYAT;MIRLET7E;ACSF2;VTN;KCNJ5,1.29166624445113,,0.0198340051184572,FALSE,""
JAVELIN,2439,UGT2A3;KCNJ3;MIR4435-2;SHISA9;EMP2,1.51452130114395,,0.000126863974110071,FALSE,""
JAVELIN,2440,MYBL2;ABCA12;MS4A4A;MIR1267;C6orf132,0.906846971705675,,0.374501337515006,TRUE,""
JAVELIN,2441,TMEM27;MIR4326;PC;CDR1;THSD4,1.25723632457779,,0.0391277235287919,FALSE,""
JAVELIN,2442,SMIM24;CD3G;MIR4714;GSTM5;FBXO27,1.14043142533826,,0.215689367581735,FALSE,""
JAVELIN,2443,LOC101927960;CRYM;LDLR;OR2T10;FAM69B,1.33276646755059,,0.00969117829870157,FALSE,""
JAVELIN,2444,F8;SIGLEC14;RASGRP1;OPCML;JAKMIP1,1.08370123047306,,0.454649636299732,FALSE,""
JAVELIN,2445,MIR4317;SNORD65;MYO1G;AVPR1B;COL21A1,1.3304674538022,,0.00451713266903074,FALSE,""
JAVELIN,2446,MYBL2;KCNIP4;CKS2;MIR3126;KCNN4,0.863444336198136,,0.178971541155777,TRUE,""
JAVELIN,2447,MIR4730;MIR4482;SNORD116-8;PKP3;KIF2C,1.05608151517303,,0.623102175568188,FALSE,""
JAVELIN,2448,TSPAN13;ESPN;TREM2;DDX43;WDR96,1.27714495288527,,0.0241970420946705,FALSE,""
JAVELIN,2449,C1orf186;TESC;MS4A4E;SNORD115-6;C14orf37,1.06669881500031,,0.554444459897405,FALSE,""
JAVELIN,2450,AOC1;MLXIPL;MXRA8;KNG1;CATSPERG,1.34279982664976,,0.00816790219957547,FALSE,""
JAVELIN,2451,MIA2;PPP1R1A;BMP2;ORM1;DBH-AS1,1.20249982194065,,0.0995239032993561,FALSE,""
JAVELIN,2452,UPB1;TRIM55;IL2RB;MOGAT3;ADM2,1.43824002655304,,0.000901175344696131,FALSE,""
JAVELIN,2453,NMB;TENM3;MECOM;HOXA13;DEPDC1B,1.02002668036094,,0.856687668223278,FALSE,""
JAVELIN,2454,COMP;TCF21;HIST1H2BM;OPCML;FAM132A,1.11880181227259,,0.314449869690114,FALSE,""
JAVELIN,2455,SBSPON;LRG1;2020-03-02 00:00:00;G6PC;SNORA38,1.46622706867267,,0.000352167180820827,FALSE,""
JAVELIN,2456,SLC16A12;RASAL1;MIR637;SCN4A;MIR5094,1.37222096637477,,0.00382046354143065,FALSE,""
JAVELIN,2457,OGDHL;MFAP2;SNORD74;ADH1C;LOC400043,1.18835670826558,,0.111582490697556,FALSE,""
JAVELIN,2458,ACE2;RYR2;MIR3125;FAM153B;ACOT1,1.55059120094226,,6.80859443387138e-05,FALSE,""
JAVELIN,2459,CD27;SLC4A3;MIR4635;GLRB;EPHA1,0.876672533562434,,0.216347855772362,TRUE,""
JAVELIN,2460,ANLN;GLDC;LDLR;RAB25;PCDHB4,1.01652139902902,,0.880629904670568,FALSE,""
JAVELIN,2461,MIA2;IGFBP1;SLC1A1;HSD17B2;CYP27B1,1.27413377850575,,0.0276991835678508,FALSE,""
JAVELIN,2462,MIR25;MIR1303;CACNA2D1;GPM6A;GRAP2,1.17519399981872,,0.136673563357536,FALSE,""
JAVELIN,2463,IL6;SORCS2;PLAUR;SNORD114-24;TRIM6,0.942521127200211,,0.598096132735885,TRUE,""
JAVELIN,2464,TNFAIP6;DNAH5;FKBP9P1;PCDHGA3;MIR571,1.18009409569888,,0.137039835111113,FALSE,""
JAVELIN,2465,CNN1;DSCAML1;MS4A4A;HLA-G;NAV3,1.02963865964931,,0.775424596254341,FALSE,""
JAVELIN,2466,MYO3A;MIR339;TMEM132A;AFM;RNF148,1.25685620082244,,0.0396322669858353,FALSE,""
JAVELIN,2467,MIR25;AIF1L;PTK7;TMEM252;MIR5191,1.08875239947622,,0.431985078697945,FALSE,""
JAVELIN,2468,PYCR1;MOXD1;EFNA1;CACNA2D2;MIR4779,0.987373626312318,,0.903814788796276,TRUE,""
JAVELIN,2469,MUC3A;ANKRD18A;MIR544B;GPR37;KCNQ4,1.16208413323807,,0.176724459348256,FALSE,""
JAVELIN,2470,FOLH1;CD79A;MKI67;GC;CDS1,1.05054783720736,,0.647323031810749,FALSE,""
JAVELIN,2471,FER1L4;COL7A1;SNORA48;CHIT1;ADAMTS15,1.03180910671303,,0.770359833757879,FALSE,""
JAVELIN,2472,MIR4317;IL1B;SNORA26;FAM183A;CCDC144CP,1.13582032168911,,0.235783536816719,FALSE,""
JAVELIN,2473,CCL18;GFRA1;PC;SLC34A3;GPR174,1.13970429047571,,0.235361707307148,FALSE,""
JAVELIN,2474,COMP;IGFBP1;MS4A4E;MIR1302-5;SPNS3,1.15417336011486,,0.182217799126053,FALSE,""
JAVELIN,2475,SLPI;CDHR1;SELENBP1;SLC10A2;RASGEF1A,1.17712408740511,,0.128785731161188,FALSE,""
JAVELIN,2476,SLC34A2;PRAP1;MKI67;GPM6A;KCNQ4,1.02342981604142,,0.824758014053534,FALSE,""
JAVELIN,2477,RAB42;C2;S1PR3;CRHBP;WNT2B,1.01466715003461,,0.894206011041239,FALSE,""
JAVELIN,2478,MIR4526;KIT;SNORD74;IRX6;SIX1,1.3105170234814,,0.0132019010152361,FALSE,""
JAVELIN,2479,ITGA8;PNMA2;MMP11;SCGB3A1;CCDC3,1.37221612574817,,0.00358882333177104,FALSE,""
JAVELIN,2480,FER1L4;GZMB;MXRA8;HLA-G;KIAA1755,0.965893039715515,,0.744525091402924,TRUE,""
JAVELIN,2481,MACC1;TTN;SELENBP1;VPREB3;CCR4,1.04842421973243,,0.640973581917064,FALSE,""
JAVELIN,2482,GPER1;BTNL9;PDLIM3;WNK2;HSD17B3,1.46929308394444,,0.000590259077172235,FALSE,""
JAVELIN,2483,UPB1;FTCD;GEM;FAM83F;XCL2,1.34321083212879,,0.00693301537597656,FALSE,""
JAVELIN,2484,CTSW;MMP24;LDLR;CLDN16;SMG1P5,0.967481959100289,,0.76537603615123,TRUE,""
JAVELIN,2485,CTSW;PPARGC1A;ID1;SNORD114-4;ST6GALNAC3,1.12790148259187,,0.261975895971118,FALSE,""
JAVELIN,2486,FGG;FOXP2;MIR4435-2;LOC101928281;LOC100294362,1.49056030216996,,0.000395898808822579,FALSE,""
JAVELIN,2487,PTH1R;LAG3;LY96;KNG1;MIR221,1.00991412661138,,0.924134627061779,FALSE,""
JAVELIN,2488,MIR126;NLGN4Y;MIR3975;MIR134;TSPAN2,1.19892314947569,,0.0948669686499807,FALSE,""
JAVELIN,2489,FOSB;NAGS;SNORD116-8;ATP6V1B1;PAQR6,1.26538297937087,,0.0303489082754732,FALSE,""
JAVELIN,2490,TENM1;SLC4A3;PTK7;PTPRQ;OR52N4,1.10907682957364,,0.334276133076301,FALSE,""
JAVELIN,2491,OLFML2A;RARRES1;PLAUR;FAM153C;CD200R1,1.07143661681822,,0.524169376837567,FALSE,""
JAVELIN,2492,PSAT1;GABRD;CKS2;SLC36A2;PCDHGA6,1.05579952552348,,0.617103816992961,FALSE,""
JAVELIN,2493,PRSS8;GLDC;MIR4635;HOXB13;ZSWIM5,1.30024596509613,,0.0194236098686846,FALSE,""
JAVELIN,2494,NR4A2;ELOVL7;HMCN1;CRP;BMP6,1.33672069327154,,0.0105577336358141,FALSE,""
JAVELIN,2495,CPZ;ADORA1;TMEM132A;GRIA3;MAP6,0.864532133692385,,0.173591817109915,TRUE,""
JAVELIN,2496,MIR4317;SPINK1;MIR3125;MFSD4;AGBL3,1.39709131050734,,0.00242615759931583,FALSE,""
JAVELIN,2497,SLCO4C1;SPEG;FAM20A;GAS2;SLAMF1,1.20270014210678,,0.0878192645610619,FALSE,""
JAVELIN,2498,STEAP4;TNXB;DPYSL3;SLC26A7;CCDC85A,1.09377083102272,,0.417052741581988,FALSE,""
JAVELIN,2499,TRABD2B;SLC27A2;ALDH1A3;NUGGC;WNT9A,1.02506679781686,,0.813845367675872,FALSE,""
JAVELIN,2500,PIGR;MIR4655;MYO7A;KCNH2;TMEM119,1.03954719120653,,0.714153692605845,FALSE,""
JAVELIN,2501,LOC101927960;GLIS1;MTCL1;CA8;MIR1273F,1.30034907238869,,0.0133461176889142,FALSE,""
JAVELIN,2502,FGB;CCDC64;ROBO4;MIR193A;MIR626,1.24534559686348,,0.0494805525272315,FALSE,""
JAVELIN,2503,SLIT2;KCNJ3;MIR197;SLITRK2;CYYR1,1.43452567996048,,0.000956612592911133,FALSE,""
JAVELIN,2504,STC2;FAP;SNORD116-28;PKD1L2;PANK1,1.48351861334833,,0.000345105183615002,FALSE,""
JAVELIN,2505,NLGN1;KCNIP4;EFNA1;THPO;PI4KAP1,1.51633003410006,,0.000120330053242662,FALSE,""
JAVELIN,2506,COMP;RARRES1;MYRF;SNORD115-25;WISP1,1.06162232184728,,0.594746139893027,FALSE,""
JAVELIN,2507,MIR4526;MIR4655;RHOBTB3;MIR345;MIR3973,1.182026917066,,0.1293253185139,FALSE,""
JAVELIN,2508,MIR645;KLHDC7A;ITGA11;SLC35F3;ZDHHC11,1.18870164121277,,0.103053458774442,FALSE,""
JAVELIN,2509,TSPAN7;CYP4F11;ALDOC;SLC35F3;PADI2,1.14318919037564,,0.200768738835061,FALSE,""
JAVELIN,2510,SVEP1;TRIM55;TMEM132A;IBSP;ZNF831,0.900389017001949,,0.348861531480754,TRUE,""
JAVELIN,2511,PROM1;MIRLET7A2;EVI2B;MOGAT3;C14orf64,1.26584940967208,,0.0263383514592423,FALSE,""
JAVELIN,2512,HIF1A-AS2;FAM65C;FPR1;UGT2B4;GNAL,1.16198290971489,,0.162788622519891,FALSE,""
JAVELIN,2513,PROM1;ST6GALNAC2;ALDH6A1;SLC34A1;HUNK,1.30589460567389,,0.0223738133376123,FALSE,""
JAVELIN,2514,MT1G;FCGBP;MIR1537;NCAM2;ABCG2,1.27382304854021,,0.0238856886982194,FALSE,""
JAVELIN,2515,EXOC3L4;ADRA2C;CCL4;C4BPA;FOXD1,1.1283814376069,,0.279316063052755,FALSE,""
JAVELIN,2516,CXCL1;LTF;SLC1A1;HHIP;SLAMF6,0.992258361343829,,0.944352730518517,TRUE,""
JAVELIN,2517,ACKR1;MIR378A;ECM2;SNORD115-1;TAL1,1.32967609742935,,0.00685191500464963,FALSE,""
JAVELIN,2518,BCMO1;MIOX;MIR4784;MIR4479;THRB,1.30033574383582,,0.0164964502834458,FALSE,""
JAVELIN,2519,C1orf106;KLKB1;CCL4;FOXA1;JAM2,1.20263511979964,,0.0844729475537262,FALSE,""
JAVELIN,2520,CCL20;GLDC;FAM20A;MIR425;PTTG2,1.02168508999787,,0.846263918801143,FALSE,""
JAVELIN,2521,COX4I2;CDHR1;FKBP9P1;LRRN2;ZNF334,1.22891577401733,,0.0601505326509478,FALSE,""
JAVELIN,2522,CNN1;LOC101928757;TMEM132A;MIR4486;PLAC8,0.788074731168155,,0.0232754542046296,TRUE,""
JAVELIN,2523,MUC3A;SLC26A1;FPR1;SNORD114-26;TMEM178A,1.03694579072034,,0.726289941788276,FALSE,""
JAVELIN,2524,WDR72;AGMAT;SNORD59A;LHX1;NOVA1,1.39150261293843,,0.00258379554050422,FALSE,""
JAVELIN,2525,C1orf186;ZNF711;SELENBP1;TEX11;KCNJ5,1.38702575831388,,0.00128570989865281,FALSE,""
JAVELIN,2526,CCL19;CCL28;APCDD1;CLDN19;PCDHGA6,1.23540262611287,,0.0543177635868419,FALSE,""
JAVELIN,2527,ABO;ANKRD18A;LZTS1;S100B;UHRF1,1.08040153855964,,0.493939507350542,FALSE,""
JAVELIN,2528,C8orf4;GREM1;ARHGEF15;CRB2;TMEM38A,1.2852452106555,,0.0258092724393733,FALSE,""
JAVELIN,2529,PLAC9;CGREF1;APCDD1;TTR;ADAMTS15,1.30722216921475,,0.013970717172577,FALSE,""
JAVELIN,2530,MIR378I;SERPINA6;DMD;C1orf168;TMEM119,1.16094467920499,,0.157066752579169,FALSE,""
JAVELIN,2531,SMIM24;SDS;ACSF2;TMPRSS4;TMEM246,1.27799670515791,,0.0325350517312471,FALSE,""
JAVELIN,2532,SCN9A;KLKB1;RHOBTB3;MYBPC2;SERTAD4-AS1,1.48525403707497,,0.00042369781894185,FALSE,""
JAVELIN,2533,PGF;ABCB4;ID1;PWRN1;LOC100128242,1.15924183943289,,0.159147616244205,FALSE,""
JAVELIN,2534,TSPAN13;RGN;SNORD29;SALL4;LRRC4,1.14146122093025,,0.214059425118537,FALSE,""
JAVELIN,2535,CX3CR1;MST1P2;S1PR3;ADCY2;HUNK,1.46970106659606,,0.000566803679329369,FALSE,""
JAVELIN,2536,RAB42;BTNL9;EMP1;SFTPD;LOC643339,1.43307500977969,,0.000627914844913184,FALSE,""
JAVELIN,2537,HABP2;GPD1;TEK;BMPR1B;MIR4681,1.20935358602651,,0.085527114227221,FALSE,""
JAVELIN,2538,GBP5;NEBL;MIR631;ADCY2;MAATS1,1.1500539313886,,0.183004339083444,FALSE,""
JAVELIN,2539,NEB;CDHR1;SNORD74;HBG2;PLCH1,1.16376430185662,,0.186840611457834,FALSE,""
JAVELIN,2540,CNN1;MAL2;MIR197;SNORD114-15;PCDHB15,1.06261113532673,,0.58165767456151,FALSE,""
JAVELIN,2541,TENM1;MT1M;RGL3;SEMA3D;PCDHGA6,1.30845911247722,,0.0139180307097125,FALSE,""
JAVELIN,2542,IDO1;ZNF711;HOXD4;PWRN1;TNFRSF11A,1.13751532354393,,0.227890586107922,FALSE,""
JAVELIN,2543,RAB17;HSH2D;HMCN1;CCL11;SERTAD4-AS1,1.30265091370018,,0.0129006121383854,FALSE,""
JAVELIN,2544,MIR30A;MYO7B;CKS2;RHOV;CEP55,0.901162304391816,,0.320105636034184,TRUE,""
JAVELIN,2545,PYCR1;SFN;DMD;PODNL1;CACNB2,1.12844202440215,,0.261016416703113,FALSE,""
JAVELIN,2546,MIA2;FOSL1;ALDOC;SLC36A2;MIR4295,1.35352817715957,,0.00637394074119035,FALSE,""
JAVELIN,2547,EMX2;MZB1;SNORD74;TMEM45B;TTC22,1.17735739917041,,0.146781851917854,FALSE,""
JAVELIN,2548,PTHLH;MIR185;CRISPLD2;MIR106B;HIST2H3A,1.01467748509767,,0.89284327254403,FALSE,""
JAVELIN,2549,NR4A3;EGR3;SNORD74;GPR15;ATP1B2,1.16435545571992,,0.159694345725026,FALSE,""
JAVELIN,2550,ASPN;CD69;NT5E;MTTP;SPHK1,0.94172581586052,,0.59130338667939,TRUE,""
JAVELIN,2551,CTSW;NPY1R;PIEZO2;SEMA3D;KIF20A,1.03596921301219,,0.756847728831102,FALSE,""
JAVELIN,2552,MYBL2;SPEG;TSKU;PRPH;GRAP2,0.845589162798899,,0.14066932686564,TRUE,""
JAVELIN,2553,PLA2G7;CDH23;ACSF2;ZMAT4;ETV1,1.13148689712888,,0.240688109323659,FALSE,""
JAVELIN,2554,VTRNA2-1;LAMC2;COL5A3;APOBEC3A;GPR174,1.06909159703652,,0.547106221833376,FALSE,""
JAVELIN,2555,MYOM3;GRB14;MKI67;NCAM2;ATP1B2,1.22981691224571,,0.0589478126152346,FALSE,""
JAVELIN,2556,MFSD2A;FAP;MIR938;DDIT4L;CLEC12A,0.997121158294789,,0.979225465731446,TRUE,""
JAVELIN,2557,MIR27A;SLC26A1;SNORD6;GCKR;PAMR1,1.19071071114366,,0.106017963776028,FALSE,""
JAVELIN,2558,HIF1A-AS2;SDS;TMEM132A;MIR3197;PCDHGC4,1.02542921698642,,0.81622134261157,FALSE,""
JAVELIN,2559,OLR1;LRG1;HOXD9;MAPK8IP2;KCNA3,1.13088819510936,,0.231184322965003,FALSE,""
JAVELIN,2560,MIR548AR;MIR4519;HIST1H4L;BRE-AS1;E2F8,1.0512141074556,,0.644342580710791,FALSE,""
JAVELIN,2561,LAMC3;AQP7;COL5A3;ADH6;CXCR6,1.23309175822039,,0.0531220566378233,FALSE,""
JAVELIN,2562,CCL19;ALDH8A1;TEK;DNAH9;TNFRSF11A,1.02140451593733,,0.846551179504478,FALSE,""
JAVELIN,2563,CD38;FOXP2;CACNA1C;SLC17A2;GRHL1,1.21445643981259,,0.0773084841239036,FALSE,""
JAVELIN,2564,NLGN1;PCDH10;PTTG1;KRT15;WNT2B,1.19457426420679,,0.0968053279914116,FALSE,""
JAVELIN,2565,SLC17A1;C10orf113;LY96;FERMT1;C14orf37,1.15268383036921,,0.181929913782681,FALSE,""
JAVELIN,2566,CCL18;AGMAT;ADAMTSL3;NEFM;TSPAN32,1.30703181986369,,0.0109310621377518,FALSE,""
JAVELIN,2567,UBD;MFAP2;ALDH6A1;TNNC2;SNORD45B,1.08192645134457,,0.465951897476295,FALSE,""
JAVELIN,2568,TSPAN13;FGA;MTCL1;C9;RGS11,1.01613637045168,,0.88059134037512,FALSE,""
JAVELIN,2569,SPOCK1;MIR4676;SNORD4B;SNORD114-14;PSD3,0.924026734829664,,0.474790544346576,TRUE,""
JAVELIN,2570,SLC17A1;MMP19;FKBP9P1;SOX11;NEIL3,1.04710737007347,,0.67695804730881,FALSE,""
JAVELIN,2571,TMEM27;VEPH1;ECM2;SAA2;CCDC3,1.37092274215003,,0.00389058113229544,FALSE,""
JAVELIN,2572,OGDHL;INMT;MIR3125;MIR4685;ADCY1,1.26134906444099,,0.0350448573329856,FALSE,""
JAVELIN,2573,SHROOM3;IGF1;ID1;SCG5;MIR3978,0.995242488509749,,0.965364069270777,TRUE,""
JAVELIN,2574,ACSM5;ABCB4;ARHGEF15;KCNH3;CATSPERG,1.23890971267114,,0.0419844535651507,FALSE,""
JAVELIN,2575,C1orf186;GFRA1;ADCY4;CLIC6;CDC42BPG,1.36376932056251,,0.00397618367060975,FALSE,""
JAVELIN,2576,SPAG17;CDHR1;SNORA48;RERGL;ASPRV1,1.47994573661112,,0.000309838675188418,FALSE,""
JAVELIN,2577,RERG;UTY;SLC1A1;GABRP;WISP1,1.22940686066591,,0.0562877930770753,FALSE,""
JAVELIN,2578,CHDH;LOC100288152;2020-03-02 00:00:00;C2orf70;GPRIN1,1.1374724832405,,0.244574144473501,FALSE,""
JAVELIN,2579,SNCG;NAPSA;MIR628;FOXJ1;MIR548AM,1.32235436518698,,0.0100979787409253,FALSE,""
JAVELIN,2580,ITGA8;SLAMF7;LDLR;HAPLN1;MIR4753,1.1401330197307,,0.218641321842875,FALSE,""
JAVELIN,2581,TFPI2;SLC7A8;TMEM204;CCL11;PCDHB11,1.34842542744281,,0.00796900549416063,FALSE,""
JAVELIN,2582,PTHLH;PTGS2;HOXD4;IHH;LOC100506518,1.35778353046533,,0.00594340136825533,FALSE,""
JAVELIN,2583,TNFAIP6;ROR2;FAM20A;TCAP;JAKMIP1,1.01713193738266,,0.876941225710792,FALSE,""
JAVELIN,2584,ABCC6;CYP4F11;MTCL1;SNORD115-25;PANK1,1.21835863955647,,0.067528260321678,FALSE,""
JAVELIN,2585,SNORD14C;LRG1;PTTG1;MIR4533;ZNF667-AS1,1.00236374322744,,0.983256988871832,FALSE,""
JAVELIN,2586,NEB;VEPH1;MIR4635;NMU;MIR593,1.38469578005453,,0.00358009671152523,FALSE,""
JAVELIN,2587,QPCT;CLCNKA;ALDOC;FAM151A;TRIM6,1.37104824554423,,0.00352162959874492,FALSE,""
JAVELIN,2588,LPL;APOLD1;MIR637;CXCR1;SYCE1L,1.11771648840489,,0.29551046794915,FALSE,""
JAVELIN,2589,MIR126;FABP7;ANGPT2;SNORD115-20;PDGFD,1.51983028028611,,0.00020035994742148,FALSE,""
JAVELIN,2590,IDO1;NAGS;ADAMTS2;SNORD115-21;EPHB3,1.16643257602665,,0.158021265576531,FALSE,""
JAVELIN,2591,LOC101927960;TRIM55;CSF3R;CCL17;EFS,1.09184728539634,,0.391181738374716,FALSE,""
JAVELIN,2592,OLR1;LOC101928757;GAMT;AP3B2;MIR4706,1.05135066743582,,0.636792858515434,FALSE,""
JAVELIN,2593,ADAM12;KLHDC7A;FPR1;HSD3B2;CD40LG,0.904941100768261,,0.337998730533839,TRUE,""
JAVELIN,2594,HHLA2;IGFBP1;LZTS1;IL13RA2;TRIM6,1.23385994739894,,0.0560465606537572,FALSE,""
JAVELIN,2595,HHLA2;MZB1;ALDOC;TUBA3E;C14orf37,1.10274920459333,,0.377913947047241,FALSE,""
JAVELIN,2596,HNF1A;SPX;PBX1;NPHS2;PCDHB4,1.41126096079083,,0.00261431254456056,FALSE,""
JAVELIN,2597,MACC1;CLDN10;DLL4;MIR431;LOC101927941,1.44297164945593,,0.000473299270315603,FALSE,""
JAVELIN,2598,PLA2G7;ROR2;RASGRP1;GC;FIBIN,1.07277798505982,,0.51058873101569,FALSE,""
JAVELIN,2599,FXYD2;ITGBL1;MYO5B;MYRFL;GRID1,1.24027217451099,,0.0515284812166422,FALSE,""
JAVELIN,2600,ABCC6;CLMP;EVI2B;FLJ22184;PMAIP1,0.865421349398713,,0.171937156188673,TRUE,""
JAVELIN,2601,PSAT1;EFHD1;HIST1H2AL;BCHE;KCNN4,0.939376184835301,,0.565537439569581,TRUE,""
JAVELIN,2602,MIR4499;MIR4519;MKI67;A1CF;LURAP1,1.45836714580722,,0.00042544229961596,FALSE,""
JAVELIN,2603,LPL;CCDC64;RNF128;PCDHB6;WNT3,1.20162911446178,,0.103562957853644,FALSE,""
JAVELIN,2604,HHLA2;MIR200B;EVI2B;SNORD114-17;PDCD1LG2,1.04391873752013,,0.676683264845328,FALSE,""
JAVELIN,2605,NXPH4;ABCB4;TMEM204;CCL17;CACNB2,1.27240723366416,,0.0231383741055033,FALSE,""
JAVELIN,2606,FMO3;MIR4676;LZTS1;SNORD114-19;LOC101927941,1.21203455251978,,0.0790349912303751,FALSE,""
JAVELIN,2607,ABO;CDCP1;FZD8;C5orf38;SMG1P5,1.27798503978106,,0.0268142328863541,FALSE,""
JAVELIN,2608,LOC101927834;HAMP;TIE1;PVALB;HIST1H1A,1.30595746027564,,0.0151367527377729,FALSE,""
JAVELIN,2609,HOXC10;HP;PTK7;PAEP;DGKI,1.18068863339574,,0.12913979895766,FALSE,""
JAVELIN,2610,MIR3189;ABCA12;MIR4635;NRK;MIR4771-2,1.28755704931111,,0.0257619180538179,FALSE,""
JAVELIN,2611,TENM1;MLLT11;ALDOC;CLIC5;PDE8B,1.29118937852214,,0.0210874105530345,FALSE,""
JAVELIN,2612,SLPI;CMYA5;SNORA48;MIR578;MIR5697,1.05299276541938,,0.64523967653993,FALSE,""
JAVELIN,2613,IGF2BP2;HOXD11;MIR631;KCNH3;SMG1P5,0.82382075732644,,0.0857853507592664,TRUE,""
JAVELIN,2614,TFPI2;MIR3918;SNORD59A;LGALS12;NEIL3,1.29718553186187,,0.0163293198760584,FALSE,""
JAVELIN,2615,FOLH1;MFAP2;TIE1;MIR874;CCDC3,1.25032992433845,,0.0381680623251284,FALSE,""
JAVELIN,2616,SORBS2;FCGBP;PIEZO2;AKR1B10;RBM20,1.49115363944997,,0.000546291804944327,FALSE,""
JAVELIN,2617,F2RL1;VANGL2;MIR4635;CNTN6;SP140,1.03325052624595,,0.753894299915089,FALSE,""
JAVELIN,2618,UBD;CYP4F12;HIST1H2AL;MIR617;UNC5C,1.2655388454671,,0.0222776243470851,FALSE,""
JAVELIN,2619,CTSW;PPARGC1A;TOP2A;FGF9;MIR597,1.15412157912956,,0.189568380650976,FALSE,""
JAVELIN,2620,MIR4730;SLC12A8;ECM2;SNORD115-21;ST6GALNAC3,1.21783715678663,,0.0767647915511697,FALSE,""
JAVELIN,2621,SPOCK1;C5orf46;ANGPT2;GPR115;HOXD3,1.15509396868706,,0.190211709421338,FALSE,""
JAVELIN,2622,ABCC6;MIR3941;MYRF;CST6;DGKI,1.23351236867465,,0.0447868166059853,FALSE,""
JAVELIN,2623,CD38;UBASH3A;MIR4635;DDX43;ICOS,0.969583218283638,,0.767338475099466,TRUE,""
JAVELIN,2624,NLGN1;AZGP1;CDH13;TDO2;C14orf183,1.61768055452957,,7.87351304511216e-06,FALSE,""
JAVELIN,2625,LAMC3;RGN;DENND2A;MUC13;DPY19L2P2,1.40706613447989,,0.0020957049230758,FALSE,""
JAVELIN,2626,MIR27B;MAP7D2;ALDH1A3;GCKR;PCDHB4,1.21259911865654,,0.0826441811161694,FALSE,""
JAVELIN,2627,PEG10;ATP1A2;MIR3125;ANO4;KCNQ4,1.29197694541172,,0.0166407108614413,FALSE,""
JAVELIN,2628,SVEP1;SYBU;SNORD6;CCL8;RNF133,1.08025625891381,,0.467390039042946,FALSE,""
JAVELIN,2629,COL4A4;CHI3L2;MTCL1;PROC;WNT9A,1.00662035226585,,0.952834400108178,FALSE,""
JAVELIN,2630,HIF1A-AS2;ARG2;ALDH1A3;WFDC5;FLRT2,1.06844568474603,,0.545065591354741,FALSE,""
JAVELIN,2631,GPER1;PTGER3;MIR4714;MFSD4;FOXD1,1.42376842586783,,0.00169036309492562,FALSE,""
JAVELIN,2632,EMX2;NRG1;S1PR3;C5orf27;PDCD1LG2,1.21712393025762,,0.064460123351401,FALSE,""
JAVELIN,2633,TSPAN7;MIR616;MXRA8;SLC36A2;DGKI,1.32353791383077,,0.0102620806957706,FALSE,""
JAVELIN,2634,VTRNA2-1;HOXD11;SNORD59A;MYBPC2;PCP2,1.37802218046414,,0.00382546713811838,FALSE,""
JAVELIN,2635,EXOC3L4;SPTBN2;MYO7A;MIR1245A;TBX21,1.04492978957456,,0.657186182526464,FALSE,""
JAVELIN,2636,COMP;CLDN10;MXRA8;SNORD114-7;SNORD19,1.1936286103845,,0.0978689399024193,FALSE,""
JAVELIN,2637,TRABD2B;MOXD1;MECOM;LOC101929578;WSCD1,1.23280022243657,,0.0552649389918694,FALSE,""
JAVELIN,2638,CCL20;MOXD1;SELENBP1;MIR592;PYGO1,1.16849155522936,,0.134015812482311,FALSE,""
JAVELIN,2639,PLA2G7;GFRA1;SLC44A3;HAS1;CD40LG,1.12419380767935,,0.281358485194817,FALSE,""
JAVELIN,2640,TSPAN13;LTF;SNORD4B;GSTM5;DAPP1,0.908713818859684,,0.363593150450815,TRUE,""
JAVELIN,2641,NR4A2;F10;DCBLD2;EBF3;PABPC4L,1.07882258135367,,0.494764656348379,FALSE,""
JAVELIN,2642,OLR1;MIRLET7F1;MIR3125;LAMP3;WNT2B,1.19281330438983,,0.0925556415945559,FALSE,""
JAVELIN,2643,PSAT1;ZFY;SNAI2;SNORD115-1;MIR1256,1.04791102458542,,0.663017744604013,FALSE,""
JAVELIN,2644,OLFML2A;SLC16A9;ID4;TFR2;SERTAD4,1.57227885870493,,3.52509305924158e-05,FALSE,""
JAVELIN,2645,STEAP4;MIR185;ADCY4;PCDHB2;SYNC,1.08551937483402,,0.442878003180798,FALSE,""
JAVELIN,2646,GPT;NDNF;TMEM132A;MIR758;COL9A2,1.06807693076225,,0.544126143753994,FALSE,""
JAVELIN,2647,ADAMTSL2;ZNF711;MIR1537;SLC47A2;NTNG2,1.29693390247231,,0.0153859672540588,FALSE,""
JAVELIN,2648,BBOX1;ACHE;ROBO4;APOA1;LOC101927970,1.36506986919552,,0.00426720127340677,FALSE,""
JAVELIN,2649,SCNN1A;ETNK2;DCBLD2;OMD;DBH-AS1,0.996259269713165,,0.97211038178879,TRUE,""
JAVELIN,2650,C14orf105;WDR66;GEM;SLC17A2;RNF152,1.41027025761906,,0.00131520328285289,FALSE,""
JAVELIN,2651,MIR142;MIRLET7F1;CDH13;DNER;GLI1,1.22703232367768,,0.054565080350539,FALSE,""
JAVELIN,2652,PPAP2C;KCNIP4;HMCN1;TFF3;PRDM8,1.09447075911841,,0.414567545310917,FALSE,""
JAVELIN,2653,SCNN1A;CXCL13;MIR4784;SNORD115-1;EPHA1,0.913577368422231,,0.402163352843461,TRUE,""
JAVELIN,2654,MIR3189;TESC;SLC2A9;SNORD115-25;SNORD91A,1.38905818160663,,0.00415936329835794,FALSE,""
JAVELIN,2655,NR4A2;ASRGL1;MIR631;C19orf80;PYGO1,1.34737325272562,,0.0062847070131067,FALSE,""
JAVELIN,2656,CCL20;BEX2;EMP1;KRT15;HOXA10-AS,1.15275838459785,,0.179908085365771,FALSE,""
JAVELIN,2657,SMIM24;EGR3;SLC44A3;GRIK4;DNAH6,1.49700768179381,,0.000251226279480865,FALSE,""
JAVELIN,2658,OGDHL;SNAP25;TOP2A;MIR1251;CLEC12A,1.25120937450025,,0.0428280644118772,FALSE,""
JAVELIN,2659,ASPN;ASPHD1;PLAT;CR1L;KCNMB4,1.15741172412361,,0.179148782000037,FALSE,""
JAVELIN,2660,ZDHHC11B;AIF1L;RASGRP1;SNORD114-6;TMEM232,1.18309832875811,,0.111039613060111,FALSE,""
JAVELIN,2661,OLFML2A;SERPINA6;ALDOC;MIR4735;KCNIP3,1.38383865021791,,0.0028799337329081,FALSE,""
JAVELIN,2662,SLC34A2;EFHD1;LDB2;HAO2;MIR1273F,1.44898368023081,,0.000620670906068748,FALSE,""
JAVELIN,2663,JPH2;C10orf113;HIST1H4L;MIR1538;SMN2,1.41019352991705,,0.00198749184313009,FALSE,""
JAVELIN,2664,PGF;PRODH2;EFNA1;EBF3;WSCD1,1.40548331462838,,0.00185133282879278,FALSE,""
JAVELIN,2665,NLGN1;SNORD110;IL2RB;HOXA13;MIR3157,1.39274957575717,,0.00272845497514996,FALSE,""
JAVELIN,2666,MIR126;PLCH2;MKI67;HPX;SNORD24,1.16374730838428,,0.160957502577649,FALSE,""
JAVELIN,2667,LOC101927834;LOC647859;MYO7A;SLC26A9;RASSF6,1.3615744675172,,0.00528653845806733,FALSE,""
JAVELIN,2668,KCP;LAG3;MMP11;LRRC7;GMPR,1.20767879850572,,0.0870852003919457,FALSE,""
JAVELIN,2669,UBD;CYP4F3;TREM2;SMOC1;SIT1,0.930640320760168,,0.492638277570793,TRUE,""
JAVELIN,2670,FMO3;ABCB4;CRISPLD2;CCBE1;PCDHGC5,1.00214636196829,,0.983369590411436,FALSE,""
JAVELIN,2671,MGAT3;GRB14;SNORD29;SHISA9;LY9,1.15132001971944,,0.194530477793706,FALSE,""
JAVELIN,2672,MYBL2;FAM65C;CACNA2D1;S100B;C22orf34,0.971980386475686,,0.793033443079072,TRUE,""
JAVELIN,2673,PROM1;PLA2G2A;SNORA26;BAALC;EPHA1,0.911232432952489,,0.38427354519085,TRUE,""
JAVELIN,2674,GBP5;B3GNT3;CACNA1C;WFDC5;SNORD19,0.923319579531013,,0.466626202786812,TRUE,""
JAVELIN,2675,ITGB6;F10;SNORA26;TJP3;FAM212A,1.01379747327478,,0.897505073647181,FALSE,""
JAVELIN,2676,CCL19;MMP19;S1PR3;SCN2A;DLGAP5,0.983060686933932,,0.877921518073574,TRUE,""
JAVELIN,2677,MFSD2A;SLC7A8;RASGRP1;SNORD115-4;KBTBD11,0.995085945218193,,0.965132573418513,TRUE,""
JAVELIN,2678,ARHGEF16;NAPSA;PTER;FCER1A;MIR4720,1.40408043619211,,0.00135200508879341,FALSE,""
JAVELIN,2679,SLC7A9;ST6GALNAC2;TOP2A;ANKRD2;SNORD20,1.05463751012948,,0.620164997989081,FALSE,""
JAVELIN,2680,PLA2G7;RYR2;HIST1H2BM;PEG3;VN1R1,0.970591318784944,,0.784213268361774,TRUE,""
JAVELIN,2681,IRX5;TCF21;SNORD6;PEG3;CRYBB2,1.33986596049945,,0.00725815132202163,FALSE,""
JAVELIN,2682,GPR126;GRM8;MS4A4A;CST6;DNALI1,1.14394437843245,,0.220267557126124,FALSE,""
JAVELIN,2683,GPER1;GSTM1;FAM20A;DUOX2;MIR3157,1.24592010989852,,0.0503614476862642,FALSE,""
JAVELIN,2684,WDR72;HP;HIST1H2BO;MAPK8IP2;SNORD103B,1.0791902633678,,0.491353364347622,FALSE,""
JAVELIN,2685,EXOC3L4;CES3;DLL4;MIR410;VN1R1,1.36460333285729,,0.00458292554425314,FALSE,""
JAVELIN,2686,MIR4317;GPD1;MIR637;RTKN2;PI4KAP1,1.21748562223113,,0.0598918749440713,FALSE,""
JAVELIN,2687,BBOX1;ITGBL1;HIST1H2BO;SERPINA5;LOC101927236,1.29695385504403,,0.0160348743432406,FALSE,""
JAVELIN,2688,SLC39A5;GYLTL1B;MIR3975;PVRL4;SLAMF6,1.08913141876651,,0.431032273866058,FALSE,""
JAVELIN,2689,KCP;SPEG;ARHGEF15;SERPINA5;MIR579,1.32197916931772,,0.00979360764344018,FALSE,""
JAVELIN,2690,SVEP1;MIR1972-1;SLC1A1;CDO1;MDFI,1.19969804175159,,0.0855160843104105,FALSE,""
JAVELIN,2691,RAP1GAP;MIR4676;CKS2;ETV4;USHBP1,1.13279319133503,,0.260112419335564,FALSE,""
JAVELIN,2692,COL4A3;PRODH2;HMCN1;CACNA1E;EGFLAM,1.40935478273177,,0.000910402736837842,FALSE,""
JAVELIN,2693,LOC101927834;DPEP1;MIR197;DIO1;DBH-AS1,1.25078750454811,,0.0467759759668041,FALSE,""
JAVELIN,2694,BBOX1;LYVE1;FPR1;FLJ22184;MIR151A,0.893047241181618,,0.298978919699219,TRUE,""
JAVELIN,2695,TMEM27;MLLT11;EFNA1;ASPDH;SMG1P5,1.37601239632523,,0.00299105760210409,FALSE,""
JAVELIN,2696,PRSS8;MIR589;IL2RB;CDR1;RSAD2,1.00581933233259,,0.956405547331931,FALSE,""
JAVELIN,2697,FOSB;ETNK2;SLC1A1;ZIC2;APOBEC3H,0.965220544164619,,0.742292788327095,TRUE,""
JAVELIN,2698,SEC14L6;GPD1;MIR4784;SIGLEC12;C22orf34,0.958122510868057,,0.696557456472229,TRUE,""
JAVELIN,2699,SLC39A5;CLCNKA;ECM2;SLC22A24;PLCH1,1.70393910402106,,1.35007876291484e-06,FALSE,""
JAVELIN,2700,DCDC2;KISS1R;CACNA2D1;KHDRBS2;GPR174,1.28792097179439,,0.0162129151345942,FALSE,""
JAVELIN,2701,OGDHL;GPRC5A;BMP2;IHH;PYGO1,1.16202535281097,,0.182573993769478,FALSE,""
JAVELIN,2702,MIR4292;CXCR3;MYO7A;S100P;SNORD24,1.12814082090864,,0.264887441550418,FALSE,""
JAVELIN,2703,MIR4499;MIR4804;HIST1H2AL;SNORD114-19;ZNF471,1.03488337427461,,0.750951306376594,FALSE,""
JAVELIN,2704,CST7;EFHD1;ADAMTS2;C1orf168;KIF4A,1.03211628891842,,0.780174722604548,FALSE,""
JAVELIN,2705,ANO9;HP;DLL4;ADH6;HSD17B3,1.27746005523113,,0.0238315718502939,FALSE,""
JAVELIN,2706,FNDC1;MT1A;PDLIM3;SNORD114-24;MIR640,1.05305996957955,,0.632317460335015,FALSE,""
JAVELIN,2707,SVEP1;FUT6;RIPK4;C1orf168;SNORD19,1.4218238563309,,0.00143716237085944,FALSE,""
JAVELIN,2708,RERG;ABCA12;ANGPT2;MIR29A;SIT1,1.30849503596073,,0.00913636721531358,FALSE,""
JAVELIN,2709,MACC1;CYP2C9;HOXD4;TSPAN10;ZNF90,1.20269067645217,,0.082829821785548,FALSE,""
JAVELIN,2710,GZMA;GLYATL1;MIR4784;APLP1;NEIL3,0.905206305153532,,0.36445082670756,TRUE,""
JAVELIN,2711,ACADL;IL2RA;APCDD1;TFCP2L1;PCDHB4,1.09588041691854,,0.395569782833641,FALSE,""
JAVELIN,2712,MIR3646;AZGP1;TMEM132A;GCKR;PAPPA-AS1,1.12701588821398,,0.269903192477038,FALSE,""
JAVELIN,2713,TNFAIP6;AZGP1;ROBO4;SNORD115-37;HOXA10-AS,1.54766220650659,,7.58970426053811e-05,FALSE,""
JAVELIN,2714,MIR3117;SNORD65;GAMT;NTNG1;MIR3664,1.12105372156057,,0.28503530427307,FALSE,""
JAVELIN,2715,FRAS1;GYLTL1B;COX7A1;CRB2;MIR1284,1.46123504545481,,0.000841566824967172,FALSE,""
JAVELIN,2716,CTSW;CPA3;MIR3975;RSPO4;NLRC3,0.990254402611436,,0.924379384126327,TRUE,""
JAVELIN,2717,NOX4;C2;S1PR3;CST2;CCDC144CP,1.30595334311536,,0.0219331461882959,FALSE,""
JAVELIN,2718,C1orf106;SLC5A10;HMCN1;MIR1251;UHRF1,1.47063287816402,,0.000278530684059786,FALSE,""
JAVELIN,2719,COL4A4;PDGFRL;EMP1;MIR585;PABPC4L,1.34766359583679,,0.00482615083915895,FALSE,""
JAVELIN,2720,STC2;FLRT3;FKBP9P1;GSTM5;FLT3,1.09719932049508,,0.401841173743839,FALSE,""
JAVELIN,2721,IKZF3;CYP2C9;PLAT;SNORD114-17;CRYBB2,1.08453422448086,,0.439682275518019,FALSE,""
JAVELIN,2722,PSAT1;AR;SNORD116-16;AP3B2;ETV7,1.14153942972482,,0.209884609253436,FALSE,""
JAVELIN,2723,CNN1;HPD;IL2RB;SNORD114-26;LOC101928871,1.06543987787768,,0.544870066294634,FALSE,""
JAVELIN,2724,EXOC3L4;SPINK1;MCF2L;HSD17B6;PADI2,1.29672543853866,,0.0123285103516589,FALSE,""
JAVELIN,2725,CX3CR1;STEAP1;MIR637;FOXB2;CYP27B1,1.44956224262614,,0.000638086216608025,FALSE,""
JAVELIN,2726,BAMBI;AGMAT;LZTS1;SNORD115-13;SNORD19,1.3219120291457,,0.0138675653946606,FALSE,""
JAVELIN,2727,SLC16A12;CHRDL1;TMEM132A;AMZ1;MIR548S,0.819394264387463,,0.0618003480868644,TRUE,""
JAVELIN,2728,GZMK;MZB1;EFNA1;GPR15;MAATS1,1.08601703668343,,0.436909067176212,FALSE,""
JAVELIN,2729,HIF1A-AS2;GDA;2020-03-02 00:00:00;MIR410;MIR3682,1.52718061868259,,3.29900840870695e-05,FALSE,""
JAVELIN,2730,SLPI;CPXM1;MIR4635;CAMK2B;ADAMTS12,0.988062893508353,,0.91257269666286,TRUE,""
JAVELIN,2731,PCDHGB2;NEBL;MIR544B;DMBT1;LILRA6,1.20554308107884,,0.0990817367394805,FALSE,""
JAVELIN,2732,FXYD2;IRF4;MIR4784;MIR134;MELK,0.895194815926267,,0.306443039566118,TRUE,""
JAVELIN,2733,HHLA2;SMTNL2;ID1;MIR1305;HOXA7,1.32348763173003,,0.00821381082761607,FALSE,""
JAVELIN,2734,TENM1;GLYATL1;CYTIP;TDRD9;MIR3605,1.42932024532425,,0.00101080715711042,FALSE,""
JAVELIN,2735,UBD;FOXF1;MIR3975;KCNH6;TAL1,1.25879758695885,,0.0289222642162834,FALSE,""
JAVELIN,2736,LOC101927960;MGAM;GEM;GRIK3;FAM132A,1.32789851744824,,0.00746078993510065,FALSE,""
JAVELIN,2737,TENM1;GFRA1;RGL3;ATP6V1B1;LOC553103,1.39597578089617,,0.00214113070562314,FALSE,""
JAVELIN,2738,ALDH1L1;GRM8;ALDOC;MIR3178;SNORD19B,1.35670187373119,,0.00529788016458731,FALSE,""
JAVELIN,2739,RAP1GAP;NEBL;MIR3125;MIR585;ADM2,1.41424190441175,,0.00137434438088798,FALSE,""
JAVELIN,2740,AKR7A3;CYP4F12;LZTS1;WFDC10B;THEMIS,1.13062648125779,,0.242872756690473,FALSE,""
JAVELIN,2741,FABP4;IGF1;MTCL1;SLC44A5;SNORD91A,1.13764270876982,,0.233580724965583,FALSE,""
JAVELIN,2742,F2RL1;MIR3918;COX7A1;PROC;CLDN9,1.45005058360627,,0.000966230547165133,FALSE,""
JAVELIN,2743,SLC17A1;GLIS1;PLAT;CYP4F2;FOXD1,1.37384569845467,,0.00478100748652541,FALSE,""
JAVELIN,2744,HOGA1;MGAM;LY96;SCTR;CTRL,1.30417313947678,,0.0128934339619951,FALSE,""
JAVELIN,2745,NPR3;HSH2D;COL5A3;NUGGC;LOC101928003,1.0696714916761,,0.508899903949261,FALSE,""
JAVELIN,2746,ACE2;GLDC;CSF3R;MIR100;MIR571,1.22043833670234,,0.0619522696678817,FALSE,""
JAVELIN,2747,S100A8;DPEP1;MKI67;ANO3;CHST1,0.968940645835556,,0.773880918060475,TRUE,""
JAVELIN,2748,OLFML2A;MIRLET7D;TIE1;ATOH8;CCDC141,1.35554106508242,,0.00405823517533802,FALSE,""
JAVELIN,2749,FGB;IRF4;HMCN1;S100B;SNORD19B,0.969570919588997,,0.775394620721039,TRUE,""
JAVELIN,2750,BCMO1;AIF1L;SNAI2;MOGAT3;PTGDR,1.31892379500707,,0.00975787722002976,FALSE,""
JAVELIN,2751,SVEP1;SERPINA6;MS4A4E;MIR758;GZMM,1.07184952226727,,0.502078588378699,FALSE,""
JAVELIN,2752,SLPI;RGN;ANGPT2;GPR15;KIF26A,1.2329326527427,,0.0603986382928088,FALSE,""
JAVELIN,2753,RERG;IL2RA;SNORA77;PRSS3;GPR160,1.08811277571261,,0.434032360233601,FALSE,""
JAVELIN,2754,S100A8;SNORD77;LDLR;B4GALNT2;MIR597,1.00281025656777,,0.979343954775417,FALSE,""
JAVELIN,2755,RAP1GAP;FUT6;SELENBP1;CNFN;MIR3664,1.28838132229663,,0.0185611474377168,FALSE,""
JAVELIN,2756,GLYAT;C4B;HIST1H4L;CALCR;GRAP2,1.31599035011423,,0.00940008955509859,FALSE,""
JAVELIN,2757,ITGB6;TNXB;TMEM204;HS3ST3A1;CD200R1,0.920121541153298,,0.437020644776282,TRUE,""
JAVELIN,2758,SVEP1;CDCP1;PTK7;VPREB3;PRDM8,0.835270742480439,,0.0973806245732271,TRUE,""
JAVELIN,2759,C8orf4;SLAMF7;MYO7A;SMOC1;SNORD126,1.07745714788241,,0.477171440976411,FALSE,""
JAVELIN,2760,ALPK3;MIR548AU;MIR4435-2;ST8SIA6;P2RY10,1.27824556858239,,0.0220561304345444,FALSE,""
JAVELIN,2761,NMB;MIR378H;MIR4784;IBSP;NBEAP1,1.08302764568084,,0.469874716558924,FALSE,""
JAVELIN,2762,ABCA6;SNORD115-5;PLAT;SLC5A8;ICOS,1.17995379163116,,0.130498347776649,FALSE,""
JAVELIN,2763,SLPI;ESPN;MIR4784;ADIPOQ;MFAP3L,1.02346421896532,,0.82720173465171,FALSE,""
JAVELIN,2764,TTC39A;CYP2C9;DENND2A;GRIA4;POU5F1B,1.45240141447116,,0.000643082888750646,FALSE,""
JAVELIN,2765,GATA3;ANKRD18A;FOLR2;TCHH;TMEM232,1.00194499247312,,0.98577097291907,FALSE,""
JAVELIN,2766,SLC16A12;FGA;ITGA11;SCN7A;RNF133,1.30029424477041,,0.0144669858087481,FALSE,""
JAVELIN,2767,OLR1;SNORD114-13;DPYSL3;MYOZ1;HIST2H3A,0.924610220923413,,0.491799293402784,TRUE,""
JAVELIN,2768,RAB17;CXCR3;MIR631;MNX1;KCNJ5,1.12304038789995,,0.281245796391019,FALSE,""
JAVELIN,2769,ALDH1L1;MFAP2;PDLIM3;CA8;SMG1P5,1.3091769705737,,0.0131595261662824,FALSE,""
JAVELIN,2770,UGT8;PCDH10;TIE1;AKR1B10;RASSF6,1.43216525711018,,0.00129639895433191,FALSE,""
JAVELIN,2771,SRPX;MIR1249;MIR197;TUBB1;LURAP1,1.01679421368613,,0.879160945784356,FALSE,""
JAVELIN,2772,PIGR;HYDIN;FZD8;MIR4439;PDE3B,1.08386206714002,,0.45644941367329,FALSE,""
JAVELIN,2773,STC2;CPXM2;ID4;SLC17A2;APOBEC3H,1.2008247019746,,0.0889359762988935,FALSE,""
JAVELIN,2774,SEC14L6;LAMC2;ID1;WFDC5;SIT1,0.967507428280385,,0.764659385799828,TRUE,""
JAVELIN,2775,MIR3646;ADRA2C;SNORD116-8;TRPV3;LOXL4,1.39579550694358,,0.0018929689760475,FALSE,""
JAVELIN,2776,AKR7A3;DNASE1L3;CALCRL;BRE-AS1;ARRDC5,1.17202568315034,,0.142522800836136,FALSE,""
JAVELIN,2777,SBSPON;MGAM;EFNA1;ASPDH;ASPRV1,1.5889894631789,,2.19411279310403e-05,FALSE,""
JAVELIN,2778,BAMBI;ELOVL7;SNAI2;CXCR2P1;TP73,1.01089539925801,,0.919918599766157,FALSE,""
JAVELIN,2779,ITGA8;KCNIP4;RHOBTB3;KCNH2;SIT1,1.06503950578742,,0.543434571847877,FALSE,""
JAVELIN,2780,LOC101927960;MIR3918;BMP2;SLC22A24;FAXDC2,1.48391024359481,,0.000659643917507526,FALSE,""
JAVELIN,2781,OLR1;VSIG2;CRISPLD2;RHBG;RPS6KL1,1.26472922289729,,0.0364142101126003,FALSE,""
JAVELIN,2782,SULT1C4;SLC23A1;IL2RB;MYOT;C2orf82,1.2313933822591,,0.0537186849827527,FALSE,""
JAVELIN,2783,SULT1C4;TNFSF14;ROBO4;PPP2R2C;SNORD24,1.19506732188898,,0.102578209106766,FALSE,""
JAVELIN,2784,TACSTD2;COL11A1;LDLR;RHOV;MIR581,0.954067016660261,,0.660754295317188,TRUE,""
JAVELIN,2785,SPAG17;MIR1972-1;GPC4;GYG2;HIST2H3A,1.24688862417318,,0.0498315626983522,FALSE,""
JAVELIN,2786,PCOLCE2;FTCD;MYRF;OGN;TTC22,1.21166991650498,,0.0806534536620074,FALSE,""
JAVELIN,2787,BBOX1;PLA2G2A;APCDD1;SLC6A20;GNAL,1.1546320059935,,0.199511002570709,FALSE,""
JAVELIN,2788,AGMO;COBL;IFI44L;SFTPB;C2orf82,1.28230621871696,,0.0165489346658079,FALSE,""
JAVELIN,2789,PRSS8;DNAH5;TMEM204;PLA2G2D;NEK10,1.04948101216643,,0.651845021490677,FALSE,""
JAVELIN,2790,CYP2E1;COL7A1;FPR1;ARHGEF38;RGS11,0.893682071472713,,0.286686517050341,TRUE,""
JAVELIN,2791,MACC1;LDHD;DPYSL3;PCDHB5;PPM1H,1.19642361962548,,0.105793156302968,FALSE,""
JAVELIN,2792,RAP1GAP;PTPRD;ANGPT2;CALB1;WIPF3,1.41788509335091,,0.00222201009481428,FALSE,""
JAVELIN,2793,FOLH1;MST1P2;MIR197;MIR452;NLRC3,1.26141809616198,,0.0341806991831163,FALSE,""
JAVELIN,2794,EXOC3L4;SLC7A8;LDLR;KCNN1;LOC400043,1.07887023063531,,0.491990819934081,FALSE,""
JAVELIN,2795,PDLIM4;TENM3;SNORD116-8;CFHR1;MIR1288,1.13122661225321,,0.261408993926235,FALSE,""
JAVELIN,2796,KCP;SPINK1;MIR631;MIR5584;DNALI1,1.33809380246226,,0.00888324376153134,FALSE,""
JAVELIN,2797,MIR4499;SDS;COL5A3;ERBB4;SNORD126,1.54596070778706,,0.000124894050119908,FALSE,""
JAVELIN,2798,BCMO1;ETNK2;DENND2A;CCDC78;EFS,1.19984011868791,,0.0912187585774599,FALSE,""
JAVELIN,2799,NPR3;GFRA1;ARHGEF15;MIR874;CRYBB2,1.4174120653782,,0.000676096208395108,FALSE,""
JAVELIN,2800,STEAP4;SNORD65;SNORA77;MUM1L1;MDH1B,1.12166601343728,,0.290134020728536,FALSE,""
JAVELIN,2801,MAL;MIR589;CALCRL;GSTM5;GJC2,1.3303117816454,,0.00672118412682555,FALSE,""
JAVELIN,2802,IL17RB;MIR339;MIR628;CD177;GRAMD1B,1.29614214207381,,0.0184445576039075,FALSE,""
JAVELIN,2803,RERG;SPEG;CSF3R;MIRLET7G;RHBDL1,1.04148528898039,,0.698617929653169,FALSE,""
JAVELIN,2804,PSAT1;GREM1;TMEM132A;TNFRSF17;KIF2C,0.795656710214409,,0.042014903735513,TRUE,""
JAVELIN,2805,SLC34A2;MIR4482;SNORD6;WNK2;KBTBD11,1.29039514963699,,0.0226845094950483,FALSE,""
JAVELIN,2806,SNCG;SNORA69;MKI67;C12orf36;LOC729970,1.08743984138673,,0.432522205214822,FALSE,""
JAVELIN,2807,MIR4499;ZNF711;SNORD74;MIR1302-5;CCDC154,1.46826034042883,,0.000594084848815374,FALSE,""
JAVELIN,2808,LOC101927834;IGFBP1;FPR1;FA2H;EPHB3,1.01948970358031,,0.857588428803248,FALSE,""
JAVELIN,2809,MIR3189;PLCH2;MS4A4A;MIR379;TSPYL5,1.02506928433319,,0.816265033385298,FALSE,""
JAVELIN,2810,ABCA6;GREM1;MECOM;JSRP1;KCNQ4,1.02543422252656,,0.813747190339471,FALSE,""
JAVELIN,2811,RAB17;SYBU;S1PR3;CA8;LURAP1,1.30808172104298,,0.0162359407198334,FALSE,""
JAVELIN,2812,UGT2A3;MMP19;ID1;SLC6A19;DOC2B,1.2034546311251,,0.0926358889051685,FALSE,""
JAVELIN,2813,CYP2E1;MIR23B;ID4;MIR10A;PDCD1LG2,1.34474666692384,,0.00429247724675076,FALSE,""
JAVELIN,2814,PPAP2C;KLKB1;ADAMTS2;CAPN6;RASGEF1A,0.974451670498046,,0.815697782330933,TRUE,""
JAVELIN,2815,C1orf106;IL2RA;MAP4K1;MIR617;FAM162B,1.10519547144019,,0.348486461309951,FALSE,""
JAVELIN,2816,AGMO;WDR66;DMD;MIR1193;MIR1273F,1.36247088009517,,0.00285435113191353,FALSE,""
JAVELIN,2817,FXYD2;AQP7;TSKU;LPPR5;MIR1284,1.45645899354161,,0.000864983964087603,FALSE,""
JAVELIN,2818,CST7;MZB1;LZTS1;UGT2B4;NEIL3,0.953194809500905,,0.656570297300248,TRUE,""
JAVELIN,2819,GPER1;EXPH5;CRISPLD2;PLG;MIR3973,1.35278060139641,,0.00694324473471286,FALSE,""
JAVELIN,2820,ANO9;F5;ARL4C;MIR4786;ZNF334,0.841303809194773,,0.113694090671047,TRUE,""
JAVELIN,2821,MIR378I;NLGN4Y;ID4;SEMA3D;MELK,0.929092234696085,,0.491396255931049,TRUE,""
JAVELIN,2822,MIR548AR;KCNIP4;HIST1H2BO;CYP4B1;FAM110C,1.15398338247865,,0.170583123206859,FALSE,""
JAVELIN,2823,TFPI2;CD79A;SNORA26;MIR3178;P2RY6,0.948319512445684,,0.621928858596684,TRUE,""
JAVELIN,2824,SLC34A2;FCGBP;MIR4784;DPYSL4;SNORD116-23,1.04567692626073,,0.680870422705057,FALSE,""
JAVELIN,2825,NMB;MAPK15;RGL3;SNORA11D;NBEAP1,1.41240187533374,,0.00129196501565751,FALSE,""
JAVELIN,2826,SLC17A1;ADORA1;TSKU;CXCR2P1;C14orf64,1.00984382993685,,0.927493166699871,FALSE,""
JAVELIN,2827,MIR25;LOC391322;CACNA2D1;SFTPD;VN1R1,1.19290385092803,,0.100545125757673,FALSE,""
JAVELIN,2828,NR4A2;NLGN4Y;PLAUR;MIR4280;FAM132A,0.869911946955082,,0.193021098154343,TRUE,""
JAVELIN,2829,PLA2G7;ALDOB;COL5A3;AQP4;PGM5,1.34146189707427,,0.00601116286773651,FALSE,""
JAVELIN,2830,PYCR1;PRAP1;MS4A4E;PRSS12;SNORD45B,1.07365737226076,,0.494688516837888,FALSE,""
JAVELIN,2831,SLC34A2;ITGBL1;TEK;KNG1;PYGO1,1.17817077929457,,0.124776809557794,FALSE,""
JAVELIN,2832,UPB1;PRAP1;RIPK4;GUCY1B2;MIR1273F,1.53494583893165,,5.09789190092856e-05,FALSE,""
JAVELIN,2833,ABO;MIR646;HIST1H2BO;ASPG;CADM4,1.3166442010595,,0.0128652427684138,FALSE,""
JAVELIN,2834,CYP2E1;SYBU;MIR1537;SNORD115-42;CCR6,1.071618833914,,0.529486032508849,FALSE,""
JAVELIN,2835,FXYD2;CDH23;MIR628;CCL11;NRXN3,1.40172436955933,,0.00127123309239611,FALSE,""
JAVELIN,2836,MIR1180;GJB1;SNORD116-28;AQP4;SMG1P5,1.46340572895261,,0.000609168131511324,FALSE,""
JAVELIN,2837,SCNN1A;ST6GALNAC2;CKS2;GCKR;IL17RE,1.0384601663489,,0.737375882820792,FALSE,""
JAVELIN,2838,MIR4292;CXCR3;EVI2B;KCNA5;IER3,1.08405873296911,,0.455709257009387,FALSE,""
JAVELIN,2839,MYBL2;MIR548AU;SEMA4G;KCNB1;CD40LG,1.01639114624993,,0.882595449374847,FALSE,""
JAVELIN,2840,MIR4652;CXCL8;BMP2;HECW1;RPL23AP32,1.16343374715999,,0.16188893110423,FALSE,""
JAVELIN,2841,RAP1GAP;MIR563;ADAMTSL3;FERMT1;RASD2,1.48376883586057,,0.000559522825525797,FALSE,""
JAVELIN,2842,ACY3;FOXQ1;MAP4K1;TRPV3;MIR4440,1.01245924466495,,0.90551777305544,FALSE,""
JAVELIN,2843,ASPN;PLIN4;DLL4;PRPH;SMG1P5,1.41709407819542,,0.00186496102300473,FALSE,""
JAVELIN,2844,CTSW;CD79A;DMD;SHISA9;SNORD91A,1.0180879611629,,0.860090781828745,FALSE,""
JAVELIN,2845,SBSPON;SERPINA6;CCL4;STRIP2;PPM1H,1.0513705298989,,0.648473268462682,FALSE,""
JAVELIN,2846,SLC16A12;ALDH8A1;DPYSL3;PKLR;HIST2H3A,1.12993623226099,,0.249964647708195,FALSE,""
JAVELIN,2847,TMEM27;CDH23;MYRF;SOX11;PABPC4L,1.32502215026662,,0.00861720009336047,FALSE,""
JAVELIN,2848,CCL20;CXCL13;DPYSL3;MIR380;IL1RL2,0.983783613364229,,0.881156081845725,TRUE,""
JAVELIN,2849,TBX3;LAMC2;ACSF2;AMPD1;C5AR2,0.933794071185892,,0.522599146832502,TRUE,""
JAVELIN,2850,MGAT3;DSCAML1;FOLR2;MIR545;MIR4753,1.47360773272738,,0.000382080913718937,FALSE,""
JAVELIN,2851,FOSB;FOSL1;MYO5B;ZBTB7C;RNF152,0.991854676368924,,0.941683814880899,TRUE,""
JAVELIN,2852,SRPX;ST6GALNAC2;PDLIM3;STRIP2;HAS3,0.962237052559289,,0.716402289934948,TRUE,""
JAVELIN,2853,PPAP2C;SPEG;CACNA2D1;MFSD4;REM1,1.05600338831451,,0.616501513620764,FALSE,""
JAVELIN,2854,PCOLCE2;TRIM55;SLC2A9;THPO;TBX21,1.41162679024634,,0.00125923887030971,FALSE,""
JAVELIN,2855,MIR378I;ADRA2A;DLL4;DNAI1;ST6GALNAC3,1.19444187079739,,0.0972376002940962,FALSE,""
JAVELIN,2856,MIR4292;FOSL1;FZD8;MYOT;GZMM,0.968201393286029,,0.774679655113468,TRUE,""
JAVELIN,2857,NEB;MIRLET7F1;TEK;SCUBE3;FIBIN,1.33860359326752,,0.0059309978099451,FALSE,""
JAVELIN,2858,RAP1GAP;EXPH5;SNAI2;CIDEC;KIF20A,1.12873862022496,,0.269546776240961,FALSE,""
JAVELIN,2859,JPH2;DPEP1;LDB2;SCGB1D2;DBNDD1,1.31066366011811,,0.0112218539822375,FALSE,""
JAVELIN,2860,SCNN1A;RGN;HOXD9;IP6K3;RGS16,1.32718050798162,,0.0101338805850373,FALSE,""
JAVELIN,2861,ZDHHC11B;IRF4;ALDOC;KCNK9;GSTT2,1.18543445200465,,0.0936678037170685,FALSE,""
JAVELIN,2862,CPZ;SOX6;HOXD9;MIR617;MIR28,1.67450860675816,,1.18113581142838e-06,FALSE,""
JAVELIN,2863,UGT2A3;PAH;MIR1537;ATP2C2;CLEC1A,1.28314848760204,,0.0226267561238984,FALSE,""
JAVELIN,2864,ACADL;PNMA2;ADAMTSL3;EGFL6;PADI2,1.36852331667369,,0.00270256835236608,FALSE,""
JAVELIN,2865,NME5;CPXM2;TEK;ESRP1;DAPK2,1.07200456689799,,0.521623868392913,FALSE,""
JAVELIN,2866,HOGA1;TMEM171;HRSP12;S100P;STEAP2,1.35668562755793,,0.00488518900655012,FALSE,""
JAVELIN,2867,CHDH;SNORD77;APCDD1;ST8SIA5;RHBDL1,1.20738375622057,,0.0911876884097332,FALSE,""
JAVELIN,2868,SRPX;SIGLEC14;DCBLD2;NTNG1;RHBDL1,0.826041183194223,,0.078852134599905,TRUE,""
JAVELIN,2869,SVEP1;MIR4804;ADCY4;CNDP1;COLCA2,1.39568271699507,,0.0016604255056334,FALSE,""
JAVELIN,2870,FAM46C;GSTM1;RIPK4;MIR3131;TMEM232,1.30728985205605,,0.016368077990327,FALSE,""
JAVELIN,2871,ALDH1L1;C5orf46;SNORA48;CYP2D6;BMP6,1.41799766270712,,0.000887569299890591,FALSE,""
JAVELIN,2872,MIR4292;CRYM;LY96;NCAM2;LOC643339,1.38600549828698,,0.00209170237371651,FALSE,""
JAVELIN,2873,NPNT;VNN1;TREM2;PTGES;RASL12,1.1637311390717,,0.150772991727515,FALSE,""
JAVELIN,2874,FER1L4;SLC7A8;DMD;TCN1;MIR1288,1.18674589170362,,0.135517611561962,FALSE,""
JAVELIN,2875,ACKR1;PNMA2;SNORD4B;PRSS22;MIR5191,1.07364815748681,,0.496770044869427,FALSE,""
JAVELIN,2876,HHLA2;MLXIPL;RNF128;NUGGC;FCN1,1.03897450421149,,0.710618084953605,FALSE,""
JAVELIN,2877,OLR1;MIR378A;GAMT;OR2T3;MIR1284,1.52796809609173,,0.000109357903696342,FALSE,""
JAVELIN,2878,NR4A3;MIR4519;IL2RB;SFTPA2;PPP2R2B,1.11592390400748,,0.291771147848898,FALSE,""
JAVELIN,2879,EXOC3L4;GSTM1;HIST1H2BO;PLA2G2D;ALDH1L2,0.823443762376222,,0.07275728220787,TRUE,""
JAVELIN,2880,ABCC6;ASPHD1;ALDH1A3;VSTM2L;MIR583,0.980078628152145,,0.849316827254437,TRUE,""
JAVELIN,2881,HOGA1;REEP6;LDB2;IHH;FAM184A,1.25225203139743,,0.036229194532813,FALSE,""
JAVELIN,2882,FAM46C;ZFY;MIR544B;CYP17A1;FOXD1,0.942240168466054,,0.582133703892905,TRUE,""
JAVELIN,2883,CCL18;PPARGC1A;MYO7A;SCG5;GSTO2,1.13414108920161,,0.261117994767259,FALSE,""
JAVELIN,2884,FMO3;COBL;SLC1A1;MIR4500;KIAA1324L,1.12430574422764,,0.293705180987316,FALSE,""
JAVELIN,2885,TENM1;C10orf113;CALCRL;MIR379;CH25H,1.4452711136381,,0.000706681156505443,FALSE,""
JAVELIN,2886,UGT2A3;FUT6;ANGPT2;WFDC5;ICOS,1.28459030908125,,0.0199630656166901,FALSE,""
JAVELIN,2887,CRB3;MIR554;ADAMTS2;SNORD115-13;SP140,0.984911940557233,,0.887120022576072,TRUE,""
JAVELIN,2888,OLR1;VANGL2;MS4A4E;SNORD115-12;SCUBE2,1.09516271770681,,0.399907011530593,FALSE,""
JAVELIN,2889,GLYAT;SLC22A3;SLC2A9;MIR190A;CYP26B1,1.48245301025074,,0.000361757615815945,FALSE,""
JAVELIN,2890,MIR378I;MIR4796;ALDH6A1;GUCY1B2;GJC2,1.55425061918759,,7.51434523274689e-05,FALSE,""
JAVELIN,2891,GPR126;CPXM1;MIR544B;MIR4636;KBTBD11,1.40375001076722,,0.00309232082451687,FALSE,""
JAVELIN,2892,FGB;MIR563;SNORA77;WNK2;MPP7,1.27166305428847,,0.0342532121176138,FALSE,""
JAVELIN,2893,C1orf186;SFN;DCBLD2;SLC22A8;GZMM,0.823976706819146,,0.0823167563930801,TRUE,""
JAVELIN,2894,MGAT3;CD3G;HIST1H2BM;TUBB1;CDC42BPG,1.04877693167473,,0.648596063607496,FALSE,""
JAVELIN,2895,GBP5;CD69;MTCL1;ROS1;MIR4753,0.945706078414215,,0.608998994557676,TRUE,""
JAVELIN,2896,STC1;TNFSF14;CKS2;WNK2;PARP15,0.919460695634821,,0.442188256896046,TRUE,""
JAVELIN,2897,ITGB6;ZNF727P;LDLR;SIGLEC12;CDC45,0.819349771780173,,0.0697357866288336,TRUE,""
JAVELIN,2898,CXCL1;PTGER3;CDH13;IRX2;PCDHB4,1.63802023863795,,7.3177750221561e-06,FALSE,""
JAVELIN,2899,TBX3;TCF21;ADAMTSL3;SLC7A11;ACOT1,1.24833648333739,,0.0375151988903006,FALSE,""
JAVELIN,2900,TTC39A;SERPINA6;MIR3975;CA3;RPL23AP32,1.42796050934915,,0.00192615112148827,FALSE,""
JAVELIN,2901,AOC1;GABRD;SNORA77;MIR758;SH2D3A,1.36254059877102,,0.00439188199093407,FALSE,""
JAVELIN,2902,FAM46C;EGR3;SNORD116-16;ADCY8;SNORD19,1.15886107631988,,0.17056284508466,FALSE,""
JAVELIN,2903,SLPI;SNORA69;ROBO4;MIR365A;MIR765,0.944441624221927,,0.603398134048905,TRUE,""
JAVELIN,2904,TTC39A;MIR200B;CDH13;CRHBP;CPNE5,1.49406163701861,,0.00045473205210917,FALSE,""
JAVELIN,2905,MIA2;PCK1;ALDOC;MIR1245A;MIR1183,1.47090530246713,,0.000235353638429295,FALSE,""
JAVELIN,2906,SNORD14C;PAQR5;GPC4;SP5;LIPE,1.1715154845166,,0.135942481139356,FALSE,""
JAVELIN,2907,MIR3646;SFN;GAMT;CFTR;DNAH6,1.25386058523338,,0.0334482079553536,FALSE,""
JAVELIN,2908,SNORD14C;FAP;COX7A1;PSCA;PTTG2,1.08536419944339,,0.453449161683815,FALSE,""
JAVELIN,2909,LAMC3;RASAL1;HOXD9;HCN2;PARP15,1.10387462950786,,0.364351960304208,FALSE,""
JAVELIN,2910,SEC14L6;GLDC;TMEM132A;ST6GAL2;FAIM3,0.960759811289223,,0.726760786385471,TRUE,""
JAVELIN,2911,GBP5;GREM1;MKI67;LGALS12;ZNF334,0.977452715718523,,0.833713373026353,TRUE,""
JAVELIN,2912,C14orf105;PRAP1;PTK7;PADI1;MIR627,1.23529824082571,,0.0446384089598931,FALSE,""
JAVELIN,2913,CXCL1;LDHD;EMP1;MIR1538;RPL23AP32,1.29924429553424,,0.0159989451749262,FALSE,""
JAVELIN,2914,RAP1GAP;UBASH3A;ALDH1A3;PCDHB5;CACNB2,1.27455765555051,,0.0272455205888852,FALSE,""
JAVELIN,2915,FMO2;ANKRD18A;LZTS1;MIR193A;HMMR,1.22497613095432,,0.0673411337558266,FALSE,""
JAVELIN,2916,RAP1GAP;TNFSF14;DMD;HSD17B2;ZDHHC11,1.21690562998844,,0.0780468619401368,FALSE,""
JAVELIN,2917,FMO2;HOXD11;HIST1H4L;FUT3;MYCT1,1.51535927837063,,9.77092007719211e-05,FALSE,""
JAVELIN,2918,IRX5;GPC3;LDB2;FAM3B;PCDHGC4,1.18968217860389,,0.109132650585006,FALSE,""
JAVELIN,2919,BAIAP2L2;CPXM1;LDB2;APOC3;PYGO1,1.22092019806818,,0.0647435668215023,FALSE,""
JAVELIN,2920,S100A8;HAMP;MIR4435-2;CXCR2;HSD17B3,0.978192966391452,,0.839739679869387,TRUE,""
JAVELIN,2921,PIGR;KMO;COL5A3;CNFN;LZTS3,1.24252042947781,,0.0495064636242393,FALSE,""
JAVELIN,2922,ITGB6;SNORD67;MMP11;HBG2;CD300LF,0.991149518333453,,0.935541612821506,TRUE,""
JAVELIN,2923,BCMO1;C10orf113;MIR1207;OR2T35;MIR627,1.39016798756819,,0.0020200934732484,FALSE,""
JAVELIN,2924,ALPK3;LTF;SNORA48;UGT3A1;C2orf82,1.21357013800477,,0.080422747948242,FALSE,""
JAVELIN,2925,MYBL2;CYP2C9;SNORD59A;FLJ22184;GTSE1,0.874190497270999,,0.224836529858594,TRUE,""
JAVELIN,2926,SPOCK1;ATP1A2;PLEKHA7;C5orf38;TNFRSF11A,1.14272240315373,,0.237355500876685,FALSE,""
JAVELIN,2927,SORBS2;AGMAT;ITGA11;SPINK5;SYNC,1.26864376413328,,0.0219518331850288,FALSE,""
JAVELIN,2928,TSPAN7;REEP6;MIR4435-2;SST;THSD4,0.989087055552003,,0.918263282362463,TRUE,""
JAVELIN,2929,MIR25;PALM3;TSKU;ASGR2;KIF4A,0.975832228263661,,0.81595818875125,TRUE,""
JAVELIN,2930,MIR548AR;SPX;MIR4784;ESRP1;MFAP3L,1.1767196843274,,0.132899082643274,FALSE,""
JAVELIN,2931,KCP;SLC22A3;SARDH;FCAMR;MYCT1,1.40592441933438,,0.00135837410884964,FALSE,""
JAVELIN,2932,CD38;MMP19;MIR637;ALAS2;SNORD96B,0.941706935176181,,0.583318541312477,TRUE,""
JAVELIN,2933,IL17RB;MIR4482;MS4A4E;HAO2;NEK10,1.2581443733786,,0.0355461173954521,FALSE,""
JAVELIN,2934,NR4A2;IRF4;LY96;CR1L;SNORD19B,0.918195877184215,,0.416888476539476,TRUE,""
JAVELIN,2935,HNF1A;TNFSF14;NT5E;CSDC2;STEAP1B,1.05580609961434,,0.634978025486347,FALSE,""
JAVELIN,2936,MYOM3;MIR378H;LDB2;MIR4251;NTNG2,1.3955115251266,,0.00132419947350516,FALSE,""
JAVELIN,2937,HHLA2;ALDOB;RASGRP1;F11;RASL12,1.25710107003355,,0.0382061812369748,FALSE,""
JAVELIN,2938,MIR126;SPX;FAM20A;SNORD114-17;MIR5191,1.18034404087857,,0.129334658489485,FALSE,""
JAVELIN,2939,F8;VEPH1;ADAMTS2;HOXA13;C8orf88,1.29251154554814,,0.0172131929422744,FALSE,""
JAVELIN,2940,UGT8;REEP6;CKS2;SNORD114-4;CEP55,0.861217939707846,,0.156303027020034,TRUE,""
JAVELIN,2941,SLC7A9;COLEC12;HIST1H2BO;CCL17;LOC441402,1.07868268974573,,0.477430414290079,FALSE,""
JAVELIN,2942,CCL20;FAM65C;PTTG1;SLC5A8;PPP2R2B,1.33242390535928,,0.00898844141992631,FALSE,""
JAVELIN,2943,SNORD14C;ROR2;MAP4K1;ANO4;SNORD103B,0.979564390871497,,0.845639655319619,TRUE,""
JAVELIN,2944,NEB;TNFSF14;DCBLD2;ADIPOQ;TMEM232,0.985347312306464,,0.895838688707044,TRUE,""
JAVELIN,2945,NPR3;SLC16A9;MST1;KCNS1;CHST1,1.28767226600071,,0.0192043083111938,FALSE,""
JAVELIN,2946,MIR4652;MIRLET7F1;DMD;LPPR5;GLI1,1.29628235356644,,0.014914081571385,FALSE,""
JAVELIN,2947,ZDHHC11B;GJB1;CACNA1C;SNORD115-1;IL1RL2,1.40676179933201,,0.00165440134578983,FALSE,""
JAVELIN,2948,NOX4;PTGER3;TREM2;SNORD114-31;SNORA38,1.40174546971475,,0.00175698369748947,FALSE,""
JAVELIN,2949,HOXC10;GLYATL1;PTTG1;ANO4;CCDC144CP,1.36872597354585,,0.00310582576495026,FALSE,""
JAVELIN,2950,MIR29B2;IGFBP1;FAM20A;SLC6A19;WNT2B,1.17483117507095,,0.151564682882667,FALSE,""
JAVELIN,2951,LAMC3;FAP;MIR4784;KLB;FCN1,0.993448499664414,,0.952649596810484,TRUE,""
JAVELIN,2952,MIA2;FABP7;TREM2;CRYAA;SPNS3,1.49365792046904,,0.000190711497211006,FALSE,""
JAVELIN,2953,S100A8;MIR589;SNORD116-16;SCN4A;MAATS1,1.38942702648375,,0.00249748876916348,FALSE,""
JAVELIN,2954,TRABD2B;ADRA2A;MECOM;ANKRD2;SNORD24,1.1300690084593,,0.25533292931735,FALSE,""
JAVELIN,2955,UPB1;SPEG;2020-03-02 00:00:00;PPBP;FBXO27,1.35369182126592,,0.00453246288687873,FALSE,""
JAVELIN,2956,SHROOM3;VNN1;MIR4784;SNORD115-37;DAPK2,1.01968920315515,,0.860014241629638,FALSE,""
JAVELIN,2957,ARHGEF16;INHBB;GEM;TRPA1;ARL4D,1.22646986477915,,0.0646564273406219,FALSE,""
JAVELIN,2958,PTHLH;TENM3;MXRA8;AGXT;EPHB1,1.05203894037775,,0.653933098244652,FALSE,""
JAVELIN,2959,UBD;NPY6R;GEM;MIR298;MIR597,1.1211267991432,,0.28060579717263,FALSE,""
JAVELIN,2960,PDLIM4;SLC7A8;HIST1H2BM;OR2T34;TTC22,1.11347647416845,,0.322886949810792,FALSE,""
JAVELIN,2961,TBX3;EXPH5;EVI2B;ANO3;EMR4P,1.18963357503722,,0.0951246703002826,FALSE,""
JAVELIN,2962,SVEP1;EMX1;MIR631;VIPR1;CASZ1,1.23016140276654,,0.0634514944693259,FALSE,""
JAVELIN,2963,PTHLH;OLFM2;ECM2;IRX1;DEPDC1B,1.25109491318264,,0.0448005973561516,FALSE,""
JAVELIN,2964,KRT7;FAP;IL2RB;ALX1;C2orf82,0.902532837878002,,0.347828299105405,TRUE,""
JAVELIN,2965,JPH2;MIR3918;TIE1;ERBB4;MIR3942,1.57308634197302,,1.79498131578617e-05,FALSE,""
JAVELIN,2966,MIR4292;SMTNL2;SNORD116-8;ST8SIA6;EPHA1,1.35078716036468,,0.00502168840390336,FALSE,""
JAVELIN,2967,MIR4526;CPXM1;SLC44A3;GCKR;CACNB2,1.44407017506445,,0.00128579638411437,FALSE,""
JAVELIN,2968,SLC7A9;IRF4;MS4A4E;PERM1;SLC27A5,1.17509668503601,,0.124762331193025,FALSE,""
JAVELIN,2969,FOLH1;GRB14;PBX1;CYP2C18;CCDC3,1.29976380091848,,0.013628143311138,FALSE,""
JAVELIN,2970,SEC14L6;BAI1;SNORD29;FUT3;KCNMB4,1.2415188517091,,0.0531253122344481,FALSE,""
JAVELIN,2971,FOLH1;CCDC64;GEM;CNTN6;JAKMIP1,1.05830134238707,,0.597719835312435,FALSE,""
JAVELIN,2972,CX3CR1;SIGLEC14;SNORD29;HIST1H2AA;LZTS3,1.1846960689882,,0.119910528727466,FALSE,""
JAVELIN,2973,MIR4652;TESC;PTER;B3GAT1;GMPR,0.894561902715577,,0.306503496941877,TRUE,""
JAVELIN,2974,NXPH4;MIR1203;HIST1H2AL;TFCP2L1;SLAMF6,0.816755380871543,,0.0557169599378564,TRUE,""
JAVELIN,2975,TMEM27;NAPSA;SNORD116-28;MIR4636;LRRC37A4P,1.2542563493335,,0.0384928735679303,FALSE,""
JAVELIN,2976,NTM;AQP7;MYO5B;KLB;VN1R1,1.3595625335206,,0.00529699312752116,FALSE,""
JAVELIN,2977,MYH14;HP;MIR3975;CXCR2;RPL23AP32,1.00846607559748,,0.93865301258204,FALSE,""
JAVELIN,2978,GLYAT;C5orf46;ALDH1A3;DMRT2;BATF,1.2097979409162,,0.0725262493559018,FALSE,""
JAVELIN,2979,SEC14L6;VANGL2;SNORD116-8;MUC12;SNORA38,1.2197160862651,,0.079864837712867,FALSE,""
JAVELIN,2980,CCL20;C2;DPYSL3;JSRP1;CCDC141,0.891532495298053,,0.281740492584316,TRUE,""
JAVELIN,2981,CRB3;COBL;MYO5B;HBG2;GRAMD1B,1.0338617085268,,0.763252893115256,FALSE,""
JAVELIN,2982,BCMO1;GPC3;MS4A4A;SNORD114-17;PLAC8,0.965917135511035,,0.745416405049711,TRUE,""
JAVELIN,2983,IDO1;MIR4326;RHOBTB3;SNTG2;RASL12,1.10378688851493,,0.335512218975067,FALSE,""
JAVELIN,2984,MIA2;NDNF;MECOM;ORM1;BATF,1.24136237584461,,0.0484070050260797,FALSE,""
JAVELIN,2985,NPNT;FABP7;SNORD116-16;PPBP;SNORD19B,1.31568923685911,,0.0100711460394108,FALSE,""
JAVELIN,2986,SNCG;MIR339;SNORD4B;FAM166B;SYCE1L,1.13851097391386,,0.236057843847383,FALSE,""
JAVELIN,2987,HOXC10;KCNIP4;IGFBP6;FAM151A;DNALI1,1.2583194315297,,0.0272990034191587,FALSE,""
JAVELIN,2988,AOC1;MIR4676;MIR197;MYOT;GPR68,1.35896247380612,,0.00362537025600459,FALSE,""
JAVELIN,2989,IGF2BP2;SLC6A10P;ECM2;MIR95;SYCE1L,0.909299887360122,,0.391634914419599,TRUE,""
JAVELIN,2990,PTHLH;MIR378A;DMD;BTLA;WDR96,1.23484602924263,,0.0552742389108509,FALSE,""
JAVELIN,2991,CPZ;SORCS2;MIR4435-2;TFR2;MIR1288,1.0628163594321,,0.565162776504045,FALSE,""
JAVELIN,2992,MYBL2;CRYM;MIR544B;APOBEC3A;DAPP1,0.929359458498503,,0.500411646972279,TRUE,""
JAVELIN,2993,KRT7;ALDH8A1;TMEM204;DNAAF1;KCNN4,1.12796651168838,,0.264448736578749,FALSE,""
JAVELIN,2994,ASPN;COLEC12;MIR4784;LAMP3;DAPK2,0.926218099117982,,0.449011780580156,TRUE,""
JAVELIN,2995,ASPN;LBP;GPC4;EGFL6;EMR4P,1.20156052434423,,0.0830418888497416,FALSE,""
JAVELIN,2996,PLAC9;MIR4796;SNORA48;SFTPA1;COL21A1,1.41995824625256,,0.00111003871512462,FALSE,""
JAVELIN,2997,IDO1;SNORD87;ID1;DPYSL4;CDC20,0.85718847211005,,0.15553811587116,TRUE,""
JAVELIN,2998,BAMBI;SNORD65;TREM2;AMZ1;C14orf37,1.11259792515585,,0.323874700454488,FALSE,""
JAVELIN,2999,BCMO1;CRYM;CRISPLD2;LCN2;PDE1C,1.36635868664618,,0.0066524239500792,FALSE,""
JAVELIN,3000,HIF1A-AS2;B3GNT3;GEM;CNTNAP5;MIR3134,1.02558612678354,,0.813335401340176,FALSE,""
JAVELIN,3001,TSPAN13;FAM65C;MYO5B;CST6;TTC22,1.13534114998925,,0.26320155164556,FALSE,""
JAVELIN,3002,SULT1C4;PAQR5;CALCRL;TEX15;SERTAD4-AS1,1.63948608305576,,5.72682121659388e-06,FALSE,""
JAVELIN,3003,MIR27A;SNORD87;SLC2A9;MIR345;MIR581,1.33397889483857,,0.00655999894877855,FALSE,""
JAVELIN,3004,PROM1;IL1B;MIR631;MIR10A;PPFIA3,1.2626257647662,,0.0373603148807207,FALSE,""
JAVELIN,3005,TRABD2B;C2;ARHGEF15;SEMA3D;MDFI,1.1612209344911,,0.170910917301162,FALSE,""
JAVELIN,3006,ESM1;PLIN4;ALDH6A1;MIR4521;LURAP1,1.61268528151869,,3.02299807395217e-05,FALSE,""
JAVELIN,3007,CPZ;NPY1R;IGFBP6;GABRB3;LOC401317,1.14448691847977,,0.225701918332347,FALSE,""
JAVELIN,3008,C14orf105;SNORA69;CRISPLD2;PITX2;SNORD116-23,1.19417140613228,,0.0958366375246342,FALSE,""
JAVELIN,3009,EMX2;CHI3L2;MKI67;PKLR;RLTPR,1.04361865919331,,0.693912889992524,FALSE,""
JAVELIN,3010,TRABD2B;B3GNT4;FOLR2;C8orf34;SPNS3,1.00496087928023,,0.963857939505326,FALSE,""
JAVELIN,3011,IL17RB;HLF;MIR938;PVRL4;CDC42BPG,1.23212984727379,,0.0621098327700398,FALSE,""
JAVELIN,3012,MYBL2;CDCP1;MIR544B;MIR4797;SLAMF1,0.796892253536318,,0.0421667209679602,TRUE,""
JAVELIN,3013,NR4A3;MMP24;MMP11;MIR3126;ABCG2,1.41935493994258,,0.00202063633592305,FALSE,""
JAVELIN,3014,IKZF3;ADRA2C;SNAI2;BCHE;LOC553103,1.22751053548515,,0.0600770714546579,FALSE,""
JAVELIN,3015,BCL2A1;BEX2;MIR4784;MIR4469;LILRA6,0.849434143253392,,0.11155654205947,TRUE,""
JAVELIN,3016,RAB17;ASPHD1;SNORD116-28;DNAI1;MAATS1,1.31715694077468,,0.0119208785691682,FALSE,""
JAVELIN,3017,HIF1A-AS2;MIR1203;RGL3;SLITRK2;PLEKHN1,1.10724886783047,,0.342883567004984,FALSE,""
JAVELIN,3018,SULT1C4;B3GNT4;MIR938;MIR152;PRRT3-AS1,1.26727120046465,,0.0305835862692624,FALSE,""
JAVELIN,3019,PCDHGB2;MIR548AA2;SNORD6;MIR431;GPR174,1.08733470507004,,0.421402724000291,FALSE,""
JAVELIN,3020,UPB1;MIR563;PPL;CYP17A1;LRRC17,1.52948189974321,,0.000112913555529506,FALSE,""
JAVELIN,3021,MUC3A;SNORA75;ALDH1A3;MIR874;PMAIP1,0.974754546507678,,0.81023186009101,TRUE,""
JAVELIN,3022,CYP2E1;GREM1;SNORA26;ESRP1;MELK,0.933041173099556,,0.531602963114393,TRUE,""
JAVELIN,3023,NR4A3;MIRLET7D;MST1;KCNAB1;RASGEF1A,1.38684387293474,,0.00232292924702086,FALSE,""
JAVELIN,3024,ALPK3;REEP6;GPC4;PITX2;LRRC37A4P,0.971363260761108,,0.789436649496033,TRUE,""
JAVELIN,3025,PRSS8;SNORD110;CCL4;MIR4439;TMEM232,1.21657602628776,,0.064645800699467,FALSE,""
JAVELIN,3026,IGF2BP2;CHRDL1;CACNA2D1;ATP2C2;PCDHB4,0.983235228436788,,0.871751398655133,TRUE,""
JAVELIN,3027,SORBS2;SNAP25;MIR3975;ZNF365;FAM184A,1.3426478099475,,0.00674187407151756,FALSE,""
JAVELIN,3028,ASPN;NEBL;TSKU;ALAS2;CD200R1,1.14572403640188,,0.212153202376559,FALSE,""
JAVELIN,3029,KRT7;MIR378H;FZD8;SLC52A3;KIF26A,1.20733551074935,,0.097781531511039,FALSE,""
JAVELIN,3030,CNN1;FLRT3;SNORD116-28;SLC26A7;TNFRSF11A,1.20683793972129,,0.0996463907958682,FALSE,""
JAVELIN,3031,PCDHGB2;MIR23B;MIR637;KCNAB1;OSR1,1.39822856632722,,0.00141830254314532,FALSE,""
JAVELIN,3032,TRABD2B;PRODH2;PTK7;SP5;MCOLN2,1.01319249040269,,0.902211928371272,FALSE,""
JAVELIN,3033,NOX4;MIRLET7E;PLAT;MIR4643;DAPP1,1.36988837778747,,0.00363335435075227,FALSE,""
JAVELIN,3034,SPOCK1;PPARGC1A;MIR4714;CNDP1;NRXN3,1.24529462509127,,0.0461676248654138,FALSE,""
JAVELIN,3035,LOC101927834;SIGLEC14;COX7A1;KIAA0319;SP140,1.07548471288728,,0.494329405929515,FALSE,""
JAVELIN,3036,ACY3;BEX2;MIR4635;GCKR;COL9A2,1.19129127597717,,0.101692919559132,FALSE,""
JAVELIN,3037,FGG;RASAL1;GEM;CA8;S1PR4,1.11267215616493,,0.327026011292958,FALSE,""
JAVELIN,3038,NPR3;ANXA13;MCF2L;FBXO2;LCN12,1.38649921117584,,0.00434837979943066,FALSE,""
JAVELIN,3039,CXCL1;ALDH8A1;PBX1;SNORD114-31;RGS11,1.05764749372134,,0.609837628621724,FALSE,""
JAVELIN,3040,COX4I2;CDHR1;COX7A1;PTK6;DEPDC7,1.50188597126188,,0.000177328412253,FALSE,""
JAVELIN,3041,ITGB6;LOC391322;MCF2L;SNORD114-24;GNAO1,1.04406664490474,,0.690511009808013,FALSE,""
JAVELIN,3042,MIR3189;MIR4796;GEM;UGT2B4;PMAIP1,1.1278451182945,,0.28405711544765,FALSE,""
JAVELIN,3043,TSPAN7;GSTM1;FZD8;CXCR2;PMAIP1,0.935547984695868,,0.546189713104374,TRUE,""
JAVELIN,3044,CPZ;LBP;MIR4784;APOBEC3A;GPR174,0.811368146079438,,0.0512454729291625,TRUE,""
JAVELIN,3045,SORBS2;RGN;IL2RB;CAPN8;PPP1R3G,1.30935042530262,,0.0116016732463485,FALSE,""
JAVELIN,3046,IKZF3;LBP;RIPK4;PLG;WISP1,1.16263841634846,,0.169398005060829,FALSE,""
JAVELIN,3047,ADAM12;ZNF711;HIST1H2BO;ALX1;ETV7,0.881210207430387,,0.270461159612799,TRUE,""
JAVELIN,3048,GZMK;MIR3918;CDH13;MIR10A;SYCE1L,1.31787915451902,,0.00947643105573014,FALSE,""
JAVELIN,3049,SNORD14C;TMEM171;LY96;RP1;POLQ,1.02942368865909,,0.786035759059231,FALSE,""
JAVELIN,3050,UGT2A3;KLHDC7A;MIR1207;DIRAS2;ETV1,1.32299525281439,,0.00653299436136581,FALSE,""
JAVELIN,3051,STC1;SMTNL2;PTER;HRG;UNC5C,1.28896916846739,,0.0208793552048136,FALSE,""
JAVELIN,3052,PROM1;PNMA2;HIST1H2AL;PLA2G12B;MIR3177,1.24350711119609,,0.0361983193911671,FALSE,""
JAVELIN,3053,TSPAN7;IRF4;HIST1H2BO;FBXO2;CDS1,0.849902488858306,,0.151495435526871,TRUE,""
JAVELIN,3054,SBSPON;CPXM2;RHOBTB3;CR2;ZSWIM5,1.24178361065215,,0.0442660193587239,FALSE,""
JAVELIN,3055,MIR4292;MIR563;SLC1A1;PITX2;SNORD20,1.27129524534265,,0.0364136593822743,FALSE,""
JAVELIN,3056,MIR23C;TESC;EVI2B;MMP12;PABPC4L,1.0599455338982,,0.595829078348359,FALSE,""
JAVELIN,3057,KRT7;BEX2;TIE1;SNORD114-5;C2orf82,1.04571030175778,,0.684913816303588,FALSE,""
JAVELIN,3058,FOLH1;MIR3941;MYO1G;MIR1193;FCN1,1.07656603495291,,0.488981427629344,FALSE,""
JAVELIN,3059,IRX5;GLDC;ANGPT2;SNORD113-9;MIR3157,1.35946802092494,,0.00447113760211777,FALSE,""
JAVELIN,3060,GBA3;MIR4804;CALCRL;NOG;DCDC1,1.52560805200919,,5.36395601412779e-05,FALSE,""
JAVELIN,3061,ANK3;GPC3;MIR4435-2;MIR4486;LY9,1.01509270401322,,0.886327778867178,FALSE,""
JAVELIN,3062,ABO;GABRD;TMEM132A;IGF2BP3;SYNC,0.881719096477896,,0.26838058250441,TRUE,""
JAVELIN,3063,FMO3;SMTNL2;LDLR;ST8SIA6;RASL12,1.20113643521293,,0.0899854015998737,FALSE,""
JAVELIN,3064,GPER1;MIR378H;CALCRL;PRSS12;CCDC144CP,1.30452236843108,,0.0145599460522573,FALSE,""
JAVELIN,3065,MIR4499;MIRLET7A2;DPYSL3;SFTPC;SP140,1.14143070935604,,0.217595692735564,FALSE,""
JAVELIN,3066,PLAC9;ITGBL1;DMD;WNT2;KCNN4,1.08261218708985,,0.461799009384173,FALSE,""
JAVELIN,3067,MIR30A;CD69;HIST1H2BO;BMPER;PI4KAP1,0.945269752543437,,0.596500580764787,TRUE,""
JAVELIN,3068,RERG;SNORA75;IGFBP6;PXDNL;MIR4753,1.38648716360229,,0.00204046832540228,FALSE,""
JAVELIN,3069,JPH2;AIF1L;CACNA2D1;MIR431;BMP6,1.21494363582725,,0.0605646940222665,FALSE,""
JAVELIN,3070,TNFAIP6;SLC23A1;LZTS1;C8orf22;SPTBN5,1.55431712818479,,9.98321120957272e-05,FALSE,""
JAVELIN,3071,IKZF3;GRM8;MIR197;GPR115;ARL4D,0.88997924266759,,0.273838169323907,TRUE,""
JAVELIN,3072,NTM;ALDH8A1;HIST1H4L;PCP4;TMEM178A,1.3365755780246,,0.00999815498902198,FALSE,""
JAVELIN,3073,IL6;ALDOB;MYRF;C4BPA;THSD4,0.971441243651445,,0.783420068245683,TRUE,""
JAVELIN,3074,CD38;AR;EFNA1;HRG;MTRNR2L10,1.15450171610303,,0.185879231807087,FALSE,""
JAVELIN,3075,COMP;CDCP1;MIR938;MIR3193;DBNDD1,1.07012992529933,,0.536360822841188,FALSE,""
JAVELIN,3076,MIR27A;SNORA75;CDH13;MIR100;CCDC154,1.4471031961176,,0.000512279619493834,FALSE,""
JAVELIN,3077,C1orf186;NPY6R;HIST1H2AL;ADIPOQ;CCR4,1.04706925811501,,0.656187915827973,FALSE,""
JAVELIN,3078,MYO3A;COL11A1;ADCY4;FOXA2;CCDC36,1.33935655585884,,0.0120774889955435,FALSE,""
JAVELIN,3079,SCNN1A;CES3;LZTS1;SFTPB;PDE3B,1.28253563937968,,0.0201341479863978,FALSE,""
JAVELIN,3080,KCP;FOXF1;ALDOC;COL25A1;GPR160,1.62660079426719,,8.46520578898606e-06,FALSE,""
JAVELIN,3081,IKZF3;SNORA75;IL2RB;TCN1;MIR765,0.91320325484199,,0.407305149842048,TRUE,""
JAVELIN,3082,ANK3;SERPINA6;SEMA4G;MIR410;DNAJC22,1.34716954026573,,0.00555845463708331,FALSE,""
JAVELIN,3083,NXPH4;IL2RA;LDLR;RAB25;MMP17,0.825182482101922,,0.0816996786701993,TRUE,""
JAVELIN,3084,MAL;ST6GALNAC2;DENND2A;SCUBE1;PCDHB16,1.23011559263754,,0.0516367350666329,FALSE,""
JAVELIN,3085,SBSPON;MIRLET7E;HIST1H2BM;MIR4280;CADM4,1.09943968224989,,0.38102073854678,FALSE,""
JAVELIN,3086,CNN1;MIR186;SNORD59A;SNORD113-5;GPR174,1.10588813185301,,0.331382368885245,FALSE,""
JAVELIN,3087,TENM1;PCDH10;PDLIM3;NKAIN4;HSD17B3,1.34132742580519,,0.00636552808319694,FALSE,""
JAVELIN,3088,MYO3A;TNFSF14;MYO7A;AMZ1;PI4KAP1,1.18525951352443,,0.12229527325164,FALSE,""
JAVELIN,3089,SRPX;GREM1;SNORA26;SCN4A;MIR1284,1.1037223422796,,0.357602935498706,FALSE,""
JAVELIN,3090,TNFAIP6;LOC101928757;ARL4C;C8orf22;PGM5,1.09638119293834,,0.393124603048996,FALSE,""
JAVELIN,3091,MIR4652;MST1P2;EFNA1;MIR3187;SNORA38,1.22697180762024,,0.0630418097689701,FALSE,""
JAVELIN,3092,GPT;MLXIPL;PBX1;SIM2;JAM2,1.41316492888489,,0.00195802071707951,FALSE,""
JAVELIN,3093,SRPX;SFN;ID4;WBSCR17;MIR3605,1.03088475157542,,0.78692797785635,FALSE,""
JAVELIN,3094,PPAP2C;LTF;PC;MIR95;PRRT3-AS1,0.93316614809635,,0.519508160490476,TRUE,""
JAVELIN,3095,C1orf106;MIR1249;NT5E;MIR431;ABCG2,1.17567933192252,,0.153116020811255,FALSE,""
JAVELIN,3096,NMB;MIR4326;ARL4C;MIR4469;LOC101928003,0.904529625507596,,0.362534951030274,TRUE,""
JAVELIN,3097,FABP4;THBS4;MIR4784;CILP2;FBXO27,0.941682533661147,,0.573166213788388,TRUE,""
JAVELIN,3098,CNN1;ABCB4;APCDD1;BAAT;GPR174,1.07302655119799,,0.48859656509859,FALSE,""
JAVELIN,3099,UGT2A3;AGMAT;RIPK4;CLGN;DBNDD1,1.25717513869718,,0.0299300778370292,FALSE,""
JAVELIN,3100,MIA2;SLC6A10P;EFNA1;SFTPC;SLC27A5,1.29572960897006,,0.0162326233270452,FALSE,""
JAVELIN,3101,NMB;TRPC6;ADAMTSL3;FAM83F;PCDHB15,1.58337827612527,,2.87082475087004e-05,FALSE,""
JAVELIN,3102,FABP4;AGMAT;RGL3;KCNB1;ZNF90,1.27664316028774,,0.029142103390629,FALSE,""
JAVELIN,3103,UGT8;MIR1249;MIR4635;AMPD1;SNORD20,1.20520958812253,,0.0782020939465739,FALSE,""
JAVELIN,3104,ACKR1;ADORA1;SNORD74;MIR4500;UNC5C,1.07191736247031,,0.545753798685616,FALSE,""
JAVELIN,3105,SPOCK1;ASPHD1;MCF2L;C10orf62;NLRC3,1.03683622597877,,0.732393130327518,FALSE,""
JAVELIN,3106,AOC1;PDGFRL;2020-03-02 00:00:00;RHBG;KCNA3,1.31097337703292,,0.0108306592012886,FALSE,""
JAVELIN,3107,MIR645;C4B;GEM;FAM183A;CYYR1,1.2610747658045,,0.028502059481587,FALSE,""
JAVELIN,3108,MYO3A;GLDC;MIR1207;CLGN;MIR4295,1.32474472578483,,0.00971026202579023,FALSE,""
JAVELIN,3109,SBSPON;SFN;CKS2;MIR3196;GLT8D2,0.982122979492273,,0.868074010685679,TRUE,""
JAVELIN,3110,ACADL;IL2RA;MKI67;FBXO2;POU5F1P3,0.843824526146315,,0.121138721356009,TRUE,""
JAVELIN,3111,PRSS8;ANXA13;HOXD4;JSRP1;DLGAP5,1.03692126099205,,0.7300229427273,FALSE,""
JAVELIN,3112,ABCC6;MOXD1;CCL4;MAMDC2;PTTG2,1.02431609446026,,0.817924762508441,FALSE,""
JAVELIN,3113,MIR4499;MIR185;LDB2;UPK1B;ATP8B3,1.40316745811244,,0.00147844060268287,FALSE,""
JAVELIN,3114,MIR645;CD79A;PLEKHA7;LOC101929578;CD200R1,1.03926726517309,,0.720100979870045,FALSE,""
JAVELIN,3115,NR4A2;PRODH2;SNORD116-8;KCNS1;LZTS3,1.09876844820941,,0.399644205689516,FALSE,""
JAVELIN,3116,GBP5;STK32B;CRISPLD2;TUBA3E;NBEAP1,1.03878316819395,,0.715588098322446,FALSE,""
JAVELIN,3117,MIR4317;C10orf113;DLL4;FOXF2;MIR583,1.36040856622456,,0.00331131514354961,FALSE,""
JAVELIN,3118,BCL2A1;ADRA2A;MYO5B;CYP2C18;RASGEF1A,0.838217681433374,,0.107316347664092,TRUE,""
JAVELIN,3119,BAMBI;MIR4655;TMEM204;CCL8;CKAP2L,1.04583901645986,,0.686628624003022,FALSE,""
JAVELIN,3120,ZDHHC11B;MZB1;MIR938;ITPKA;ALDH1L2,0.866509589948809,,0.177669367402943,TRUE,""
JAVELIN,3121,ALDH1L1;SNORA75;PLEKHA7;MIR196A1;PLEKHN1,1.34671593529664,,0.00590042711839962,FALSE,""
JAVELIN,3122,ANK3;PDGFRL;HOXD4;SCUBE1;DOC2B,1.29989139910876,,0.0139423433026467,FALSE,""
JAVELIN,3123,SPAG17;CLDN3;HOXD4;ITPKA;LRRC37A4P,1.18828484179135,,0.102603215553755,FALSE,""
JAVELIN,3124,CD38;COBL;SNORD116-8;KCNH2;CTRL,0.986421906157195,,0.893118787480812,TRUE,""
JAVELIN,3125,MIR4499;GREM1;HIST1H4L;TENM2;JAM2,1.1866354534927,,0.134103321140701,FALSE,""
JAVELIN,3126,CX3CR1;TNFSF14;SNAI2;NOG;TNFRSF18,1.19000710630617,,0.121542675440164,FALSE,""
JAVELIN,3127,SNORD14C;ALDH8A1;ROBO4;WNT2;MELK,1.13680783716096,,0.241810309448466,FALSE,""
JAVELIN,3128,FCN3;WDR66;PTK7;TNNI3;MIR583,1.19319599464161,,0.097693572617622,FALSE,""
JAVELIN,3129,PRSS8;TF;MXRA8;IP6K3;PI4KAP1,1.24051010507952,,0.0439506369189724,FALSE,""
JAVELIN,3130,ESM1;SNORD77;MAP4K1;SNORD114-2;MIR28,1.0879361852659,,0.423704052980052,FALSE,""
JAVELIN,3131,UPB1;WDR66;CKS2;RP1;C14orf64,1.3409462041954,,0.00631162000859652,FALSE,""
JAVELIN,3132,NMB;ZFY;S1PR3;ADCY8;LIPE,1.11906828507002,,0.279979064596359,FALSE,""
JAVELIN,3133,CD38;CLDN10;RHOBTB3;SNORD115-12;IER3,1.16548564280532,,0.162772596089585,FALSE,""
JAVELIN,3134,FGB;THBS4;HOXD9;DIRAS2;PRDM8,1.31240468566767,,0.0124664780814756,FALSE,""
JAVELIN,3135,MACC1;FXYD1;HRSP12;MIR4280;THRB,1.33182848375985,,0.00854462820295871,FALSE,""
JAVELIN,3136,LPL;SLC7A8;MYO5B;ATRNL1;DSEL,1.20242267532858,,0.112536378971117,FALSE,""
JAVELIN,3137,NR4A3;MIR3918;HMCN1;FGF14;CPNE5,1.45130107306464,,0.000625340461642559,FALSE,""
JAVELIN,3138,NR4A3;CES3;CYTIP;EGFL6;CACNB2,1.3095016052532,,0.0135932642941259,FALSE,""
JAVELIN,3139,HOGA1;SPEG;MIR631;MUC13;TAL1,1.15698187028164,,0.190865116154546,FALSE,""
JAVELIN,3140,LOC101927960;SNORD67;MIR938;IL1RL1;ALDH1L2,1.1984886139718,,0.0857810993620077,FALSE,""
JAVELIN,3141,C1orf106;ESPN;MS4A4A;SCUBE1;LRRC4,1.2357310378516,,0.0421316487255147,FALSE,""
JAVELIN,3142,HIF1A-AS2;FOSL1;MAP4K1;MIR452;GCAT,0.99597098461469,,0.969674425648773,TRUE,""
JAVELIN,3143,MYOM3;CLCNKA;ARHGEF15;KHDRBS2;ETV7,1.2601384268266,,0.0239345507909359,FALSE,""
JAVELIN,3144,RASD1;LOC100288152;ID1;FAM153C;RGS11,1.25541962877208,,0.0391170549651222,FALSE,""
JAVELIN,3145,CHDH;MLLT11;HIST1H4L;OR2T2;MIR3682,1.28765342540592,,0.0207533146034498,FALSE,""
JAVELIN,3146,ANO9;CCDC64;SNORA77;CCDC158;HAS3,1.04962416615121,,0.649109052746964,FALSE,""
JAVELIN,3147,SLCO4C1;MIOX;CDH13;KLHDC7B;FAXDC2,1.31905926866537,,0.00869733481246079,FALSE,""
JAVELIN,3148,SLCO4C1;CYP4F11;CACNA1C;SLC35F3;TMEM246,1.44321391923568,,0.000855090671254385,FALSE,""
JAVELIN,3149,PRSS8;KIT;CACNA2D1;ERBB4;KCNA3,1.2131502308295,,0.0697379998204068,FALSE,""
JAVELIN,3150,HOGA1;MIR4676;CKS2;SNORD115-37;IL1RL2,1.16461820454828,,0.146229915510291,FALSE,""
JAVELIN,3151,SEC14L6;SNORA75;SELENBP1;C1orf168;MPP7,1.48505712657915,,0.000353361725291315,FALSE,""
JAVELIN,3152,PDLIM4;CGREF1;PBX1;MIR1267;TTC22,1.31339205650548,,0.0106373066156182,FALSE,""
JAVELIN,3153,LOC101927960;KLKB1;EFNA1;LOC100505635;LILRA6,1.41834585451098,,0.0010976600613163,FALSE,""
JAVELIN,3154,MIR1180;APOLD1;LDB2;SLC26A7;ACTA2-AS1,1.41308183701351,,0.00104751832585,FALSE,""
JAVELIN,3155,AOC1;HP;FAM20A;C9;PLAC8,1.05571209129646,,0.614850253818904,FALSE,""
JAVELIN,3156,PDLIM4;PCDHGA4;MYRF;FAM166B;PIFO,1.16441504389843,,0.149130494625212,FALSE,""
JAVELIN,3157,MIR4652;MMP24;MS4A4A;SNORD115-13;BATF,1.00081775012978,,0.993890804633533,FALSE,""
JAVELIN,3158,COX4I2;SPINK1;MIR4784;CYP21A1P;GSTT2,1.20129927993107,,0.0836718180193741,FALSE,""
JAVELIN,3159,SORBS2;CYP4F12;2020-03-02 00:00:00;BDH1;LY9,1.32308377411467,,0.00668148385901103,FALSE,""
JAVELIN,3160,PTH1R;GRM8;TEK;VSTM2L;SNORD96B,1.1276766006712,,0.254288426255938,FALSE,""
JAVELIN,3161,TFPI2;INHBB;TMEM204;DAO;C2orf82,1.28962842652086,,0.0215948879328618,FALSE,""
JAVELIN,3162,NPNT;PCDH10;CYTIP;KLHL41;DAPP1,1.06659615805707,,0.538100309901649,FALSE,""
JAVELIN,3163,ITGA8;TTN;SNORD59A;MOGAT3;MIR626,1.27458896717328,,0.0166312368468286,FALSE,""
JAVELIN,3164,BAIAP2L2;PCDH10;FPR1;KNG1;SLC27A5,1.15491603835108,,0.181571708777496,FALSE,""
JAVELIN,3165,ACSM5;AQP7;CACNA2D1;NUGGC;SPIRE2,1.41618081582839,,0.00117077371123169,FALSE,""
JAVELIN,3166,MIR645;GPC3;TSKU;MIR3126;EMR4P,1.04288574242751,,0.684320552858998,FALSE,""
JAVELIN,3167,IGF2BP2;MIR4804;IL2RB;COX6A2;GNAO1,0.68887996982455,,0.000633068489070694,TRUE,""
JAVELIN,3168,MAL;PCK1;LY96;LOC101928281;CYP27B1,1.39406733896454,,0.00200459562287924,FALSE,""
JAVELIN,3169,NTM;MMP19;PPL;PWRN1;CDC20,0.960328603770328,,0.720252537394766,TRUE,""
JAVELIN,3170,LOC101927960;LDHD;PIEZO2;CRP;COL9A2,1.47839985039202,,0.000621419297500526,FALSE,""
JAVELIN,3171,S100A8;SNORD87;SNORD74;SLC4A1;CD244,0.923146322348066,,0.459420742701642,TRUE,""
JAVELIN,3172,WDR72;ALDOB;COL5A3;SNORD115-6;CHST1,1.39714484358306,,0.00274496141080419,FALSE,""
JAVELIN,3173,FABP4;IGF1;CYTIP;TFR2;MMP25,0.853708566467965,,0.128369317799135,TRUE,""
JAVELIN,3174,STC1;FXYD1;HRSP12;TCAP;KCNA3,1.22327391938237,,0.0631511860358026,FALSE,""
JAVELIN,3175,MIR645;GDA;GAMT;CCBE1;ZSCAN31,1.20821299939694,,0.0851465141622009,FALSE,""
JAVELIN,3176,PEG10;PCK1;NT5E;MIR574;NBEAP1,1.26521645099757,,0.0326511454838239,FALSE,""
JAVELIN,3177,ALDH1L1;MAP7D2;PLEKHA7;SLC10A2;PCDHB15,1.44699534646128,,0.000988823695330992,FALSE,""
JAVELIN,3178,GBP5;ALDOB;SNORA48;MIR585;EFS,1.12154008934846,,0.276453416804339,FALSE,""
JAVELIN,3179,BAMBI;CLCNKA;HOXD4;MIR4479;GLI1,1.39261230833869,,0.00268506325298972,FALSE,""
JAVELIN,3180,PPAP2C;ESPN;COL5A3;MIR4705;ADAMTS12,1.20716835189504,,0.0871894240312665,FALSE,""
JAVELIN,3181,IKZF3;C4B;FOLR2;C1orf168;LRRC17,1.13334001092782,,0.224303732377171,FALSE,""
JAVELIN,3182,NPR3;SERPINA6;PC;OPCML;GPR160,1.63167961481054,,9.07421053440737e-06,FALSE,""
JAVELIN,3183,RBP4;MIR569;DMD;SNORD116-5;MIR1183,1.03399416861873,,0.758115686481621,FALSE,""
JAVELIN,3184,FCN3;MIRLET7E;HOXD9;MIR452;CYP26B1,1.3777026409221,,0.00228105268885238,FALSE,""
JAVELIN,3185,DDC;MAP7D2;SNORD74;HCAR2;MIR583,1.26601916344444,,0.0381811868559718,FALSE,""
JAVELIN,3186,STEAP4;LOC101928757;FPR1;GPR98;SNORA38,0.901263905701926,,0.325144358040066,TRUE,""
JAVELIN,3187,SULT1C4;KLF15;PBX1;PCDHB6;CCR4,1.27845774362163,,0.0237767952648079,FALSE,""
JAVELIN,3188,RAB42;ALDH8A1;PIEZO2;SPINK5;VN1R1,1.13434414756737,,0.260113459220552,FALSE,""
JAVELIN,3189,C14orf105;BAI1;RNF128;LRRC7;SNORD58C,1.20950774748518,,0.0859358316073611,FALSE,""
JAVELIN,3190,PGF;SLC23A3;HIST1H4L;AFM;MDH1B,1.6797914419835,,2.81631616391214e-06,FALSE,""
JAVELIN,3191,MYBL2;RGS9;MS4A4E;SLC51A;PDCD1LG2,1.12121936579563,,0.294455296192134,FALSE,""
JAVELIN,3192,PSAT1;ANKRD18A;CYTIP;TCHH;MIR3682,0.93073695855761,,0.511001208365124,TRUE,""
JAVELIN,3193,MIR4526;APOLD1;SLC44A3;SLC34A1;LTB,1.39088058235674,,0.00347162446622332,FALSE,""
JAVELIN,3194,CST7;FXYD1;MIR938;SERPINA5;KCNA3,0.962223670062183,,0.716338415558042,TRUE,""
JAVELIN,3195,ANLN;EPPK1;LZTS1;MIR548AS;MELK,0.960354650611952,,0.719955235893501,TRUE,""
JAVELIN,3196,CD38;MIR185;SNORD116-16;PPP2R2C;ADCY1,1.09544941753577,,0.406375952567108,FALSE,""
JAVELIN,3197,NLGN1;CD22;TMEM132A;SFTPA2;MIR583,1.06408639305953,,0.546955674546915,FALSE,""
JAVELIN,3198,IRX5;CPXM1;SLC2A9;COL25A1;HAS3,1.34333966287129,,0.00648377920356779,FALSE,""
JAVELIN,3199,NTM;UTY;TMEM132A;TOX3;XCL2,0.941296047586561,,0.584422674794474,TRUE,""
JAVELIN,3200,MIR548AR;ABCB4;MIR4714;C8orf22;TNFRSF18,1.28390013266979,,0.0189956109492932,FALSE,""
JAVELIN,3201,ACSM5;SLC6A10P;COX7A1;PRND;C14orf64,1.46037881261093,,0.000448114756858701,FALSE,""
JAVELIN,3202,MIR142;ASRGL1;RGL3;MIR4531;P2RY12,1.41767225362322,,0.00103111528443206,FALSE,""
JAVELIN,3203,HOXC10;B3GNT4;MIR3125;ASXL3;MCOLN2,1.41296933378988,,0.00109056141048904,FALSE,""
JAVELIN,3204,PSAT1;ANXA13;SLC44A3;MIR181B2;CPNE5,1.41554307419974,,0.00301990973874862,FALSE,""
JAVELIN,3205,TENM1;SPINK1;EFNA1;ANGPTL3;SNORA78,1.2857992803058,,0.019873680674127,FALSE,""
JAVELIN,3206,GATA3;SLC38A11;SNORA48;C8orf22;C14orf183,1.30971344541907,,0.0110892448801552,FALSE,""
JAVELIN,3207,F2RL1;FOSL1;MYRF;PVRL4;HMMR,0.749223888933846,,0.0090978568694224,TRUE,""
JAVELIN,3208,ACE2;PRAP1;S1PR3;PTPRN;CCDC141,1.2317289712523,,0.0511368350873377,FALSE,""
JAVELIN,3209,TMEM45A;C2;MIR544B;KCNH3;MPP7,1.03540080290708,,0.745031337450412,FALSE,""
JAVELIN,3210,MIR548AR;AIF1L;SEMA4G;TREM1;PPM1H,1.10268564642802,,0.378926323618787,FALSE,""
JAVELIN,3211,MIR548AR;ZNF711;ARL4C;SNORD114-2;RASD2,1.0923523373876,,0.423553029835471,FALSE,""
JAVELIN,3212,COX4I2;AIF1L;APCDD1;SLC6A19;EPHB3,1.36605769863101,,0.00416758817852151,FALSE,""
JAVELIN,3213,BAMBI;VANGL2;EMP1;ZNF812;CLEC10A,1.04116384481281,,0.705002661043379,FALSE,""
JAVELIN,3214,NR4A3;FABP7;MTCL1;SCN2A;MIR583,1.27065154643196,,0.0278259493550898,FALSE,""
JAVELIN,3215,ANK3;EXPH5;SELENBP1;ST6GAL2;TMEM178A,1.56714441688918,,5.38871947587422e-05,FALSE,""
JAVELIN,3216,COMP;RYR2;PLEKHA7;HECW1;GNAO1,1.0481797735949,,0.657818376141091,FALSE,""
JAVELIN,3217,SMIM24;RASAL1;SNORD33;MIR4636;EFS,1.30586611733065,,0.012847084725078,FALSE,""
JAVELIN,3218,NPNT;GFRA1;PTK7;SNORD114-6;MIR4681,1.09123348967014,,0.409633799210199,FALSE,""
JAVELIN,3219,ANK3;PPP1R1A;MS4A4E;ANKRD1;MIR627,1.0590012607776,,0.599855703198454,FALSE,""
JAVELIN,3220,UGT2A3;GRB14;S1PR3;MIR345;GMPR,1.30659439250706,,0.015716344297215,FALSE,""
JAVELIN,3221,ALPK3;SLC27A2;ALDOC;BDH1;PPFIA3,1.3190195905304,,0.0133794245657383,FALSE,""
JAVELIN,3222,SLC7A9;SNAP25;MYO7A;PAEP;RNF152,1.39090735519895,,0.00196604675301882,FALSE,""
JAVELIN,3223,NLGN1;SFRP1;RIPK4;HSD17B2;MIR3978,1.28580334473367,,0.017785714586922,FALSE,""
JAVELIN,3224,STC1;ALDH8A1;PLAT;TBX5;DNAJC22,1.33129572464384,,0.00717713827041988,FALSE,""
JAVELIN,3225,WDR72;FXYD1;IFI44L;LOC101926988;SNORD126,1.42115377490011,,0.00143285072177659,FALSE,""
JAVELIN,3226,SORBS2;ST6GALNAC2;LZTS1;SLC13A3;SNORD50A,1.35128735781709,,0.00551277628462681,FALSE,""
JAVELIN,3227,MGAT3;HLF;SNORD6;PROC;PNMAL1,1.41159942428189,,0.00223742362259768,FALSE,""
JAVELIN,3228,FGB;CYP4F11;PLAT;CAPN8;PCDHB11,1.20016000694931,,0.0916391905777384,FALSE,""
JAVELIN,3229,RASD1;CRYM;SNORD116-28;ATOH8;HMMR,1.2691578404276,,0.0365929982355254,FALSE,""
JAVELIN,3230,PEG10;GRB14;PDLIM3;PAPPA2;RGS11,1.21700385155902,,0.0809467568931209,FALSE,""
JAVELIN,3231,ABO;MIR589;MIR3125;UMOD;DACT3,1.43923503610929,,0.00107955370519031,FALSE,""
JAVELIN,3232,NPR3;DUSP2;ROBO4;LHX8;DAPP1,1.15094168855937,,0.169275072496933,FALSE,""
JAVELIN,3233,OLFML2A;SNORD114-13;SNORD33;SLC22A24;MIR3942,1.55636822739009,,4.75269074218691e-05,FALSE,""
JAVELIN,3234,ANO9;HOXD11;PTTG1;CCL8;SNORD19,0.814352296127575,,0.0642273205586393,TRUE,""
JAVELIN,3235,HNF1A;HP;MIR938;SLC52A3;MIR1183,1.24512803257787,,0.0429621304800351,FALSE,""
JAVELIN,3236,IKZF3;SYBU;MIR4714;SNORD114-14;TMEM232,1.17605153977461,,0.126700040958516,FALSE,""
JAVELIN,3237,ACKR1;RYR2;GAMT;MATN3;TAL1,1.17502433416353,,0.121783199365951,FALSE,""
JAVELIN,3238,MIR378I;SFN;PTTG1;ARHGAP40;GNAO1,0.737311831476853,,0.00642388291903853,TRUE,""
JAVELIN,3239,MACC1;HLF;HMCN1;HCAR2;LRP8,1.03625812635678,,0.734565063596408,FALSE,""
JAVELIN,3240,MIR1180;ADRA2A;DMD;C9;PDCD1LG2,1.06074626986356,,0.567863303153927,FALSE,""
JAVELIN,3241,MIR126;GABRD;RNF128;MFAP5;DEPDC1B,1.27392423899962,,0.0323152994352196,FALSE,""
JAVELIN,3242,FNDC1;ALDH8A1;EMP1;RP1;ETV1,1.16890686322045,,0.141723799821222,FALSE,""
JAVELIN,3243,NOX4;MIR1972-1;MAP4K1;EGFL6;ARL4D,1.17628567776109,,0.125271208484119,FALSE,""
JAVELIN,3244,MYBL2;MIR1203;ALDH6A1;TUBA3E;WNT3,0.941455752094378,,0.56591209256461,TRUE,""
JAVELIN,3245,MIR4730;MIR616;MIR1207;ASPDH;AGBL3,1.43081873192037,,0.00136019980013597,FALSE,""
JAVELIN,3246,FMO3;RARRES1;ANGPT2;HSD17B2;ZNF667-AS1,1.1226554659456,,0.280101116336934,FALSE,""
JAVELIN,3247,BAMBI;ETNK2;MIR4635;FAM151A;EMP2,1.4106937026118,,0.00108916978709114,FALSE,""
JAVELIN,3248,MT1G;ALDH8A1;GEM;DUOX1;HOXA10-AS,1.22075197522548,,0.069830696786267,FALSE,""
JAVELIN,3249,SULT1C4;NPY1R;ADAMTS2;CYP17A1;KCNIP3,1.08273089106012,,0.452181979010764,FALSE,""
JAVELIN,3250,TTC39A;HAMP;ID4;MIR585;GPRIN1,1.05727890499702,,0.616332819585744,FALSE,""
JAVELIN,3251,SEC14L6;INMT;CCL4;HMGA2;ALDH1L2,0.867573374630221,,0.191445332931726,TRUE,""
JAVELIN,3252,ESM1;AR;ADCY4;FAM153A;UBE2T,1.53071853037226,,0.000136753431887008,FALSE,""
JAVELIN,3253,GPR126;CDCP1;ARL4C;MGARP;DOC2B,0.8484694331186,,0.147688942359123,TRUE,""
JAVELIN,3254,ITGB6;CYP4F3;CYTIP;MIR218-2;MIR3674,0.98154176187015,,0.858705848185635,TRUE,""
JAVELIN,3255,SLC16A12;MIR1303;MIR3975;SIM2;FAXDC2,1.24531888460839,,0.044104596277134,FALSE,""
JAVELIN,3256,FGB;BTNL9;PLAUR;ADCY8;FLRT2,1.18953331309638,,0.101592490459487,FALSE,""
JAVELIN,3257,PIGR;SLC7A8;SNORD74;MIR574;CADM4,1.10610032718066,,0.355216745682709,FALSE,""
JAVELIN,3258,TINAG;MMP19;MXRA8;ITPKA;DBNDD1,0.962681674693301,,0.730277975517707,TRUE,""
JAVELIN,3259,CX3CR1;SERPINA6;DCBLD2;MIR4506;SYNC,1.15905314300537,,0.173557616209211,FALSE,""
JAVELIN,3260,EXOC3L4;SNORD77;ID1;EHF;CYP27B1,1.07198238397773,,0.528488845824232,FALSE,""
JAVELIN,3261,ADAM12;VANGL2;MIR544B;FMN2;CITED4,1.03114449459255,,0.782405188541671,FALSE,""
JAVELIN,3262,FOLH1;MIR148B;SNORD59A;SNORD114-25;MIR1183,1.27625318422215,,0.0222856216863292,FALSE,""
JAVELIN,3263,HABP2;ESRP2;SNORD74;CA3;LOC101928494,1.04652826334755,,0.678463323713396,FALSE,""
JAVELIN,3264,MYH14;EPPK1;FZD8;SNTG2;ICOS,1.05952840295607,,0.594659414615821,FALSE,""
JAVELIN,3265,SNCG;MIR563;PIEZO2;P4HA3;BIRC5,1.22433860302341,,0.0877080282463348,FALSE,""
JAVELIN,3266,CTSW;B3GNT3;ALDOC;SNORD115-6;RPL39L,0.986649350398551,,0.899777841737281,TRUE,""
JAVELIN,3267,ANO9;CCDC64;CRISPLD2;B3GAT1;NAV3,0.788939891594269,,0.0288911695148593,TRUE,""
JAVELIN,3268,COMP;EGR3;SEMA4G;PCDHB6;CD300LF,1.2878701710783,,0.0227008612378945,FALSE,""
JAVELIN,3269,MIR126;CPXM1;PPL;SIM2;PLEKHN1,1.0972775520017,,0.390947870052027,FALSE,""
JAVELIN,3270,STC2;COBL;MIR4714;CNDP1;SIX1,1.33341775539407,,0.00868180298616438,FALSE,""
JAVELIN,3271,ACADL;PAH;CALCRL;LPPR5;ARHGAP28,1.41881428540311,,0.00100391665508162,FALSE,""
JAVELIN,3272,ABCC6;MIR4796;MIR1537;TM6SF2;CDC20,1.27837567703081,,0.0222500903429135,FALSE,""
JAVELIN,3273,CTSW;MIR4804;PLAT;CR2;TG,1.00519514336668,,0.961945253756898,FALSE,""
JAVELIN,3274,PPAP2C;PCDHGA4;CRISPLD2;C12orf36;NOVA1,0.952369263371842,,0.646437947700104,TRUE,""
JAVELIN,3275,MIR30A;REEP6;EFNA1;COCH;FIGNL2,1.05155379670478,,0.653674346004684,FALSE,""
JAVELIN,3276,OGDHL;GLYATL1;MIR4635;CACNA2D2;LIPE,1.42741251324585,,0.00152066616520902,FALSE,""
JAVELIN,3277,MIR27A;CD69;TEK;RERGL;PAMR1,1.16744163234254,,0.149534962781797,FALSE,""
JAVELIN,3278,MIR23C;GJB1;SNORA26;CAPN6;CCR6,1.23542869888348,,0.0553082503571565,FALSE,""
JAVELIN,3279,NEB;DPEP1;HIST1H4L;UMOD;KCNA3,1.0163789734153,,0.881629166904128,FALSE,""
JAVELIN,3280,C1orf186;NPY6R;CALCRL;FMN2;SMG1P5,1.4813737721293,,0.000236275260814067,FALSE,""
JAVELIN,3281,ZDHHC11B;ESRP2;HIST1H2BO;MIR296;LY9,0.926373393118092,,0.469388642591391,TRUE,""
JAVELIN,3282,TRABD2B;SNORD67;MYO5B;CNTN3;SMN2,1.06728389126447,,0.55515544692508,FALSE,""
JAVELIN,3283,SCNN1A;PCDH10;PTTG1;SCN2A;CCR4,1.0594169553431,,0.593639100656378,FALSE,""
JAVELIN,3284,PCDHGB2;LOC100288152;PPL;MIR874;LOC644086,1.10841262573442,,0.342085851181801,FALSE,""
JAVELIN,3285,PRSS8;BAI1;HRSP12;IRX6;CD28,1.11841265687216,,0.332482381160994,FALSE,""
JAVELIN,3286,F8;SLAMF7;SLC2A9;CNTFR;RPL23AP32,1.29881184131162,,0.011098114995165,FALSE,""
JAVELIN,3287,COL4A4;VANGL2;COL5A3;EPO;AGAP11,1.36877790692459,,0.0029037231411499,FALSE,""
JAVELIN,3288,AGMO;GRB14;2020-03-02 00:00:00;TFAP2B;FLT3,1.45462342144266,,0.000765000142664066,FALSE,""
JAVELIN,3289,HOXC10;ADRA2C;HIST1H2BO;CYP2B7P;SH2D3A,1.18201263882816,,0.125407052815578,FALSE,""
JAVELIN,3290,CNN1;KISS1R;MS4A4E;MIR181B2;ZDHHC11,1.48457349729469,,0.00018402318967096,FALSE,""
JAVELIN,3291,ACSM5;HSH2D;ID4;ADCY8;SNORD45B,1.23775537347991,,0.0404573633001,FALSE,""
JAVELIN,3292,HOXC10;VEPH1;MXRA8;SBSN;PCDHGC4,1.29032466459436,,0.0141588763775781,FALSE,""
JAVELIN,3293,BAMBI;PPARGC1A;SELENBP1;NCAM2;GRAMD1B,1.2227117018573,,0.069118517496293,FALSE,""
JAVELIN,3294,ADAM12;NEBL;RIPK4;KCNH6;HIST2H3C,1.11431947282761,,0.313132859049514,FALSE,""
JAVELIN,3295,ANLN;F5;DLL4;SNORD114-26;PABPC4L,1.10232453315733,,0.386052279172201,FALSE,""
JAVELIN,3296,QPCT;MMP19;FZD8;DIRAS2;PYGO1,1.19928995842872,,0.114062691618817,FALSE,""
JAVELIN,3297,COL4A3;MIR1249;MYO5B;PRSS22;NEK10,1.01532798791567,,0.895440255649153,FALSE,""
JAVELIN,3298,CHDH;CD79A;LZTS1;PEG3;KCNA3,1.0672288181791,,0.542685673480678,FALSE,""
JAVELIN,3299,NEB;SNAP25;SNORD29;APOH;REM1,1.27188301734066,,0.0293657560393367,FALSE,""
JAVELIN,3300,TINAG;C2;ARHGEF15;KCNJ1;MDH1B,1.45569065643078,,0.000676750936583752,FALSE,""
JAVELIN,3301,BCL2A1;APOLD1;SLC2A9;MIR1245A;RLTPR,1.11921498630269,,0.27497563442675,FALSE,""
JAVELIN,3302,MAL;PCK1;TREM2;CHGB;TBX21,1.17055892403277,,0.148259595672711,FALSE,""
JAVELIN,3303,ACE2;MLLT11;TSKU;SNORD115-6;PRRT3-AS1,0.934454261562285,,0.529858417543645,TRUE,""
JAVELIN,3304,SCIN;SNAP25;ROBO4;LINC00671;CDC42BPG,1.65475026948818,,7.2645891607352e-06,FALSE,""
JAVELIN,3305,NR4A2;ASRGL1;FPR1;CXCR2P1;ADM2,1.0327337825627,,0.753651835408571,FALSE,""
JAVELIN,3306,AKR7A3;AR;HIST1H2AL;MMP12;PLAC8,0.900541348212189,,0.336619628124321,TRUE,""
JAVELIN,3307,SNORD14C;MIR554;SNORD12B;SLC12A3;SH2D3A,0.985566806352148,,0.888252253710176,TRUE,""
JAVELIN,3308,ACADL;SLC22A3;PTK7;IRX2;CD244,1.11244029130988,,0.31961779252617,FALSE,""
JAVELIN,3309,MIR4317;KISS1R;CYTIP;IRX1;TTC22,1.31818964862076,,0.00799884884718256,FALSE,""
JAVELIN,3310,DCDC2;GRB14;CSF3R;EYA1;GPRIN1,1.0459738078885,,0.680950089461859,FALSE,""
JAVELIN,3311,FGG;MIR4676;NT5E;GABRP;SPTBN5,1.17768709372526,,0.139533616534401,FALSE,""
JAVELIN,3312,RBP4;B3GNT4;SNORD116-28;KIAA0319;JAM2,1.20900461555456,,0.0697181312861809,FALSE,""
JAVELIN,3313,COL4A3;ABCA12;ARL4C;MIR378D2;LRRC17,1.17781575921512,,0.132275416988729,FALSE,""
JAVELIN,3314,ESM1;MIR548AA2;TIE1;HCN2;CITED4,1.23808054015491,,0.0492883687705312,FALSE,""
JAVELIN,3315,NPNT;MST1P2;MYRF;CPA4;DAPP1,0.900168470935934,,0.342917723419176,TRUE,""
JAVELIN,3316,MIR27A;NRG1;HRSP12;NTNG1;PPP2R2B,1.24949568044242,,0.0426808905966564,FALSE,""
JAVELIN,3317,CCL19;LOC647859;SNORA48;SALL4;ETV7,1.06372229685048,,0.570998846789043,FALSE,""
JAVELIN,3318,CCL18;CD69;ROBO4;LOC389602;MIR151A,1.14520233753269,,0.203483036812086,FALSE,""
JAVELIN,3319,PDLIM4;SDS;LY96;APOH;SMG1P5,1.12715402216516,,0.262540654731942,FALSE,""
JAVELIN,3320,MIR3646;DNAH5;MIR1537;XCR1;FLT3,1.02979126320383,,0.78454166621345,FALSE,""
JAVELIN,3321,GPR126;CDHR1;ALDOC;EHF;DNAJC22,1.20898154221787,,0.0755137346445989,FALSE,""
JAVELIN,3322,CX3CR1;TMEM139;PTER;ST8SIA6;RBPMS2,1.36204752429494,,0.00382998639916982,FALSE,""
JAVELIN,3323,CCL20;MIR4676;SNORD116-28;RERGL;TMOD1,1.21968341298706,,0.075730746257574,FALSE,""
JAVELIN,3324,HNF1A;MIR378H;SARDH;EYA1;MIR643,1.38108531030531,,0.00391391575521411,FALSE,""
JAVELIN,3325,MYBL2;BEX2;MS4A4A;CLGN;MAATS1,1.05329534590446,,0.635237350562372,FALSE,""
JAVELIN,3326,BAMBI;LIPC;MIR544B;HMGA2;PRDM8,1.01709624133674,,0.879452179395159,FALSE,""
JAVELIN,3327,MIR142;FOSL1;SEMA4G;PEG3;MIR5191,0.929738281676037,,0.496755621269774,TRUE,""
JAVELIN,3328,PCDHGB2;LBP;SELENBP1;MIR2052;FAM212A,1.1831780099209,,0.110384015796027,FALSE,""
JAVELIN,3329,CST7;CLDN3;HIST1H2AL;CYP2C18;TMEM119,0.91952936679675,,0.435236377124015,TRUE,""
JAVELIN,3330,CCL20;SIGLEC14;TEK;TMEM82;MIR579,1.3829010081796,,0.0023343838073834,FALSE,""
JAVELIN,3331,F8;SLC23A1;MXRA8;MTTP;CCDC17,1.29858061664617,,0.0127934183881365,FALSE,""
JAVELIN,3332,KRT7;IRF4;PLAT;NUGGC;MIR1273F,1.02342264536669,,0.825024550132276,FALSE,""
JAVELIN,3333,TTC39A;SLC7A8;RGL3;ESRP1;WISP1,1.27224112268031,,0.0350192209273088,FALSE,""
JAVELIN,3334,QPCT;CDH23;SLC2A9;MIR545;GRTP1,1.32497092438934,,0.00822199020655088,FALSE,""
JAVELIN,3335,COX4I2;GLDC;SEMA4G;SNORD114-6;LURAP1,1.20741236763433,,0.0780245883708195,FALSE,""
JAVELIN,3336,VTRNA2-1;MLXIPL;MCF2L;CHAT;C14orf64,1.54261952260136,,4.16926869402947e-05,FALSE,""
JAVELIN,3337,FCN3;PLIN4;SNORA77;TMPRSS4;MIR5697,1.12778920316726,,0.267810584507827,FALSE,""
JAVELIN,3338,AOC1;TNXB;TREM2;MIR617;SPNS3,1.32720544205652,,0.00658026397312716,FALSE,""
JAVELIN,3339,MIR4292;MIR4655;IL2RB;SNORD114-17;FLT3,0.970816129941991,,0.780553159279403,TRUE,""
JAVELIN,3340,CTSW;ADRA2A;LY96;SLC26A7;PDE1C,1.0733099853736,,0.504208567340264,FALSE,""
JAVELIN,3341,CCL18;SNORA69;MYO7A;ANGPTL3;UNC5C,1.20653501098851,,0.0737925624982553,FALSE,""
JAVELIN,3342,MIR3189;MT1M;MXRA8;FUT3;LOC400043,1.23842915217928,,0.0505685301065912,FALSE,""
JAVELIN,3343,SLC17A1;MIR23B;CCL4;SNORD114-5;MIR1183,1.17447505527433,,0.141834079835288,FALSE,""
JAVELIN,3344,DDC;SNORD114-13;ALDH6A1;PTX3;THEMIS,1.20135923890382,,0.0914702839074389,FALSE,""
JAVELIN,3345,HABP2;C4B;SARDH;CXCR2;WNT9A,0.957708316368547,,0.677487122500571,TRUE,""
JAVELIN,3346,MIR30A;PLA2G2A;SNORD116-8;IGSF10;GSTT2,1.16288585243705,,0.154035210501047,FALSE,""
JAVELIN,3347,ASPN;C4A;MTCL1;C1orf168;C22orf34,1.19123155966671,,0.0904503773560095,FALSE,""
JAVELIN,3348,CD38;GLIS1;MIR3125;FAM3B;RNF152,1.3576161148502,,0.00403145169980868,FALSE,""
JAVELIN,3349,PEG10;LIPC;MIR4435-2;SLC10A2;SLAMF8,1.2222673872316,,0.0576971105121679,FALSE,""
JAVELIN,3350,FGB;C4B;LDLR;ADIPOQ;FCN1,0.892735698488125,,0.287325036796369,TRUE,""
JAVELIN,3351,CRB3;REEP6;ECM2;MIR298;PANK1,1.17831398017947,,0.128967299749749,FALSE,""
JAVELIN,3352,TACSTD2;LYVE1;TMEM132A;PAEP;PRRT3-AS1,0.671555030263237,,0.000357963224471626,TRUE,""
JAVELIN,3353,TINAG;COBL;SNORD116-8;FXYD4;LOC101927941,1.35994472078823,,0.00753201577086939,FALSE,""
JAVELIN,3354,SLC34A2;DUSP2;SARDH;ZNF114;THEMIS,0.951730771302241,,0.641596184091645,TRUE,""
JAVELIN,3355,FNDC1;MIR1972-1;MS4A4A;FCRL3;MCOLN2,0.947527125026635,,0.609447651802704,TRUE,""
JAVELIN,3356,CXCL1;WDR66;SLC2A9;KHDRBS2;ACTA2-AS1,1.21491957161599,,0.0709070169935581,FALSE,""
JAVELIN,3357,QPCT;ASPHD1;SNORA77;MIR874;EXO1,0.948307474587157,,0.629398227622798,TRUE,""
JAVELIN,3358,MIR27A;C2;CSF3R;CXCR1;C2orf82,0.840165563684996,,0.115105374070455,TRUE,""
JAVELIN,3359,HIF1A-AS2;ADORA1;IL2RB;FCRL3;FAIM3,0.867556012093468,,0.182902663592504,TRUE,""
JAVELIN,3360,GZMK;HAMP;COX7A1;CACNA1E;MIR4440,1.15461796478248,,0.162682245130106,FALSE,""
JAVELIN,3361,SLCO4C1;GRB14;PLAT;MIR3188;MIR28,1.46125902011882,,0.000680231727014859,FALSE,""
JAVELIN,3362,C14orf105;STEAP1;PLAT;SNORD115-1;ZNF334,1.35167221270023,,0.00654642694959602,FALSE,""
JAVELIN,3363,ARHGEF16;ADRA2A;HIST1H2AL;DNAH9;COLCA2,1.25862442740481,,0.0341230303103069,FALSE,""
JAVELIN,3364,MIR3189;STK32B;SARDH;HCN2;KCNJ5,1.22294347139234,,0.0702724843576618,FALSE,""
JAVELIN,3365,CXCL1;CDH23;ARHGEF15;SYT8;MIR3674,1.16808879644055,,0.14968733936328,FALSE,""
JAVELIN,3366,ALPK3;MIR148B;MIR3975;MAT1A;TDRD10,1.34807132802813,,0.00967611479521436,FALSE,""
JAVELIN,3367,MIR27B;PLIN4;SNORD4B;LGALS12;GRHL1,1.41784826897573,,0.00147525315851902,FALSE,""
JAVELIN,3368,NLGN1;CLDN3;EFNA1;GPR15;PAPPA-AS1,1.45735391743533,,0.000443425910706118,FALSE,""
JAVELIN,3369,RAB42;MIR378H;CALCRL;BMPR1B;JAM2,1.26975343457014,,0.0236133625263269,FALSE,""
JAVELIN,3370,SLC16A12;FOXP2;SNORD116-8;DUSP9;ETV1,1.31566462945382,,0.0116403175680201,FALSE,""
JAVELIN,3371,FXYD2;ZFY;SNORD4B;SNORD114-25;CCR4,1.01264396184074,,0.901628153430552,FALSE,""
JAVELIN,3372,PTHLH;SNORD110;SEMA4G;CYP2C18;LRRC4,1.30981206189745,,0.0135822671960979,FALSE,""
JAVELIN,3373,SPOCK1;TRPC6;GEM;S100P;DOC2B,1.02269086776184,,0.840259066216955,FALSE,""
JAVELIN,3374,NOX4;MYO7B;HIST1H2BO;LEFTY1;ILDR1,1.1526350175363,,0.183802308859837,FALSE,""
JAVELIN,3375,ZDHHC11B;IL2RA;COL5A3;NEFM;CCR6,1.12870968298447,,0.255118216358219,FALSE,""
JAVELIN,3376,C1orf106;KCNIP4;ADAMTSL3;WNT2;ALMS1P,1.49854603355549,,0.000110374109756524,FALSE,""
JAVELIN,3377,MIR4292;MIR429;ID1;MUM1L1;KIAA1324L,1.14242644326668,,0.221014811442299,FALSE,""
JAVELIN,3378,GATA3;F10;PIEZO2;SNORD114-15;ADAMTS15,0.959522499254292,,0.70794426407157,TRUE,""
JAVELIN,3379,SCNN1A;MST1P2;GAMT;S100P;ALDH1L2,1.25162339962972,,0.0443518688733695,FALSE,""
JAVELIN,3380,C14orf105;ANXA13;CKS2;SNORD115-1;SNORD50A,1.18068097034172,,0.132457174931416,FALSE,""
JAVELIN,3381,SLPI;NAPSA;CYTIP;F11;FIBIN,1.05405565089264,,0.61577601420389,FALSE,""
JAVELIN,3382,DDC;PDGFRL;MIR1207;PROC;GPR174,1.23997058401685,,0.0444344868308931,FALSE,""
JAVELIN,3383,UPB1;TF;RGL3;SLC44A5;SMN2,1.74749934075962,,9.63339112262905e-07,FALSE,""
JAVELIN,3384,GLYAT;SLC27A2;HOXD9;ACTC1;CD244,1.28427294964935,,0.0214537780041538,FALSE,""
JAVELIN,3385,PIGR;HPD;COX7A1;ATP2C2;RPS6KL1,1.36405497988048,,0.00586762695663776,FALSE,""
JAVELIN,3386,SLC39A5;ESPN;MIR4784;MYOT;FRMD3,1.31360259647654,,0.0144395098999841,FALSE,""
JAVELIN,3387,MIA2;CYP4F3;PTER;PVRL4;RAB40AL,1.05253038140767,,0.629240739888526,FALSE,""
JAVELIN,3388,NMB;MIRLET7D;RIPK4;SLC44A5;NTNG2,1.51659803440704,,0.000126402950845134,FALSE,""
JAVELIN,3389,LAMC3;INHBB;ARHGEF15;C19orf80;ST6GALNAC3,1.23091854983221,,0.0535473745056747,FALSE,""
JAVELIN,3390,FRAS1;MIR646;SNORA77;RP1;SMN2,1.44628498826334,,0.000819801207620172,FALSE,""
JAVELIN,3391,MIR3646;CGREF1;CDH13;PDPN;DBH-AS1,1.41927784442847,,0.00110426085897795,FALSE,""
JAVELIN,3392,MIR4652;TNXB;ID4;MIR380;ETV7,1.1107296498492,,0.308186040814323,FALSE,""
JAVELIN,3393,CD38;ABCB4;SNORA77;SCGB1D2;MIR3177,1.06715552323434,,0.554190448370219,FALSE,""
JAVELIN,3394,MIR4317;SNORA75;GAMT;C9orf66;DPY19L2P2,1.45935150435257,,0.000470970776883341,FALSE,""
JAVELIN,3395,C1orf186;NEBL;MAP4K1;MIR1302-5;AGAP11,1.31402375283555,,0.0089837723608463,FALSE,""
JAVELIN,3396,LPL;MGAM;SNORD116-8;SNORD115-4;ZSWIM5,1.47799402230539,,0.000422891261421375,FALSE,""
JAVELIN,3397,BBOX1;MAPK15;SARDH;HECW1;NEIL3,1.28668876991934,,0.0242764664699792,FALSE,""
JAVELIN,3398,ZDHHC11B;MAP7;RASGRP1;EBF3;STEAP2,1.33172141626695,,0.00838862396914489,FALSE,""
JAVELIN,3399,ACY3;HOXD11;PIEZO2;SFTPD;CD80,1.27049727003763,,0.0230048146703825,FALSE,""
JAVELIN,3400,ACKR1;SLC23A1;SNORD6;CYP21A2;LOC101928871,1.15919313746785,,0.16028710127356,FALSE,""
JAVELIN,3401,KRT7;SORCS2;PTK7;CDO1;GPR174,0.888101547682425,,0.267564269061499,TRUE,""
JAVELIN,3402,CCL18;KIF26B;CACNA2D1;BDH1;EMR4P,1.12467641785774,,0.26165999538619,FALSE,""
JAVELIN,3403,MUC3A;PTGER3;RIPK4;ADH6;ICOS,1.3888058943683,,0.00214277522455474,FALSE,""
JAVELIN,3404,PTH1R;CES3;BMP2;SFTPA1;FLRT2,1.35651247373212,,0.00476990751416384,FALSE,""
JAVELIN,3405,CCL19;LOC101928757;SLC44A3;TNNT2;PGM5,0.994987281474265,,0.963695810933913,TRUE,""
JAVELIN,3406,NR4A2;FTCD;ID1;SFTPA1;RNF157,1.18481367196975,,0.120577582383743,FALSE,""
JAVELIN,3407,NLGN1;OLFM2;MYRF;HSD17B6;HAS3,1.15227620649559,,0.194594029707114,FALSE,""
JAVELIN,3408,PROM1;DNAH5;FOLR2;SCG5;SNORA70D,0.956770896674477,,0.690787726541703,TRUE,""
JAVELIN,3409,LOC101927834;PCDHGA4;HRSP12;ASGR2;KLHL13,1.55829203996791,,4.88083346566911e-05,FALSE,""
JAVELIN,3410,BCMO1;MIR1303;CKS2;SNORD114-19;C2orf82,1.02848807660551,,0.793763163688647,FALSE,""
JAVELIN,3411,ACADL;TF;TIE1;MIR4439;MYCT1,1.29401418412519,,0.0142242612822747,FALSE,""
JAVELIN,3412,IGF2BP2;MT1M;HIST1H2BM;MIR874;POU5F1B,0.886805358855071,,0.286816087860444,TRUE,""
JAVELIN,3413,MIR4499;RYR2;RHOBTB3;TDRD9;ZNF667-AS1,1.18204918757411,,0.130934297921162,FALSE,""
JAVELIN,3414,HHLA2;VSIG2;DCBLD2;ESR2;HOXB5,1.10767374124202,,0.349091894368154,FALSE,""
JAVELIN,3415,MACC1;WNK4;PC;GRIN2B;FAM212A,1.19951503287919,,0.0982290638313098,FALSE,""
JAVELIN,3416,ARHGEF16;CRYM;HMCN1;PRSS3;RGS16,1.40576901989832,,0.00232045282776638,FALSE,""
JAVELIN,3417,AGMO;MT1M;CYTIP;VWDE;ARHGAP28,1.31674624925608,,0.0167841374269331,FALSE,""
JAVELIN,3418,NOX4;MIR589;CCL4;SMOC1;MCOLN2,1.01559861980988,,0.885491733416597,FALSE,""
JAVELIN,3419,UGT8;ELOVL7;LY96;PWRN1;PCDHGC5,1.29069618088577,,0.0196087098259909,FALSE,""
JAVELIN,3420,MIR4317;PTGER3;MIR3975;FCER1A;KCNIP3,1.2933253480313,,0.0166961251172716,FALSE,""
JAVELIN,3421,VTRNA2-1;PTGER3;TMEM132A;C9;C9orf106,1.43169898309462,,0.00108095069823611,FALSE,""
JAVELIN,3422,NMB;PCDHGA4;SNORD29;TOX3;P2RY12,1.24060928969317,,0.0443877062500414,FALSE,""
JAVELIN,3423,NEB;PTGS2;CACNA2D1;PEG3;THSD4,1.08523722384298,,0.439659837928235,FALSE,""
JAVELIN,3424,UBD;SFRP1;SNORD116-16;KLHL41;EXO1,1.14417694641008,,0.225536387815202,FALSE,""
JAVELIN,3425,MIR4292;GZMB;SNORD59A;SFTPB;PRRT3-AS1,1.04869774639041,,0.640069282716418,FALSE,""
JAVELIN,3426,RASD1;INMT;MYRF;A1CF;DBH-AS1,1.17978393631878,,0.120088012959863,FALSE,""
JAVELIN,3427,C1orf186;ADAMTS14;SNORD29;GABRB3;MMP17,1.09746841568396,,0.428983931555162,FALSE,""
JAVELIN,3428,MIR27B;MMP19;HIST1H2BO;KRT5;SLAMF6,0.972455295332366,,0.793502913407328,TRUE,""
JAVELIN,3429,NXPH4;ACHE;PBX1;PAEP;MIR1183,1.01017787327476,,0.924602565434422,FALSE,""
JAVELIN,3430,OLR1;C4B;CACNA1C;CILP2;MIR3605,1.23556254802344,,0.0473647302678868,FALSE,""
JAVELIN,3431,SLC7A9;SORCS2;MIR3975;CACNA1E;FAIM3,1.12171276957879,,0.271285744568721,FALSE,""
JAVELIN,3432,MUC3A;PCDH10;CACNA2D1;SCTR;HOXA10-AS,1.42629069048274,,0.00149384612098809,FALSE,""
JAVELIN,3433,PSAT1;ABCA12;RGL3;CCDC158;LOC401317,1.267080651992,,0.0316630018590579,FALSE,""
JAVELIN,3434,SLC34A2;SNORA69;SNORD116-28;PTGES;CTRL,1.01374933250187,,0.89710339627738,FALSE,""
JAVELIN,3435,ANK3;EMX1;EFNA1;TENM2;FAM132A,1.2818066040066,,0.0272210791409605,FALSE,""
JAVELIN,3436,HIF1A-AS2;CDCP1;ALDH6A1;MIR431;PI4KAP1,1.28054525884659,,0.022468808942244,FALSE,""
JAVELIN,3437,ARHGEF16;IL2RA;MIR544B;HHIP;CLDN9,1.13431663573984,,0.251126955378044,FALSE,""
JAVELIN,3438,EXOC3L4;EXPH5;ADCY4;MIR592;PNMAL1,1.47234427890561,,0.000574871755253358,FALSE,""
JAVELIN,3439,IL6;CCL28;RGL3;MIR585;CYP27B1,1.30960562142761,,0.0156664030338779,FALSE,""
JAVELIN,3440,BBOX1;ABCA12;MIR4714;GRIA3;COLCA2,1.44453213539978,,0.00075823997028959,FALSE,""
JAVELIN,3441,GPT;GYLTL1B;PBX1;SCGB1A1;CADM4,1.34160085231344,,0.00925524070210144,FALSE,""
JAVELIN,3442,TBX3;CDCP1;FPR1;SLC10A2;USHBP1,1.00922749983177,,0.930882932313032,FALSE,""
JAVELIN,3443,DDC;MIR616;ECM2;ZNF114;POLQ,1.22338475728157,,0.0616355810528089,FALSE,""
JAVELIN,3444,FOLH1;SLC2A2;GPC4;SNORD114-25;P2RY10,1.16698868588853,,0.147923382886712,FALSE,""
JAVELIN,3445,GZMA;NPY1R;PBX1;C2orf70;PLAC8,0.90725822701692,,0.376871253953879,TRUE,""
JAVELIN,3446,S100A8;WNK4;CDH13;SCGB3A2;ARRDC5,1.09319388902485,,0.393985334476241,FALSE,""
JAVELIN,3447,RERG;CHRDL1;FKBP9P1;ANO3;S1PR4,1.02278613787931,,0.827707342763625,FALSE,""
JAVELIN,3448,HHLA2;CD22;BMP2;BEX1;PADI2,0.986899182680159,,0.900170850763586,TRUE,""
JAVELIN,3449,HOXD10;CCL28;SNAI2;CDO1;RNF157,1.37275860973966,,0.00454297048814655,FALSE,""
JAVELIN,3450,AOC1;GPD1;MYO5B;SLC36A2;ADCY1,1.27200164623189,,0.0391743331891821,FALSE,""
JAVELIN,3451,DDC;MST1P2;IL2RB;CYP8B1;NTNG2,1.29100627838235,,0.016721285301523,FALSE,""
JAVELIN,3452,OGDHL;FUT6;SNORD116-28;EYA4;CPNE5,1.46922892062179,,0.000574776606851825,FALSE,""
JAVELIN,3453,MIR3189;SFN;MCF2L;MIR4280;ATP1B2,1.19540593009763,,0.0969156180891513,FALSE,""
JAVELIN,3454,PYCR1;MAL2;TEK;SLITRK2;CNTN4,1.15211095234024,,0.20591677925611,FALSE,""
JAVELIN,3455,BCL2A1;KMO;MIR1207;ADIPOQ;FAM43A,1.05923659335894,,0.601562024549925,FALSE,""
JAVELIN,3456,ACY3;MIR563;SLC44A3;CAMK2B;GLT8D2,1.59489694461004,,3.30350043710855e-05,FALSE,""
JAVELIN,3457,RAB42;SLC27A2;GEM;KRT13;DNALI1,1.18351303319297,,0.113174239696184,FALSE,""
JAVELIN,3458,MIR3117;LOC647859;TMEM132A;SNORD115-4;CLEC10A,0.889386317731218,,0.274276487371339,TRUE,""
JAVELIN,3459,CPZ;SORCS2;HOXD9;TRNP1;GSTT2,1.01422691167792,,0.897351506229577,FALSE,""
JAVELIN,3460,BCL2A1;KIT;FKBP9P1;SNORD113-5;EXO1,0.976893027180865,,0.836999838581239,TRUE,""
JAVELIN,3461,CNN1;HPGD;MIR4714;SLC18A3;CCR6,1.24279258527227,,0.0499629239981846,FALSE,""
JAVELIN,3462,HHLA2;WNK4;LZTS1;DDIT4L;MIR643,1.38522747944371,,0.00291332535963074,FALSE,""
JAVELIN,3463,MIR3189;AGMAT;SNAI2;PCDHB5;TMC4,1.34057377272216,,0.0100485270428519,FALSE,""
JAVELIN,3464,CPZ;MMP24;PLEKHA7;CNTN3;TMEM119,1.03417682771635,,0.759434402425137,FALSE,""
JAVELIN,3465,CNN1;EXPH5;HIST1H4L;CAPN8;TSPAN32,1.19958616945078,,0.0912715989639939,FALSE,""
JAVELIN,3466,SLPI;SFRP1;MS4A4E;HAO2;CYYR1,1.15570740082649,,0.180673259024155,FALSE,""
JAVELIN,3467,VTRNA2-1;MIR4519;MIR1537;CABP1;PDGFD,1.82212872215679,,2.89072759239605e-08,FALSE,""
JAVELIN,3468,IRX5;COL7A1;MYRF;PDE4C;NEK10,1.04801243803143,,0.663858844216495,FALSE,""
JAVELIN,3469,IRX5;GRB14;MIR1207;KCNAB1;IL17RD,1.52633011401449,,9.89993174632167e-05,FALSE,""
JAVELIN,3470,TSPAN7;CYP24A1;ALDH1A3;MIR592;TSPAN2,1.16159600344472,,0.165085661084253,FALSE,""
JAVELIN,3471,SLPI;MIR3941;MKI67;C1orf168;LNX1,1.13264238201926,,0.241706050359535,FALSE,""
JAVELIN,3472,COMP;MFAP2;SNORD29;CRP;MELK,0.922894502345427,,0.477515300568641,TRUE,""
JAVELIN,3473,PROM1;CLDN3;MIR628;PKLR;UBE2T,1.42598414366426,,0.00133348717484983,FALSE,""
JAVELIN,3474,MIR126;SNORD114-10;SNORD12B;UNC93A;NEK10,1.07173042260872,,0.522240174368339,FALSE,""
JAVELIN,3475,UBD;MIR186;PTER;C1orf116;POU5F1P3,1.09660899027789,,0.370253820199847,FALSE,""
JAVELIN,3476,REG1A;ATP1A2;TOP2A;PRR15L;SEMA3G,1.14866178893431,,0.193139071786734,FALSE,""
JAVELIN,3477,FNDC1;ROR2;SNORA26;PRSS22;C22orf34,0.955394084087107,,0.668627630141359,TRUE,""
JAVELIN,3478,PLA2G7;FGA;DENND2A;PLG;MIR3978,1.10664989009956,,0.341780535931565,FALSE,""
JAVELIN,3479,F2RL1;MT1M;HIST1H2AL;PVALB;BATF,0.927348003130091,,0.477496605108035,TRUE,""
JAVELIN,3480,SCIN;CD79A;MIR938;NPHS2;GMPR,1.07320041249434,,0.504342513097646,FALSE,""
JAVELIN,3481,SEC14L6;TF;SNORD74;TNNI3;CD244,1.14504021605373,,0.238805531403321,FALSE,""
JAVELIN,3482,TMEM45A;MIR548AA2;PLAT;MIR4489;RLTPR,1.06641586113488,,0.542167190314824,FALSE,""
JAVELIN,3483,HHLA2;RGS9;SNORD6;TUBA3E;LOC644086,1.17816689551845,,0.121893910435624,FALSE,""
JAVELIN,3484,MIR4317;PTGER3;MST1;NCAM2;TDRD10,1.32845067797941,,0.00526799519779759,FALSE,""
JAVELIN,3485,ANK3;CCDC64;DMD;KCNAB1;GNAO1,1.13864138188714,,0.224041079662703,FALSE,""
JAVELIN,3486,ANK3;MIR4796;MIR544B;SLC6A20;ILDR1,1.3485546422881,,0.00757471085056185,FALSE,""
JAVELIN,3487,SNCG;DUSP2;MYO5B;SLC22A8;PANK1,1.1510108449723,,0.21419261954804,FALSE,""
JAVELIN,3488,MIR378I;TTN;FZD8;CHGB;MIR98,1.0308146605519,,0.780117445616859,FALSE,""
JAVELIN,3489,ZDHHC11B;MIR186;HIST1H4L;FCAMR;MIR4779,1.19107292236839,,0.103179685112267,FALSE,""
JAVELIN,3490,MIR3189;GFRA1;DENND2A;MIR5584;RNF152,1.51552516484308,,0.000133888077719338,FALSE,""
JAVELIN,3491,CX3CR1;FAP;FPR1;CLDN19;SLAMF1,1.04378677865773,,0.681664436983752,FALSE,""
JAVELIN,3492,UGT2A3;MIR4326;EFNA1;PLA2G2D;C14orf37,1.15540879306104,,0.171872588815523,FALSE,""
JAVELIN,3493,RASD1;PPARGC1A;HRSP12;LOC389602;CCDC36,1.5067621785089,,0.000251877128865207,FALSE,""
JAVELIN,3494,NME5;ASPHD1;PLAUR;TFCP2L1;SLC27A5,0.917574642171703,,0.43130881415232,TRUE,""
JAVELIN,3495,FMO2;PDGFRL;PLAUR;VNN3;P2RY12,1.10171175341552,,0.36826239326137,FALSE,""
JAVELIN,3496,ACSM5;B3GNT3;MKI67;PRPH;CDC45,1.10063063469576,,0.378396000413734,FALSE,""
JAVELIN,3497,SLPI;GYLTL1B;HIST1H4L;EML6;PPP1R3G,1.06410416424169,,0.573015834172632,FALSE,""
JAVELIN,3498,KCP;HP;MYRF;PERM1;CCDC85A,1.29956156099345,,0.0154853350525363,FALSE,""
JAVELIN,3499,IRX5;LIPC;SNORD33;CXorf30;EME1,1.15482308024124,,0.19023106196542,FALSE,""
JAVELIN,3500,NME5;NPY6R;SNORD29;PPBP;PTGDR,1.20350647844961,,0.0777725865360328,FALSE,""
JAVELIN,3501,ABO;PCDH10;NT5E;MIR296;PARP15,1.19399480278041,,0.104919663782784,FALSE,""
JAVELIN,3502,F2RL1;CPXM1;TSKU;ZNF365;CKAP2L,0.915436691371249,,0.411938991498606,TRUE,""
JAVELIN,3503,GZMK;ALDH8A1;PBX1;SIM2;KCNMB4,1.12259989293274,,0.291952390822247,FALSE,""
JAVELIN,3504,MIR645;SLC12A8;EFNA1;ADH6;MIR643,1.0543163255782,,0.62667951737855,FALSE,""
JAVELIN,3505,DCDC2;UBASH3A;SEMA4G;TRNP1;LOC400043,0.958278267307855,,0.704015843247185,TRUE,""
JAVELIN,3506,ITGA8;RARRES1;ALDH1A3;LINC00671;CEP55,0.984417771979877,,0.888024001917686,TRUE,""
JAVELIN,3507,OGDHL;LOC100288152;S1PR3;C5orf27;ZNF831,1.13606684768103,,0.243942938190912,FALSE,""
JAVELIN,3508,PTH1R;CYP4F3;NT5E;IBSP;LOC100506518,1.0410893060599,,0.704220709595302,FALSE,""
JAVELIN,3509,C8orf4;FCGBP;CYTIP;CXorf30;DOC2B,1.07443091553649,,0.510067371280158,FALSE,""
JAVELIN,3510,VTRNA2-1;CYP4F3;HMCN1;NPC1L1;KIF26A,1.37318181389085,,0.00283631942824119,FALSE,""
JAVELIN,3511,ANO9;COLEC12;PDLIM3;SLC34A3;ADORA2B,1.04741614978294,,0.668338265448672,FALSE,""
JAVELIN,3512,MGAT3;AZGP1;MAP4K1;HLA-G;TG,1.21826975856267,,0.0715220589239697,FALSE,""
JAVELIN,3513,CYP2E1;SLC38A11;CALCRL;SLC26A7;LOC643339,1.65259088146455,,2.24101443931659e-06,FALSE,""
JAVELIN,3514,RBP4;MIR1972-1;ADAMTSL3;DAO;PPFIA3,1.58837549735051,,3.24339417012033e-05,FALSE,""
JAVELIN,3515,MYOM3;MIR23B;RGL3;MIR93;MIR643,1.20596223715357,,0.0749020133104534,FALSE,""
JAVELIN,3516,CYP2E1;ABCB4;MCF2L;AFM;FAXDC2,1.40070216460787,,0.00263910033351424,FALSE,""
JAVELIN,3517,SCN9A;TRIM55;ALDOC;CYP4A22;POU5F1P4,1.41542168934255,,0.00139413991935557,FALSE,""
JAVELIN,3518,TMEM45A;HP;PLEKHA7;CYP2C18;KIF4A,1.03505502555174,,0.744599633520168,FALSE,""
JAVELIN,3519,IRX5;PRODH2;TREM2;PTPRQ;GALNT16,1.34460815196799,,0.00644194554198919,FALSE,""
JAVELIN,3520,C1orf186;GSTM1;DPYSL3;PRR15L;KIF26A,1.09906071445539,,0.376417513730764,FALSE,""
JAVELIN,3521,C14orf105;PLIN4;SNORD116-16;OR2T10;SPIRE2,1.34151872992239,,0.00841244952834123,FALSE,""
JAVELIN,3522,COL4A3;KMO;RIPK4;MIR758;CCR6,1.36122415066623,,0.0026778978025833,FALSE,""
JAVELIN,3523,LAMC3;NLGN4Y;ADAMTS2;ESRP1;DYNLRB2,1.08933851048144,,0.425247970650019,FALSE,""
JAVELIN,3524,FMO3;SLC38A11;PTK7;OR2T34;KIF20A,1.10952890978927,,0.35558195916844,FALSE,""
JAVELIN,3525,PTH1R;LAMC2;DENND2A;PWRN1;MIR643,1.09814780400731,,0.40196566285177,FALSE,""
JAVELIN,3526,PEG10;STEAP1;SNORA77;PTX3;RAB6B,1.08658580354663,,0.443299988095297,FALSE,""
JAVELIN,3527,SNCG;CDCP1;PBX1;MIR758;KCNN4,0.92645112345845,,0.486685243344787,TRUE,""
JAVELIN,3528,FRAS1;B3GNT4;PLAUR;VSTM2L;TMC4,0.961315584990805,,0.709410699450891,TRUE,""
JAVELIN,3529,CNN1;ITGBL1;MIR3125;BAAT;MCOLN2,1.17329613833348,,0.131331360618572,FALSE,""
JAVELIN,3530,IGF2BP2;NDNF;LY96;GPR15;LOC101928871,0.938086698754033,,0.537875324652853,TRUE,""
JAVELIN,3531,PPAP2C;AR;SELENBP1;CTSE;LRRC4,1.14000164499041,,0.220540408830682,FALSE,""
JAVELIN,3532,MYBL2;FTCD;PIEZO2;PDPN;FOXD1,0.999577995666686,,0.997097259890917,TRUE,""
JAVELIN,3533,SORBS2;IL2RA;HIST1H2AL;CLDN19;SNORD45B,1.01770126495419,,0.868848506433817,FALSE,""
JAVELIN,3534,PDLIM4;FGA;MTCL1;C1orf116;LOC101928749,1.13484067678719,,0.248471358456747,FALSE,""
JAVELIN,3535,CD27;GYLTL1B;COX7A1;PRND;IER3,1.22254332120861,,0.0669134618025301,FALSE,""
JAVELIN,3536,AKR7A3;ZNF711;ID4;MIR4500;OSR1,1.30296673011922,,0.0161066501158871,FALSE,""
JAVELIN,3537,IRX5;NAPSA;PLAUR;ADCY2;LOC644086,1.08645853811253,,0.432397243864723,FALSE,""
JAVELIN,3538,HOXC10;CMYA5;ITGA11;PITX1;CATSPERG,1.08746934187035,,0.44266181333025,FALSE,""
JAVELIN,3539,TSPAN7;MIR4804;2020-03-02 00:00:00;PLA2G12B;HSD17B3,1.32042682247405,,0.00776055449297626,FALSE,""
JAVELIN,3540,HABP2;MIR23B;SNORD6;FAM83F;S1PR4,1.24416798701417,,0.0384736780832842,FALSE,""
JAVELIN,3541,HOXC10;IL1B;SLC2A9;ACTC1;MELK,1.156664364332,,0.166960012958054,FALSE,""
JAVELIN,3542,PTHLH;ELOVL7;LDLR;MIR296;LOC100128242,1.08105489574372,,0.476996207977554,FALSE,""
JAVELIN,3543,GLYAT;AR;SLC44A3;TRPV3;GJA5,1.34667438889178,,0.00525157554828943,FALSE,""
JAVELIN,3544,FMO2;MIRLET7E;ALDH6A1;MIR585;LOC100133669,1.5956516509833,,1.60010436806634e-05,FALSE,""
JAVELIN,3545,ACADL;PLA2G2A;MIR544B;SHOX2;LZTS3,1.17388302496287,,0.157307106303299,FALSE,""
JAVELIN,3546,REG1A;PAH;PDLIM3;SCUBE1;MIR1256,1.28390661910824,,0.0183503439546342,FALSE,""
JAVELIN,3547,ZDHHC11B;SLC7A8;PLAUR;SNORD115-42;SPHK1,0.873885476647221,,0.227875790223452,TRUE,""
JAVELIN,3548,NME5;MIR589;FAM20A;TM6SF2;MIR548AM,1.27163095703012,,0.0262189992452896,FALSE,""
JAVELIN,3549,SNCG;FCGBP;ARHGEF15;ATG9B;CCDC141,1.24964493683109,,0.0304214263872196,FALSE,""
JAVELIN,3550,F2RL1;CXCR3;SNORD6;ADCY8;CYP4X1,1.32577819751137,,0.00682741993786472,FALSE,""
JAVELIN,3551,LOC101927960;MAL2;HRSP12;ASGR2;HIST2H3A,1.03780147328644,,0.725195797141818,FALSE,""
JAVELIN,3552,GPR126;GZMB;HOXD9;MIR346;WBSCR27,1.15519355392154,,0.163059694749029,FALSE,""
JAVELIN,3553,SVEP1;MIRLET7D;RIPK4;MROH2A;BATF,1.2366036101782,,0.0492273666367952,FALSE,""
JAVELIN,3554,ACY3;SLC4A3;MTCL1;MIR296;COLCA2,1.21900737008539,,0.0695192699539131,FALSE,""
JAVELIN,3555,TSPAN13;EFHD1;IL2RB;MIR4530;EPHA1,1.03067186828281,,0.776863147577028,FALSE,""
JAVELIN,3556,LPL;VEPH1;SEMA4G;LEFTY1;C2orf82,1.22490856913304,,0.0817735662739361,FALSE,""
JAVELIN,3557,SLC16A12;GDA;TEK;MAPK8IP2;PRRT3-AS1,1.32615907495233,,0.0117005834458165,FALSE,""
JAVELIN,3558,MIR3117;ATP1A2;DENND2A;IGF2BP3;MIR3135A,1.19715998883893,,0.113499533005026,FALSE,""
JAVELIN,3559,TRABD2B;CPXM2;ARHGEF15;MIR380;TNFRSF18,1.20466881825859,,0.0686635427845881,FALSE,""
JAVELIN,3560,SCN9A;SLC4A3;SLC2A9;MIR30D;RASL12,1.28203295536502,,0.0209367017908378,FALSE,""
JAVELIN,3561,C8orf4;SLC22A3;LDLR;SFTPD;GRID1,1.04977418020827,,0.643634504171265,FALSE,""
JAVELIN,3562,COMP;HRH2;MXRA8;SEMA3D;MIR626,1.17067683610097,,0.147179704810135,FALSE,""
JAVELIN,3563,TENM1;NLGN4Y;ANGPT2;C4BPA;LOC101928871,1.217708500362,,0.0667730468167556,FALSE,""
JAVELIN,3564,EXOC3L4;MMP24;CACNA2D1;CNFN;ALMS1P,1.32891297970519,,0.00894346160760101,FALSE,""
JAVELIN,3565,PSAT1;ADAMTS14;SNORD12B;NECAB2;HMMR,0.797199046552389,,0.0408035464240812,TRUE,""
JAVELIN,3566,BAIAP2L2;SOX6;SNORD116-28;THPO;IL33,1.49073937525627,,0.000402142571607189,FALSE,""
JAVELIN,3567,CX3CR1;NAPSA;PLAUR;SLC34A1;AGAP11,1.42036506398708,,0.000963614486490201,FALSE,""
JAVELIN,3568,MIR645;GYLTL1B;CRISPLD2;MIR10A;LOC400043,1.27428714700303,,0.0284268864653344,FALSE,""
JAVELIN,3569,MYO3A;MIR4796;TSKU;PCDHB6;GLI1,1.50539227808722,,0.000281037160359467,FALSE,""
JAVELIN,3570,MIR23C;GPC3;MIR631;KCNN1;SNORD126,1.16988611567088,,0.161039821927739,FALSE,""
JAVELIN,3571,SHROOM3;SNORA75;SNORD59A;MIR4489;MPP7,1.18856753585825,,0.111956811309582,FALSE,""
JAVELIN,3572,HOXD10;GREM1;SLC1A1;CNDP1;TNFRSF18,1.27832260908999,,0.0244007826536702,FALSE,""
JAVELIN,3573,FMO2;MIR1972-1;DENND2A;IGF2BP3;LOC441402,1.4250429809745,,0.00108942454067036,FALSE,""
JAVELIN,3574,RAB42;MIRLET7E;MTCL1;TRPV3;TAL1,0.981358468811214,,0.862874844543813,TRUE,""
JAVELIN,3575,ACKR1;MIR554;DCBLD2;SCN4A;SIT1,0.905750202455868,,0.359814988286023,TRUE,""
JAVELIN,3576,UGT2A3;PLA2G2A;IFI44L;CCDC158;LOC101928383,1.37809730855671,,0.00209774886138857,FALSE,""
JAVELIN,3577,PIGR;MIRLET7I;ALDOC;PKLR;MIR1273F,1.55045375049651,,6.60297050126892e-05,FALSE,""
JAVELIN,3578,SBSPON;ABCA8;MIR197;CALB1;KIF20A,1.15903980488376,,0.183311888380112,FALSE,""
JAVELIN,3579,TTC39A;MIR646;ADAMTSL3;APOBEC3A;MIR5191,1.27181922988005,,0.0249158687078483,FALSE,""
JAVELIN,3580,MIR1180;GJB1;LY96;SCUBE1;KIF20A,1.1623344956596,,0.172553203632108,FALSE,""
JAVELIN,3581,HNF1A;ADRA2C;SNORD4B;SLC36A2;FAM184A,1.35490021100117,,0.00747885223079205,FALSE,""
JAVELIN,3582,DDC;MIR3145;SNORD12B;TCHH;POU5F1B,1.32571511502975,,0.0112780208175894,FALSE,""
JAVELIN,3583,MIA2;CCDC148;HOXD4;EGFL6;GRID1,1.4645981001856,,0.000371244986711686,FALSE,""
JAVELIN,3584,TTC39A;TNFSF14;HIST1H4L;MIR1305;MCOLN2,0.914458711338245,,0.410658696578653,TRUE,""
JAVELIN,3585,MACC1;LIPC;LY96;PVALB;PANK1,1.24446598290498,,0.0422813244361865,FALSE,""
JAVELIN,3586,LOC101927960;MIR1972-1;CYTIP;FCRL5;ZNF831,0.984094919031399,,0.875995655406491,TRUE,""
JAVELIN,3587,BAIAP2L2;LDHD;SNORD29;NUGGC;PPP2R2B,1.26154764608925,,0.0362609228764452,FALSE,""
JAVELIN,3588,PTHLH;SORCS2;PLAUR;MIR1267;LZTS3,1.00369093718765,,0.973832477210604,FALSE,""
JAVELIN,3589,MIR4317;MIR3145;MIR4435-2;ZNF812;RBM20,1.30216059247579,,0.0137768913264058,FALSE,""
JAVELIN,3590,ANO9;WDR66;DMD;PCDHB6;PHYHD1,1.2145179305688,,0.0709732921412982,FALSE,""
JAVELIN,3591,NME5;CXCL13;SNORD116-8;MIR4280;SEMA3G,1.09115220477579,,0.406325064421027,FALSE,""
JAVELIN,3592,SLC39A5;C5orf46;MIR1207;LEFTY1;FAM212A,1.34143646871564,,0.00910392394954873,FALSE,""
JAVELIN,3593,FOLH1;COL11A1;LDB2;DLK2;SH2D3A,1.4290140375195,,0.00116250507897678,FALSE,""
JAVELIN,3594,ANO9;SNORA69;PLAUR;FGF9;DEPDC1B,0.947836040148747,,0.630911042001767,TRUE,""
JAVELIN,3595,NXPH4;REEP6;SNORD116-16;GC;MIR583,1.22419319461729,,0.0615983447081992,FALSE,""
JAVELIN,3596,SLIT2;SNAP25;ID1;CTSG;CETP,1.23973360333029,,0.0469621810020757,FALSE,""
JAVELIN,3597,FER1L4;CMYA5;FPR1;MIR618;LOC400043,1.11523554642613,,0.291792975527691,FALSE,""
JAVELIN,3598,NLGN1;TTN;ECM2;OCA2;SNORD20,1.42268552704494,,0.000980404629409468,FALSE,""
JAVELIN,3599,ABO;HOXD11;HRSP12;KRT5;GRAP2,1.25977904834908,,0.0352802835528698,FALSE,""
JAVELIN,3600,TENM1;MIR378A;IL2RB;CNDP1;WISP1,1.42173813894505,,0.00108910360381146,FALSE,""
JAVELIN,3601,ZDHHC11B;KCNIP4;PBX1;MIR4489;ICOS,1.0925769178984,,0.410259993171915,FALSE,""
JAVELIN,3602,MAL;MIR200B;MIR628;PVRL4;CRYBB2,1.21825129485587,,0.0713300218905264,FALSE,""
JAVELIN,3603,GZMK;MGAM;CACNA1C;LCN2;GNAL,1.30155030018223,,0.0149734265901333,FALSE,""
JAVELIN,3604,HIF1A-AS2;CCL28;SNORD116-28;FST;MIR3177,1.42588675781798,,0.000830001809957366,FALSE,""
JAVELIN,3605,HNF1A;FGA;CSF3R;MIR3617;CD300LF,0.947221624797865,,0.613716096101853,TRUE,""
JAVELIN,3606,FMO3;HP;RIPK4;KRT13;MIR3157,1.30881604116241,,0.0141080794716567,FALSE,""
JAVELIN,3607,MFSD2A;CES3;DCBLD2;PDPN;HOXD3,1.00828068905018,,0.938163077203445,FALSE,""
JAVELIN,3608,DDC;MST1P2;ALDH6A1;MMP12;RNF152,1.55213544438781,,0.000110994108886928,FALSE,""
JAVELIN,3609,EMX2;GLDC;ROBO4;SCGB1D2;FAM110C,1.38955951675249,,0.00358429355149412,FALSE,""
JAVELIN,3610,MIR548AR;SLC5A10;MXRA8;CNTFR;PADI2,1.36270925702103,,0.00353465150313169,FALSE,""
JAVELIN,3611,C1orf106;GLIS1;MIR637;DNAAF1;CD28,1.35481164495975,,0.00315734113420511,FALSE,""
JAVELIN,3612,KRT7;CD22;SNORD12B;TFCP2L1;WISP1,0.869740081111773,,0.203280275850106,TRUE,""
JAVELIN,3613,CPZ;SNAP25;MIR938;ANKRD1;MIR4295,1.16375686023228,,0.196416005140012,FALSE,""
JAVELIN,3614,FXYD2;SLC6A10P;MIR1537;FOXB2;ZNF90,1.36621017783324,,0.00345022459996967,FALSE,""
JAVELIN,3615,PDLIM4;GCNT3;ALDH6A1;SLC30A2;DAPK2,1.01518381524123,,0.890127725397385,FALSE,""
JAVELIN,3616,MIR4652;SLC7A8;RGL3;SLC6A18;HAS3,1.30987406555213,,0.0157666361344318,FALSE,""
JAVELIN,3617,IDO1;CHRDL1;SNAI2;CDR1;TSPAN32,0.96013027391458,,0.705816254163084,TRUE,""
JAVELIN,3618,GATA3;IL1B;SNAI2;MIR4786;MIR151A,0.948570156693964,,0.617778822627747,TRUE,""
JAVELIN,3619,PLA2G7;ATP1A2;MIR197;DIO1;VN1R1,1.14384204380328,,0.215266122762742,FALSE,""
JAVELIN,3620,SHROOM3;STK32B;COL5A3;SCGB3A1;GZMM,1.18829550306788,,0.102239411566761,FALSE,""
JAVELIN,3621,RBP4;COL7A1;ADAMTSL3;FST;XCL2,0.994884557079191,,0.961649646565473,TRUE,""
JAVELIN,3622,CYP2E1;MMP19;SNORD29;OGN;MIR3973,1.04565330029921,,0.683053552158491,FALSE,""
JAVELIN,3623,CD38;GRB14;SNORA77;NECAB2;NLRC3,1.00927229881753,,0.932586729978332,FALSE,""
JAVELIN,3624,MIA2;INHBB;ID1;ADH6;C14orf183,1.34445762289081,,0.00730994212741776,FALSE,""
JAVELIN,3625,CYP2E1;C10orf113;PPL;CNTNAP5;EPHB3,1.31578245857825,,0.0110009874001997,FALSE,""
JAVELIN,3626,ESM1;DUSP2;SNORD116-28;CACNA2D2;GRID1,1.21414165544011,,0.0648921939951212,FALSE,""
JAVELIN,3627,ADAM12;RASAL1;TMEM132A;FST;PPP2R2B,0.89891442599198,,0.33696759947376,TRUE,""
JAVELIN,3628,MIR3189;DPEP1;APCDD1;GABRB3;LRP8,1.15604780283718,,0.185790835981662,FALSE,""
JAVELIN,3629,NME5;DUSP2;SNORD59A;LRRC7;MIR3973,1.16984409485636,,0.148087495595279,FALSE,""
JAVELIN,3630,ADAMTSL2;FOSL1;ID4;XCR1;RGS16,1.03777239475234,,0.734464397452457,FALSE,""
JAVELIN,3631,PDLIM4;CGREF1;2020-03-02 00:00:00;WNT10A;TP73,1.20246661122463,,0.082531436400495,FALSE,""
JAVELIN,3632,ABO;PLIN4;S1PR3;NUGGC;CKAP2L,1.13106749053608,,0.264960434854168,FALSE,""
JAVELIN,3633,CD38;MIR548AU;EFNA1;KCNB1;KIF18B,0.987134350423731,,0.907976679226177,TRUE,""
JAVELIN,3634,ANK3;SNAP25;TMEM132A;SNORD115-6;BATF,0.959241460565886,,0.698319618331592,TRUE,""
JAVELIN,3635,PCDHGB2;NEBL;MIR628;ANKRD1;HOXD3,1.32315847792678,,0.00990117145591637,FALSE,""
JAVELIN,3636,TRABD2B;SLC27A2;MIR4635;TCAP;FAM43A,1.31692966577905,,0.0140958672347752,FALSE,""
JAVELIN,3637,FNDC1;ESRP2;MIR938;MS4A2;FRMD3,1.28924594053071,,0.0191758117607135,FALSE,""
JAVELIN,3638,C8orf4;HAMP;HOXD4;LPPR5;LIPE,1.26945324607203,,0.0256747225490169,FALSE,""
JAVELIN,3639,ADAMTSL2;SLC16A9;RNF128;MIR95;MIR151A,1.22742166698819,,0.066665211905447,FALSE,""
JAVELIN,3640,ADAMTSL2;ESPN;ALDOC;AQP4;BMP6,1.34487574250101,,0.00745913611674819,FALSE,""
JAVELIN,3641,PIGR;LTF;ITGA11;FAM153B;MIR3978,1.13134335367845,,0.246764181089635,FALSE,""
JAVELIN,3642,IL6;KIT;ID4;DNAH9;C22orf34,1.09180501582318,,0.412786944481888,FALSE,""
JAVELIN,3643,SCNN1A;PCDH10;ID4;SLC10A2;LOC101927236,1.57125891336371,,5.02927499363915e-05,FALSE,""
JAVELIN,3644,GBP5;MMP19;ECM2;TDRD9;MIR1256,1.13645277739429,,0.244226640329662,FALSE,""
JAVELIN,3645,RAP1GAP;MIR1972-1;DENND2A;MIR585;ANKRD29,1.25756268745987,,0.0312183420369998,FALSE,""
JAVELIN,3646,PGF;EXPH5;MIR4435-2;MIR345;SNORD45B,1.41561210070614,,0.00139127432900593,FALSE,""
JAVELIN,3647,ACY3;NEBL;GAMT;SYT8;RAB40AL,1.20072373410987,,0.08778687315498,FALSE,""
JAVELIN,3648,MIR4317;SMTNL2;CDH13;MFAP5;LOC100133669,1.49330261801765,,0.000142366274369621,FALSE,""
JAVELIN,3649,F2RL1;ALDOB;TREM2;MIR3617;RGS16,1.24220231966251,,0.0467803891863743,FALSE,""
JAVELIN,3650,SRPX;MIR185;PPL;CYP2B7P;NEK10,1.01633497920152,,0.880161401576217,FALSE,""
JAVELIN,3651,FRAS1;COL11A1;MIR1537;MNX1;FAXDC2,1.1665837313401,,0.160974931401354,FALSE,""
JAVELIN,3652,SCIN;MIR186;CDH13;SNORD114-19;FAM43A,1.42325524151683,,0.00104046368071857,FALSE,""
JAVELIN,3653,AOC1;MMP24;MIR544B;MIR924;MIR4774,1.26959348975548,,0.0264184023849139,FALSE,""
JAVELIN,3654,ADAMTSL2;CCDC148;PTTG1;PVALB;LRRC4,1.40635900435781,,0.00322041286056922,FALSE,""
JAVELIN,3655,COL4A3;CGREF1;EFNA1;PDPN;MIR1183,1.34141177291523,,0.00651876264885322,FALSE,""
JAVELIN,3656,MIR142;ASPHD1;ID4;CR2;SNORA70D,1.09135206777949,,0.420515575586534,FALSE,""
JAVELIN,3657,RAB42;ACHE;TIE1;HS3ST3A1;TSPYL5,0.875961876740348,,0.220044103850692,TRUE,""
JAVELIN,3658,GBA3;CHI3L2;ID4;MIR410;RASSF6,1.3004174919319,,0.0136527864936871,FALSE,""
JAVELIN,3659,CTSW;MIR4326;MIR197;CASR;SLAMF1,0.947663891732068,,0.612618346799088,TRUE,""
JAVELIN,3660,NR4A2;MIR185;CRISPLD2;UPK1B;CCR4,0.966712035310151,,0.746173080573461,TRUE,""
JAVELIN,3661,SBSPON;MZB1;PLEKHA7;DMBT1;FAXDC2,1.15956883213857,,0.167301772111487,FALSE,""
JAVELIN,3662,TSPAN13;MIR4482;RASGRP1;HOXB13;HMMR,0.840772563834322,,0.112965811105618,TRUE,""
JAVELIN,3663,RBP4;MIOX;ROBO4;TMEM45B;ACOT1,1.36473134277517,,0.00629744381497216,FALSE,""
JAVELIN,3664,ASPN;LOC391322;CACNA1C;VIPR1;EFS,1.20605517403866,,0.0829599734283021,FALSE,""
JAVELIN,3665,BAMBI;PCDH10;MYO5B;SNORD115-25;MIR4681,1.26999192591139,,0.0380354958500636,FALSE,""
JAVELIN,3666,FRAS1;CPXM2;HRSP12;C12orf36;UHRF1,1.18813358921783,,0.114722646691273,FALSE,""
JAVELIN,3667,MIR4730;LTF;TMEM204;MIR1267;ZSCAN31,1.39021399834638,,0.00220538679635441,FALSE,""
JAVELIN,3668,ITGB6;GJB1;RGL3;MAMDC2;CXCR6,1.08936968164477,,0.419187933859018,FALSE,""
JAVELIN,3669,NXPH4;AZGP1;SNORD116-8;MIR1271;GJA5,1.31329667261216,,0.00851177434646138,FALSE,""
JAVELIN,3670,MACC1;ACHE;MIR197;BMPER;APOBEC3H,1.01264207600798,,0.903521809613016,FALSE,""
JAVELIN,3671,MIR23C;HPD;HIST1H4L;LOC101929335;COLCA2,1.65688323734739,,2.03048274432996e-06,FALSE,""
JAVELIN,3672,IKZF3;TESC;SARDH;ADCY2;USHBP1,1.06320679824467,,0.567338121539223,FALSE,""
JAVELIN,3673,SCN9A;ANXA13;ID4;PKP3;LOC101927236,1.38555569273837,,0.00400997164622171,FALSE,""
JAVELIN,3674,SCIN;KIT;SNAI2;TNIP3;GALNT16,1.22680241540704,,0.0585543005451081,FALSE,""
JAVELIN,3675,KCP;HPGD;MIR1537;IBSP;PCP2,1.37546624666356,,0.00358152518999211,FALSE,""
JAVELIN,3676,UGT2A3;IGFBP1;ACSF2;SNORD115-4;FAM69B,1.11794965305633,,0.303424684386086,FALSE,""
JAVELIN,3677,SBSPON;ASPHD1;HIST1H2BO;MIR4531;SNORD58C,1.12650135715365,,0.275075913444898,FALSE,""
JAVELIN,3678,MIR4652;GPC3;MIR938;ANGPTL3;RPL23AP32,1.14700085800121,,0.210619612831528,FALSE,""
JAVELIN,3679,MIA2;CLDN10;ALDH6A1;OR2T2;BIRC5,1.46396691157918,,0.000598504797464629,FALSE,""
JAVELIN,3680,SORBS2;MIR378A;LZTS1;ASPDH;GJA5,1.62991938826506,,6.29128945261337e-06,FALSE,""
JAVELIN,3681,OLR1;PAQR5;PDLIM3;TFCP2L1;MIR627,1.21046539443073,,0.0727192543270952,FALSE,""
JAVELIN,3682,ACE2;CCDC64;PLAUR;IHH;HOXB5,1.16904390321458,,0.153377127415846,FALSE,""
JAVELIN,3683,ABCC6;MIR148B;TMEM204;OVOS;USHBP1,1.50649111070685,,0.000187448870110506,FALSE,""
JAVELIN,3684,PYCR1;CDH23;HMCN1;C4BPA;KCNQ4,1.1716861919331,,0.133364393952564,FALSE,""
JAVELIN,3685,UGT2A3;CCDC148;MYO7A;BDH1;ATP8B3,1.2765969964519,,0.0206629402079894,FALSE,""
JAVELIN,3686,MIR548AR;BAI1;LDB2;C16orf89;EPHB1,1.21664328499615,,0.0721999730267907,FALSE,""
JAVELIN,3687,GZMK;EGR3;MIR544B;MIR4486;PADI2,1.00856971277175,,0.935034342304246,FALSE,""
JAVELIN,3688,LPL;CCL28;DLL4;PSCA;C9orf106,1.54319823653046,,8.31796136815685e-05,FALSE,""
JAVELIN,3689,MYH14;NLGN4Y;GPC4;IRX6;C14orf183,1.07159737987123,,0.528364968566708,FALSE,""
JAVELIN,3690,SORBS2;CCL28;SNORA26;MIR4735;CDS1,1.48744279356052,,0.000356806706458142,FALSE,""
JAVELIN,3691,GLYAT;PPP1R1A;SNORD6;SCGB1D2;LNX1,1.38891510814319,,0.0034100404284703,FALSE,""
JAVELIN,3692,HHLA2;CYP4F12;SNORD29;ASGR2;BATF,1.01368311330366,,0.896792650179142,FALSE,""
JAVELIN,3693,SLCO4C1;VANGL2;MECOM;ERBB4;MIR1288,1.4108182258098,,0.00211910387844525,FALSE,""
JAVELIN,3694,MT1G;UBASH3A;MMP11;CRP;CACNA2D4,1.07139795298235,,0.525728334707102,FALSE,""
JAVELIN,3695,HOGA1;FOSL1;HOXD9;GSTM5;NAV3,0.990386193528345,,0.929001249590552,TRUE,""
JAVELIN,3696,STEAP4;CDH23;SNORA48;XDH;HOXD3,1.15588285476251,,0.178079339028789,FALSE,""
JAVELIN,3697,MFSD2A;PLCH2;MS4A4A;TFF3;C5AR2,0.956982648259365,,0.683076684162621,TRUE,""
JAVELIN,3698,NOX4;KCNJ3;SELENBP1;IGSF10;MIR643,1.56843535992737,,3.33991437183176e-05,FALSE,""
JAVELIN,3699,PEG10;MMP24;DPYSL3;HS3ST3A1;SNORA38,0.980076957377272,,0.853451214760887,TRUE,""
JAVELIN,3700,CCL18;ADRA2A;SLC2A9;PROC;GRID1,1.1265695240994,,0.274564422808334,FALSE,""
JAVELIN,3701,F8;KLKB1;CACNA1C;MIR4489;NEK10,1.37394121013468,,0.0025809100981659,FALSE,""
JAVELIN,3702,GZMA;CGREF1;ECM2;HLA-G;ADAMTS12,1.12838094071289,,0.262899991640002,FALSE,""
JAVELIN,3703,MYO3A;MLXIPL;ROBO4;KIAA0319;SLAMF8,1.23474754803236,,0.0478869857114879,FALSE,""
JAVELIN,3704,C1orf186;TENM3;SNORA48;HTR6;MIR3605,1.25022140077426,,0.0446617486575846,FALSE,""
JAVELIN,3705,IDO1;TRIM55;BMP2;MIR5091;ETV1,1.24342697813589,,0.039017170699512,FALSE,""
JAVELIN,3706,FABP4;MIR23B;HIST1H4L;GPR115;DLGAP5,0.915444904256821,,0.426154650732044,TRUE,""
JAVELIN,3707,PYCR1;FLRT3;SLC1A1;SLC30A2;HIST2H3A,1.01370452471302,,0.898788404035485,FALSE,""
JAVELIN,3708,ESM1;GPC3;CACNA2D1;PLA2G2D;HMMR,1.00986501943597,,0.927959191223528,FALSE,""
JAVELIN,3709,SLC34A2;ROR2;ADCY4;CFHR1;WSCD1,1.2239153655054,,0.0725922404823644,FALSE,""
JAVELIN,3710,REG1A;ALDOB;RASGRP1;CYP21A2;PARP15,1.07952398451247,,0.480091399274883,FALSE,""
JAVELIN,3711,GPR126;DPEP1;ADAMTS2;AMZ1;PCDHB16,1.17554889834613,,0.146899574225894,FALSE,""
JAVELIN,3712,C1orf106;INMT;MKI67;GRPR;SP140,0.813800272348477,,0.0559604822493565,TRUE,""
JAVELIN,3713,MYO3A;ADORA1;HMCN1;IRX2;SLC27A5,1.35434718677476,,0.00516252373038546,FALSE,""
JAVELIN,3714,MIR3117;SNORD65;ARL4C;MIR4439;TAL1,1.00136353869663,,0.990047766078231,FALSE,""
JAVELIN,3715,UPB1;ZFHX4;SLC2A9;SIM1;GRIP1,1.31210057230093,,0.0112505439808999,FALSE,""
JAVELIN,3716,RAB17;TESC;MIR4714;MIR5091;GPR160,1.27578237887599,,0.0229732846994095,FALSE,""
JAVELIN,3717,MIR4526;SOX6;MIR1207;SLC51A;APOL4,1.5698480547962,,3.31836160595911e-05,FALSE,""
JAVELIN,3718,SPAG17;IL2RA;HMCN1;VWDE;C14orf183,1.25945727706984,,0.037977245163238,FALSE,""
JAVELIN,3719,ABCA6;ABCB4;MIR197;OGN;FAM69B,1.15213696175045,,0.182280883973104,FALSE,""
JAVELIN,3720,TSPAN7;PRODH2;IGFBP6;S100P;RSAD2,1.01188604815955,,0.909862983212334,FALSE,""
JAVELIN,3721,TRABD2B;MIR4482;DENND2A;COL25A1;GJC2,1.38353432635848,,0.00259524354963141,FALSE,""
JAVELIN,3722,SEC14L6;ETNK2;TMEM204;MIR1245A;SNORD103B,1.33841720164981,,0.00689323642597681,FALSE,""
JAVELIN,3723,MIR4526;GRB14;MIR4784;TOX3;RNF148,1.28360875776148,,0.0264009891939894,FALSE,""
JAVELIN,3724,STC2;SNORD110;ACSF2;JSRP1;MIR640,1.01201897997881,,0.912999679865248,FALSE,""
JAVELIN,3725,COL4A3;RGS9;MKI67;HOXB13;CRYBB2,1.21613198731442,,0.0749409030250138,FALSE,""
JAVELIN,3726,PTHLH;KCNJ3;HIST1H2BO;SCN4A;LIPE,1.22594719672343,,0.0603356398542289,FALSE,""
JAVELIN,3727,FXYD2;MAP7D2;MIR4784;SOX11;FAM184A,1.31967849014244,,0.0109275236639822,FALSE,""
JAVELIN,3728,ABO;MLXIPL;MYRF;ROS1;GALNT16,1.16238173860214,,0.164043160541476,FALSE,""
JAVELIN,3729,NPR3;MST1P2;MIR4714;GRIK3;GSTO2,1.42689213059963,,0.00137022281963239,FALSE,""
JAVELIN,3730,ABO;EPPK1;SNORD59A;LINC00671;MIR593,1.34745788120165,,0.00525454668263128,FALSE,""
JAVELIN,3731,PCDHGB2;EXPH5;PC;GRPR;MIR3942,1.42108649725645,,0.00164245325758647,FALSE,""
JAVELIN,3732,CST7;KLF15;FOLR2;SNORA11D;P2RY10,0.874892172609077,,0.215633988884628,TRUE,""
JAVELIN,3733,MIR27A;PRAP1;DPYSL3;SNORD114-2;LOC101927970,1.05798780718694,,0.60185654872331,FALSE,""
JAVELIN,3734,CX3CR1;CHRDL1;LDLR;MIR425;UHRF1,0.906458836647935,,0.3773619363449,TRUE,""
JAVELIN,3735,SORBS2;CLCNKA;ROBO4;SLC51A;FAM212A,1.62901715372758,,7.28150988893798e-06,FALSE,""
JAVELIN,3736,ACSM5;SNORD67;CDH13;MIR4280;PLAC8,1.19457618884059,,0.0986889216648186,FALSE,""
JAVELIN,3737,NEB;HRH2;PIEZO2;HRG;DGKI,1.46286262548688,,0.000407386118132669,FALSE,""
JAVELIN,3738,OLFML2A;LBP;CACNA2D1;CXCR2;RNF148,1.21485917047039,,0.0754785393520897,FALSE,""
JAVELIN,3739,OLFML2A;MIR378A;SARDH;VTN;SNORD24,1.39284335409297,,0.00152874071671344,FALSE,""
JAVELIN,3740,STC2;MIR589;PTER;FBXO2;PDE1C,1.19057697708598,,0.109661681851133,FALSE,""
JAVELIN,3741,SLC7A9;RASAL1;MIR631;ATP2C2;GRHL1,1.41954243219764,,0.00192094823800394,FALSE,""
JAVELIN,3742,AOC1;TNFSF14;ID1;SYT12;PPM1H,1.0783752690761,,0.493984937487044,FALSE,""
JAVELIN,3743,ASPN;RGS9;MIR4714;FUT3;BIRC5,1.41317103094094,,0.00177829211358631,FALSE,""
JAVELIN,3744,PCDHGB2;PRODH2;SELENBP1;TMEM100;ZNF667-AS1,1.2003189623759,,0.0828939956673849,FALSE,""
JAVELIN,3745,ITGA8;AQP7;ADCY4;SBSN;SH2D3A,1.35097328958654,,0.00544035986455869,FALSE,""
JAVELIN,3746,ABCC6;SLC4A3;PIEZO2;MNX1;ABCG2,1.13895516287438,,0.234646094778235,FALSE,""
JAVELIN,3747,IL6;MLLT11;CYTIP;PSCA;CCDC36,0.92313379105307,,0.465837530852828,TRUE,""
JAVELIN,3748,IRX5;KLF15;FAM20A;C1orf168;DEPDC1B,1.22304975183373,,0.0616506219765131,FALSE,""
JAVELIN,3749,NOX4;APOLD1;DENND2A;LRRN2;ZSWIM5,1.48931572943487,,0.000347352954052172,FALSE,""
JAVELIN,3750,BAMBI;MOXD1;MS4A4A;KLHDC7B;MIR3157,1.02292156155914,,0.83613058520097,FALSE,""
JAVELIN,3751,ACSM5;CYP4F3;EMP1;EYA1;MIR4440,1.3843993567575,,0.00267195376825305,FALSE,""
JAVELIN,3752,BBOX1;CES3;PIEZO2;BDH1;SPIRE2,1.4777995920948,,0.000333521351128814,FALSE,""
JAVELIN,3753,BCMO1;GREM1;MIR4714;SLC4A1;LOC100128242,1.21633454347821,,0.0673898558419876,FALSE,""
JAVELIN,3754,RBP4;TMEM171;DLL4;NAT8L;OR52N4,1.39470284636187,,0.00425570054246512,FALSE,""
JAVELIN,3755,NEB;CD69;TMEM132A;MIR218-2;CYP26B1,0.947107330861885,,0.619440653547205,TRUE,""
JAVELIN,3756,MIR3646;ZNF711;MECOM;MTTP;FLRT2,1.3643929802759,,0.00370423636855518,FALSE,""
JAVELIN,3757,ABCA6;CXCL8;FZD8;GDF6;ARL4D,1.15738083392234,,0.202331592932356,FALSE,""
JAVELIN,3758,CCL19;CXCL13;RNF128;GGT3P;GSTT2,1.0458454941082,,0.682335478506643,FALSE,""
JAVELIN,3759,EXOC3L4;CPXM1;ADCY4;LRRN2;TMOD1,1.0901224439281,,0.434453095809915,FALSE,""
JAVELIN,3760,SLC39A5;HOXD11;CALCRL;FAM183A;FLRT2,1.45268743040069,,0.000379493238431696,FALSE,""
JAVELIN,3761,CCL20;GRM8;CYTIP;MIR380;RNF152,1.28056153279514,,0.0215666663735098,FALSE,""
JAVELIN,3762,BCMO1;MIR378A;MMP11;SNORD116-5;FOXD1,1.29952381762359,,0.0139424055048362,FALSE,""
JAVELIN,3763,IL17RB;RYR2;FZD8;DLK2;DPY19L2P2,1.506578593362,,0.000267019266491588,FALSE,""
JAVELIN,3764,MIA2;MT1M;ITGA11;C5orf38;GTSE1,1.36004163179616,,0.00585096679479424,FALSE,""
JAVELIN,3765,SLC39A5;LBP;SNORD116-8;HCN2;RGS11,1.12570936372475,,0.278796023750766,FALSE,""
JAVELIN,3766,SLC34A2;IGF1;MYO5B;PKD1L2;GLI1,1.25025739704724,,0.0450778504514116,FALSE,""
JAVELIN,3767,ALPK3;WNK4;ID1;MIR218-2;HOXD3,1.33824651214711,,0.0091717235577938,FALSE,""
JAVELIN,3768,TMEM45A;MIR429;MIR4435-2;EHF;IL17RE,1.37076424785406,,0.00434941586631917,FALSE,""
JAVELIN,3769,SORBS2;SPINK1;SNORA48;SFTPC;SOGA3,1.23375395157276,,0.0456687235023582,FALSE,""
JAVELIN,3770,ABCA6;PCDHGA5;PIEZO2;EPO;C9orf106,1.26580028596142,,0.0271236821764177,FALSE,""
JAVELIN,3771,HOGA1;DUSP2;FOLR2;FBXO2;FLRT2,0.854351849871223,,0.142583651967603,TRUE,""
JAVELIN,3772,TBX3;TRIM55;MTCL1;MFSD4;GNAO1,1.21535313612361,,0.0768902433126072,FALSE,""
JAVELIN,3773,PCOLCE2;C5orf46;HIST1H2BM;APOA1;C2orf82,1.11377887675621,,0.322194563109444,FALSE,""
JAVELIN,3774,ADAM12;PAQR5;CDH13;ST6GAL2;AGAP11,1.53517608841068,,7.18129706357364e-05,FALSE,""
JAVELIN,3775,NEB;MIR1972-1;MECOM;MIR874;LILRB4,1.19374881714484,,0.0861519781004168,FALSE,""
JAVELIN,3776,ANO9;ST6GALNAC2;MECOM;MIRLET7G;FAM162B,1.08666458321065,,0.43497053490536,FALSE,""
JAVELIN,3777,IRX5;FCGBP;ECM2;TMEM100;ZNF334,1.27872034973236,,0.0210326829154816,FALSE,""
JAVELIN,3778,ANLN;ABCA12;SLC44A3;FUT3;DBH-AS1,1.23467781655048,,0.0562724145099547,FALSE,""
JAVELIN,3779,ACY3;MIR4655;MS4A4E;MIR4705;KIF4A,1.27035288950765,,0.0250612667988538,FALSE,""
JAVELIN,3780,GZMA;LTF;HRSP12;MYOZ1;GTSE1,1.03255894942433,,0.769866692709636,FALSE,""
JAVELIN,3781,MIR25;RGS9;CRISPLD2;ADH6;MIR3134,1.15299563742331,,0.187068494607978,FALSE,""
JAVELIN,3782,SLC17A1;SLC7A8;MYRF;EML6;LRRC17,1.21217778464098,,0.0859486770857612,FALSE,""
JAVELIN,3783,OLR1;ESPN;BMP2;PLG;TMEM232,1.34396313198097,,0.00793876789280392,FALSE,""
JAVELIN,3784,ESM1;FTCD;FPR1;MIR93;CRYBB2,1.23311082262106,,0.0535528815014682,FALSE,""
JAVELIN,3785,MIR548AR;SNORD114-13;LDB2;C19orf80;MIR627,1.30743440398294,,0.00987482956436412,FALSE,""
JAVELIN,3786,AOC1;CLMP;SNORD29;ST8SIA6;GZMM,1.01803430927591,,0.862618919137815,FALSE,""
JAVELIN,3787,BBOX1;MIR4519;IGFBP6;FOXI1;MIR3135A,1.33209184438325,,0.00814742560486589,FALSE,""
JAVELIN,3788,ACADL;HLF;MYRF;SLC7A11;LTB,1.04793977264469,,0.660463676440693,FALSE,""
JAVELIN,3789,TNFAIP6;SNORA69;PPL;ATP2C2;TMOD1,1.16390304753284,,0.152883578766028,FALSE,""
JAVELIN,3790,GZMA;MIR1972-1;FKBP9P1;CA3;GRIP1,1.05456733582544,,0.63061285159625,FALSE,""
JAVELIN,3791,COMP;GLDC;COX7A1;EBF3;GALNT16,1.23735690258235,,0.0557218330926903,FALSE,""
JAVELIN,3792,SORBS2;MIR186;MTCL1;CCL8;CCDC36,1.31155464892293,,0.0104474363573665,FALSE,""
JAVELIN,3793,MIR126;EGR3;FAM20A;MIR195;RAB40AL,1.22232357884797,,0.0568991748364459,FALSE,""
JAVELIN,3794,GZMK;KIF26B;CYTIP;CACNA1E;CDS1,1.0767469939252,,0.467803936746662,FALSE,""
JAVELIN,3795,CPZ;GABRD;HRSP12;SMPD3;RPS6KL1,1.42968436586881,,0.000666751546568382,FALSE,""
JAVELIN,3796,RAB17;CLMP;MTCL1;C16orf89;EXO1,1.05109308583828,,0.643185683089774,FALSE,""
JAVELIN,3797,FGG;ESRP2;MIR3975;KNG1;MDH1B,1.35487882186616,,0.00824983196783521,FALSE,""
JAVELIN,3798,SNORD14C;IL2RA;MIR631;SNORD115-12;LILRB4,0.876634141985974,,0.222943450590032,TRUE,""
JAVELIN,3799,IKZF3;SNORA75;MS4A4E;PRPH;RSAD2,0.995860999984874,,0.9689092170549,TRUE,""
JAVELIN,3800,PPAP2C;GPRC5A;LZTS1;CAPN8;RASSF6,0.973618396106276,,0.800738458529314,TRUE,""
JAVELIN,3801,MIR25;PPARGC1A;MIR4635;FCRL5;AGAP11,1.41770710631197,,0.000697029644760474,FALSE,""
JAVELIN,3802,MYH14;LIPC;MIR544B;CPAMD8;FAM43A,1.28002948296078,,0.0267888882629537,FALSE,""
JAVELIN,3803,ITGB6;RGS9;MYO7A;GABRB3;SNORD96B,1.24215192017514,,0.0451376011975475,FALSE,""
JAVELIN,3804,MIR23C;RYR2;DLL4;FMN2;C5AR2,1.17568760803389,,0.133716120501342,FALSE,""
JAVELIN,3805,SLPI;IL2RA;MYO5B;FAM183A;WSCD1,0.920216329875107,,0.445015850818903,TRUE,""
JAVELIN,3806,GLYAT;HPD;TREM2;SLC34A3;HOXD3,1.58467972800145,,3.55726452306732e-05,FALSE,""
JAVELIN,3807,PLAC9;FXYD1;HMCN1;ASGR2;PPP2R2B,1.32289348847845,,0.00703874362172838,FALSE,""
JAVELIN,3808,UGT2A3;CYP4F3;CSF3R;MIR431;CCDC36,1.07753094147041,,0.466045918134249,FALSE,""
JAVELIN,3809,GPT;PNMA2;ALDH6A1;MIR4280;PCDHGC5,1.29582212341026,,0.0142087503205431,FALSE,""
JAVELIN,3810,PTH1R;HRH2;SARDH;IL1RL1;FAM132A,1.22302721867428,,0.0662129163511378,FALSE,""
JAVELIN,3811,STC2;KIT;MS4A4A;MIR3178;EMP2,1.24427533647375,,0.0397214461822231,FALSE,""
JAVELIN,3812,C1orf106;AIF1L;LY96;PRSS12;DAPP1,0.983546824736738,,0.871856235678819,TRUE,""
JAVELIN,3813,SCN9A;KMO;IFI44L;EYA4;DAPK2,1.19847980191513,,0.085188162452704,FALSE,""
JAVELIN,3814,TMEM27;KIF26B;MCF2L;DNAAF1;LOC100294362,1.57079585126767,,2.82600667102026e-05,FALSE,""
JAVELIN,3815,MIR27B;PCDH10;CACNA2D1;MYOT;MIR1183,1.50299489607473,,0.000129733463576524,FALSE,""
JAVELIN,3816,FXYD2;HAMP;MKI67;ROBO2;KIF4A,1.05132993473258,,0.648859164399583,FALSE,""
JAVELIN,3817,ADAMTSL2;CGREF1;COL5A3;PPP2R2C;CNTN4,1.37113700854645,,0.00681398640058704,FALSE,""
JAVELIN,3818,FCN3;CYP2C9;DMD;MIR1193;DGKI,1.19411263076361,,0.0880811278542684,FALSE,""
JAVELIN,3819,LOC101927834;CHI3L2;BMP2;PCDHB5;SNORA78,1.3073018140425,,0.0137425231335352,FALSE,""
JAVELIN,3820,HOXC10;HSH2D;ARHGEF15;CR1L;MIR627,1.14274382793131,,0.185014059460001,FALSE,""
JAVELIN,3821,F8;SFN;HMCN1;PPP2R2C;PLCH1,1.16714594415785,,0.158293536836552,FALSE,""
JAVELIN,3822,IL17RB;PCDHGA5;MIR4784;CYP8B1;MIR5191,1.08255902802268,,0.458451027405452,FALSE,""
JAVELIN,3823,CHDH;NLGN4Y;SNORD29;CHGB;SYCE1L,0.988337172383803,,0.914033104373554,TRUE,""
JAVELIN,3824,MIR25;CYP4F12;HIST1H2AL;MIR4469;MIR3177,1.03741140770189,,0.73791567533609,FALSE,""
JAVELIN,3825,CRB3;MIRLET7E;MAP4K1;FGF9;CLEC1A,1.27789440016335,,0.023588703552088,FALSE,""
JAVELIN,3826,ANLN;TESC;SNAI2;SLC12A3;SNCA,1.00128449262624,,0.990683089618553,FALSE,""
JAVELIN,3827,LOC101927834;DUSP2;ALDOC;SLC22A8;GRIP1,1.30309409146259,,0.019512465635934,FALSE,""
JAVELIN,3828,MYO3A;TMEM139;2020-03-02 00:00:00;CAPN6;LOC441402,1.42370806000732,,0.000636053593733904,FALSE,""
JAVELIN,3829,UBD;ADRA2C;ALDOC;MATN3;EXO1,1.15618587916517,,0.198854263368895,FALSE,""
JAVELIN,3830,ADAM12;MIRLET7A2;MS4A4E;CASR;DCDC1,1.30331367380668,,0.0149058711422762,FALSE,""
JAVELIN,3831,MUC3A;SNORA75;MXRA8;HAPLN1;LOC401317,1.27324211295316,,0.0209087568658609,FALSE,""
JAVELIN,3832,GPER1;CHI3L2;SLC2A9;FCER1A;MIR626,1.25322851482771,,0.035648916889105,FALSE,""
JAVELIN,3833,PCOLCE2;MIR589;LDB2;IGF2BP3;IER3,1.31871466657419,,0.0173629474976998,FALSE,""
JAVELIN,3834,HABP2;SERPINA6;DENND2A;SEMA3D;RBPMS2,1.48004121721293,,0.000480548004625849,FALSE,""
JAVELIN,3835,HIF1A-AS2;CDA;ECM2;ERBB4;CLEC10A,1.15365247086498,,0.169821229486882,FALSE,""
JAVELIN,3836,ANK3;COL7A1;MIR197;FOXF2;PPFIA3,1.07537441987262,,0.497038829362572,FALSE,""
JAVELIN,3837,HHLA2;MGAM;FPR1;TMEM82;ZSWIM5,1.36652340454768,,0.00564928256820386,FALSE,""
JAVELIN,3838,TMEM45A;ARG2;CYTIP;SNORD115-6;NAV3,1.00822277730067,,0.937942410422738,FALSE,""
JAVELIN,3839,HOGA1;INHBB;PLEKHA7;COX6A2;SNORD20,1.11571692508151,,0.308873571426443,FALSE,""
JAVELIN,3840,TMEM45A;ADORA1;DMD;CDH15;GSTT2,1.27013620014689,,0.0307118017954182,FALSE,""
JAVELIN,3841,NLGN1;KIF26B;SNORD33;PEG3;ABCG2,1.39671883729376,,0.00165114709366757,FALSE,""
JAVELIN,3842,MIR378I;AQP7;ITGA11;MIR4636;CKAP2L,1.13072197776199,,0.259375764889913,FALSE,""
JAVELIN,3843,PYCR1;MIR378A;EVI2B;UNC93A;PCDHGC4,1.0550777439321,,0.621535862244634,FALSE,""
JAVELIN,3844,PEG10;MOXD1;PBX1;MIR539;TSPYL5,1.01428313145955,,0.893213887818053,FALSE,""
JAVELIN,3845,GPR126;MIR3918;FKBP9P1;MIR3197;PHYHD1,1.36501487652663,,0.00636477518092124,FALSE,""
JAVELIN,3846,HABP2;C4B;TMEM132A;PCDHB2;POLQ,0.856731267265978,,0.160023443566633,TRUE,""
JAVELIN,3847,PCOLCE2;AZGP1;HOXD4;COCH;HIST2H3A,1.14884933808287,,0.195973348728369,FALSE,""
JAVELIN,3848,FOLH1;TRIM55;MIR1207;SYT12;SNORD116-23,1.36527850440369,,0.00507456144955198,FALSE,""
JAVELIN,3849,SNORD14C;MGAM;TSKU;OR2T3;CCDC154,1.30930052062909,,0.0141045153771256,FALSE,""
JAVELIN,3850,ADAMTSL2;MIR589;MYRF;MIR5584;MIR4779,1.13249495558139,,0.256201974701976,FALSE,""
JAVELIN,3851,PLA2G7;SLC22A3;PLAUR;SPINK5;GSTT2,1.02525433520672,,0.819119511686182,FALSE,""
JAVELIN,3852,IDO1;ARG2;MYRF;MIR5584;HOXA7,1.3254978163926,,0.00830844799810101,FALSE,""
JAVELIN,3853,MIR142;IGFBP1;CALCRL;IL13RA2;IER3,1.1024849888997,,0.366516905748362,FALSE,""
JAVELIN,3854,MYOM3;VNN1;TMEM204;MIRLET7G;CKAP2L,1.1563676036134,,0.19932549147364,FALSE,""
JAVELIN,3855,MIR27B;MIR589;SNORA48;PAPPA2;CORO2B,1.28542424762923,,0.0221441052808327,FALSE,""
JAVELIN,3856,SRPX;CCDC148;PPL;HAS1;TIAM2,1.03462441268765,,0.750259243216978,FALSE,""
JAVELIN,3857,TRABD2B;NPY1R;TIE1;MIR1302-5;RGS11,1.25924551139672,,0.0303610039690014,FALSE,""
JAVELIN,3858,MAL;LOC647859;ID4;SMPD3;MIR583,1.23935905916455,,0.0553490947920359,FALSE,""
JAVELIN,3859,COL4A3;SNORA69;FOLR2;FOXB2;FIBIN,1.25706956940152,,0.0260652582663297,FALSE,""
JAVELIN,3860,IKZF3;CYP4F11;MYO5B;PROC;SLC39A4,0.967951881708541,,0.766547449758554,TRUE,""
JAVELIN,3861,COL4A4;BTNL9;SNORD116-8;DAO;CD300LF,1.34105532197188,,0.00578826788748097,FALSE,""
JAVELIN,3862,MIR4317;HOXD11;HIST1H2AL;PTK6;C2orf82,0.893366218618166,,0.314113370478705,TRUE,""
JAVELIN,3863,TBX3;ACHE;COX7A1;CALCR;ALMS1P,1.42537297810471,,0.000947800457866038,FALSE,""
JAVELIN,3864,RAB17;CGREF1;EFNA1;MIR4439;MIR597,1.40227018994247,,0.0017136706401764,FALSE,""
JAVELIN,3865,REG1A;RGN;DLL4;PITX1;MIR4779,1.10170182266155,,0.370799749004723,FALSE,""
JAVELIN,3866,HNF1A;LBP;MIR628;MIR4643;LOC100133669,1.71016101036063,,2.51032139685308e-06,FALSE,""
JAVELIN,3867,CNN1;MIR3941;TOP2A;HLA-G;CCDC141,1.00941328926094,,0.928881673581977,FALSE,""
JAVELIN,3868,HOXD10;MIR339;HOXD9;OR2T11;FAM43A,1.44854786571684,,0.000648608547383255,FALSE,""
JAVELIN,3869,AOC1;SLC16A9;SLC1A1;MFAP5;SOGA3,1.28963413170638,,0.0175640823602107,FALSE,""
JAVELIN,3870,QPCT;FOXP2;DMD;MIR298;NOVA1,1.07510152094999,,0.493010094068852,FALSE,""
JAVELIN,3871,NOX4;SDS;DCBLD2;GAS2;GRTP1,1.35773892597186,,0.00418052004568999,FALSE,""
JAVELIN,3872,RAP1GAP;ZFHX4;MIR3125;ATP6V0D2;CCDC3,1.24541339769224,,0.0584655456655948,FALSE,""
JAVELIN,3873,TTC39A;AIF1L;TEK;FCRL3;PIFO,1.23142450085363,,0.0519857710464051,FALSE,""
JAVELIN,3874,UGT8;PTPRD;COX7A1;HIST1H2AA;IER3,1.57406352543559,,6.70924623312462e-05,FALSE,""
JAVELIN,3875,MIR1180;SLC6A10P;ITGA11;MIR365A;CCDC154,1.04929761566689,,0.674884313204362,FALSE,""
JAVELIN,3876,ACADL;ANXA13;TMEM204;GPR98;DLG2,1.40292706601497,,0.00223583058744548,FALSE,""
JAVELIN,3877,HIF1A-AS2;ADRA2A;SLC1A1;SIGLEC12;SIX1,1.03123721141741,,0.782676109767896,FALSE,""
JAVELIN,3878,ZDHHC11B;PTGER3;FKBP9P1;SLC47A2;MIR3978,1.13453261687894,,0.240712906521165,FALSE,""
JAVELIN,3879,ZDHHC11B;KIF26B;PLEKHA7;CYP21A1P;RNF148,1.18723971536072,,0.109202652277287,FALSE,""
JAVELIN,3880,TFPI2;TNFSF14;DENND2A;OR2T35;MIR5191,1.16320736684789,,0.181643213008366,FALSE,""
JAVELIN,3881,ZDHHC11B;PRODH2;MIR197;MIR874;EGFLAM,1.33234672101647,,0.00818224160784807,FALSE,""
JAVELIN,3882,GPER1;C5orf46;LZTS1;MIR3617;TG,1.37562885155469,,0.00558823797775826,FALSE,""
JAVELIN,3883,UGT8;GPRC5A;CKS2;HAS1;BMP6,0.909671560952928,,0.369493045325791,TRUE,""
JAVELIN,3884,CXCL1;CDHR1;EFNA1;GRIN2B;MIR3134,1.03238070038596,,0.77229085327058,FALSE,""
JAVELIN,3885,ABCA6;ADRA2C;HIST1H2BM;MFSD4;WNT9A,1.07937556741134,,0.484935548930727,FALSE,""
JAVELIN,3886,ACY3;FXYD1;CRISPLD2;WNT11;TNFRSF18,1.19513567014329,,0.100856782520135,FALSE,""
JAVELIN,3887,SPAG17;ABCA12;MAP4K1;ZNF114;KLHL13,1.20226342174341,,0.09090437650172,FALSE,""
JAVELIN,3888,UPB1;ZNF727P;HOXD9;ACTC1;ACTA2-AS1,1.48524655139199,,0.000320105864997171,FALSE,""
JAVELIN,3889,PGF;LOC391322;ANGPT2;TFCP2L1;ZNF667-AS1,1.20738295621634,,0.0802846424994856,FALSE,""
JAVELIN,3890,CCL18;MGAM;HIST1H2BM;TBX5;MIR627,1.24913636688125,,0.040568804607744,FALSE,""
JAVELIN,3891,CCL19;NLGN4Y;MIR4784;RHBG;PRRT3-AS1,0.895186330645755,,0.288443470892401,TRUE,""
JAVELIN,3892,UBD;PALM3;CRISPLD2;C8orf22;RAB40AL,1.10018268257046,,0.348391218850565,FALSE,""
JAVELIN,3893,TRABD2B;NDNF;IFI44L;HLA-G;TBX21,1.02467888607734,,0.812908082001605,FALSE,""
JAVELIN,3894,CNN1;SNORD110;MYRF;TMEM82;RASD2,1.28677984046422,,0.0230258228639882,FALSE,""
JAVELIN,3895,BAMBI;MIR378H;MECOM;OGN;GRAMD1B,1.13963374178554,,0.224979974722136,FALSE,""
JAVELIN,3896,EMX2;MFI2;PLAT;OR2T11;SERTAD4-AS1,1.26261256536211,,0.0342044433644074,FALSE,""
JAVELIN,3897,IRX5;EPPK1;SELENBP1;ATP6V0A4;MDH1B,1.41205170112731,,0.00165958276715233,FALSE,""
JAVELIN,3898,CCL20;SPINK1;SLC44A3;FMN2;EGFLAM,1.27954059260476,,0.0265578122284764,FALSE,""
JAVELIN,3899,MIR4499;MYO7B;CCL4;CILP2;C14orf37,1.20871724492982,,0.0785297565372681,FALSE,""
JAVELIN,3900,FGG;KLF15;MYO1G;ELFN2;FAM69B,1.13541002899542,,0.253107057909322,FALSE,""
JAVELIN,3901,OGDHL;CYP4F12;SLC44A3;SFTPA2;RAB40AL,1.28566442109638,,0.0234665395538004,FALSE,""
JAVELIN,3902,TFPI2;MOXD1;SNORD116-16;TCHH;ZSCAN31,1.31531340501727,,0.015017728186448,FALSE,""
JAVELIN,3903,FGB;LBP;ALDH1A3;LHX8;EGFLAM,1.0952011542533,,0.394674961189586,FALSE,""
JAVELIN,3904,ADAM12;MIR548AU;HOXD4;MIR574;PCP2,1.2715316381009,,0.0274402794729308,FALSE,""
JAVELIN,3905,ZDHHC11B;NAGS;SEMA4G;SIM2;WNT9A,1.10086866340777,,0.380411785805893,FALSE,""
JAVELIN,3906,JPH2;CCDC148;MIR628;NRK;P2RY6,1.43369283643029,,0.000766832024190293,FALSE,""
JAVELIN,3907,BAIAP2L2;NPY1R;RASGRP1;ADCY2;CASZ1,1.11387473909563,,0.324363189364483,FALSE,""
JAVELIN,3908,MYBL2;LOC391322;DPYSL3;A1CF;LTB,0.959837815749095,,0.71552730495993,TRUE,""
JAVELIN,3909,PLAC9;KISS1R;RNF128;HHIP;SNCA,1.2868938578358,,0.0198042620511066,FALSE,""
JAVELIN,3910,MIR126;STEAP1;MCF2L;KCNS1;APOBEC3H,1.25914907752689,,0.0328883555895982,FALSE,""
JAVELIN,3911,FRAS1;MIR378H;SNORD116-8;SNORD115-42;HIST1H1A,1.27827059341081,,0.029326740539612,FALSE,""
JAVELIN,3912,NMB;MIR3145;MIR1207;GPM6A;CTRL,1.1611831812637,,0.186092678514124,FALSE,""
JAVELIN,3913,IRX5;MIR4482;HIST1H2BO;FOXA1;MIR5094,0.985172400647507,,0.890052370859195,TRUE,""
JAVELIN,3914,CTSW;CD22;MTCL1;SCGB1D2;EPHB3,1.0389409172033,,0.717075188887151,FALSE,""
JAVELIN,3915,CX3CR1;SLC5A10;IGFBP6;LRRC3;TMOD1,1.21975225447968,,0.055226421397194,FALSE,""
JAVELIN,3916,GPT;ESRP2;ACSF2;C5orf27;MDFI,1.22401075190801,,0.079992226548113,FALSE,""
JAVELIN,3917,FMO3;MLLT11;TIE1;IGSF10;MIR28,1.0806852447453,,0.466978750555425,FALSE,""
JAVELIN,3918,COMP;PALM3;ADCY4;CNFN;TBX21,1.13949601734578,,0.193543242289575,FALSE,""
JAVELIN,3919,PTHLH;OLFM2;HIST1H2BM;MIR578;EXO1,0.990561421419299,,0.933591935526369,TRUE,""
JAVELIN,3920,CRB3;MIR548AA2;CACNA1C;SFTPD;LOC101927970,1.38751056343365,,0.00192851101389237,FALSE,""
JAVELIN,3921,PTH1R;PLA2G2A;ALDOC;GABRB3;NEK10,1.37888992980367,,0.00383351058742763,FALSE,""
JAVELIN,3922,MIR3117;HAMP;ROBO4;OR2T2;GMPR,1.27592148999524,,0.0242084119636074,FALSE,""
JAVELIN,3923,TMEM45A;HYDIN;MIR3125;SNORD114-24;CCDC154,1.26165649881723,,0.0325949173943981,FALSE,""
JAVELIN,3924,FGG;PCK1;MIR3975;MIR578;CD200R1,1.23912276823115,,0.0499246612616182,FALSE,""
JAVELIN,3925,MIR3117;IL1B;COX7A1;SNORD113-5;RAB40AL,1.10411135823422,,0.358929669893376,FALSE,""
JAVELIN,3926,MT1G;MIR3918;LZTS1;AVPR1B;THRB,1.83786090705558,,4.76010370747269e-08,FALSE,""
JAVELIN,3927,MIR25;LOC647859;PLAUR;ASPG;LOC400043,1.27248610429024,,0.0268527421439546,FALSE,""
JAVELIN,3928,FER1L4;CYP4F3;ALDH6A1;FGF9;MIR627,1.34678462657097,,0.00988110730548722,FALSE,""
JAVELIN,3929,BCL2A1;COLEC12;SNORD29;LPPR5;MIR4295,1.0354031709749,,0.748076121478821,FALSE,""
JAVELIN,3930,MIR548AR;CXCL13;SLC2A9;EGFL6;TDRD10,1.16570157529041,,0.14029357188826,FALSE,""
JAVELIN,3931,MIR142;HP;SNORD74;MIR3197;PIFO,1.19955807198341,,0.100023358070863,FALSE,""
JAVELIN,3932,PPAP2C;IRF4;IGFBP6;CCDC158;DOC2B,0.841368526093344,,0.103199386323098,TRUE,""
JAVELIN,3933,MIR142;C2;NT5E;SNORD114-25;PABPC4L,1.05966305546168,,0.60018367997729,FALSE,""
JAVELIN,3934,MIR126;GYLTL1B;LY96;GYG2;PDE1C,1.42760148296127,,0.00111941451770832,FALSE,""
JAVELIN,3935,MIR23C;MIR148B;RHOBTB3;AMPD1;S1PR4,1.02369173010176,,0.829858745002366,FALSE,""
JAVELIN,3936,FAM46C;PPP1R1A;RIPK4;CYP2C19;GSTT2,1.01348153458358,,0.899408142404017,FALSE,""
JAVELIN,3937,MIR3189;NRG1;GPC4;SNORD116-5;LOXL4,1.25688724003638,,0.0397915681632191,FALSE,""
JAVELIN,3938,ACADL;IRF4;MKI67;DUSP15;PCDHGC5,1.03781143021379,,0.71617540286505,FALSE,""
JAVELIN,3939,CNN1;ETNK2;MYO5B;MIR378D2;RSAD2,0.974675129313913,,0.810985771353532,TRUE,""
JAVELIN,3940,ITGB6;MGAM;NT5E;MIR4479;GCAT,1.19402527711026,,0.114065139353756,FALSE,""
JAVELIN,3941,RBP4;SLC23A1;ADCY4;LOC101929335;MIR4681,1.42105484518737,,0.00143784816097156,FALSE,""
JAVELIN,3942,MIR23C;F10;MCF2L;IP6K3;GCAT,1.30867319511283,,0.0149021291424263,FALSE,""
JAVELIN,3943,C8orf4;MIR4731;MS4A4A;PAEP;DBH-AS1,1.03406236249246,,0.757588811111513,FALSE,""
JAVELIN,3944,SNCG;SLC38A11;TEK;TMEM45B;LILRB4,1.3146828681368,,0.00997326619981028,FALSE,""
JAVELIN,3945,PLA2G7;SNAP25;RHOBTB3;TCAP;MIR4753,1.19723650570405,,0.0935888528227752,FALSE,""
JAVELIN,3946,MIA2;CD79A;PC;FGF14;DAPK2,1.20827865923312,,0.0811651182243964,FALSE,""
JAVELIN,3947,CYP2E1;SLC4A3;BMP2;NMU;MDH1B,1.25499913492674,,0.0366602906076253,FALSE,""
JAVELIN,3948,BCL2A1;FOSL1;HOXD4;KRT13;TAL1,1.03739272588603,,0.729370174709426,FALSE,""
JAVELIN,3949,ACSM5;F5;ALDOC;BMP5;MIR1183,1.34038314755232,,0.00649219800871725,FALSE,""
JAVELIN,3950,LAMC3;TESC;DCBLD2;DNAH9;MIR579,0.993515485235724,,0.951988090277294,TRUE,""
JAVELIN,3951,ADAM12;MIR3145;IL2RB;EHF;RGS4,1.0050579917516,,0.96368364697149,FALSE,""
JAVELIN,3952,MYOM3;ALDH8A1;MIR4635;UMOD;MIR221,1.19015760793032,,0.11367972756873,FALSE,""
JAVELIN,3953,GBA3;SLC4A3;MIR4635;NMU;P2RY6,1.15985594993923,,0.162902194804469,FALSE,""
JAVELIN,3954,FNDC1;LYVE1;FKBP9P1;IGSF10;MIR3664,0.983943289484048,,0.880057344377454,TRUE,""
JAVELIN,3955,DCDC2;FOXF1;MS4A4E;CAPN8;CPNE5,1.294146174453,,0.0201944850658345,FALSE,""
JAVELIN,3956,SLIT2;SERPINA6;LDLR;ETV4;DSEL,1.23257194704179,,0.0542340535896791,FALSE,""
JAVELIN,3957,PIGR;ASRGL1;CACNA1C;SLC4A1;CLDN9,1.44726600208821,,0.00142724053357519,FALSE,""
JAVELIN,3958,COMP;FCGBP;MCF2L;PAPPA2;TSPYL5,1.22267043257766,,0.0635372778693982,FALSE,""
JAVELIN,3959,ACE2;ELOVL7;SNORD116-28;TCHH;COL21A1,1.35007297386568,,0.00468593458862445,FALSE,""
JAVELIN,3960,NR4A3;LDHD;SELENBP1;DNAH9;MIR4706,1.394430749828,,0.00340888422476641,FALSE,""
JAVELIN,3961,MIR25;B3GNT3;PIEZO2;SLC5A8;P2RY6,1.2909678667381,,0.0199809756601748,FALSE,""
JAVELIN,3962,RAP1GAP;PAH;RHOBTB3;MIR152;SIX1,1.1954505586107,,0.0982596962447544,FALSE,""
JAVELIN,3963,MIR4730;MIR339;CALCRL;MIR874;ACOT1,1.52956281953872,,8.28612524087409e-05,FALSE,""
JAVELIN,3964,CCL20;RGN;ID1;TNNT2;GRIP1,1.13936711931246,,0.238277277698116,FALSE,""
JAVELIN,3965,CXCL1;MFAP2;SNORA48;ARHGEF38;LINC00299,1.20776406748016,,0.0681589565398557,FALSE,""
JAVELIN,3966,DDC;MIOX;BMP2;SLC4A1;C6orf132,1.25046774945231,,0.0486037392021555,FALSE,""
JAVELIN,3967,MIR29B2;NAPSA;ADAMTSL3;MIR3187;SNORD116-10,1.29267584950195,,0.0171606443236957,FALSE,""
JAVELIN,3968,CPZ;SLC16A9;SNORD29;PERM1;USHBP1,1.26878409881451,,0.0236902503439989,FALSE,""
JAVELIN,3969,FRAS1;LAG3;S1PR3;SLC47A2;CCDC144CP,1.18709271314849,,0.121007457462676,FALSE,""
JAVELIN,3970,MIR548AR;KLHDC7A;PIEZO2;MIR4506;CCDC154,1.25283894216863,,0.0326022667670748,FALSE,""
JAVELIN,3971,GLYAT;HSH2D;LZTS1;MATN3;NRXN3,1.23294202106937,,0.040452514246787,FALSE,""
JAVELIN,3972,F8;KLKB1;IGFBP6;SLC13A3;AK7,1.45796859944266,,0.000860999134825915,FALSE,""
JAVELIN,3973,MACC1;CXCL13;TEK;AMBP;MIR548S,1.07896936314939,,0.451621453941515,FALSE,""
JAVELIN,3974,TNFAIP6;SNORD67;MIR637;SLC7A11;LOC643339,1.56989867631196,,8.69601684491172e-05,FALSE,""
JAVELIN,3975,FXYD2;ARG2;MIR631;MIR134;ROPN1L,1.45431071086377,,0.000813040609854007,FALSE,""
JAVELIN,3976,NXPH4;CYP24A1;SNORD6;GPM6A;CKAP2L,0.991186506513847,,0.935676911401094,TRUE,""
JAVELIN,3977,KRT7;SLC22A3;PIEZO2;BMPER;SNCAIP,1.07396925776014,,0.515078744732323,FALSE,""
JAVELIN,3978,NTM;EGR3;ACSF2;PTGES;PSD3,0.975066808397917,,0.817083201710636,TRUE,""
JAVELIN,3979,NEB;VSIG2;EMP1;ANO4;MIR765,1.18491699430297,,0.127089979999711,FALSE,""
JAVELIN,3980,NLGN1;MOXD1;CALCRL;MIR134;SLC39A4,1.40481565669402,,0.00104141916182433,FALSE,""
JAVELIN,3981,TRABD2B;MLLT11;MIR544B;MIR365A;PDE1C,1.08463505819961,,0.466962475197477,FALSE,""
JAVELIN,3982,CPZ;MAP7D2;ARHGEF15;SCGB1D2;CYP2D7P,1.35899538693712,,0.00400275056261084,FALSE,""
JAVELIN,3983,JPH2;AZGP1;BMP2;SBSN;PDGFD,1.48062813168202,,0.00019176752649044,FALSE,""
JAVELIN,3984,MIR1180;PLIN4;FPR1;AMZ1;PTTG2,0.950861227083962,,0.652376495976659,TRUE,""
JAVELIN,3985,FAM46C;PAH;MIR631;MYOT;UHRF1,1.06701518987374,,0.551249076942177,FALSE,""
JAVELIN,3986,PRSS8;ACHE;IFI44L;PRSS3;MIR3674,1.01774330180448,,0.870618475980312,FALSE,""
JAVELIN,3987,SLPI;ETNK2;PIEZO2;TJP3;MEFV,0.996135859946536,,0.971067615407766,TRUE,""
JAVELIN,3988,MIR4499;PTGS2;SNORD29;SIM2;CLEC1A,1.26518597122587,,0.0331274911994454,FALSE,""
JAVELIN,3989,ESM1;GLYATL1;MIR3975;NPC1L1;MIR4753,1.54199750121348,,6.74775860277846e-05,FALSE,""
JAVELIN,3990,NPR3;RGN;MTCL1;FAM3B;IL1RL2,1.25125824423131,,0.0347557198091186,FALSE,""
JAVELIN,3991,C14orf105;KCNJ3;TSKU;TDO2;VN1R1,1.35396457808258,,0.00528201201854611,FALSE,""
JAVELIN,3992,PROM1;ZFHX4;CACNA2D1;ADRB1;FRMD3,1.16690336608613,,0.142668780315289,FALSE,""
JAVELIN,3993,SEC14L6;NLGN4Y;ANGPT2;MTTP;CYYR1,1.33221558154162,,0.00754482870973733,FALSE,""
JAVELIN,3994,AOC1;MAP7;FKBP9P1;OGN;KCNJ5,1.30392149480666,,0.0112045183768667,FALSE,""
JAVELIN,3995,IKZF3;OLFM2;DMD;HTR6;RASSF6,1.11091672349491,,0.299346417365015,FALSE,""
JAVELIN,3996,MIR27A;SNORD87;SNORA77;LMO1;PPFIA3,1.19902946482538,,0.103643319574301,FALSE,""
JAVELIN,3997,TRABD2B;SIGLEC14;MIR637;SCTR;ACTA2-AS1,1.15949487207128,,0.172805222864331,FALSE,""
JAVELIN,3998,TMEM27;MFAP2;GEM;SNORD115-1;MIR5094,1.21348503361485,,0.0799632402662875,FALSE,""
JAVELIN,3999,KCP;DUSP2;MIR1207;PCDHGA3;ZSWIM5,1.14426164203743,,0.1964008317926,FALSE,""
JAVELIN,4000,CCL20;SLC4A3;DCBLD2;PIK3C2G;NCAPG,0.792530385865361,,0.0360076343924292,TRUE,""
JAVELIN,4001,COL4A3;PCDHGA4;HRSP12;ITPKA;CLEC10A,1.053066682485,,0.626872257341438,FALSE,""
JAVELIN,4002,FER1L4;ASPHD1;CYTIP;TRIM54;SNORD24,0.982383338602282,,0.867311157015578,TRUE,""
JAVELIN,4003,BBOX1;COLEC12;DCBLD2;KCNS1;PPIAP30,0.878734387825698,,0.24409175571072,TRUE,""
JAVELIN,4004,PGF;SNORD65;LDLR;CCDC78;HAS3,0.950613245407839,,0.632588260159706,TRUE,""
JAVELIN,4005,MIR3646;GLIS1;ALDOC;SLC5A2;IER3,1.37798937274632,,0.00333556655698613,FALSE,""
JAVELIN,4006,ABCC6;RASAL1;DLL4;CHGB;TBX21,1.32520886633564,,0.0070119618893361,FALSE,""
JAVELIN,4007,SLPI;FUT6;APCDD1;GC;RGS16,1.06414924100036,,0.576881865027313,FALSE,""
JAVELIN,4008,PCDHGB2;MAP7D2;TSKU;MYOZ1;NRXN3,1.11841043773623,,0.301910877967749,FALSE,""
JAVELIN,4009,C1orf106;INHBB;MXRA8;HTR6;LOC729970,1.33390990109342,,0.00854600847099993,FALSE,""
JAVELIN,4010,FNDC1;GREM1;MIR938;CYP4A22;C14orf183,1.21881385453263,,0.0697090969858107,FALSE,""
JAVELIN,4011,GBA3;VANGL2;SELENBP1;C9;SYCE1L,1.25365109301701,,0.0379252530006223,FALSE,""
JAVELIN,4012,EMX2;TNXB;TOP2A;APOC3;CITED4,1.10952695590549,,0.347721334588081,FALSE,""
JAVELIN,4013,FXYD2;MIR4519;ARHGEF15;CRHBP;SNORA38,1.43573544035009,,0.000931449008743453,FALSE,""
JAVELIN,4014,PTHLH;AQP7;SEMA4G;MIR1271;KCNN4,1.15943296332463,,0.187977989226724,FALSE,""
JAVELIN,4015,FGG;ZNF711;SNORA26;MIR378D2;CLEC1A,1.22797519809988,,0.0541326392898886,FALSE,""
JAVELIN,4016,FOLH1;SPX;2020-03-02 00:00:00;MIR4479;DOC2B,1.40616850148586,,0.00220553414546322,FALSE,""
JAVELIN,4017,TMEM27;PTGS2;HOXD4;CYP2C19;SNORD126,1.36387034570143,,0.00476032581600914,FALSE,""
JAVELIN,4018,HOXD10;CD22;SLC1A1;MIR379;DBNDD1,1.15281387518648,,0.219628308561794,FALSE,""
JAVELIN,4019,SCIN;MIR3145;2020-03-02 00:00:00;TEX11;CDS1,1.466442869795,,0.000533363615359165,FALSE,""
JAVELIN,4020,S100A8;SLC2A2;MYO7A;GDF6;MIR3942,1.21534606676678,,0.0726446360401669,FALSE,""
JAVELIN,4021,GPR126;REEP6;TEK;RHCG;CCDC144CP,1.20120419573182,,0.0956207361896842,FALSE,""
JAVELIN,4022,MAL;PLA2G2A;SNORD6;CHAT;JAKMIP1,0.920321593787581,,0.453470408299158,TRUE,""
JAVELIN,4023,TSPAN13;MIR339;ALDH6A1;PKD1L2;FCN1,1.29559133328626,,0.0168976958327003,FALSE,""
JAVELIN,4024,OLR1;LOC101928757;LDB2;DUSP15;MIR581,1.18633876747383,,0.0965286278586996,FALSE,""
JAVELIN,4025,MIR29B2;SLC6A10P;FKBP9P1;CRHBP;KCNIP3,1.14365692943494,,0.207933220965478,FALSE,""
JAVELIN,4026,ESM1;GABRD;LDB2;KCNH6;PRRT3-AS1,1.50120942274441,,0.000252678932914579,FALSE,""
JAVELIN,4027,MIR4317;PCDHGA4;GPC4;IGSF10;THRB,1.26541283032452,,0.0265777708926513,FALSE,""
JAVELIN,4028,ITGB6;SLC2A2;IL2RB;MIR3617;CDC42BPG,1.04247252023222,,0.693718120392483,FALSE,""
JAVELIN,4029,FMO3;TMEM139;S1PR3;FCAMR;MFAP3L,1.31547506818076,,0.0135612585905579,FALSE,""
JAVELIN,4030,ACKR1;PDGFRL;MIR4435-2;OR2T34;GRTP1,1.38200080047567,,0.00295333507353195,FALSE,""
JAVELIN,4031,MIR378I;MIRLET7D;EVI2B;TEX11;GRTP1,1.07410587524865,,0.49088182621891,FALSE,""
JAVELIN,4032,KCP;CYP4F12;MIR1537;LAMP3;PAPPA-AS1,1.34324239325428,,0.00621806269469383,FALSE,""
JAVELIN,4033,UGT8;MIR1303;ARHGEF15;MIR874;UBE2T,1.39303525525314,,0.00253674692552993,FALSE,""
JAVELIN,4034,HOXD10;SNORD110;SLC1A1;SP5;P2RY6,1.26640036942443,,0.0326746557846378,FALSE,""
JAVELIN,4035,ACKR1;ABCA12;NT5E;SLC35F3;BIRC5,0.86925876899779,,0.21691776102774,TRUE,""
JAVELIN,4036,QPCT;LIPC;ARL4C;CCDC78;ZNF334,0.938849434410789,,0.563485467468466,TRUE,""
JAVELIN,4037,UGT8;MAP7D2;PLEKHA7;MIR298;GRTP1,1.14443463015754,,0.211742757449833,FALSE,""
JAVELIN,4038,VTRNA2-1;MAP7;DCBLD2;TMEM132E;KIAA1755,1.24875084911577,,0.0428003821514729,FALSE,""
JAVELIN,4039,FER1L4;SERPINA6;HIST1H4L;CYP8B1;ADORA2B,1.17187954744846,,0.150218817044722,FALSE,""
JAVELIN,4040,CD38;CCDC64;HIST1H2AL;EBF3;TG,0.977992263084619,,0.831457491171296,TRUE,""
JAVELIN,4041,AKR7A3;MIR186;MS4A4A;CLGN;ALMS1P,1.45520668470164,,0.000368267516423464,FALSE,""
JAVELIN,4042,CD38;MIR4326;MIR1537;MIR758;WNT9A,0.891630285425814,,0.290525998220125,TRUE,""
JAVELIN,4043,WDR72;ADRA2A;SELENBP1;GRIA3;APOBEC3H,1.29001123508184,,0.017076177337353,FALSE,""
JAVELIN,4044,SPOCK1;WDR66;TREM2;MIR544A;PRRT3-AS1,1.03460299386569,,0.750465018230746,FALSE,""
JAVELIN,4045,MYO3A;LDHD;MYO1G;MIR3187;COL21A1,1.43869577712307,,0.000632799041512922,FALSE,""
JAVELIN,4046,NPR3;CPXM1;SNORD74;ORM1;GLI1,1.26005036880176,,0.036069115635859,FALSE,""
JAVELIN,4047,F8;ADAMTS14;ECM2;MIR346;RASD2,1.15449227351713,,0.18719796152988,FALSE,""
JAVELIN,4048,GATA3;CCDC148;MIR628;HLA-G;SIT1,1.05078607321595,,0.633365285295167,FALSE,""
JAVELIN,4049,COL4A4;DSCAML1;SNORD74;MIR4654;FIBIN,1.38637416121867,,0.00314074742508006,FALSE,""
JAVELIN,4050,MAL;SNORD67;GPC4;NPC1L1;ZDHHC11,1.12334235963074,,0.277167210862913,FALSE,""
JAVELIN,4051,ACY3;CXCL8;SNORD116-16;RSPO4;TP73,1.18968131948476,,0.120075522949192,FALSE,""
JAVELIN,4052,TMEM27;ADAMTS14;SLC1A1;HSD17B2;LOC400043,1.33597791193198,,0.00827506252691371,FALSE,""
JAVELIN,4053,ITGB6;MLLT11;SNORD12B;PVALB;KIF26A,0.931989824979726,,0.505713538090082,TRUE,""
JAVELIN,4054,PYCR1;MIR4326;TSKU;PTPRQ;MIR583,1.1355609108706,,0.246946134442323,FALSE,""
JAVELIN,4055,F8;STEAP1;TSKU;MIR4486;THEMIS,1.08474853072415,,0.443335381128215,FALSE,""
JAVELIN,4056,MIR4526;COLEC12;PC;CRYAA;PCDHGA6,1.24145805596874,,0.0433989614549417,FALSE,""
JAVELIN,4057,PCOLCE2;TRIM55;MIR1207;MIR365A;AMY2B,1.34119825780149,,0.00915653334456227,FALSE,""
JAVELIN,4058,MIR4730;AZGP1;MCF2L;ZNF812;KBTBD11,1.47124105832757,,0.000468788099923616,FALSE,""
JAVELIN,4059,TNFAIP6;UBASH3A;MYO7A;EHF;RPS6KL1,1.19988964279881,,0.0873410910007329,FALSE,""
JAVELIN,4060,REG1A;LAMC2;MIR4714;TNNI3;MIR4706,1.19420898849501,,0.107533346092504,FALSE,""
JAVELIN,4061,TRABD2B;MIR3918;MAP4K1;SCGB1D2;TSPAN2,1.27444365711064,,0.02144326871073,FALSE,""
JAVELIN,4062,GATA3;CPXM1;TOP2A;EBF3;JAKMIP1,0.860657699096818,,0.171001140620978,TRUE,""
JAVELIN,4063,PGF;CD79A;MIR1537;GC;RBPMS2,1.25094325511057,,0.0380333021626465,FALSE,""
JAVELIN,4064,CTSW;SNORD67;PTER;ALOX15B;LOC101928871,0.953599591860303,,0.652900831600412,TRUE,""
JAVELIN,4065,GLYAT;STEAP1;PTER;GRIK4;TBX21,1.14818725681849,,0.193689300040824,FALSE,""
JAVELIN,4066,SHROOM3;STK32B;HIST1H4L;SLC18A3;PDCD1LG2,1.16474597357366,,0.163289350103735,FALSE,""
JAVELIN,4067,UGT8;SNORD65;GAMT;FLJ22184;HAS3,1.13899966192918,,0.232610997396767,FALSE,""
JAVELIN,4068,GPR126;REEP6;TMEM204;THPO;FAM212A,1.31847460678972,,0.0109910509872559,FALSE,""
JAVELIN,4069,ARHGEF16;MFAP2;BMP2;PEG3;LOC100294362,1.37629328813107,,0.00283649385836371,FALSE,""
JAVELIN,4070,HIF1A-AS2;MIRLET7A2;PBX1;CA3;GRTP1,1.39257305776184,,0.00214243603295264,FALSE,""
JAVELIN,4071,SLC39A5;GLYATL1;FKBP9P1;KRT13;LOC283278,1.36783814988189,,0.00344435106117916,FALSE,""
JAVELIN,4072,FCN3;CYP24A1;DENND2A;C16orf89;FIGNL2,1.41152159005401,,0.00170985241991221,FALSE,""
JAVELIN,4073,MYO3A;PTPRD;MXRA8;ARHGAP40;LOC101928749,1.3220529882992,,0.0104954247300632,FALSE,""
JAVELIN,4074,ACKR1;DSCAML1;HOXD4;SLC52A3;RBM20,1.4376815391684,,0.000675920332368911,FALSE,""
JAVELIN,4075,PGF;WNK4;RHOBTB3;SAA2;SIX1,1.06923889470039,,0.539703512091216,FALSE,""
JAVELIN,4076,GBA3;PCDHGA5;CKS2;IL1RL1;MIR626,1.13134257973908,,0.250163383663706,FALSE,""
JAVELIN,4077,PLAC9;CDH23;HOXD9;ATOH8;CACNB2,1.42510009250896,,0.000824580053185716,FALSE,""
JAVELIN,4078,IGF2BP2;SLC27A2;PIEZO2;MS4A2;KIF20A,0.962428946757185,,0.732500783257131,TRUE,""
JAVELIN,4079,FGB;MIR4326;RGL3;ST8SIA5;COL9A2,1.17057155637762,,0.157195972658509,FALSE,""
JAVELIN,4080,SRPX;CDHR1;CDH13;ESRP1;DBNDD1,1.13953872421743,,0.224617884662679,FALSE,""
JAVELIN,4081,QPCT;FLRT3;COL5A3;SCN4A;MIR3177,1.31621907552749,,0.0122667608928171,FALSE,""
JAVELIN,4082,PROM1;CXCL13;MIR631;TFR2;UNC5C,1.06967737247287,,0.522498672141278,FALSE,""
JAVELIN,4083,ALDH1L1;ANKRD18A;MIR1537;MIR100;ZNF471,1.52441264054469,,0.00016792669630981,FALSE,""
JAVELIN,4084,BCMO1;SNORD115-5;CCL4;COCH;CCDC85A,1.25879668356378,,0.0341409867646758,FALSE,""
JAVELIN,4085,NOX4;SYBU;RASGRP1;SCARA5;CCR6,1.10787108605837,,0.336343317536412,FALSE,""
JAVELIN,4086,PCDHGB2;CXCL8;MAP4K1;TFR2;MIR3664,0.937963909079888,,0.561689201090132,TRUE,""
JAVELIN,4087,PDLIM4;MIR646;SNAI2;TMC5;PTTG2,1.08450103958268,,0.455613246769736,FALSE,""
JAVELIN,4088,ACKR1;MST1P2;PTER;MIR874;SIX1,1.19482624419159,,0.104620826082288,FALSE,""
JAVELIN,4089,PYCR1;ZFY;MIR637;RANBP3L;SNORD20,1.11303114775365,,0.326948394862096,FALSE,""
JAVELIN,4090,NEB;PDGFRL;COL5A3;MIR4786;MIR3157,1.26698389074126,,0.0309588629264376,FALSE,""
JAVELIN,4091,BBOX1;CMYA5;MIR544B;PPP1R14D;PAPPA-AS1,1.4667432116789,,0.00057427211218528,FALSE,""
JAVELIN,4092,AOC1;ST6GALNAC2;SNORD74;CCDC158;MIR765,1.26680201476238,,0.0326681284932967,FALSE,""
JAVELIN,4093,CST7;CXCL8;FKBP9P1;PTK6;SLC39A4,0.921338297603703,,0.464418417877547,TRUE,""
JAVELIN,4094,ITGB6;SNAP25;RASGRP1;SLC36A2;DEPDC1B,1.01437118001808,,0.896091162299726,FALSE,""
JAVELIN,4095,MIR4652;PCDHGA4;HIST1H2AL;CPA6;LOC283278,1.11176822008239,,0.330631841647134,FALSE,""
JAVELIN,4096,SPOCK1;MIR4804;CACNA2D1;SNORD114-2;CCDC3,1.00179295021633,,0.986908724683133,FALSE,""
JAVELIN,4097,SCN9A;MIR1972-1;MS4A4A;MIR196A1;C2orf82,1.18646624759362,,0.137792625765326,FALSE,""
JAVELIN,4098,CST7;DNASE1L3;DMD;HOXB13;MIR221,0.927883180993735,,0.475243414612976,TRUE,""
JAVELIN,4099,BBOX1;CPXM2;MXRA8;ADCY2;PIFO,1.32606653217592,,0.00718362203712792,FALSE,""
JAVELIN,4100,ITGA8;INHBB;HOXD4;FAM151A;SNORD24,1.41409229255463,,0.00115881600743173,FALSE,""
JAVELIN,4101,PDLIM4;RARRES1;DLL4;HSD17B6;P2RY10,1.01953004734687,,0.856815557577807,FALSE,""
JAVELIN,4102,SULT1C4;DNAH5;MIR1537;SMOC1;SPTBN5,1.18659373568933,,0.120411416389744,FALSE,""
JAVELIN,4103,MIR4292;SIGLEC14;SLC1A1;SP5;WIPF3,1.15241182906994,,0.19178177541375,FALSE,""
JAVELIN,4104,HOGA1;GLIS1;PLAT;CRYAA;CLDN9,1.36506698432667,,0.00559022462284693,FALSE,""
JAVELIN,4105,TBX3;IL1B;EMP1;MGARP;GJC2,1.19168220845547,,0.0955340076337788,FALSE,""
JAVELIN,4106,PGF;SNORD115-5;RNF128;ANKRD2;CITED4,1.15868491056861,,0.178538368086236,FALSE,""
JAVELIN,4107,STC1;C5orf46;ARHGEF15;FPR2;THSD4,1.05917142552337,,0.597926258451451,FALSE,""
JAVELIN,4108,MIR126;MIRLET7I;ADAMTSL3;SNORD115-13;ADAMTS12,1.31373895339237,,0.00988325546865855,FALSE,""
JAVELIN,4109,RAB17;GRB14;TSKU;FCRL3;FAIM3,0.972027439355293,,0.796189012664429,TRUE,""
JAVELIN,4110,TFPI2;SLC12A8;MKI67;HCAR2;PARP15,0.795349911393827,,0.0345570972066515,TRUE,""
JAVELIN,4111,SORBS2;PTPRD;RASGRP1;MAMDC2;TMC4,1.18302753096809,,0.125837716526846,FALSE,""
JAVELIN,4112,MGAT3;GYLTL1B;TMEM204;SFTPA1;TMEM38A,1.38834336564278,,0.0029048284996873,FALSE,""
JAVELIN,4113,UPB1;F5;CYTIP;CYP4F2;RHBDL1,1.15094626226355,,0.193725046644112,FALSE,""
JAVELIN,4114,FABP4;SDS;GEM;PXDNL;GRHL1,1.14308442462916,,0.215207452354735,FALSE,""
JAVELIN,4115,STEAP4;AIF1L;HOXD9;LOC389602;TAL1,1.34688212743381,,0.00693312403746016,FALSE,""
JAVELIN,4116,SBSPON;MIR548AA2;LDLR;BDH1;NEK10,1.09316740134441,,0.402366125016472,FALSE,""
JAVELIN,4117,AKR7A3;MIR4731;MMP11;PODNL1;GCAT,1.32776111482569,,0.00860974440561494,FALSE,""
JAVELIN,4118,PLA2G7;MAL2;HIST1H2BM;B3GAT1;WNT9A,0.787577699198312,,0.0329284391289886,TRUE,""
JAVELIN,4119,LOC101927960;MIR339;HIST1H2AL;MIR4251;RASD2,1.34505597924969,,0.00569866988837471,FALSE,""
JAVELIN,4120,RBP4;TESC;MIR544B;CA3;RGS16,1.11426974906515,,0.326719910900842,FALSE,""
JAVELIN,4121,ACE2;CES3;PPL;AP3B2;PLEKHN1,1.1281940012625,,0.252597806295189,FALSE,""
JAVELIN,4122,TRABD2B;HLF;ITGA11;ASPG;TDRD10,1.36268321826896,,0.00372072413301818,FALSE,""
JAVELIN,4123,GATA3;AGMAT;RHOBTB3;SAA2;CACNB2,1.12369237646308,,0.295086698376283,FALSE,""
JAVELIN,4124,TSPAN7;C4B;ADCY4;C12orf36;CHST1,1.16791393245959,,0.14882754068259,FALSE,""
JAVELIN,4125,COX4I2;PRAP1;HRSP12;ALOX15B;ROPN1L,1.28052037918254,,0.0231894531680007,FALSE,""
JAVELIN,4126,NPNT;KLHDC7A;IL2RB;RTKN2;C6orf132,1.09431259130453,,0.385346010386739,FALSE,""
JAVELIN,4127,BAMBI;ABCA12;HIST1H2AL;MIR4500;ADAMTS12,0.97270937742591,,0.804288737193679,TRUE,""
JAVELIN,4128,TRABD2B;GFRA1;PLAT;OR2T34;GCAT,1.30190217124499,,0.0161360386106348,FALSE,""
JAVELIN,4129,FOLH1;HSH2D;CACNA2D1;FLG;PADI2,1.03558629231774,,0.750439618178832,FALSE,""
JAVELIN,4130,CRB3;MIRLET7A2;TIE1;FCER2;MIR593,1.36166310780272,,0.00557923776597899,FALSE,""
JAVELIN,4131,SCNN1A;GRM8;RNF128;SLC26A7;P2RY6,1.15902141037605,,0.162122349027188,FALSE,""
JAVELIN,4132,NPNT;CXCL8;ITGA11;PCDHGA3;CCDC3,1.17082669532692,,0.152373927398255,FALSE,""
JAVELIN,4133,CTSW;KLHDC7A;PTK7;MIR544A;GPRIN1,0.85870760911008,,0.153813426449217,TRUE,""
JAVELIN,4134,COMP;LRG1;MIR631;CA3;SLC16A10,1.15223193518845,,0.194670785677893,FALSE,""
JAVELIN,4135,DCDC2;MIRLET7F1;ID4;S100B;GJC2,1.33387061687323,,0.00885199220695953,FALSE,""
JAVELIN,4136,IL17RB;SIGLEC14;BMP2;MIR296;BIRC5,1.12201591938256,,0.29558937356838,FALSE,""
JAVELIN,4137,OGDHL;MIR548AU;PTER;TCHH;LRRC4,1.15451804786157,,0.18946791080593,FALSE,""
JAVELIN,4138,MIA2;CCDC64;ACSF2;SFTPB;C14orf183,1.22976250805406,,0.0682118715214808,FALSE,""
JAVELIN,4139,F8;MIR4655;FAM20A;CNDP1;ALMS1P,1.38829481994658,,0.00178469686087755,FALSE,""
JAVELIN,4140,HNF1A;MIR4326;MCF2L;MIR181B2;HAS3,1.35262567970788,,0.00510034391402096,FALSE,""
JAVELIN,4141,MIR1180;MFAP2;COX7A1;MROH2A;CPNE5,1.24072125346214,,0.0510101901800149,FALSE,""
JAVELIN,4142,TSPAN7;EGR3;ALDH6A1;CALCR;CTRL,1.40323280591843,,0.00213273857060064,FALSE,""
JAVELIN,4143,MYOM3;ZFHX4;SELENBP1;ARHGEF38;CYP4X1,1.27685068569596,,0.0258807693488674,FALSE,""
JAVELIN,4144,BAIAP2L2;SLC7A8;CSF3R;MIR379;GJA5,1.14905807327825,,0.19431077787294,FALSE,""
JAVELIN,4145,TMEM45A;DUSP2;MST1;IP6K3;CCDC144CP,1.16626176601767,,0.152940363765894,FALSE,""
JAVELIN,4146,AKR7A3;CHRDL1;CACNA1C;LOC101928281;GLI1,1.38160757550226,,0.0032398654597673,FALSE,""
JAVELIN,4147,MIR548AR;PNMA2;TMEM132A;LRRN2;CYP26B1,1.01308408233739,,0.907489615377719,FALSE,""
JAVELIN,4148,SCN9A;GLIS1;HIST1H2BM;SCGB1A1;LOC101928003,1.24481785945149,,0.0408004500628381,FALSE,""
JAVELIN,4149,LPL;KIT;CCL4;SFTPA1;SPNS3,1.16930197984113,,0.130584093958061,FALSE,""
JAVELIN,4150,PGF;MFI2;ANGPT2;HSD3B2;SNORD19,1.19466077309502,,0.108675662155624,FALSE,""
JAVELIN,4151,SEC14L6;C10orf113;ALDH6A1;CPA6;RASSF6,1.4174015340487,,0.00161886551462384,FALSE,""
JAVELIN,4152,CHDH;MFI2;PLAT;CST6;FAXDC2,1.01201010448865,,0.913718993374664,FALSE,""
JAVELIN,4153,GLYAT;ITGBL1;MIR1207;FOXI1;SPNS3,1.34530449273205,,0.00703270854721085,FALSE,""
JAVELIN,4154,SRPX;MIR1249;HMCN1;SFTPA1;MIR1256,1.1811053651867,,0.113476833658652,FALSE,""
JAVELIN,4155,SLPI;PAQR5;SNORD6;PCDHB6;KIAA1755,1.24749041225292,,0.0514973669618293,FALSE,""
JAVELIN,4156,NR4A3;HP;MTCL1;ANKRD1;RASGEF1A,0.872471669776061,,0.208724065532479,TRUE,""
JAVELIN,4157,MIR30A;PCK1;TEK;SLC7A11;COLCA2,1.57558861553199,,6.25646987337429e-05,FALSE,""
JAVELIN,4158,SCNN1A;SLAMF7;MIR3975;SCGB1A1;ADAMTS12,1.01817985310055,,0.868216601015432,FALSE,""
JAVELIN,4159,TNFAIP6;AIF1L;TIE1;SNORD115-25;WISP1,1.49847971469051,,0.000281164548154125,FALSE,""
JAVELIN,4160,MIR29B2;ITGBL1;PTK7;GCKR;CCDC141,1.01835155564185,,0.863194114252732,FALSE,""
JAVELIN,4161,RERG;GPRC5A;HIST1H4L;OR2T10;NLGN4X,1.24109105615417,,0.0434303695065925,FALSE,""
JAVELIN,4162,LOC101927834;SFRP1;MIR197;MIR218-1;MIR4771-2,1.34063060859121,,0.00676729485415279,FALSE,""
JAVELIN,4163,MUC3A;PCDHGA5;MIR1537;AGXT;SNORD24,1.3028760898708,,0.0144973459901038,FALSE,""
JAVELIN,4164,CCL18;DNASE1L3;FAM20A;VPREB3;CPNE5,0.987099659904734,,0.902212090669855,TRUE,""
JAVELIN,4165,OLFML2A;CD22;MYRF;PCDHB6;KIAA1324L,1.17361441054008,,0.138488366939754,FALSE,""
JAVELIN,4166,ACKR1;CPXM2;HIST1H2BO;CNTFR;SOGA3,0.943710595466747,,0.598368383866113,TRUE,""
JAVELIN,4167,CCL18;AGMAT;RNF128;HS3ST3A1;MIR221,0.919788173441318,,0.432949153061288,TRUE,""
JAVELIN,4168,MT1G;AR;MTCL1;EPS8L3;SNORD103B,1.07117989630505,,0.516763726955869,FALSE,""
JAVELIN,4169,CHDH;PAQR5;PTK7;AQP4;PIFO,1.34432854230445,,0.00672952382645264,FALSE,""
JAVELIN,4170,PDLIM4;CDA;HMCN1;MIR190A;PNMAL1,1.33767938419103,,0.00793495924394347,FALSE,""
JAVELIN,4171,ACSM5;SLC23A3;MIR637;MIR95;CLEC12A,1.33807429002132,,0.00710387811782245,FALSE,""
JAVELIN,4172,GLYAT;CLDN10;RNF128;SLC22A24;PSD3,1.45749777174284,,0.000418504085383599,FALSE,""
JAVELIN,4173,ANLN;LAG3;SNORD33;GC;FAM110C,0.959847546651595,,0.709028516319537,TRUE,""
JAVELIN,4174,PDLIM4;HPGD;MIR544B;KLHDC7B;HIST1H1A,1.07534754582926,,0.517334870108547,FALSE,""
JAVELIN,4175,UGT8;GYLTL1B;SLC2A9;PTK6;MIR151A,1.36662245496012,,0.00420574251307006,FALSE,""
JAVELIN,4176,MIR27B;MLXIPL;ID1;CACNA2D2;CCDC144CP,1.35231002051763,,0.00526788884813792,FALSE,""
JAVELIN,4177,GATA3;FOXQ1;TEK;OR2T3;TSPYL5,1.08427846847939,,0.45002932379761,FALSE,""
JAVELIN,4178,HABP2;NRG1;2020-03-02 00:00:00;PIK3C2G;WDR96,1.33778073235059,,0.00870802607119252,FALSE,""
JAVELIN,4179,NR4A2;MIR548AA2;TSKU;GGT3P;MIR4440,1.20470670904759,,0.0892484487896214,FALSE,""
JAVELIN,4180,HOGA1;AR;EFNA1;DUSP15;ATP1B2,1.31351665079029,,0.011979480171618,FALSE,""
JAVELIN,4181,MIR142;LOC647859;FZD8;MIR4654;SPHK1,1.05332142363142,,0.63613081012079,FALSE,""
JAVELIN,4182,BCMO1;TESC;GEM;P4HA3;SNORD45B,1.08186385347677,,0.484607911177055,FALSE,""
JAVELIN,4183,PEG10;RASAL1;EVI2B;PROC;KIAA1755,1.1653177029774,,0.158328430776708,FALSE,""
JAVELIN,4184,GZMA;ABCB4;HIST1H2BM;ATOH8;NEIL3,0.933676857810558,,0.528041518199734,TRUE,""
JAVELIN,4185,ANK3;HAMP;2020-03-02 00:00:00;DNER;FIGNL2,1.28067344784752,,0.0240481224850508,FALSE,""
JAVELIN,4186,FER1L4;GLIS1;SNORD74;EHF;SLAMF6,1.07634261294003,,0.49605706771596,FALSE,""
JAVELIN,4187,ITGB6;SDS;EVI2B;MIR4479;ANKRD29,0.897829802300319,,0.30614843226214,TRUE,""
JAVELIN,4188,ALDH1L1;PCDH10;ADAMTS2;MIR193A;SNORD45B,1.31232247554893,,0.0127156462485091,FALSE,""
JAVELIN,4189,HOGA1;DPEP1;EMP1;C5orf38;THEMIS,1.2035774941602,,0.0813640291095145,FALSE,""
JAVELIN,4190,PLA2G7;MIRLET7A2;RNF128;SFTPC;PCDHB16,1.23996107100072,,0.0485315108451417,FALSE,""
JAVELIN,4191,PRSS8;CCDC64;EVI2B;UPK1B;IL17RE,1.10586728258169,,0.347331095814643,FALSE,""
JAVELIN,4192,PLAC9;LOC100288152;HOXD9;FOXI1;MIR571,1.48553876745072,,0.000235808072847198,FALSE,""
JAVELIN,4193,CX3CR1;MIR148B;MAP4K1;SLC6A20;DNALI1,1.13151482830478,,0.233726717726357,FALSE,""
JAVELIN,4194,HNF1A;SLC22A3;HOXD4;MIR924;MIR1183,1.28888771558886,,0.0222947187820225,FALSE,""
JAVELIN,4195,CYP2E1;GABRD;MIR1537;RP1;GTSE1,1.23766272247476,,0.0457969244700472,FALSE,""
JAVELIN,4196,TINAG;GLIS1;SNORA48;ZMAT4;FAM132A,1.40799755063077,,0.00102438895012774,FALSE,""
JAVELIN,4197,PTH1R;GREM1;ALDH6A1;PDPN;RLTPR,1.07140916202429,,0.519239210882376,FALSE,""
JAVELIN,4198,NEB;MYO7B;MIR197;PROC;AGAP11,1.41468639916838,,0.00196416956059899,FALSE,""
JAVELIN,4199,ESM1;MST1P2;FZD8;EML6;ILDR1,1.5409816817681,,0.000110740862354558,FALSE,""
JAVELIN,4200,STC2;AQP7;HIST1H2AL;MIR410;COLCA2,1.43589822854834,,0.000963123676136916,FALSE,""
JAVELIN,4201,CCL19;GLIS1;TOP2A;TNNC2;ADAMTS15,0.958483563743062,,0.702353708872034,TRUE,""
JAVELIN,4202,FER1L4;PCK1;HRSP12;IRX1;WNT2B,1.46424457399833,,0.000607611946578116,FALSE,""
JAVELIN,4203,COL4A4;ST6GALNAC2;MIR544B;SNORD115-20;KCNA3,1.03255695982557,,0.767502245190655,FALSE,""
JAVELIN,4204,FRAS1;MIR548AA2;MYO7A;FAM183A;EPHB1,1.35680228340088,,0.00521076726230569,FALSE,""
JAVELIN,4205,COL4A4;FUT6;MIR4435-2;FAM183A;HSD17B3,1.4356091035593,,0.00106607209374356,FALSE,""
JAVELIN,4206,KCP;ADRA2C;SNORD59A;PVALB;SERTAD4-AS1,1.45736946503783,,0.000690593794940819,FALSE,""
JAVELIN,4207,COX4I2;GCNT3;NT5E;PXDNL;PLCH1,1.25322666806106,,0.0377320984637074,FALSE,""
JAVELIN,4208,HNF1A;FAP;MYRF;CXCR1;MIR643,1.03541239682919,,0.750932808339136,FALSE,""
JAVELIN,4209,HHLA2;MIRLET7D;MMP11;MIR924;LRP8,1.13234320563757,,0.2596610989764,FALSE,""
JAVELIN,4210,EMX2;PRAP1;ID1;PTX3;CDS1,1.20772722635977,,0.0822011878162833,FALSE,""
JAVELIN,4211,HNF1A;FABP7;SNORD33;KLHL4;SOGA3,1.21012009731489,,0.074992031886585,FALSE,""
JAVELIN,4212,STC1;PTPRD;MIR3975;ST8SIA6;LOC101927970,1.35940695995634,,0.00443929654323702,FALSE,""
JAVELIN,4213,GATA3;C4B;TEK;HTR6;CKAP2L,1.12361382440045,,0.270035737421253,FALSE,""
JAVELIN,4214,CRB3;SNORD87;HOXD4;SNORD115-4;DBNDD1,1.22495684035642,,0.0631263641884192,FALSE,""
JAVELIN,4215,ALPK3;CYP4F11;LZTS1;PODNL1;NTNG2,1.25321958363802,,0.0380254269164507,FALSE,""
JAVELIN,4216,SLCO4C1;FOXQ1;DENND2A;MIR1208;PI4KAP1,1.36031118776546,,0.00406895779831633,FALSE,""
JAVELIN,4217,GATA3;TTN;TIE1;KLHDC7B;SNCAIP,0.933795314509175,,0.508595936729479,TRUE,""
JAVELIN,4218,RASD1;C4B;CYTIP;MIR4479;PCDHB11,1.09191560960422,,0.413325024169569,FALSE,""
JAVELIN,4219,MIR126;GLYATL1;DMD;SLC17A2;ADAMTS15,1.50901647014567,,0.000134800507655705,FALSE,""
JAVELIN,4220,ADAMTSL2;ETNK2;MIR544B;DLK2;THSD4,1.27851243114093,,0.0234602618968953,FALSE,""
JAVELIN,4221,NOX4;C2;ALDH6A1;FOXA2;PPM1H,1.21378574035323,,0.0592589893505238,FALSE,""
JAVELIN,4222,FGG;CD69;SLC44A3;GUCY1B2;DEPDC7,1.50275014441152,,0.000165353748808558,FALSE,""
JAVELIN,4223,BCL2A1;MIR4655;LZTS1;HOXB13;TNFRSF18,1.0659284731592,,0.56181488526879,FALSE,""
JAVELIN,4224,MIR25;PDGFRL;SARDH;MIR345;FLRT2,1.16726073771967,,0.147253916071084,FALSE,""
JAVELIN,4225,UPB1;PALM3;SNORD59A;C19orf80;TMEM232,1.59043974682099,,1.79780130252957e-05,FALSE,""
JAVELIN,4226,CYP2E1;CXCR3;MIR544B;FCRL5;WNT3,0.99369128051414,,0.953372117294664,TRUE,""
JAVELIN,4227,FMO3;MIR23B;MIR938;TCHH;MIR579,1.22848604995027,,0.056930647550832,FALSE,""
JAVELIN,4228,ACE2;KLKB1;PPL;SNORD114-6;C14orf183,1.26523427908539,,0.0289371603036452,FALSE,""
JAVELIN,4229,CST7;GRB14;SARDH;OR2T3;IER3,1.24855687154914,,0.0392051471212339,FALSE,""
JAVELIN,4230,MIR4730;LRG1;CYTIP;GCGR;PDCD1LG2,1.10899825604706,,0.31613632751255,FALSE,""
JAVELIN,4231,FOLH1;ETNK2;IGFBP6;IHH;NLRC3,1.19049731865735,,0.0998441562885515,FALSE,""
JAVELIN,4232,COL4A4;SNORD87;COL5A3;HLA-G;ADAMTS15,1.13961595862835,,0.215988678837134,FALSE,""
JAVELIN,4233,PROM1;SLC12A8;MIR4635;ZBTB7C;FAM212A,1.10470774494491,,0.346097923117158,FALSE,""
JAVELIN,4234,MYH14;MIR563;ARL4C;ST6GAL2;HOXA7,1.33895256553563,,0.00798584567246422,FALSE,""
JAVELIN,4235,BBOX1;GABRD;RHOBTB3;SLC26A7;SNORD50A,1.53883868212097,,0.000114971652280291,FALSE,""
JAVELIN,4236,PYCR1;MZB1;SNORD29;EGFL6;MFAP3L,0.98230614861887,,0.866392911825339,TRUE,""
JAVELIN,4237,CCL20;MT1M;RNF128;SNORD114-4;MIR3605,1.04185369613499,,0.711491241840882,FALSE,""
JAVELIN,4238,PSAT1;PTPRD;ALDH6A1;PDE4C;DBH-AS1,1.3528021093035,,0.00419844278486275,FALSE,""
JAVELIN,4239,GZMA;ELOVL7;ECM2;IRX1;KCNA3,1.19311801770683,,0.0919484426649112,FALSE,""
JAVELIN,4240,F2RL1;AIF1L;PTER;CCDC158;GJA5,1.27631429301632,,0.025745435313878,FALSE,""
JAVELIN,4241,TACSTD2;MIRLET7E;ID1;SP5;ATP1B2,1.22603265540073,,0.0612234754457119,FALSE,""
JAVELIN,4242,FABP4;NRG1;MECOM;CCL13;ATP8B3,1.01366074169655,,0.897646995779501,FALSE,""
JAVELIN,4243,OGDHL;FAM65C;DCBLD2;CAMK2B;RASD2,1.15608220019826,,0.178969191317533,FALSE,""
JAVELIN,4244,F8;CYP24A1;SNORD116-8;FST;CD28,1.13224338814823,,0.235494891130624,FALSE,""
JAVELIN,4245,MIR4652;BTNL9;MIR1207;TENM2;SLAMF6,1.05754959820154,,0.615081911748368,FALSE,""
JAVELIN,4246,MACC1;ASRGL1;ARL4C;OPCML;MIR597,1.33770586918217,,0.00666087074142882,FALSE,""
JAVELIN,4247,CYP2E1;STK32B;RHOBTB3;CDH15;CLEC1A,1.3969512801736,,0.00202004897863416,FALSE,""
JAVELIN,4248,TNFAIP6;VSIG2;TREM2;MNX1;MIR3978,1.12029637874677,,0.283347741038596,FALSE,""
JAVELIN,4249,UGT2A3;SLC7A8;SNORA26;ATP2C2;DPY19L2P2,1.3725080682031,,0.00457025258190097,FALSE,""
JAVELIN,4250,MIR4499;SLC23A1;MIR4435-2;MIR1290;SPTBN5,1.40556373949357,,0.00209786586362227,FALSE,""
JAVELIN,4251,ANK3;PAQR5;EVI2B;SNORD115-42;DAPP1,0.976750146848751,,0.821979449604084,TRUE,""
JAVELIN,4252,SLC17A1;ETNK2;HOXD9;PCDHGA3;CKAP2L,1.22801296043935,,0.0546644538877488,FALSE,""
JAVELIN,4253,GBP5;IRF4;CYTIP;CYP2B7P;DGKI,0.935510482506957,,0.528316547580586,TRUE,""
JAVELIN,4254,SLIT2;ALDOB;MTCL1;EHF;GJA5,1.26131302271616,,0.0355869695355089,FALSE,""
JAVELIN,4255,UPB1;SLC6A10P;PDLIM3;MIR3187;LRRC17,1.43011080878975,,0.000823837812468198,FALSE,""
JAVELIN,4256,SLC39A5;ESPN;DMD;KNG1;MIR221,1.2346712692071,,0.0532346609729714,FALSE,""
JAVELIN,4257,SPAG17;GLYATL1;PTER;MIR4530;FAM43A,1.36270737252225,,0.00320130334851374,FALSE,""
JAVELIN,4258,NXPH4;CLDN10;MIR3125;EYA4;TTC22,1.57329006335798,,2.816803687322e-05,FALSE,""
JAVELIN,4259,WDR72;ANXA13;LDLR;GRIA3;IER3,1.2270645976115,,0.0597529731540325,FALSE,""
JAVELIN,4260,MIR645;PLCH2;FAM20A;HRCT1;RBM20,1.14105776483018,,0.210182642519562,FALSE,""
JAVELIN,4261,MIR4499;EGR3;MXRA8;AGXT;C5AR2,1.30536059674253,,0.0146467735816433,FALSE,""
JAVELIN,4262,TMEM27;PLIN4;CALCRL;SYT12;HSD17B3,1.48820139395835,,0.000165201229794225,FALSE,""
JAVELIN,4263,MYOM3;MIR4326;IFI44L;PKD1L2;PI4KAP1,1.24374008542953,,0.037795758810342,FALSE,""
JAVELIN,4264,BCMO1;FTCD;DCBLD2;CACNA1E;CCDC141,1.17744875848816,,0.136635419508162,FALSE,""
JAVELIN,4265,TRABD2B;CCDC183;COX7A1;ARHGEF38;SNORD116-23,1.325126377829,,0.0116904647293221,FALSE,""
JAVELIN,4266,CCL20;BEX2;MIR4714;SCN2A;S1PR4,1.06995851476915,,0.523754099339577,FALSE,""
JAVELIN,4267,CCL19;MOXD1;APCDD1;MIR134;C14orf64,1.03766197019619,,0.724921200506463,FALSE,""
JAVELIN,4268,MIA2;NPY1R;SNORD12B;CERKL;TMEM38A,1.3189876118468,,0.0128395676746608,FALSE,""
JAVELIN,4269,ABO;AGMAT;MIR4714;AQP4;HIST1H1A,1.43809671419475,,0.000868465751335152,FALSE,""
JAVELIN,4270,CCL19;LYVE1;PTER;MIR592;RNF157,0.911972420229568,,0.388296385140595,TRUE,""
JAVELIN,4271,ADAM12;GYLTL1B;LZTS1;MIR4530;GZMM,1.08256007542564,,0.458314858993303,FALSE,""
JAVELIN,4272,TNFAIP6;ALDOB;ALDH1A3;MYBPC2;MIR1256,1.32249783039224,,0.0125596063000588,FALSE,""
JAVELIN,4273,MYO3A;SLC23A3;ARHGEF15;TFAP2B;CCDC36,1.42245426838434,,0.00118082992368542,FALSE,""
JAVELIN,4274,MIR4499;CDH23;S1PR3;MIR592;LZTS3,1.31242517659486,,0.0140033592305136,FALSE,""
JAVELIN,4275,FGG;EMX1;CKS2;TMEM45B;MIR28,1.16959603725413,,0.143127630080013,FALSE,""
JAVELIN,4276,GZMA;ARG2;CDH13;SLC44A5;LOC100294362,1.45182142127968,,0.000680856029914831,FALSE,""
JAVELIN,4277,PYCR1;WDR66;2020-03-02 00:00:00;CHIT1;MIR4771-2,1.35517823025332,,0.0042785396590657,FALSE,""
JAVELIN,4278,F8;SLC38A11;ANGPT2;KLHL4;PCDHB11,1.51075486414778,,0.000171423632519533,FALSE,""
JAVELIN,4279,TBX3;ASPHD1;ECM2;BMP5;C22orf34,1.02995693018867,,0.785367960056701,FALSE,""
JAVELIN,4280,WDR72;PNMA2;DENND2A;LOC101929578;NLRC3,1.46464784079485,,0.000470547236484385,FALSE,""
JAVELIN,4281,SULT1C4;MAL2;SNORD12B;HBG2;RHBDL1,1.00887703441275,,0.936607249133945,FALSE,""
JAVELIN,4282,OLFML2A;SIGLEC14;ARL4C;FBXO2;ABCG2,1.04803809043893,,0.654476030933414,FALSE,""
JAVELIN,4283,MAL;NPY1R;FAM20A;TCHH;SOGA3,0.948453183356189,,0.638628958387014,TRUE,""
JAVELIN,4284,ACSM5;MIR378H;ACSF2;SCTR;ALMS1P,1.40320215336425,,0.00278036617776444,FALSE,""
JAVELIN,4285,MIR4652;ASPHD1;MIR938;AMZ1;EXO1,0.948454353604322,,0.623193235600439,TRUE,""
JAVELIN,4286,OLFML2A;IL2RA;MAP4K1;SNORD115-1;MCOLN2,0.906505388725821,,0.357883848084102,TRUE,""
JAVELIN,4287,MIR1180;COL7A1;SARDH;FAM166B;NEIL3,0.898414120863449,,0.344956750641163,TRUE,""
JAVELIN,4288,MIR1180;EXPH5;CSF3R;CRB2;GPR160,1.35012493055966,,0.00699092300267558,FALSE,""
JAVELIN,4289,TENM1;MIR185;ADAMTSL3;PRPH;LOC101928494,1.40971443563213,,0.00146397852372765,FALSE,""
JAVELIN,4290,MIR548AR;NLGN4Y;ANGPT2;DUOX1;CCDC144CP,1.1742287037006,,0.129865916709022,FALSE,""
JAVELIN,4291,MIR4526;MIR4676;MYRF;SLC12A3;FAM69B,1.33375296080747,,0.00796197738249343,FALSE,""
JAVELIN,4292,SLPI;CYP4F11;TOP2A;BCHE;SNORA70D,0.94267728451897,,0.589256214239516,TRUE,""
JAVELIN,4293,HNF1A;ANKRD18A;RHOBTB3;TSPAN10;E2F8,0.994150426297982,,0.956581217876756,TRUE,""
JAVELIN,4294,GPT;APOLD1;IGFBP6;MS4A2;LOC101927941,1.35749358271899,,0.00411257842216028,FALSE,""
JAVELIN,4295,MYOM3;MIR3145;2020-03-02 00:00:00;ELFN2;UHRF1,1.21965710768286,,0.0600926558026918,FALSE,""
JAVELIN,4296,NLGN1;F5;SNORD12B;TTR;CLEC12A,1.00120967658809,,0.990803625784238,FALSE,""
JAVELIN,4297,MIR4652;ABCB4;DLL4;SLC13A1;TG,1.49024784669873,,0.000581513745746283,FALSE,""
JAVELIN,4298,LOC101927834;ST6GALNAC2;IGFBP6;MUC12;DAPP1,1.00793715991172,,0.937919311443046,FALSE,""
JAVELIN,4299,TENM1;KCNJ3;CYTIP;TEX11;LRP8,1.12577509271345,,0.270801342911539,FALSE,""
JAVELIN,4300,NXPH4;MIR4676;CYTIP;LRRC3;MIR3674,1.02247716598516,,0.838557253684001,FALSE,""
JAVELIN,4301,HOGA1;CXCL13;PLAT;RERGL;P2RY6,1.06985746345165,,0.527967413593923,FALSE,""
JAVELIN,4302,PDLIM4;GABRD;MIR938;SNORD114-14;BIRC5,1.01273061819073,,0.911399700947896,FALSE,""
JAVELIN,4303,SLIT2;INHBB;LZTS1;OR2T3;MIR1273F,1.41837105462751,,0.00131584625293237,FALSE,""
JAVELIN,4304,SLCO4C1;CXCR3;DCBLD2;SNORD113-5;FCRL6,0.866278035318705,,0.190236625623709,TRUE,""
JAVELIN,4305,MT1G;KIT;ALDH1A3;ELFN2;SLAMF8,0.929289106937891,,0.496946865465701,TRUE,""
JAVELIN,4306,FAM46C;MIR548AA2;MCF2L;SLC34A3;FAM69B,1.38339955592138,,0.00243646776237234,FALSE,""
JAVELIN,4307,PCOLCE2;ZFHX4;ITGA11;DNAAF1;SERTAD4,1.32358513313877,,0.00968132629296508,FALSE,""
JAVELIN,4308,EXOC3L4;FOXF1;DPYSL3;FAM153B;STEAP2,1.41880936158513,,0.0012540455399634,FALSE,""
JAVELIN,4309,LOC101927960;ANXA13;ROBO4;LHX8;APOBEC3H,1.33168568408172,,0.00847695962394525,FALSE,""
JAVELIN,4310,PLAC9;BTNL9;MIR628;SLC26A9;ARL4D,1.4018222380068,,0.00176928982428585,FALSE,""
JAVELIN,4311,PDLIM4;SNORD114-10;EMP1;MIR578;SERTAD4,1.16784933865681,,0.154314270660425,FALSE,""
JAVELIN,4312,CCL19;SNORD114-13;IGFBP6;GRHL2;ADORA2B,0.919466312135553,,0.434966459209414,TRUE,""
JAVELIN,4313,COL4A4;MIRLET7D;MIR3125;MIR924;MIR3135A,1.3422462968621,,0.0084283300443604,FALSE,""
JAVELIN,4314,AGMO;SLC5A10;SNORA26;ARHGAP40;TMEM178A,1.44462611136946,,0.00112587837298272,FALSE,""
JAVELIN,4315,MAL;ATP1A2;MIR4435-2;PVRL4;TMEM38A,1.16338074631802,,0.173233266273293,FALSE,""
JAVELIN,4316,ASPN;WNK4;TMEM132A;HCAR3;MEFV,0.85459614683593,,0.139452307481793,TRUE,""
JAVELIN,4317,ESM1;CD69;LDB2;ADCY8;GPR160,1.4186793856329,,0.000851354045005446,FALSE,""
JAVELIN,4318,PTH1R;MMP19;MYRF;TMEM82;GRAP2,1.05258996457829,,0.63286167821523,FALSE,""
JAVELIN,4319,MIR3189;WDR66;ECM2;NEFM;WISP1,1.38787805731678,,0.00302980288122817,FALSE,""
JAVELIN,4320,FMO2;PPP1R1A;BMP2;UNC93A;TTK,1.1051894531391,,0.349473085752249,FALSE,""
JAVELIN,4321,GLYAT;THBS4;LZTS1;DUOX1;KCNIP3,1.25086979411644,,0.0335405978485101,FALSE,""
JAVELIN,4322,CD38;FLRT3;MST1;STRIP2;RAB40AL,0.950497835178275,,0.640208800354459,TRUE,""
JAVELIN,4323,GPT;LAG3;FZD8;MIR380;SYCE1L,1.09476759510184,,0.405902298057523,FALSE,""
JAVELIN,4324,PYCR1;CYP4F11;SARDH;APOBEC3A;ETV1,0.957826396428483,,0.681995296725995,TRUE,""
JAVELIN,4325,STEAP4;ABCA12;PLAT;SNORD114-14;MIR593,1.01820257818954,,0.868237132745314,FALSE,""
JAVELIN,4326,MIR142;ADAMTS14;TMEM204;PKP3;SH2D3A,0.976613672781834,,0.826704227183905,TRUE,""
JAVELIN,4327,MIR4292;MAP7D2;DCBLD2;SLC38A4;APOBEC3B,0.856025023856053,,0.133809174172267,TRUE,""
JAVELIN,4328,RAB42;SNORD87;RGL3;SLC51A;NBEAP1,1.35925658957808,,0.00433199999682997,FALSE,""
JAVELIN,4329,SBSPON;NPY1R;HIST1H2BO;TTR;LOC729970,1.19316301617258,,0.102897977879917,FALSE,""
JAVELIN,4330,NEB;KISS1R;HRSP12;ICAM5;MDH1B,1.56040827995532,,4.26165339465403e-05,FALSE,""
JAVELIN,4331,NR4A3;SLC2A2;CRISPLD2;SLC26A9;DAPK2,1.0121585739016,,0.91176638423608,FALSE,""
JAVELIN,4332,PSAT1;NAGS;TMEM132A;SPESP1;MIR571,1.01658929562991,,0.881197283870068,FALSE,""
JAVELIN,4333,STC1;DSCAML1;MCF2L;SCN4A;C14orf64,1.50273461806224,,0.000226831764036326,FALSE,""
JAVELIN,4334,MUC3A;FOSL1;LDLR;UNC5A;C8orf88,0.755273921675673,,0.0107263297017548,TRUE,""
JAVELIN,4335,IRX5;FGA;MXRA8;MIR134;ADORA2B,1.08608649626641,,0.443832508786257,FALSE,""
JAVELIN,4336,NME5;GLIS1;ID1;MIR218-1;BIRC5,1.44013086026873,,0.000726284060469131,FALSE,""
JAVELIN,4337,ZDHHC11B;CMYA5;MYRF;SHISA9;ADAMTS12,1.04745437592668,,0.662954713076679,FALSE,""
JAVELIN,4338,MT1G;MIR548AA2;MAP4K1;HCAR3;PPIAP30,0.952812631668319,,0.645711948839193,TRUE,""
JAVELIN,4339,STC2;HOXD11;PTTG1;PITX1;MIR4774,0.854418262513349,,0.155863081886869,TRUE,""
JAVELIN,4340,NMB;DSCAML1;SNORA48;HRG;CYP2D7P,1.52325358945693,,7.45395810231813e-05,FALSE,""
JAVELIN,4341,ALDH1L1;FUT6;MIR4435-2;HRG;SNORD126,1.43181612807977,,0.00121036114486847,FALSE,""
JAVELIN,4342,UPB1;MAP7D2;SNORD29;WNT10A;CYP4X1,1.41536614698156,,0.000913704918993576,FALSE,""
JAVELIN,4343,CD38;NRG1;FZD8;PWRN1;PHYHD1,1.07977842829521,,0.485972011021954,FALSE,""
JAVELIN,4344,ARHGEF16;MIRLET7E;APCDD1;LOC389602;ETV7,1.27565528333615,,0.0210724981934583,FALSE,""
JAVELIN,4345,EMX2;VANGL2;CKS2;NOG;MIR548J,1.15421806414902,,0.184608761096049,FALSE,""
JAVELIN,4346,ARHGEF16;GPD1;PIEZO2;RTKN2;TG,1.45714920784127,,0.000865888484987865,FALSE,""
JAVELIN,4347,PGF;MIR4482;MST1;SBSN;GJC2,1.30230329555841,,0.0117442713791052,FALSE,""
JAVELIN,4348,PCOLCE2;TTN;HMCN1;AQP4;CDC45,1.25102458978267,,0.0404738889467674,FALSE,""
JAVELIN,4349,COMP;ACHE;HOXD4;ACTC1;MIR1284,1.20883958319544,,0.0718070171025753,FALSE,""
JAVELIN,4350,MIR1180;CLCNKA;SLC2A9;DUSP9;SH2D3A,1.40883004274213,,0.00365089032569146,FALSE,""
JAVELIN,4351,GZMK;RGN;SNORA26;CHIT1;CKAP2L,0.9862404508164,,0.898640188169467,TRUE,""
JAVELIN,4352,TFPI2;LOC101928757;HMCN1;MIR218-2;P2RY6,1.19394874433401,,0.0995922734995263,FALSE,""
JAVELIN,4353,TSPAN7;TCF21;HIST1H2BO;MNX1;ADORA2B,0.886249812897472,,0.264461885461226,TRUE,""
JAVELIN,4354,MIR25;CLCNKA;LDLR;TNNI3;LURAP1,1.15024459772445,,0.219611811447648,FALSE,""
JAVELIN,4355,SORBS2;CD22;FAM20A;ATP6V1B1;LRRC4,1.16939806332564,,0.145867338747386,FALSE,""
JAVELIN,4356,IKZF3;PTPRD;ALDH1A3;MIR425;BMP6,0.923219166593695,,0.458183227067733,TRUE,""
JAVELIN,4357,UGT8;MIR616;RNF128;FGF14;LOC553103,1.3243045979528,,0.0122543513645289,FALSE,""
JAVELIN,4358,SLPI;BEX2;SNAI2;KCNH2;CTRL,0.889984823655887,,0.254231677326172,TRUE,""
JAVELIN,4359,GZMK;AIF1L;MIR4635;PCDHB2;ASPRV1,1.23168595468357,,0.0466956699969088,FALSE,""
JAVELIN,4360,NXPH4;SNORD110;RASGRP1;NOG;LRRC4,1.19578334292935,,0.103262706033153,FALSE,""
JAVELIN,4361,SCNN1A;AGMAT;MCF2L;TDRD9;OR52N4,1.47249889670019,,0.000430798683038313,FALSE,""
JAVELIN,4362,ACY3;GYLTL1B;SNORD29;MIR134;MIR571,1.37483461701894,,0.00259704218364637,FALSE,""
JAVELIN,4363,SLCO4C1;DNASE1L3;PTER;MIR365A;MIR98,1.06258118671494,,0.559442376183278,FALSE,""
JAVELIN,4364,SBSPON;ABCA12;MIR4784;APOH;CLEC12A,1.10475119989537,,0.366336797822998,FALSE,""
JAVELIN,4365,RBP4;GYLTL1B;TMEM204;MIR4489;HOXA10-AS,1.35070977327738,,0.00700180966990933,FALSE,""
JAVELIN,4366,STEAP4;MIR3145;MCF2L;FLJ22184;PDGFD,1.39581388448577,,0.00283672539722916,FALSE,""
JAVELIN,4367,C14orf105;PTPRD;CKS2;SNORD115-35;SPNS3,1.20049409461866,,0.10189145804375,FALSE,""
JAVELIN,4368,GBA3;MIR378H;SELENBP1;TM6SF2;LRRC17,1.63750887304801,,4.93401497850776e-06,FALSE,""
JAVELIN,4369,LAMC3;MOXD1;TMEM204;KCNA5;NRXN3,1.2261696210444,,0.060737038453481,FALSE,""
JAVELIN,4370,MYH14;CLDN10;HIST1H4L;SCTR;FAM162B,1.26570612413302,,0.0362365707499538,FALSE,""
JAVELIN,4371,NME5;CPXM2;ID4;MIR4654;P2RY10,1.11747445980606,,0.299077855001508,FALSE,""
JAVELIN,4372,SLPI;GLDC;NT5E;MIR95;GRIP1,0.91705566551851,,0.451797785202175,TRUE,""
JAVELIN,4373,FABP4;VEPH1;IGFBP6;MIR874;MPP7,1.08653913436377,,0.434123819450488,FALSE,""
JAVELIN,4374,FNDC1;MIR4655;DPYSL3;ASXL3;DSEL,1.3374160695838,,0.00708992340148452,FALSE,""
JAVELIN,4375,MYH14;MT1M;ROBO4;KCNAB1;SEMA3G,1.30770163136551,,0.0138678277788536,FALSE,""
JAVELIN,4376,STC2;GPD1;BMP2;PCDHB6;LILRB4,1.28420408963208,,0.0274713110726561,FALSE,""
JAVELIN,4377,ZDHHC11B;CLDN10;S1PR3;SNORD114-6;KIAA1324L,1.23845153941427,,0.0486176771731227,FALSE,""
JAVELIN,4378,CPZ;PTGER3;HIST1H4L;HTR6;MIR151A,1.28026816683044,,0.020741943477607,FALSE,""
JAVELIN,4379,IRX5;KIT;DCBLD2;XDH;GJC2,1.15381923233707,,0.196131137511718,FALSE,""
JAVELIN,4380,HOXD10;LOC101928757;MXRA8;TUBA3E;MMP17,0.944589586492418,,0.60609420766055,TRUE,""
JAVELIN,4381,MIR3117;SMTNL2;GAMT;INHBE;SNORD58C,1.35256200087746,,0.00637537910848281,FALSE,""
JAVELIN,4382,TACSTD2;FGA;FPR1;ADRA1A;CACNB2,1.10885678220212,,0.335738890278331,FALSE,""
JAVELIN,4383,FER1L4;SLC23A1;IFI44L;DAO;ICOS,1.17678297429656,,0.109289180974626,FALSE,""
JAVELIN,4384,SLIT2;EMX1;SLC44A3;CYP2C19;FIGNL2,1.41398525698976,,0.0018290066362156,FALSE,""
JAVELIN,4385,NR4A3;MIR646;LDB2;EML6;PRDM8,1.1572444443116,,0.171021885788826,FALSE,""
JAVELIN,4386,PROM1;SIGLEC14;MIR628;LHX1;RNF148,1.1060669051633,,0.353232118433827,FALSE,""
JAVELIN,4387,BCL2A1;WNK4;CACNA2D1;CRHBP;RAB6B,1.14481827988792,,0.215051149003101,FALSE,""
JAVELIN,4388,CYP2E1;KLKB1;SLC1A1;VNN3;RBM20,1.42478395144072,,0.0018905519647379,FALSE,""
JAVELIN,4389,OLFML2A;EPPK1;TOP2A;TMEM82;CD40LG,1.18046801063123,,0.109028455465725,FALSE,""
JAVELIN,4390,BCL2A1;MLLT11;IL2RB;FCER2;MIR5094,0.834933331665155,,0.0967043806626573,TRUE,""
JAVELIN,4391,STC2;PRAP1;MIR938;FBXL16;DNALI1,1.30686714925608,,0.011572906806135,FALSE,""
JAVELIN,4392,IRX5;IL2RA;ACSF2;RERGL;MAP6,1.05634888545827,,0.60465260803594,FALSE,""
JAVELIN,4393,CPZ;SMTNL2;SNORA48;KCNB1;AGAP11,1.46501628653128,,0.000411683091073801,FALSE,""
JAVELIN,4394,CTSW;COL11A1;PDLIM3;SLC17A2;CCDC36,1.12915306380361,,0.27680214532642,FALSE,""
JAVELIN,4395,CNN1;TNXB;ANGPT2;FST;GLT8D2,1.11514876683295,,0.312879851411958,FALSE,""
JAVELIN,4396,COL4A3;STK32B;SNORA48;HSD3B2;GZMM,1.24902119074639,,0.0271259195651038,FALSE,""
JAVELIN,4397,OLR1;KCNIP4;MCF2L;PTK6;MIR4774,1.34079976041927,,0.00584784826648111,FALSE,""
JAVELIN,4398,NR4A3;ROR2;PLAT;PRND;LOC101928494,1.08315895785022,,0.473475079338784,FALSE,""
JAVELIN,4399,NMB;PTGER3;CDH13;FBXL16;MIR4681,1.45155292719503,,0.000793727589348432,FALSE,""
JAVELIN,4400,SLCO4C1;FOXP2;CYTIP;C1orf168;ADCY1,1.41666801965346,,0.00163302604012494,FALSE,""
JAVELIN,4401,NMB;RYR2;MIR628;CCL11;MIR4706,1.26656202975555,,0.0333140474197817,FALSE,""
JAVELIN,4402,DDC;TF;PPL;MIR618;FAXDC2,1.38165486681622,,0.00261282925734865,FALSE,""
JAVELIN,4403,SVEP1;MFI2;HMCN1;GPR37;CCR4,0.98151422564328,,0.859667440049567,TRUE,""
JAVELIN,4404,CTSW;AGMAT;ARL4C;RP1;TTC22,1.05249322574294,,0.633054538214005,FALSE,""
JAVELIN,4405,MIR1180;ALDOB;SEMA4G;EYA1;CATSPERG,1.50340619738287,,0.000406244033681012,FALSE,""
JAVELIN,4406,EMX2;HAMP;TOP2A;SHOX2;TMEM119,0.91329869519255,,0.41838004037726,TRUE,""
JAVELIN,4407,PYCR1;TRPC6;PC;SCN4A;CYP27B1,1.28148065819288,,0.0282804655554109,FALSE,""
JAVELIN,4408,TENM1;GLDC;SLC2A9;SPESP1;RASSF6,1.41898388121004,,0.00123901984273248,FALSE,""
JAVELIN,4409,SNCG;CXCL8;MIR3125;SLC13A3;CCDC154,1.22331617844736,,0.0661752374398879,FALSE,""
JAVELIN,4410,CNN1;CHST13;TEK;CYP2D6;IER3,1.38548928162844,,0.00330469122302718,FALSE,""
JAVELIN,4411,SLC16A12;VANGL2;SNORA48;TCHH;WDR96,1.2024067139606,,0.0846397245160821,FALSE,""
JAVELIN,4412,UPB1;MIR1972-1;MCF2L;C10orf62;KCNA3,1.49417238301343,,0.000217267617762845,FALSE,""
JAVELIN,4413,MIR30A;LOC101928757;MYO1G;TEX11;MTCP1,1.05496620454219,,0.606977375784556,FALSE,""
JAVELIN,4414,QPCT;TMEM139;HOXD4;WBSCR17;LINC00299,1.29882233045362,,0.0129042961444312,FALSE,""
JAVELIN,4415,PSAT1;SLC26A1;HRSP12;CYP4F2;PPP2R2B,1.22595178030857,,0.0682087929352747,FALSE,""
JAVELIN,4416,AOC1;REEP6;SNAI2;TMC5;COL21A1,1.20050101734669,,0.089104920586012,FALSE,""
JAVELIN,4417,BBOX1;ESPN;SNORD59A;CXCR2;LOXL4,1.37890746189348,,0.00261777105389671,FALSE,""
JAVELIN,4418,COL4A3;ADAMTS14;CYTIP;MYBPC2;LTB,0.878555579609709,,0.218152734400164,TRUE,""
JAVELIN,4419,FOSB;HPGD;FZD8;CST2;SPIRE2,1.24582046293733,,0.0492169624088813,FALSE,""
JAVELIN,4420,STEAP4;EXPH5;MS4A4E;AQP4;PLAC8,1.10548383102356,,0.384675211095773,FALSE,""
JAVELIN,4421,PYCR1;SLC16A9;SNORA48;SNORD114-5;MMP17,1.18122927319102,,0.11575715664464,FALSE,""
JAVELIN,4422,C8orf4;HSH2D;PTER;SLC13A3;MIR3605,1.00410322320293,,0.969224534407742,FALSE,""
JAVELIN,4423,COL4A3;CYP4F3;FKBP9P1;PITX2;MIR3664,1.05937906698367,,0.582682179485758,FALSE,""
JAVELIN,4424,FGG;MIR1249;SNORA26;FOXI1;SNORD103B,1.11563474664013,,0.300015362093911,FALSE,""
JAVELIN,4425,NEB;CHRDL1;FAM20A;MIR924;TDRD10,0.969241434762579,,0.772927624817398,TRUE,""
JAVELIN,4426,TINAG;NPY6R;ITGA11;MIR95;PPIAP30,1.40382877070272,,0.00251932104365845,FALSE,""
JAVELIN,4427,BAMBI;TESC;ADCY4;ALAS2;GLI1,1.19821214885004,,0.0991904144000905,FALSE,""
JAVELIN,4428,SLC34A2;STK32B;MIR1207;PTK6;TMEM232,1.39124872307738,,0.00143517133202133,FALSE,""
JAVELIN,4429,F8;SLC7A8;RIPK4;SLC36A2;PCDHGC4,1.38205163341807,,0.0040781787514569,FALSE,""
JAVELIN,4430,MIR3646;C5orf46;MCF2L;SLC5A2;FAM132A,1.37498390378922,,0.00303013819683516,FALSE,""
JAVELIN,4431,OLFML2A;RASAL1;CALCRL;GAS2;LOC101927941,1.81918826196152,,8.97311047780613e-08,FALSE,""
JAVELIN,4432,SORBS2;ADRA2A;SLC1A1;WNT11;EPHB3,1.39201069319174,,0.00244885921681766,FALSE,""
JAVELIN,4433,MIR3189;HYDIN;TSKU;TNFRSF17;KCNA3,0.997922826423994,,0.985027210461555,TRUE,""
JAVELIN,4434,FXYD2;LYVE1;SNORD74;DUSP9;MIR548J,1.21654238945095,,0.0773402714940715,FALSE,""
JAVELIN,4435,BCL2A1;DNASE1L3;ECM2;MIR3126;LOC101928871,1.15416154958947,,0.172233562712276,FALSE,""
JAVELIN,4436,STC1;MIR548AU;IFI44L;ADRB1;P2RY6,1.1382966025381,,0.226488335677364,FALSE,""
JAVELIN,4437,ASPN;MFAP2;TMEM132A;XDH;KCNA3,0.857788960107587,,0.153893956476319,TRUE,""
JAVELIN,4438,PEG10;PAQR5;FAM20A;CLGN;ETV1,1.18381772797326,,0.102967613476893,FALSE,""
JAVELIN,4439,ACKR1;SNORD77;MTCL1;PLA2G1B;MFAP3L,1.17256757380284,,0.130245052922214,FALSE,""
JAVELIN,4440,IRX5;SNORD87;2020-03-02 00:00:00;KCNJ1;PCDHGC4,1.39500085992126,,0.00244906633783881,FALSE,""
JAVELIN,4441,IL6;CXCR3;SELENBP1;UGT2B4;MIR4720,1.33080014326155,,0.00729277805925445,FALSE,""
JAVELIN,4442,COX4I2;SLC23A1;HOXD4;DMRT2;MIR593,1.51940852573475,,0.000139184557204674,FALSE,""
JAVELIN,4443,RAB42;PTGS2;HIST1H2BM;SLC51A;MIR4681,1.12560169414974,,0.290870504150859,FALSE,""
JAVELIN,4444,OLR1;MAPK15;PTK7;SLC47A2;GJC2,1.21909982377005,,0.0633116249867061,FALSE,""
JAVELIN,4445,PSAT1;FOXQ1;HIST1H4L;CA8;STEAP1B,1.06655889737605,,0.557289674045034,FALSE,""
JAVELIN,4446,FAM46C;MMP24;SLC44A3;MIR4521;CLEC10A,1.14195393427233,,0.232219512974178,FALSE,""
JAVELIN,4447,COL4A4;RGN;IFI44L;CILP2;CH25H,1.16707447791965,,0.135445653720287,FALSE,""
JAVELIN,4448,SVEP1;EPPK1;BMP2;FAM183A;KBTBD11,1.28040984287825,,0.024235218753207,FALSE,""
JAVELIN,4449,LOC101927960;LBP;ECM2;C19orf80;TSPAN32,1.18527836047875,,0.102479377762787,FALSE,""
JAVELIN,4450,MIR142;PPP1R1A;TMEM132A;MIR425;MIR640,0.816943865336404,,0.0677442769895415,TRUE,""
JAVELIN,4451,PROM1;VNN1;RNF128;MNX1;EGFLAM,1.04337742210865,,0.692180131427329,FALSE,""
JAVELIN,4452,PROM1;NAPSA;HIST1H2BO;TJP3;CACNB2,1.20701124323696,,0.0845524469880567,FALSE,""
JAVELIN,4453,NR4A3;CLCNKA;IFI44L;SLC17A2;ADM2,1.36611689261844,,0.00309607982606985,FALSE,""
JAVELIN,4454,MUC3A;GCNT3;MIR4435-2;KCNB1;PLAC8,0.95768544283986,,0.697271821771684,TRUE,""
JAVELIN,4455,CD38;C5orf46;LDLR;SEMA3D;PCDHGC5,0.99108286390725,,0.933494021256088,TRUE,""
JAVELIN,4456,LPL;B3GNT3;COL5A3;PCDHB5;C14orf37,1.30217849866365,,0.0164054150149239,FALSE,""
JAVELIN,4457,ANO9;ADORA1;RNF128;TEX11;ETV7,0.88527293509784,,0.240889930555861,TRUE,""
JAVELIN,4458,ESM1;MIR1303;EMP1;SNORD114-5;C22orf34,1.26093608856907,,0.0330297518697417,FALSE,""
JAVELIN,4459,SNCG;ZFY;TIE1;KCNJ10;SNORD45B,1.10402705913642,,0.338201698364786,FALSE,""
JAVELIN,4460,CCL20;TESC;DMD;SYT8;MTRNR2L10,1.03758526861384,,0.739789278764295,FALSE,""
JAVELIN,4461,MIR4499;MIR23B;LY96;EBF3;LOC101928871,1.42351736191335,,0.000920080546696148,FALSE,""
JAVELIN,4462,CTSW;LAG3;ROBO4;BEX1;SYNC,0.898587328976359,,0.317926612757676,TRUE,""
JAVELIN,4463,MIR30A;OLFM2;MST1;ALOX15B;CYYR1,1.14884714104459,,0.170815976659679,FALSE,""
JAVELIN,4464,BCMO1;SLC27A2;IFI44L;SNORD114-19;CYYR1,1.32297507414937,,0.0083079191351713,FALSE,""
JAVELIN,4465,TMEM45A;LBP;CALCRL;TNFRSF17;TTC22,1.31716781289739,,0.0134988477100671,FALSE,""
JAVELIN,4466,HHLA2;MAP7;SNORD74;ELFN2;HOXA7,1.32642566037306,,0.0119943365257038,FALSE,""
JAVELIN,4467,ACE2;STK32B;LZTS1;MIR452;LTB,1.30216422273393,,0.0100507605356065,FALSE,""
JAVELIN,4468,NME5;MAL2;2020-03-02 00:00:00;SNORD115-21;AGBL3,1.27343241337027,,0.0289476928533533,FALSE,""
JAVELIN,4469,FER1L4;MIR4731;DCBLD2;PVALB;CDC42BPG,1.07286921978107,,0.534828559481836,FALSE,""
JAVELIN,4470,EMX2;TCF21;CALCRL;MIR4654;LOC644086,1.3006062718924,,0.0147175425599265,FALSE,""
JAVELIN,4471,NR4A3;BAI1;SLC2A9;SCG5;CD40LG,1.00266274307382,,0.980401034856372,FALSE,""
JAVELIN,4472,LOC101927834;FGA;MIR3125;ZMAT4;MIR3157,1.60035302377077,,4.62536419759718e-05,FALSE,""
JAVELIN,4473,C8orf4;NAPSA;PBX1;AFM;BIRC5,1.26827998139677,,0.032579271482976,FALSE,""
JAVELIN,4474,RAB42;HSH2D;SNORD12B;MIR1302-5;CD80,0.886927360266182,,0.259794263958286,TRUE,""
JAVELIN,4475,NPR3;RGS9;PLEKHA7;MFSD4;GRIP1,1.30654131214596,,0.0170242950509623,FALSE,""
JAVELIN,4476,UBD;LBP;SNORD116-28;DNAI1;GLI1,1.28300006417908,,0.0174358837691233,FALSE,""
JAVELIN,4477,MIR27B;TNXB;MTCL1;ADCY2;MEFV,1.04687499274525,,0.675835635154645,FALSE,""
JAVELIN,4478,LOC101927834;MGAM;MIR544B;CYP8B1;CCDC74B,1.42479398293748,,0.00105281538272721,FALSE,""
JAVELIN,4479,C8orf4;GSTM1;IGFBP6;PKLR;STEAP2,1.30191999750917,,0.0144259284593848,FALSE,""
JAVELIN,4480,TACSTD2;OLFM2;MIR4714;LCN2;PAQR6,1.06453063261086,,0.577490893261827,FALSE,""
JAVELIN,4481,COL4A4;AR;BMP2;GAS2;DLG2,1.39021094632569,,0.00243933337535982,FALSE,""
JAVELIN,4482,F2RL1;MIR1203;SNORD12B;PVALB;WBSCR27,1.08868678455328,,0.427714795741666,FALSE,""
JAVELIN,4483,FGG;SFN;PIEZO2;CSDC2;TDRD10,1.13589846940647,,0.235486711712531,FALSE,""
JAVELIN,4484,C1orf186;GPD1;CKS2;CALB1;CCDC144CP,1.14696623717966,,0.195778625551965,FALSE,""
JAVELIN,4485,MIR3117;MIR378A;TMEM204;PCDHGA3;GRHL1,1.32616105293597,,0.00804065115618006,FALSE,""
JAVELIN,4486,RAP1GAP;FGA;HIST1H2AL;MIR4636;FOXD1,1.13579064747983,,0.228536857086444,FALSE,""
JAVELIN,4487,CCL20;MIR378A;EFNA1;C1orf168;SLC27A5,1.45891395199474,,0.000705392597685808,FALSE,""
JAVELIN,4488,CST7;FOSL1;SNORA77;SOX11;PLAC8,0.827610750954749,,0.0876946291710498,TRUE,""
JAVELIN,4489,ITGB6;MIR185;FAM20A;GLRB;C14orf183,1.00835102051759,,0.938463783535673,FALSE,""
JAVELIN,4490,ANK3;SNORD87;SNORA77;MIR320A;STEAP1B,1.18595086025919,,0.124261065506566,FALSE,""
JAVELIN,4491,TACSTD2;MST1P2;FOLR2;CCL17;ARL4D,1.01737192838402,,0.876082439855111,FALSE,""
JAVELIN,4492,COL4A3;RARRES1;SNORD74;CYP21A2;HOXB5,1.04422322939895,,0.690875712677858,FALSE,""
JAVELIN,4493,GATA3;IGFBP1;MCF2L;VTN;C9orf106,1.12293407769927,,0.271137029065444,FALSE,""
JAVELIN,4494,FRAS1;CDH23;MIR3125;MIR3193;GJC2,1.43675240308254,,0.000810642488169604,FALSE,""
JAVELIN,4495,C1orf186;KCNJ3;TIE1;CYP4F2;C5AR2,1.49787352312797,,0.000127332274607786,FALSE,""
JAVELIN,4496,COL4A3;CMYA5;MYO1G;LRRC7;GNMT,1.22947613136387,,0.0516714230923238,FALSE,""
JAVELIN,4497,FRAS1;GABRD;ALDH1A3;TUBB1;GCAT,1.35899294009597,,0.00578624790548213,FALSE,""
JAVELIN,4498,NTM;LAMC2;ARL4C;FOXF2;SLAMF8,0.907751034446999,,0.379202372272031,TRUE,""
JAVELIN,4499,ANLN;SLC23A3;PPL;SFTPA1;KCNN4,0.924881752359631,,0.456862108464293,TRUE,""
JAVELIN,4500,PCOLCE2;MIR4482;IL2RB;NKAIN4;PRDM8,0.982508956150278,,0.868124133687423,TRUE,""
JAVELIN,4501,JPH2;DSCAML1;FKBP9P1;MIR4636;CNTN4,1.54422682104279,,5.6372650680337e-05,FALSE,""
JAVELIN,4502,F8;CPXM1;ARL4C;SNORD115-35;SNORD116-10,1.07873182988087,,0.482518152193583,FALSE,""
JAVELIN,4503,SNCG;SNORD114-13;NT5E;DUSP9;RNF157,1.16101718766306,,0.175755686204946,FALSE,""
JAVELIN,4504,FGG;GLYATL1;MIR1207;TPSG1;P2RY10,1.250869651923,,0.0446169020860532,FALSE,""
JAVELIN,4505,ACSM5;B3GNT4;PTTG1;TREM1;LOC729970,1.32216252440624,,0.0116782972344464,FALSE,""
JAVELIN,4506,RBP4;IGFBP1;DLL4;PVALB;SERTAD4-AS1,1.35122280543885,,0.00924466647328132,FALSE,""
JAVELIN,4507,STEAP4;NPY1R;MAP4K1;TM6SF2;LOC283278,1.09743259504656,,0.374419832089917,FALSE,""
JAVELIN,4508,OGDHL;ASPHD1;MCF2L;SNORD115-4;RASSF6,1.24827146637059,,0.0426276494053457,FALSE,""
JAVELIN,4509,UGT8;BEX2;IGFBP6;SNORD114-24;MIR3605,1.10129390702531,,0.360928657172804,FALSE,""
JAVELIN,4510,UPB1;AR;MIR4635;MUC13;LILRA6,1.43476531567015,,0.000477183509400613,FALSE,""
JAVELIN,4511,TRABD2B;MIR4676;PPL;PCP4;PPIAP30,1.14622960596552,,0.215159576922173,FALSE,""
JAVELIN,4512,TRABD2B;MLLT11;SNORD59A;ADH1C;OSR1,1.10484860346121,,0.356786390973402,FALSE,""
JAVELIN,4513,SEC14L6;MFAP2;SARDH;NPHS2;CPNE5,1.23487749800813,,0.0648942592083436,FALSE,""
JAVELIN,4514,PLAC9;STEAP1;SARDH;PLG;XCL2,1.34929170170807,,0.00437279910417704,FALSE,""
JAVELIN,4515,ANO9;VNN1;SLC44A3;PRND;FLRT2,1.14857694039756,,0.207223581325249,FALSE,""
JAVELIN,4516,MIR23C;MIR3918;MIR3125;PRSS3;CITED4,1.37001133858884,,0.00545112608438143,FALSE,""
JAVELIN,4517,MACC1;SFN;PIEZO2;OCA2;FOXD1,1.14824420335599,,0.195545124687658,FALSE,""
JAVELIN,4518,C14orf105;FOXP2;SEMA4G;SLC34A3;GRID1,1.40196845365525,,0.00362695758072309,FALSE,""
JAVELIN,4519,PCDHGB2;MIR563;ID1;SLC5A8;SNCAIP,1.30848511715359,,0.0143117305670964,FALSE,""
JAVELIN,4520,UBD;MIR429;HIST1H2BO;RP1;MAATS1,1.07245515657584,,0.505814418824348,FALSE,""
JAVELIN,4521,CCL20;TNFSF14;PLAUR;ASXL3;MIR221,1.0347824121493,,0.748918590451836,FALSE,""
JAVELIN,4522,FABP4;ETNK2;DENND2A;CRP;CCDC85A,1.29675114971759,,0.016247154736076,FALSE,""
JAVELIN,4523,PRSS8;ZNF711;SNORD59A;ANO4;TMEM232,1.46805017445803,,0.000640761688345059,FALSE,""
JAVELIN,4524,GPT;MIR1249;ALDH1A3;MUC13;MIR4753,1.29710458850201,,0.022723105681812,FALSE,""
JAVELIN,4525,TMEM45A;MIR200B;LDLR;CYP2C19;PPIAP30,1.0130938314898,,0.904259824443787,FALSE,""
JAVELIN,4526,ITGB6;BTNL9;MYRF;PITX2;SPIRE2,1.03774889927033,,0.730143012665494,FALSE,""
JAVELIN,4527,ASPN;TF;TEK;MIR4280;ADAMTS15,1.26977739314149,,0.0289915831327013,FALSE,""
JAVELIN,4528,SLPI;RARRES1;MTCL1;ZNF676;RHBDL1,0.89875870683441,,0.314867442582653,TRUE,""
JAVELIN,4529,ACE2;MIR3145;HIST1H4L;SNORD114-2;NLGN4X,1.20669755604376,,0.0814047879992846,FALSE,""
JAVELIN,4530,TRABD2B;F5;HMCN1;SNORD114-24;MIR3973,1.01518068002956,,0.890630289133238,FALSE,""
JAVELIN,4531,CHDH;NRG1;PC;CDH15;OR52N4,1.41025938622796,,0.0023228297430917,FALSE,""
JAVELIN,4532,BBOX1;CYP2C9;HOXD4;CYP4A22;SYCE1L,1.29042428179932,,0.0173465821697674,FALSE,""
JAVELIN,4533,SLC7A9;CLDN10;EVI2B;PWRN1;STEAP1B,1.18436817203753,,0.129942852852761,FALSE,""
JAVELIN,4534,ALDH1L1;BAI1;ID1;AMZ1;BMP6,1.14382821449988,,0.237620412791691,FALSE,""
JAVELIN,4535,NTM;FCGBP;ITGA11;TNNT2;LOC101927236,1.33330547649704,,0.0100620811140204,FALSE,""
JAVELIN,4536,AKR7A3;CD69;NT5E;CYP2C19;SYCE1L,0.861145096504074,,0.166665937693781,TRUE,""
JAVELIN,4537,NPR3;SLC12A8;MIR637;OR2T10;MIR1288,1.27614793484265,,0.0223759306795407,FALSE,""
JAVELIN,4538,IRX5;LOC100288152;ADAMTS2;MIR574;APOBEC3B,1.07503480901285,,0.506099684415092,FALSE,""
JAVELIN,4539,GBP5;MIR378H;MIR3125;KCNAB1;MIR4706,1.25614271599641,,0.0346103537285073,FALSE,""
JAVELIN,4540,SVEP1;C4B;SNORD33;IRX2;FCRL6,1.06414196414243,,0.551792366837618,FALSE,""
JAVELIN,4541,FRAS1;IGFBP1;MECOM;ATP13A4;FAM162B,1.28420631281843,,0.0198211312840789,FALSE,""
JAVELIN,4542,MIR126;VSIG2;HIST1H2BO;OR2T35;PLEKHN1,1.16742349460516,,0.150567089599706,FALSE,""
JAVELIN,4543,PCDHGB2;AZGP1;MYRF;MIR152;CYP2D7P,1.23164635377323,,0.0476936917685563,FALSE,""
JAVELIN,4544,CRB3;C10orf113;PLAUR;CST1;ADCY1,1.44234751296765,,0.00132870137152208,FALSE,""
JAVELIN,4545,NMB;LAG3;SNORD4B;ADIPOQ;CLEC1A,1.00062587785973,,0.995395429602797,FALSE,""
JAVELIN,4546,ABCA6;MIR1203;MIR938;VWDE;DCDC1,1.20963565770531,,0.0969697831008106,FALSE,""
JAVELIN,4547,MACC1;AZGP1;MIR544B;SLC6A18;WSCD1,1.40056436231099,,0.00265049980190989,FALSE,""
JAVELIN,4548,COL4A4;TCF21;PTTG1;SCGB3A2;FAM43A,1.11745739381918,,0.310578259030494,FALSE,""
JAVELIN,4549,CTSW;MIR616;MAP4K1;MIR452;LOC644086,0.910754638145677,,0.379874257531944,TRUE,""
JAVELIN,4550,BCMO1;SLAMF7;PLEKHA7;MIR545;HOXA7,1.30006755600021,,0.0117670097048262,FALSE,""
JAVELIN,4551,SLC7A9;C4B;MIR631;SLC18A3;TTK,1.13957952514602,,0.24401835416367,FALSE,""
JAVELIN,4552,MIR4652;KIF26B;CYTIP;EML6;MIR5191,1.00532568442699,,0.960407166282463,FALSE,""
JAVELIN,4553,PIGR;FOSL1;HIST1H2BO;EYA1;SPTBN5,0.923579695720986,,0.477321364984666,TRUE,""
JAVELIN,4554,BCL2A1;MIR148B;SLC44A3;CHAT;ETV7,1.14489577390647,,0.221991285641608,FALSE,""
JAVELIN,4555,IDO1;AQP7;RGL3;KLK1;TSPAN2,1.3333078891126,,0.00962425505115182,FALSE,""
JAVELIN,4556,FXYD2;IGF1;HRSP12;PLA2G2D;PPP1R3G,1.27880084494839,,0.0206283478658057,FALSE,""
JAVELIN,4557,OLR1;LOC100288152;MYO5B;SNORA11D;MIR643,1.09668317771258,,0.396727939163649,FALSE,""
JAVELIN,4558,ASPN;CYP4F11;MAP4K1;FMN2;XCL2,0.931867180701013,,0.509438476907532,TRUE,""
JAVELIN,4559,MIR27B;RARRES1;ALDH6A1;WBSCR17;MIR1273F,1.42408631334817,,0.00132414539359172,FALSE,""
JAVELIN,4560,PLAC9;FOXQ1;TSKU;MIR3126;ZSCAN31,1.34483461643609,,0.00390524060767386,FALSE,""
JAVELIN,4561,WDR72;KISS1R;SNORA26;RHBG;C14orf183,1.5451836266997,,0.000106088832582284,FALSE,""
JAVELIN,4562,ALDH1L1;MIR569;MYO1G;APOA1;SPHK1,1.04323175441906,,0.692793091232166,FALSE,""
JAVELIN,4563,SRPX;MIR616;CACNA1C;SLC26A7;C8orf88,1.1844102772565,,0.122421773012949,FALSE,""
JAVELIN,4564,MIR4317;FLRT3;TREM2;SST;DAPK2,1.02824025812782,,0.795119042396617,FALSE,""
JAVELIN,4565,MYBL2;MAP7D2;CKS2;C5orf38;MIR4774,0.930495144069088,,0.499373758377824,TRUE,""
JAVELIN,4566,UGT2A3;CHRDL1;TMEM132A;PLG;MIR593,0.964160898579526,,0.738295734442521,TRUE,""
JAVELIN,4567,MIR4526;MIRLET7A2;ALDH1A3;MIR4533;CETP,1.30579002118204,,0.0124279177609307,FALSE,""
JAVELIN,4568,COX4I2;VEPH1;CALCRL;MIR3187;PDE8B,1.48520683041392,,0.000271927343256669,FALSE,""
JAVELIN,4569,RAB42;CXCR3;ANGPT2;MIR4643;SNORD58C,1.18107176876857,,0.115453230405658,FALSE,""
JAVELIN,4570,SLPI;SPEG;PPL;KNG1;SNCA,0.946753562142348,,0.610625277422643,TRUE,""
JAVELIN,4571,NR4A2;GYLTL1B;GAMT;TCHH;CCDC141,1.1496839940924,,0.184904635819547,FALSE,""
JAVELIN,4572,ALPK3;FOSL1;MIR197;KCNN1;DNAJC22,1.12613236965842,,0.27246468421813,FALSE,""
JAVELIN,4573,UBD;PTGER3;PTK7;SHOX2;GRIP1,1.03442394577224,,0.755517422353556,FALSE,""
JAVELIN,4574,NMB;MIR616;MIR3125;MIR3196;LOC101928749,1.4124814656665,,0.0027818840014553,FALSE,""
JAVELIN,4575,MIR548AR;NPY1R;MMP11;PKLR;FAM162B,1.49345388515295,,0.00023770900352777,FALSE,""
JAVELIN,4576,RAB17;IGFBP1;MMP11;MUC13;CRYBB2,1.39754144542577,,0.003118263608164,FALSE,""
JAVELIN,4577,PCOLCE2;GPD1;SNORD29;SLC6A19;MIR1273F,1.32269031609126,,0.0101536263582932,FALSE,""
JAVELIN,4578,CNN1;APOLD1;CACNA2D1;ROS1;GPR68,1.2132258328597,,0.0718968243575734,FALSE,""
JAVELIN,4579,CRB3;LRG1;LDB2;AKR1B10;MIR3664,1.32844522273098,,0.00769441118288433,FALSE,""
JAVELIN,4580,ANO9;CPXM2;MAP4K1;CRP;MMP17,0.881729394627675,,0.230822106760879,TRUE,""
JAVELIN,4581,FRAS1;GREM1;DLL4;ADRA1A;MIR3973,1.38843037955814,,0.00281391314387528,FALSE,""
JAVELIN,4582,PIGR;PPARGC1A;HOXD9;MIR4530;CYP26B1,1.43587567885385,,0.00131652762987096,FALSE,""
JAVELIN,4583,PROM1;CHRDL1;ALDOC;SCG5;GALNT16,1.00082459168938,,0.994018578263995,FALSE,""
JAVELIN,4584,SCNN1A;KCNIP4;HOXD4;CXCR2P1;SNORD60,1.20027591325547,,0.0811556499213366,FALSE,""
JAVELIN,4585,CNN1;MIR4519;ALDH6A1;MIR1245A;TMEM178A,1.43452524298171,,0.00125880144148993,FALSE,""
JAVELIN,4586,STEAP4;KIT;MECOM;SMOC1;TMEM246,1.2472171798417,,0.05038933477834,FALSE,""
JAVELIN,4587,S100A8;KLHDC7A;MS4A4A;WFDC10B;HUNK,1.04412752377077,,0.686566990587751,FALSE,""
JAVELIN,4588,MYOM3;COL11A1;ARL4C;SCUBE3;TSPAN32,0.99289320530991,,0.946474823600995,TRUE,""
JAVELIN,4589,TBX3;MIR4655;HIST1H2AL;PLA2G2D;TIAM2,0.864391530863413,,0.1784264009224,TRUE,""
JAVELIN,4590,GBA3;LTF;PBX1;NECAB2;KCNQ4,1.28656194596482,,0.0258366782196961,FALSE,""
JAVELIN,4591,FER1L4;CMYA5;MIR938;FBXL16;UHRF1,1.08645464098427,,0.441567536349084,FALSE,""
JAVELIN,4592,SCNN1A;GCNT3;MIR4435-2;RP1;PDE1C,1.19012790625454,,0.101957151219988,FALSE,""
JAVELIN,4593,MIR4652;GREM1;ARL4C;SCGB1A1;FIGNL2,1.10331244754174,,0.343490293903783,FALSE,""
JAVELIN,4594,MFSD2A;CD22;COX7A1;MIR4521;CLEC12A,0.968579600452853,,0.766332475626699,TRUE,""
JAVELIN,4595,MIR4292;LBP;RASGRP1;TMC5;MIR4720,1.16188738935718,,0.176232480692958,FALSE,""
JAVELIN,4596,MIR29B2;ZFHX4;ANGPT2;MIR193A;TTK,1.05385819521101,,0.636291180166115,FALSE,""
JAVELIN,4597,CRB3;PALM3;SNAI2;KCNH6;GPRIN1,1.17181308063402,,0.14966833437603,FALSE,""
JAVELIN,4598,S100A8;HRH2;LY96;GCKR;BMP6,0.89578363370691,,0.298384732165108,TRUE,""
JAVELIN,4599,PCDHGB2;MMP24;PLAT;DNER;CLEC10A,0.958205935035537,,0.691213665744668,TRUE,""
JAVELIN,4600,MIR378I;IL2RA;EFNA1;CA8;TAL1,0.984213532905685,,0.881574607549032,TRUE,""
JAVELIN,4601,MUC3A;PCDHGA5;IL2RB;ST8SIA6;MIR5094,1.18565143482271,,0.1023071824058,FALSE,""
JAVELIN,4602,MIR3189;SLC16A9;MMP11;SYT8;HOXD3,1.48970308469175,,0.000365320594183158,FALSE,""
JAVELIN,4603,F2RL1;SLC23A3;IFI44L;DUSP15;PTTG2,1.19073974467257,,0.0959483770930919,FALSE,""
JAVELIN,4604,LOC101927834;SOX6;CRISPLD2;MIR190A;CD28,1.38340051681946,,0.00255785992193182,FALSE,""
JAVELIN,4605,IDO1;NAGS;DPYSL3;IHH;CDS1,1.14536966964985,,0.211534906645083,FALSE,""
JAVELIN,4606,SCIN;MFI2;ARHGEF15;MAP3K15;EGFLAM,1.1852069850512,,0.117172017316911,FALSE,""
JAVELIN,4607,AGMO;CD69;CACNA2D1;ANKRD1;DOC2B,1.13386884689289,,0.24883314227616,FALSE,""
JAVELIN,4608,PRSS8;LOC391322;PLEKHA7;SCN3A;EMR4P,1.19162681302732,,0.112506278607599,FALSE,""
JAVELIN,4609,TTC39A;ITGBL1;MMP11;SNORD115-21;RASD2,1.32212216990963,,0.0124913464508789,FALSE,""
JAVELIN,4610,SHROOM3;MIR589;MIR544B;PADI3;UHRF1,1.05548647386626,,0.63493350314761,FALSE,""
JAVELIN,4611,SEC14L6;RYR2;HRSP12;BMP5;BATF,1.13140451734749,,0.251473227171615,FALSE,""
JAVELIN,4612,RAP1GAP;EPPK1;IGFBP6;SCARA5;CHST1,1.01583273937251,,0.883603587074646,FALSE,""
JAVELIN,4613,STEAP4;MIR589;ADCY4;MIR5091;E2F8,1.06593011811392,,0.558383658391039,FALSE,""
JAVELIN,4614,TACSTD2;CHRDL1;MIR631;MIR1538;GJA5,1.05861737520992,,0.595847038679871,FALSE,""
JAVELIN,4615,REG1A;EMX1;SNORD116-28;RHOV;MIR98,1.37150004891389,,0.0052167165096241,FALSE,""
JAVELIN,4616,HOGA1;GDA;SNORD116-28;BTLA;CHST1,1.1438088933764,,0.223263134863762,FALSE,""
JAVELIN,4617,TINAG;MIR4655;MIR938;PVALB;MIR4295,1.42623737134484,,0.00219048101928424,FALSE,""
JAVELIN,4618,UGT8;SNORA75;SNAI2;PTPRQ;MIR548J,1.39715534482933,,0.00211506005935839,FALSE,""
JAVELIN,4619,HOGA1;ABCA8;EMP1;WNT11;CKAP2L,1.06519318088179,,0.559526028745282,FALSE,""
JAVELIN,4620,LOC101927960;SMTNL2;EFNA1;MIR548AS;SNORD24,1.45065636347402,,0.000743677983318912,FALSE,""
JAVELIN,4621,SPOCK1;DSCAML1;SNORD74;MIR380;PDGFD,1.38885629056225,,0.00297199381364507,FALSE,""
JAVELIN,4622,REG1A;SNORA75;PTK7;MIR1305;BIRC5,0.97260867717578,,0.801671814713022,TRUE,""
JAVELIN,4623,SPOCK1;LOC647859;DLL4;SNORD115-37;KIAA1755,1.13862702971125,,0.24724542455164,FALSE,""
JAVELIN,4624,SCNN1A;TMEM139;MIR1537;DUOX2;GRAP2,1.04462396875888,,0.696876725822318,FALSE,""
JAVELIN,4625,UBD;LOC100288152;MIR4635;GGT3P;DNAH6,1.44179807241543,,0.000505755414214217,FALSE,""
JAVELIN,4626,SEC14L6;CPXM2;SNORD6;HOXA13;ZDHHC11,1.28049309169914,,0.0253429531719977,FALSE,""
JAVELIN,4627,NOX4;AR;ITGA11;ATOH8;SCUBE2,1.38399114322557,,0.0021445023554127,FALSE,""
JAVELIN,4628,MIR378I;PTPRD;PC;VNN3;PAQR6,1.07698513354396,,0.499694308692629,FALSE,""
JAVELIN,4629,SLC34A2;SLC26A1;SNORD12B;MIR298;POLQ,0.843687310371405,,0.113180531508478,TRUE,""
JAVELIN,4630,SRPX;SLC12A8;TEK;COCH;OR52N4,0.944901733344328,,0.588470484153541,TRUE,""
JAVELIN,4631,MIR3117;GRB14;ARL4C;TDO2;MIR3942,1.19167375775192,,0.1106944131743,FALSE,""
JAVELIN,4632,C8orf4;MIR1203;SNORD59A;MIR152;GRID1,1.18202870784397,,0.112821490020822,FALSE,""
JAVELIN,4633,NOX4;PAH;TOP2A;GRIK4;RHBDL1,1.17683555687337,,0.141938548619755,FALSE,""
JAVELIN,4634,RAB17;DPEP1;RNF128;PADI1;IL33,1.16284522675218,,0.174792265491937,FALSE,""
JAVELIN,4635,GBA3;HP;SLC1A1;BMPR1B;HIST1H1A,1.36238968814873,,0.00489920613990895,FALSE,""
JAVELIN,4636,LAMC3;IGFBP1;NT5E;FOXB2;GRHL1,1.0342199848599,,0.758993366638962,FALSE,""
JAVELIN,4637,LOC101927834;SPX;ITGA11;RHOV;ARHGAP28,1.41318981539799,,0.00179374636050907,FALSE,""
JAVELIN,4638,RAB17;NAPSA;SNORA77;SCG5;FAM132A,1.14734007514254,,0.206393937594195,FALSE,""
JAVELIN,4639,FGB;ZNF727P;2020-03-02 00:00:00;MIR4798;LOC100506518,1.29833392362083,,0.0158619527067068,FALSE,""
JAVELIN,4640,ALDH1L1;SNORD65;MIR938;WBSCR17;SPHK1,1.09411270520957,,0.421418027935739,FALSE,""
JAVELIN,4641,CX3CR1;LTF;FPR1;KLHL4;DSEL,1.18375783502928,,0.111828162177842,FALSE,""
JAVELIN,4642,MIR4730;PTGS2;MMP11;WNT10A;CD28,1.15705902447669,,0.184243550172356,FALSE,""
JAVELIN,4643,SBSPON;TNFSF14;FAM20A;MGARP;GRTP1,1.17321090618307,,0.143925653421213,FALSE,""
JAVELIN,4644,HNF1A;PCDHGA5;MIR3125;TMEM252;LILRA6,1.24744012605272,,0.0358975510732797,FALSE,""
JAVELIN,4645,OGDHL;CYP4F12;ITGA11;SLC35F3;CEP55,1.0823803083613,,0.472223477908684,FALSE,""
JAVELIN,4646,FABP4;GFRA1;ADCY4;FGF9;GLT8D2,1.19599360333871,,0.0957742736921663,FALSE,""
JAVELIN,4647,HABP2;MAP7D2;RHOBTB3;GPR15;LOC100506518,1.06159342116003,,0.578060500043252,FALSE,""
JAVELIN,4648,NTM;SNORD110;EMP1;HIST1H2AA;DAPP1,1.27882402785221,,0.0224884640265203,FALSE,""
JAVELIN,4649,MIR4730;FUT6;ALDH1A3;SLC9A3;SNORD60,1.33809968677972,,0.00793117223241659,FALSE,""
JAVELIN,4650,TACSTD2;COL7A1;FZD8;G6PC;ETV1,1.02730672419862,,0.809590815374364,FALSE,""
JAVELIN,4651,PYCR1;NPY6R;MIR631;MIR4636;C14orf183,1.38788441180822,,0.00315254319348039,FALSE,""
JAVELIN,4652,NPR3;FAP;IL2RB;ROS1;GSTT2,1.19559045401461,,0.0870731648885508,FALSE,""
JAVELIN,4653,SLCO4C1;C5orf46;HIST1H2BM;MIR4506;GALNT16,1.30991359660354,,0.0129758675354691,FALSE,""
JAVELIN,4654,MYBL2;SLC22A3;PTK7;MIR4280;SLC16A10,0.870028449569657,,0.213761936055555,TRUE,""
JAVELIN,4655,CD38;SPINK1;PTER;PPP2R2C;HOXB5,0.851979728812161,,0.140226268695959,TRUE,""
JAVELIN,4656,BCL2A1;SLC26A1;GAMT;NCAM2;NCAPG,1.02419296564047,,0.821630088351186,FALSE,""
JAVELIN,4657,AKR7A3;IRF4;MIR3975;MIR5584;GRIP1,1.15566299478546,,0.205272689220102,FALSE,""
JAVELIN,4658,SULT1C4;UBASH3A;SNORD116-28;MIR4530;PCDHGC5,1.16564189275276,,0.127324188867887,FALSE,""
JAVELIN,4659,FABP4;CXCL13;SARDH;OR4F15;DPY19L2P2,1.06653391726577,,0.547279254797138,FALSE,""
JAVELIN,4660,NTM;MLLT11;TOP2A;GABRP;CITED4,0.958101034007988,,0.707138234163442,TRUE,""
JAVELIN,4661,RAP1GAP;FOXQ1;ITGA11;CXCR2;C6orf132,1.05039296724004,,0.646334528678603,FALSE,""
JAVELIN,4662,HHLA2;MIR148B;ECM2;C10orf62;SNORA70D,1.39539117237369,,0.00240126634842512,FALSE,""
JAVELIN,4663,GATA3;F5;MIR197;KCNH6;NCAPG,0.847422045713577,,0.121960309776904,TRUE,""
JAVELIN,4664,STC2;CCDC64;PLAT;UNC93A;RGS11,1.12928808957773,,0.271739292983709,FALSE,""
JAVELIN,4665,MIR548AR;FAP;TEK;MIR100;RSAD2,1.19392576284153,,0.0882137008868713,FALSE,""
JAVELIN,4666,MAL;AZGP1;FPR1;CACNA2D2;FAM212A,1.12684495466879,,0.264838892636465,FALSE,""
JAVELIN,4667,SBSPON;SLAMF7;ECM2;CILP2;MIR1183,1.18261999731816,,0.108042078063519,FALSE,""
JAVELIN,4668,NLGN1;VSIG2;MIR3975;PEG3;ZNF667-AS1,1.30017597287524,,0.0143853489816636,FALSE,""
JAVELIN,4669,TSPAN7;MIR185;SNORD116-8;CNFN;NEK10,1.19156934678079,,0.105657422867946,FALSE,""
JAVELIN,4670,MIR29B2;TMEM171;MYRF;DNAAF1;LY9,1.21695220515854,,0.0740197185432247,FALSE,""
JAVELIN,4671,ANLN;MIRLET7I;MMP11;CDR1;PAMR1,1.18489440047655,,0.124713691030623,FALSE,""
JAVELIN,4672,UGT2A3;STK32B;PBX1;C1orf168;PABPC4L,1.4860976609762,,0.000187669336648691,FALSE,""
JAVELIN,4673,ZDHHC11B;NDNF;HIST1H4L;CILP2;EPHB3,1.21787385368674,,0.0657574502103324,FALSE,""
JAVELIN,4674,SNORD14C;MAP7D2;EVI2B;CYP4F2;TIAM2,0.986510205232656,,0.896430249860511,TRUE,""
JAVELIN,4675,RAB17;SLC12A8;MIR3975;FGF9;MDH1B,1.27481635040247,,0.0294548737554038,FALSE,""
JAVELIN,4676,NLGN1;ETNK2;RHOBTB3;PERM1;SPNS3,1.35338290938952,,0.0051865879848113,FALSE,""
JAVELIN,4677,C8orf4;MFI2;SNORD29;CHGB;ETV7,0.886092883505492,,0.269099280942344,TRUE,""
JAVELIN,4678,NME5;HYDIN;LDB2;SLC35F3;CYP4X1,1.29007133761655,,0.0146941829000225,FALSE,""
JAVELIN,4679,CCL18;MST1P2;MIR637;RHBG;LOC283278,1.26085466285686,,0.0344155938387102,FALSE,""
JAVELIN,4680,PEG10;MIRLET7D;SNORD74;ZMAT4;MIR3973,1.25031421834474,,0.0386715996678161,FALSE,""
JAVELIN,4681,MIR4317;ZFHX4;TREM2;SMOC1;RASL12,1.01305317671921,,0.90142711421685,FALSE,""
JAVELIN,4682,SNORD14C;NAGS;HOXD4;FAM151A;MIR581,1.29486374584519,,0.0141536119116117,FALSE,""
JAVELIN,4683,MYO3A;ALDOB;CDH13;SLC44A5;DLG2,1.58248650521211,,2.32140492620121e-05,FALSE,""
JAVELIN,4684,ADAM12;ROR2;CYTIP;SLC35F3;C5AR2,0.892011077449816,,0.309670557555132,TRUE,""
JAVELIN,4685,DCDC2;CCL28;ARL4C;TM6SF2;KIF18B,1.15332731444672,,0.194165493824034,FALSE,""
JAVELIN,4686,MYOM3;FAM65C;EVI2B;SOX11;SNORD24,1.29529959087978,,0.0131447279812253,FALSE,""
JAVELIN,4687,TINAG;NRG1;MIR637;CR2;JAM2,1.34042726504221,,0.00677273342123195,FALSE,""
JAVELIN,4688,MFSD2A;ADORA1;MIR544B;HS3ST3A1;SPNS3,0.89552144101101,,0.323697815934056,TRUE,""
JAVELIN,4689,SORBS2;CDHR1;MIR628;SLC22A7;RNF133,1.49482906060015,,0.0002247730564118,FALSE,""
JAVELIN,4690,ALPK3;ST6GALNAC2;ID1;PXDNL;CCDC85A,1.32053014122032,,0.0100756754467086,FALSE,""
JAVELIN,4691,KRT7;ADRA2C;CYTIP;C9;USHBP1,1.135659910052,,0.24324349724571,FALSE,""
JAVELIN,4692,MGAT3;SOX6;SNORD4B;SCN3A;PPFIA3,1.40718629752685,,0.00210305164518364,FALSE,""
JAVELIN,4693,MIR378I;STK32B;EVI2B;KLB;PYGO1,1.09938319802691,,0.378911958026899,FALSE,""
JAVELIN,4694,FMO2;PLCH2;IFI44L;MIR3188;NAV3,1.09647289811337,,0.371708335613345,FALSE,""
JAVELIN,4695,TFPI2;RARRES1;ECM2;FXYD4;SNORD103B,1.13573430730706,,0.231501434977908,FALSE,""
JAVELIN,4696,SLIT2;UTY;SNORD116-28;MIR544A;CYP27B1,1.11504538218428,,0.309483824024925,FALSE,""
JAVELIN,4697,ASPN;F5;FZD8;SHOX2;DLGAP5,0.957502080813578,,0.694442602939745,TRUE,""
JAVELIN,4698,UPB1;MIR3918;MIR544B;MIR2052;FIBIN,1.53344871910497,,7.83317359122654e-05,FALSE,""
JAVELIN,4699,SLC7A9;HP;MCF2L;CYP21A1P;SERTAD4,1.52253515525977,,0.000104820745165664,FALSE,""
JAVELIN,4700,ACSM5;ZNF727P;CDH13;VTN;C5AR2,1.3907099567277,,0.00163394153424088,FALSE,""
JAVELIN,4701,MIR4317;KMO;SNORD116-8;OR2T35;DGKI,1.39364637004575,,0.00131995204942556,FALSE,""
JAVELIN,4702,ABO;ZNF711;CDH13;SNORD115-37;PCDHB11,1.46029063824463,,0.000630172329557595,FALSE,""
JAVELIN,4703,PIGR;ZFHX4;ALDOC;MROH2A;ZNF334,1.09870354510622,,0.372978062667303,FALSE,""
JAVELIN,4704,NLGN1;MIR4326;DPYSL3;ARHGEF38;THSD4,1.13496728325633,,0.231235014983496,FALSE,""
JAVELIN,4705,KRT7;PCK1;TSKU;MIR298;ZNF90,0.990677086307972,,0.9312272559063,TRUE,""
JAVELIN,4706,GPER1;GLDC;HIST1H2AL;TUBB1;IL17RE,1.15951794951738,,0.175532341344019,FALSE,""
JAVELIN,4707,BAMBI;MT1M;HRSP12;TNNT2;COL9A2,1.16436057959053,,0.165729650437624,FALSE,""
JAVELIN,4708,MIR4526;LOC101928757;LDB2;SLC26A7;MIR3605,1.29053861450889,,0.016873708375446,FALSE,""
JAVELIN,4709,FCN3;SNAP25;HIST1H2BO;OVCH2;CH25H,1.13194270262888,,0.258300660937117,FALSE,""
JAVELIN,4710,LPL;FUT6;ANGPT2;LOC101928281;PCDHB4,1.65890844356618,,3.67439211510481e-06,FALSE,""
JAVELIN,4711,CPZ;PPARGC1A;PLAUR;HAO2;MIR581,1.2680882807334,,0.0326636754394467,FALSE,""
JAVELIN,4712,C1orf106;SLAMF7;DPYSL3;MIR1251;POU5F1B,1.18474420276176,,0.112913691091989,FALSE,""
JAVELIN,4713,MAL;B3GNT4;RASGRP1;MIR1271;MFAP3L,1.10145773566099,,0.349603682765294,FALSE,""
JAVELIN,4714,SHROOM3;TNFSF14;TSKU;SMPD3;DACT3,1.08742685737125,,0.438163835873756,FALSE,""
JAVELIN,4715,TACSTD2;MIR3145;TREM2;ATP13A4;FAM110C,1.30914245112087,,0.0125453998233351,FALSE,""
JAVELIN,4716,TTC39A;MFAP2;RIPK4;ALOX15B;AGBL3,1.32889167582234,,0.00725573700776193,FALSE,""
JAVELIN,4717,GATA3;PTGS2;DENND2A;SLC6A20;PTTG2,0.989484651909623,,0.923590935121881,TRUE,""
JAVELIN,4718,PEG10;STK32B;PPL;VSTM2L;ROPN1L,1.06099002839217,,0.578575246098652,FALSE,""
JAVELIN,4719,NXPH4;TESC;CKS2;NECAB2;POU5F1P4,0.990293546368735,,0.926601551665108,TRUE,""
JAVELIN,4720,OLFML2A;GYLTL1B;ITGA11;CIDEC;EFS,1.19841508827809,,0.0981308371239072,FALSE,""
JAVELIN,4721,CST7;PCK1;CRISPLD2;ZBTB7C;LZTS3,1.03806891253954,,0.730409064188867,FALSE,""
JAVELIN,4722,MIR4317;HPD;PBX1;MIR196A1;PLCH1,1.32401913211225,,0.01029446185416,FALSE,""
JAVELIN,4723,PDLIM4;CHST13;MECOM;MIRLET7G;NLGN4X,1.25243880027126,,0.0358379439256847,FALSE,""
JAVELIN,4724,C14orf105;EFHD1;CSF3R;MIR5091;WDR96,1.19698107542226,,0.0851033314567318,FALSE,""
JAVELIN,4725,ANK3;CCDC148;MIR631;A1CF;MIR626,1.47988173111581,,0.000415066731116417,FALSE,""
JAVELIN,4726,GBP5;CCDC183;SNORA48;TUBB1;TNFRSF11A,0.950238652288088,,0.639314426360001,TRUE,""
JAVELIN,4727,MAL;GREM1;MIR1207;CHIT1;RPL23AP32,1.09819800764702,,0.365941045265331,FALSE,""
JAVELIN,4728,ABO;NPY6R;SARDH;TRNP1;NTNG2,1.32422234877387,,0.0139077995355938,FALSE,""
JAVELIN,4729,BAMBI;HPD;BMP2;BMPER;C14orf64,1.3443576711164,,0.0060695414465687,FALSE,""
JAVELIN,4730,IKZF3;GPC3;CALCRL;MIR4469;SNORA38,1.03388396597148,,0.739970484440082,FALSE,""
JAVELIN,4731,MIR27A;F10;MTCL1;DNAI1;LOC401317,1.1299807808646,,0.257415463945641,FALSE,""
JAVELIN,4732,NMB;MIR1203;APCDD1;MUC13;NOVA1,1.24947497076489,,0.0453479764245245,FALSE,""
JAVELIN,4733,JPH2;DUSP2;MKI67;COX6A2;MIR3177,0.973300664592297,,0.802161411940234,TRUE,""
JAVELIN,4734,OGDHL;PCDHGA4;EVI2B;P4HA3;VN1R1,1.04706657061009,,0.669080999025915,FALSE,""
JAVELIN,4735,C8orf4;CYP2C9;MS4A4A;UMOD;FCRL6,1.04121687678217,,0.700635349974343,FALSE,""
JAVELIN,4736,SMIM24;FOSL1;SELENBP1;PLA2G1B;S1PR4,0.986561880876856,,0.897450473262598,TRUE,""
JAVELIN,4737,SNCG;OLFM2;BMP2;TRPA1;GPR160,1.46415387781386,,0.000544098730309231,FALSE,""
JAVELIN,4738,SLC39A5;FOXP2;PTER;MIR548A1;SMG1P5,1.14836071704263,,0.215611449773838,FALSE,""
JAVELIN,4739,UGT2A3;MIR646;MMP11;NKAIN4;LOC101928383,1.50014872806238,,0.000266780223640967,FALSE,""
JAVELIN,4740,GZMA;ZNF727P;MKI67;ESRP1;WNT2B,0.936204038015599,,0.534793872583971,TRUE,""
JAVELIN,4741,RBP4;SMTNL2;2020-03-02 00:00:00;HOXA13;PCDHGA6,1.32790523967524,,0.0091186690651502,FALSE,""
JAVELIN,4742,ANLN;APOLD1;MS4A4A;MIR3131;S1PR4,0.933189026173649,,0.534052911957563,TRUE,""
JAVELIN,4743,ESM1;STK32B;IL2RB;SLC10A2;HOXA10-AS,1.42703549415142,,0.000649310867598237,FALSE,""
JAVELIN,4744,SLIT2;LOC647859;PPL;SNORD114-14;TSPAN32,1.01908600032752,,0.857309094730671,FALSE,""
JAVELIN,4745,ANLN;THBS4;HOXD9;HAS1;COLCA2,1.24572966474036,,0.0466610914005335,FALSE,""
JAVELIN,4746,NOX4;EFHD1;ALDOC;CPA4;HSD17B3,1.231193045505,,0.0629539869992219,FALSE,""
JAVELIN,4747,MIR4499;B3GNT3;MIR3975;VPREB3;SERTAD4-AS1,1.27182616534084,,0.0273331573357338,FALSE,""
JAVELIN,4748,KRT7;CLCNKA;FZD8;PRIMA1;MIR1284,1.27398162313984,,0.0302403892597086,FALSE,""
JAVELIN,4749,RAB42;PPARGC1A;SNORD59A;FOXJ1;RNF157,1.21527253062986,,0.0840518746641848,FALSE,""
JAVELIN,4750,AKR7A3;ARG2;SNORD74;MATN3;ATP8B3,1.22127529135257,,0.0650175272422929,FALSE,""
JAVELIN,4751,UPB1;PLIN4;CACNA2D1;CASR;LOC101927236,1.54881285184234,,9.05238347238379e-05,FALSE,""
JAVELIN,4752,LOC101927834;UBASH3A;ANGPT2;CD177;SNORD58C,1.15728918837807,,0.165463907078858,FALSE,""
JAVELIN,4753,ACE2;LBP;COX7A1;MIR4636;POU5F1B,1.48023054360329,,0.000327634448422769,FALSE,""
JAVELIN,4754,RERG;F5;IL2RB;LOC101929578;RPL39L,1.09084000132599,,0.40792650811638,FALSE,""
JAVELIN,4755,GPT;TRPC6;FOLR2;APCDD1L;LOC283278,1.19049839900082,,0.10848754802973,FALSE,""
JAVELIN,4756,FER1L4;KLF15;SNORD6;MIR548AS;APOL4,1.21438376311159,,0.0702672878975409,FALSE,""
JAVELIN,4757,CPZ;AIF1L;SNORA48;VNN3;ADM2,1.16948106309661,,0.154440899833485,FALSE,""
JAVELIN,4758,PTHLH;SLC23A1;RIPK4;CSDC2;TMEM178A,1.32712535742606,,0.0103348167799718,FALSE,""
JAVELIN,4759,FOLH1;DPEP1;TREM2;C9orf66;SNCA,1.42839631404288,,0.000445855979417709,FALSE,""
JAVELIN,4760,ARHGEF16;COL7A1;SNORD59A;LOC100505635;MIR3978,1.04947840625961,,0.647877967920903,FALSE,""
JAVELIN,4761,GLYAT;PCDHGA4;CRISPLD2;SLC44A5;SNORD24,1.42760045864142,,0.000938451980512127,FALSE,""
JAVELIN,4762,LOC101927834;NPY1R;MIR3125;CCL8;MIR583,1.38774451177871,,0.00342060954901837,FALSE,""
JAVELIN,4763,NR4A3;VNN1;TOP2A;FERMT1;FAM184A,1.0192785068109,,0.860949117963864,FALSE,""
JAVELIN,4764,IL6;MIR4731;PIEZO2;SLC6A18;COL9A2,1.2720163541322,,0.0282768101830802,FALSE,""
JAVELIN,4765,PPAP2C;ADRA2C;MCF2L;KCNJ1;ABCG2,1.26348162333423,,0.0380375997745205,FALSE,""
JAVELIN,4766,AOC1;BEX2;APCDD1;TJP3;MPP7,1.12459174263261,,0.298112936676798,FALSE,""
JAVELIN,4767,MIR27B;TENM3;DLL4;CCDC158;SNORA78,1.32617980740972,,0.00903983492286449,FALSE,""
JAVELIN,4768,FAM46C;F10;SLC44A3;HCAR2;SOGA3,0.919863719279769,,0.449250123800602,TRUE,""
JAVELIN,4769,ASPN;ASRGL1;ACSF2;MIR431;DLG2,1.35791011742683,,0.00449130461824123,FALSE,""
JAVELIN,4770,SCIN;HAMP;FOLR2;SLC13A1;DNAJC22,1.37512495351199,,0.0029861473959152,FALSE,""
JAVELIN,4771,HHLA2;HLF;MIR1207;SLC5A2;CDC42BPG,1.26659366468167,,0.030355316814829,FALSE,""
JAVELIN,4772,FNDC1;CD22;ANGPT2;CHIT1;PANK1,1.3079199603271,,0.0132275332711721,FALSE,""
JAVELIN,4773,SRPX;MT1M;ACSF2;CST2;RPS6KL1,1.13150885881642,,0.252776543739587,FALSE,""
JAVELIN,4774,MIR645;TRPC6;ANGPT2;SLC10A2;TMEM232,1.57196521212288,,4.63665137003994e-05,FALSE,""
JAVELIN,4775,C14orf105;DPEP1;CACNA1C;SNORD114-31;ATP1B2,1.28797182393826,,0.0173198304366963,FALSE,""
JAVELIN,4776,ADAMTSL2;SLC23A3;MXRA8;GCGR;JAKMIP1,1.24303542701244,,0.0492167374266458,FALSE,""
JAVELIN,4777,ADAM12;KIF26B;HOXD4;KRT15;RGS4,1.05449426953707,,0.624474012047071,FALSE,""
JAVELIN,4778,HIF1A-AS2;PCDHGA5;ID1;MIR3197;AMY2B,1.36846659495311,,0.0047225634984281,FALSE,""
JAVELIN,4779,SCNN1A;GLDC;PBX1;MYRFL;MIR151A,1.1205112796473,,0.314074092509778,FALSE,""
JAVELIN,4780,PPAP2C;MIR185;PLAT;SLC6A20;GSTO2,0.931810749887363,,0.520160145666985,TRUE,""
JAVELIN,4781,PLAC9;TNFSF14;DENND2A;MIR181B2;MIR3664,1.32252647556307,,0.00957727755972267,FALSE,""
JAVELIN,4782,RBP4;ABCA12;S1PR3;SLC38A4;DNALI1,1.21213158923696,,0.0755982576560844,FALSE,""
JAVELIN,4783,MIR25;CCDC64;TREM2;HCN2;ST6GALNAC3,1.10100992169838,,0.364410363924053,FALSE,""
JAVELIN,4784,ITGB6;MIR548AU;HRSP12;NPHS1;GLT8D2,1.25429192713081,,0.0412201384368146,FALSE,""
JAVELIN,4785,JPH2;TMEM171;HRSP12;C5orf27;RGS16,1.34873656402078,,0.0062259114455495,FALSE,""
JAVELIN,4786,ASPN;CXCL13;MYO7A;TRPV3;SP140,0.886079531087867,,0.248165357544828,TRUE,""
JAVELIN,4787,FXYD2;SYBU;ARL4C;MIR431;IL1RL2,1.14616459173574,,0.207167322478595,FALSE,""
JAVELIN,4788,MUC3A;KLKB1;SARDH;SLC35F3;NOVA1,1.44326170283448,,0.000582038932673024,FALSE,""
JAVELIN,4789,GBP5;GDA;RIPK4;MIR4643;CHST1,1.36592579386154,,0.00393351875189383,FALSE,""
JAVELIN,4790,ACE2;ZFHX4;SARDH;MIR582;LILRB4,1.05239350521288,,0.622536808429371,FALSE,""
JAVELIN,4791,ARHGEF16;SLC22A3;PTTG1;MIR296;CD40LG,1.04905149614731,,0.664444708920819,FALSE,""
JAVELIN,4792,C1orf186;MIR589;MIR544B;IL1RL1;LOC100128242,1.23399189357702,,0.0504913395466252,FALSE,""
JAVELIN,4793,FMO3;KLHDC7A;MIR544B;PKLR;DNAJC22,1.39680609553802,,0.00169891606393137,FALSE,""
JAVELIN,4794,FOSB;FLRT3;PDLIM3;PCDHB6;LZTS3,1.24128441068929,,0.0457408085923775,FALSE,""
JAVELIN,4795,PROM1;FOXF1;TIE1;CACNA1E;MIR548AM,1.39482254784313,,0.00132845995232688,FALSE,""
JAVELIN,4796,ANLN;MIR4796;CACNA1C;NMU;LOC100133669,1.40258123870119,,0.00271013133072912,FALSE,""
JAVELIN,4797,OGDHL;SDS;HOXD4;UNC5A;MIR571,1.27025557062877,,0.0237169628888656,FALSE,""
JAVELIN,4798,GBP5;CD22;PDLIM3;MYBPC2;KCNN4,0.847959927347519,,0.117924335519581,TRUE,""
JAVELIN,4799,IRX5;GLIS1;TOP2A;ZNF365;RASD2,1.18497266310468,,0.124761503496158,FALSE,""
JAVELIN,4800,ITGA8;LAMC2;PTK7;MIR4654;MIR4720,1.19866774467399,,0.0996696011571961,FALSE,""
JAVELIN,4801,PTH1R;CDCP1;NT5E;TNNT2;CLDN9,0.969362693686318,,0.775565889895654,TRUE,""
JAVELIN,4802,NXPH4;ADAMTS14;MIR4714;TRPV3;SYCE1L,0.901517904716909,,0.343097131688008,TRUE,""
JAVELIN,4803,ADAM12;MIR646;MYO7A;SLC44A5;MIR643,1.16800626803727,,0.152573227122787,FALSE,""
JAVELIN,4804,MYO3A;MIR1203;TMEM204;PKLR;MEFV,1.25937541531185,,0.0242768680402809,FALSE,""
JAVELIN,4805,NPNT;MIOX;ALDH6A1;APOC3;AGAP11,1.51228784710236,,0.00022068079846703,FALSE,""
JAVELIN,4806,PTH1R;MIR4655;IGFBP6;CALCR;CD300LF,1.16730686244647,,0.144968370149546,FALSE,""
JAVELIN,4807,SLC39A5;ZNF711;MIR637;MIR493;CCDC144CP,1.37267828301739,,0.00352023538638161,FALSE,""
JAVELIN,4808,FOSB;KCNIP4;MIR4714;APCDD1L;GPR160,1.2695314404113,,0.0267249353831475,FALSE,""
JAVELIN,4809,GATA3;KCNJ3;HIST1H2AL;LOC389602;MPP7,1.19242972282908,,0.100827127934884,FALSE,""
JAVELIN,4810,CYP2E1;NDNF;SNORD59A;MIR578;MIR627,1.23743340235634,,0.0457836982079453,FALSE,""
JAVELIN,4811,BBOX1;SPX;LY96;MIR181B2;KCNN4,1.2713562756821,,0.0249764186958038,FALSE,""
JAVELIN,4812,MGAT3;BAI1;FZD8;ATOH8;PHYHD1,1.3660504908822,,0.00657158514826239,FALSE,""
JAVELIN,4813,ITGA8;SNORD110;SNORD116-8;GUCY1B2;MAATS1,1.63025949633957,,1.13034926821403e-05,FALSE,""
JAVELIN,4814,PCOLCE2;CD3G;HOXD9;SLC30A2;KCNQ4,1.19528744809266,,0.0919147972526037,FALSE,""
JAVELIN,4815,SULT1C4;MIR339;MYO7A;CHAT;PCDHGA6,1.27796404213605,,0.0255618310148775,FALSE,""
JAVELIN,4816,ADAMTSL2;ABCB4;FKBP9P1;LHX1;RPL23AP32,1.12470441828156,,0.290734260777668,FALSE,""
JAVELIN,4817,PROM1;COLEC12;ARHGEF15;EHF;SNORD19,1.09083717146903,,0.415752843537946,FALSE,""
JAVELIN,4818,BCL2A1;COBL;EMP1;SLC17A2;PPIAP30,1.15295103557177,,0.184531591113034,FALSE,""
JAVELIN,4819,RAP1GAP;COBL;MS4A4A;FGF14;ALDH1L2,1.21626791238149,,0.0676997385405803,FALSE,""
JAVELIN,4820,SLC17A1;CXCL13;TSKU;AQP4;CLEC1A,1.14245446396802,,0.209097007048908,FALSE,""
JAVELIN,4821,SLC7A9;MIR563;PBX1;MYRFL;ADM2,1.54538894066808,,8.91738286858591e-05,FALSE,""
JAVELIN,4822,SLC34A2;CGREF1;TREM2;SFTPB;C9orf106,1.37138003064092,,0.00334445839657231,FALSE,""
JAVELIN,4823,SLIT2;MIR429;HOXD4;OCA2;HIST2H3A,1.26545758141747,,0.0246472941141691,FALSE,""
JAVELIN,4824,MIR126;MIOX;IFI44L;SIM1;TMEM178A,1.38493378224166,,0.00272596738225514,FALSE,""
JAVELIN,4825,MYO3A;MIR4676;MYRF;HOXB13;MIR4681,1.19483636949447,,0.111527102424339,FALSE,""
JAVELIN,4826,SNORD14C;MIR1249;ADAMTS2;HHIP;ARRDC5,0.96117972155552,,0.715784004983559,TRUE,""
JAVELIN,4827,CNN1;ST6GALNAC2;PTTG1;KCNJ1;HIST2H3C,0.940772684481559,,0.573586434341017,TRUE,""
JAVELIN,4828,ANK3;B3GNT3;GAMT;SNORD115-4;RPS6KL1,1.22552855724267,,0.0604646380021537,FALSE,""
JAVELIN,4829,HHLA2;MAP7;ALDH6A1;LRRC3;MIR583,1.42591205162466,,0.00126497569684484,FALSE,""
JAVELIN,4830,MIR3646;ABCA8;PTK7;SLC52A3;SNORD20,1.11744848820527,,0.297375393919562,FALSE,""
JAVELIN,4831,ADAM12;MAP7;MIR637;SCG5;SNCAIP,1.00421441550179,,0.970497258691627,FALSE,""
JAVELIN,4832,ESM1;LAMC2;MIR628;FBXO2;LOC401317,1.15989461406349,,0.175145670223432,FALSE,""
JAVELIN,4833,SLPI;FXYD1;CYTIP;MIR298;KIF26A,0.913892083952462,,0.40737287423112,TRUE,""
JAVELIN,4834,SORBS2;TNFSF14;ROBO4;ROBO2;CCDC144CP,1.39566355557682,,0.00193776255793324,FALSE,""
JAVELIN,4835,OLR1;LRG1;RNF128;CYP2C18;MIR221,0.976576398026876,,0.820766561071545,TRUE,""
JAVELIN,4836,MIR4652;CPA3;EMP1;CYP4A22;RASD2,1.36810032035368,,0.00467914849540477,FALSE,""
JAVELIN,4837,KCP;MIRLET7I;EVI2B;MIR4705;ATP1B2,1.39313953988359,,0.0013945697539933,FALSE,""
JAVELIN,4838,ANO9;RGN;ITGA11;MIR4486;CCDC3,1.07333450665832,,0.498083474313814,FALSE,""
JAVELIN,4839,GBP5;MIR186;GPC4;CXCR1;SMG1P5,1.04270604368119,,0.689874704989472,FALSE,""
JAVELIN,4840,NR4A2;LAMC2;CACNA2D1;RAB25;RPS6KL1,1.13020248229974,,0.260261834218757,FALSE,""
JAVELIN,4841,SLC16A12;CLMP;HOXD9;SHISA9;ZSWIM5,1.34713416278656,,0.00529168704557399,FALSE,""
JAVELIN,4842,GATA3;TMEM171;LDLR;BTLA;ZSCAN31,0.950690388963089,,0.649972993329053,TRUE,""
JAVELIN,4843,MAL;C2;CCL4;TMEM174;LOC100128242,1.04609476953786,,0.672787741105564,FALSE,""
JAVELIN,4844,S100A8;C4B;GAMT;MIR4533;AGBL3,1.18945626982628,,0.0957667015749797,FALSE,""
JAVELIN,4845,ITGB6;ZFY;ARHGEF15;HHIP;CATSPERG,1.07515038772524,,0.491946853275284,FALSE,""
JAVELIN,4846,FER1L4;GZMB;TSKU;HRG;DOC2B,0.963139859251853,,0.731669005679358,TRUE,""
JAVELIN,4847,FABP4;CYP4F3;GPC4;EML6;TIAM2,0.982080348404507,,0.859561718108689,TRUE,""
JAVELIN,4848,FMO3;COLEC12;RASGRP1;DLK2;XCL2,0.952764077879919,,0.649113636596462,TRUE,""
JAVELIN,4849,RAB17;ADRA2A;TIE1;GPM6A;LOC101927941,1.20206245424754,,0.0909901154981614,FALSE,""
JAVELIN,4850,PROM1;C5orf46;CRISPLD2;LOC101929335;RPL23AP32,1.34354934023768,,0.00627589315294027,FALSE,""
JAVELIN,4851,UGT2A3;MIR339;CKS2;TNFRSF17;MDFI,1.10794123151366,,0.339431700561268,FALSE,""
JAVELIN,4852,WDR72;COBL;PTK7;KHDRBS2;SPIRE2,1.13830987380374,,0.241208493314704,FALSE,""
JAVELIN,4853,SMIM24;EGR3;PTK7;PRPH;PYGO1,1.19702406239335,,0.106445703635637,FALSE,""
JAVELIN,4854,DDC;LYVE1;EFNA1;TFCP2L1;KIAA1755,1.11981461662949,,0.312067805917028,FALSE,""
JAVELIN,4855,WDR72;FAM65C;HIST1H4L;CYP2B7P;NLRC3,1.24250476649589,,0.0420529716530818,FALSE,""
JAVELIN,4856,CST7;GDA;MIR4435-2;NPHS2;CYYR1,1.24683370123702,,0.0422730555747747,FALSE,""
JAVELIN,4857,SULT1C4;MIR3941;TMEM204;FCRL5;SLC39A4,1.30122108161229,,0.0136032313156337,FALSE,""
JAVELIN,4858,SLC7A9;GRM8;TMEM132A;SLC35F3;KIAA1755,1.06400952889795,,0.567291227633004,FALSE,""
JAVELIN,4859,FMO2;ATP1A2;MECOM;TUBB1;PDGFD,1.40287264456071,,0.00156118028327137,FALSE,""
JAVELIN,4860,VTRNA2-1;MIRLET7A2;RGL3;NECAB2;CH25H,1.66465136442833,,4.39601143044086e-06,FALSE,""
JAVELIN,4861,CX3CR1;MIR548AU;ID1;TJP3;ETV7,1.16369881854123,,0.140802016830439,FALSE,""
JAVELIN,4862,CTSW;SNORD114-10;SNORD4B;VPREB3;WDR96,0.985840338925603,,0.89104489880543,TRUE,""
JAVELIN,4863,MIR142;TESC;SNORD116-16;DPYSL4;CLEC12A,1.0379290597427,,0.727018692954433,FALSE,""
JAVELIN,4864,ABO;RYR2;HOXD9;HIST1H2AA;SNORD103B,1.49359758069203,,0.000286270461666335,FALSE,""
JAVELIN,4865,CHDH;LTF;HIST1H4L;GRIA3;RBPMS2,1.34146497532073,,0.00779148539738873,FALSE,""
JAVELIN,4866,SMIM24;TTN;HIST1H2BO;CXCR2P1;NAV3,0.792827844930286,,0.0343581163312486,TRUE,""
JAVELIN,4867,COMP;CHST13;MIR631;MIR379;KCNN4,1.10528411464339,,0.377770628634626,FALSE,""
JAVELIN,4868,NME5;BTNL9;MYO7A;HS3ST3A1;DEPDC7,1.38511964591372,,0.00227067328346311,FALSE,""
JAVELIN,4869,EXOC3L4;MIR4796;DCBLD2;MMP12;NOVA1,1.11416119661382,,0.332815431644679,FALSE,""
JAVELIN,4870,CD27;HYDIN;IGFBP6;TREM1;CD40LG,0.945829031511896,,0.576709188784218,TRUE,""
JAVELIN,4871,SLC7A9;SLC12A8;CDH13;MIR544A;ASPRV1,1.30095577698563,,0.0161749413489211,FALSE,""
JAVELIN,4872,NR4A2;CDHR1;TOP2A;UNC5A;RAB6B,0.881294045349414,,0.24577682125135,TRUE,""
JAVELIN,4873,FXYD2;AZGP1;MIR938;A1CF;POU5F1B,1.53543450895271,,9.67230799667166e-05,FALSE,""
JAVELIN,4874,LPL;CPXM2;CCL4;CDO1;TAL1,1.07549471133234,,0.492009999554565,FALSE,""
JAVELIN,4875,MYBL2;CD69;DMD;BCHE;DLG2,1.04703189878344,,0.67168145123467,FALSE,""
JAVELIN,4876,ABO;TCF21;MXRA8;SNORD114-2;NOVA1,1.2536624224258,,0.0319464535084833,FALSE,""
JAVELIN,4877,GLYAT;VSIG2;HIST1H4L;NPHS2;ROPN1L,1.32085077702936,,0.00961570566621721,FALSE,""
JAVELIN,4878,SNCG;IGF1;LDB2;GSTM5;S1PR4,1.11576336088451,,0.287688879766356,FALSE,""
JAVELIN,4879,IL17RB;MIR1203;MYO5B;SIM2;OSR1,1.14372528212377,,0.239618343810936,FALSE,""
JAVELIN,4880,MIR645;CXCR3;EFNA1;SLC34A3;WIPF3,1.26110322834543,,0.0404290224370515,FALSE,""
JAVELIN,4881,FGG;CDA;CACNA2D1;CTSG;SLAMF8,1.01623399167902,,0.880077064602209,FALSE,""
JAVELIN,4882,PEG10;MIR378H;EMP1;CAMK2B;KIF20A,1.04599892339526,,0.688359450332084,FALSE,""
JAVELIN,4883,MIR548AR;KCNIP4;TREM2;ERBB4;CD28,1.21984306348284,,0.0565091474496289,FALSE,""
JAVELIN,4884,QPCT;KISS1R;LZTS1;SLC12A3;PLCH1,1.51971684284359,,0.000198671753572471,FALSE,""
JAVELIN,4885,MIR4526;HYDIN;TREM2;SNORD114-24;COL21A1,1.31576208589782,,0.00924495566813555,FALSE,""
JAVELIN,4886,SLC17A1;MIR548AU;SNORD116-16;GSTM5;TSPAN32,1.23342739193104,,0.049427347644054,FALSE,""
JAVELIN,4887,CCL18;LOC391322;DPYSL3;ENAM;DAPP1,1.00087686376948,,0.99340745684742,FALSE,""
JAVELIN,4888,IL6;SDS;TEK;TNNI3;RAB6B,1.11938001199015,,0.312801067564315,FALSE,""
JAVELIN,4889,UGT8;MIRLET7F1;DPYSL3;TRIM54;MAP6,1.25017632305827,,0.0369796948968297,FALSE,""
JAVELIN,4890,LOC101927834;ATP1A2;FKBP9P1;GRIK3;REM1,1.38375640198845,,0.00327177943744889,FALSE,""
JAVELIN,4891,LOC101927960;CCDC64;MS4A4A;KLHL41;SIX1,1.14780532658476,,0.197910184506546,FALSE,""
JAVELIN,4892,WDR72;NPY6R;MIR4435-2;MIR4489;GRHL1,1.43480370344568,,0.00100890679271356,FALSE,""
JAVELIN,4893,SCNN1A;TRIM55;SNORD116-16;WFDC10B;GLI1,1.39110407082303,,0.00264212264454551,FALSE,""
JAVELIN,4894,CRB3;CHST13;HIST1H2BO;PKLR;FAM43A,1.27897312392505,,0.0259675969948556,FALSE,""
JAVELIN,4895,NMB;SNAP25;GAMT;SLC6A19;POU5F1P3,1.35086176269001,,0.00543294564235446,FALSE,""
JAVELIN,4896,LPL;LDHD;ID4;DIRAS2;CDS1,1.44722255556835,,0.0009316803354202,FALSE,""
JAVELIN,4897,MIR23C;CD79A;MIR631;TEX11;SEMA3G,1.13719097964234,,0.21693783026264,FALSE,""
JAVELIN,4898,SLIT2;C2;GAMT;OR4F15;KIF18B,1.01330965704426,,0.905454461687939,FALSE,""
JAVELIN,4899,MUC3A;GSTM1;ROBO4;CYP4A22;CEP55,1.15435678198593,,0.178210849633516,FALSE,""
JAVELIN,4900,CD38;ADORA1;SNORD6;ASPDH;LOC100133669,1.20504330838951,,0.0844494503576172,FALSE,""
JAVELIN,4901,SMIM24;GFRA1;FAM20A;CYP2D6;FIBIN,1.28194635667158,,0.0182447517100354,FALSE,""
JAVELIN,4902,GZMK;CRYM;TMEM204;LOC101929578;TMOD1,1.19475407413579,,0.110564351264776,FALSE,""
JAVELIN,4903,ACY3;MIR4676;MIR628;PXDNL;PCDHGC5,1.55659098201906,,4.1163236893178e-05,FALSE,""
JAVELIN,4904,CD27;ATP1A2;MYO7A;RAB25;MIR3674,1.06711967087318,,0.527933320660308,FALSE,""
JAVELIN,4905,ESM1;FABP7;RASGRP1;PCDHB6;ARRDC5,1.27422442168609,,0.0237207915062196,FALSE,""
JAVELIN,4906,MIR4292;GRB14;TOP2A;LRRC7;CTRL,1.16598763252819,,0.162790555933222,FALSE,""
JAVELIN,4907,PROM1;MIRLET7D;PPL;GRIA4;MDFI,1.26872787649995,,0.0270082186360086,FALSE,""
JAVELIN,4908,SMIM24;SDS;LDB2;MIR665;SNCA,1.35377208090181,,0.00336486811871564,FALSE,""
JAVELIN,4909,C14orf105;ZNF711;HMCN1;SLC51A;PCDHB15,1.57682371165745,,1.92498149236944e-05,FALSE,""
JAVELIN,4910,SLC16A12;KCNIP4;ANGPT2;PTPRQ;LOC101927236,1.54404423893687,,6.41311440426174e-05,FALSE,""
JAVELIN,4911,FMO2;CLDN10;SNORD33;TEX15;ARRDC5,1.40482889420804,,0.0010205725348577,FALSE,""
JAVELIN,4912,MYO3A;APOLD1;MECOM;DNAH9;CD300LF,1.28934419881439,,0.0172845810452056,FALSE,""
JAVELIN,4913,QPCT;ALDOB;NT5E;SNORD115-37;JAM2,1.17208112295419,,0.142495750996583,FALSE,""
JAVELIN,4914,HOGA1;GRM8;RHOBTB3;IGSF10;PCDHGC4,1.18098426648399,,0.132621349485237,FALSE,""
JAVELIN,4915,FMO2;ROR2;SEMA4G;DNAI1;CD80,1.29061550189864,,0.0200170490238385,FALSE,""
JAVELIN,4916,MIR4730;MIR616;DPYSL3;ATOH8;BIRC5,1.08697889747611,,0.461122799608964,FALSE,""
JAVELIN,4917,PRSS8;GRB14;MST1;DUSP9;UBE2T,1.23045296281462,,0.059935340916426,FALSE,""
JAVELIN,4918,NR4A2;MIR4796;HOXD9;MIR4797;MIR98,1.29475445971641,,0.0160309085460846,FALSE,""
JAVELIN,4919,CTSW;F10;LDLR;ANO4;POU5F1P3,0.909957445609022,,0.391182610291026,TRUE,""
JAVELIN,4920,SHROOM3;CDCP1;FPR1;ANO4;REM1,0.955904843232669,,0.682325754420537,TRUE,""
JAVELIN,4921,PTH1R;MIR554;RGL3;TUBA3D;APOBEC3B,1.05364701647252,,0.629226629974457,FALSE,""
JAVELIN,4922,SCNN1A;MMP24;SNORA77;TFCP2L1;LOC101928494,1.05143356285308,,0.652321219355265,FALSE,""
JAVELIN,4923,NMB;KIF26B;GAMT;B3GAT1;HMMR,0.979957892693826,,0.852918880880358,TRUE,""
JAVELIN,4924,GZMK;LIPC;ITGA11;MIR33A;SNORD91A,1.18721813208314,,0.0945706511090617,FALSE,""
JAVELIN,4925,SLPI;PAQR5;MIR544B;DNAAF1;FLT3,1.15644428335296,,0.192715537060893,FALSE,""
JAVELIN,4926,LAMC3;CXCL8;CYTIP;EGFL6;ZNF90,0.988740583103446,,0.915801079319169,TRUE,""
JAVELIN,4927,FXYD2;CPA3;SNORD33;SLC26A9;TP73,1.16871650758914,,0.123605752289484,FALSE,""
JAVELIN,4928,MIR378I;SNORD87;MIR1207;EYA4;APOBEC3B,0.964026511271895,,0.737097805818845,TRUE,""
JAVELIN,4929,GLYAT;MIR554;FKBP9P1;SCUBE1;PPFIA3,1.2294509120845,,0.0562452469359979,FALSE,""
JAVELIN,4930,MIR27A;KISS1R;HOXD9;BMPR1B;LIPE,1.48687095102562,,0.000306357311905415,FALSE,""
JAVELIN,4931,MIR4317;SLC4A3;TREM2;IL13RA2;GNAL,0.942595260095962,,0.571090153926413,TRUE,""
JAVELIN,4932,FABP4;MIR3941;MYO1G;PCDHB5;PARP15,1.03096518146207,,0.759542000132656,FALSE,""
JAVELIN,4933,COL4A4;SLC22A3;FPR1;TUBB1;KIF26A,1.01109185371908,,0.91579595980093,FALSE,""
JAVELIN,4934,GLYAT;HPD;FOLR2;GRIK4;PHYHD1,1.25067738184793,,0.0376629103356224,FALSE,""
JAVELIN,4935,CTSW;LOC100288152;CSF3R;CERKL;FOXD1,1.02581667500879,,0.806616254258359,FALSE,""
JAVELIN,4936,COL4A4;KMO;SNORA48;TNIP3;PPFIA3,1.22472244645292,,0.0632101068454344,FALSE,""
JAVELIN,4937,COL4A3;SDS;DLL4;KCNH6;MIR583,1.53088877067901,,0.000144716845367016,FALSE,""
JAVELIN,4938,AGMO;CYP24A1;MIR631;SNORA11D;WNT9A,1.21131641015659,,0.0714230652166347,FALSE,""
JAVELIN,4939,COMP;CYP4F11;SNORD116-8;DLK2;SLAMF8,1.11967398054208,,0.30070421790947,FALSE,""
JAVELIN,4940,TMEM27;MIR548AA2;TMEM132A;MIR665;PDE3B,0.928016671628798,,0.483896948437992,TRUE,""
JAVELIN,4941,NPR3;CD69;COX7A1;MAP3K15;C9orf106,1.23387999742337,,0.0424940636546833,FALSE,""
JAVELIN,4942,MIR4317;CYP4F12;DMD;HMGA2;SYCE1L,0.916548991133955,,0.399657242511078,TRUE,""
JAVELIN,4943,ALDH1L1;THBS4;MIR1207;FBXO2;MIR4774,1.09851475832963,,0.397043738790446,FALSE,""
JAVELIN,4944,MIR548AR;HP;RASGRP1;UGT2B4;TMEM178A,1.17643770793722,,0.120525256879879,FALSE,""
JAVELIN,4945,GBA3;MIRLET7F1;GAMT;PVALB;CNTN4,1.52224916732336,,0.000227247732898525,FALSE,""
JAVELIN,4946,MYH14;PRODH2;PBX1;HMGA2;RPL23AP32,1.0283946990351,,0.800661878020059,FALSE,""
JAVELIN,4947,AKR7A3;CDH23;RNF128;GPR98;PDCD1LG2,1.1015333713773,,0.368926807815574,FALSE,""
JAVELIN,4948,BAIAP2L2;MIR3918;ID4;HCAR3;NLRC3,1.21094604291438,,0.0620630415106968,FALSE,""
JAVELIN,4949,MIR3189;LYVE1;MKI67;MIR1245A;ARRDC5,0.882313493277443,,0.258345853826102,TRUE,""
JAVELIN,4950,MIR27B;MT1A;ADAMTSL3;WNT10A;GPR68,1.34763380808006,,0.00421370551377882,FALSE,""
JAVELIN,4951,CCL18;FUT6;EFNA1;MUC13;PDE3B,1.1173685104182,,0.308617381381746,FALSE,""
JAVELIN,4952,MIA2;NRG1;HIST1H4L;C8orf22;TMEM119,1.29685198633451,,0.0167641654112565,FALSE,""
JAVELIN,4953,ACADL;ANXA13;MS4A4A;PVALB;CYP26B1,1.30084660626579,,0.018318057313845,FALSE,""
JAVELIN,4954,ABCC6;ADRA2C;HIST1H2BO;AKR1B10;ANKRD29,1.01858767754429,,0.863466568012533,FALSE,""
JAVELIN,4955,SLCO4C1;TCF21;FAM20A;OR4F15;ETV7,1.15920683092043,,0.169260939117378,FALSE,""
JAVELIN,4956,CPZ;AQP7;CRISPLD2;CDR1;MTRNR2L10,1.09970546046148,,0.385973982402551,FALSE,""
JAVELIN,4957,TRABD2B;GRM8;CDH13;TFF3;MIR626,1.37357605184995,,0.00563563424363003,FALSE,""
JAVELIN,4958,ACSM5;KIF26B;PBX1;CNTFR;TTK,1.33902751247188,,0.00803143398813854,FALSE,""
JAVELIN,4959,CD38;AZGP1;RASGRP1;MIR3193;AMY2B,1.23488084761114,,0.033871923541741,FALSE,""
JAVELIN,4960,F8;KLF15;MECOM;C16orf89;SYNC,1.26310275572743,,0.0296066805116154,FALSE,""
JAVELIN,4961,PSAT1;CDA;SNORD59A;PERM1;IL17RE,1.24083717668569,,0.0411258505006956,FALSE,""
JAVELIN,4962,MIR1180;CLDN10;MYO7A;FCER1A;C8orf88,1.47642097822957,,0.000416341535844181,FALSE,""
JAVELIN,4963,PYCR1;GDA;COX7A1;ZBTB7C;PCDHGC4,1.20878067345491,,0.0870655394821308,FALSE,""
JAVELIN,4964,REG1A;FOSL1;DENND2A;INHBE;LTB,0.980937585565452,,0.863514608147064,TRUE,""
JAVELIN,4965,MUC3A;CYP24A1;DLL4;SLC10A2;APOBEC3H,1.24615914433639,,0.0406154405666221,FALSE,""
JAVELIN,4966,SLC39A5;SYBU;SNORD59A;MEGF11;NLGN4X,1.20943876193166,,0.0874162584076616,FALSE,""
JAVELIN,4967,SULT1C4;MYO7B;SARDH;SNORD115-21;ADCY1,1.42522921201769,,0.00158418902280603,FALSE,""
JAVELIN,4968,GLYAT;MIR148B;SNORD6;MIR4500;HOXB5,1.42313496934054,,0.00165716689923104,FALSE,""
JAVELIN,4969,CRB3;MIRLET7I;DENND2A;GABRB3;NAV3,1.47917751485643,,0.000392840246927559,FALSE,""
JAVELIN,4970,COMP;FGA;ADCY4;KIAA0319;EPHA1,1.11881571472577,,0.302930691877562,FALSE,""
JAVELIN,4971,SLC17A1;MIR569;EMP1;TMEM132E;MIR1256,1.31280397772833,,0.0126315374322026,FALSE,""
JAVELIN,4972,FOLH1;UTY;FAM20A;IHH;THSD4,1.09199921848536,,0.409034262038371,FALSE,""
JAVELIN,4973,PTH1R;HP;MECOM;SNORD113-5;ETV7,1.1579684774642,,0.162989148584793,FALSE,""
JAVELIN,4974,NLGN1;CDA;MST1;GPR37;MIR593,1.29345914353016,,0.0177609595276879,FALSE,""
JAVELIN,4975,LOC101927960;MIR4804;RGL3;XDH;LOC100133669,1.32133436896815,,0.0124548167178243,FALSE,""
JAVELIN,4976,COL4A3;DSCAML1;ITGA11;MIR548A1;KCNN3,1.42157985522082,,0.0010886756755808,FALSE,""
JAVELIN,4977,ALPK3;CD69;MIR637;LOC101929578;GPR174,1.10366945594443,,0.346879723451558,FALSE,""
JAVELIN,4978,ARHGEF16;CHRDL1;SEMA4G;MIR195;CTRL,1.29291930815772,,0.0173941826851308,FALSE,""
JAVELIN,4979,PRSS8;F10;CRISPLD2;CCL13;CADM4,0.946788373638212,,0.611737587049335,TRUE,""
JAVELIN,4980,TSPAN13;SNORD65;MIR1537;PROC;MIR3682,1.16249918432228,,0.160962233664642,FALSE,""
JAVELIN,4981,CD38;SLC6A10P;SNORD59A;SLC17A2;ARHGAP28,1.20485701862765,,0.0803657408670881,FALSE,""
JAVELIN,4982,PYCR1;GRB14;ADAMTS2;SNTG2;ALDH1L2,1.058084462567,,0.605819010313071,FALSE,""
JAVELIN,4983,HNF1A;SNORA75;HIST1H2AL;CCBE1;SH2D3A,1.14137458934716,,0.201699059300923,FALSE,""
JAVELIN,4984,MIR126;FXYD1;ADCY4;MIR195;STEAP2,1.51987610126027,,9.35992820418625e-05,FALSE,""
JAVELIN,4985,MIR548AR;NPY1R;RHOBTB3;TDRD9;SNORA70D,1.20169024148236,,0.089176256411126,FALSE,""
JAVELIN,4986,ALDH1L1;AGMAT;HOXD9;MIR592;GRTP1,1.43924640634049,,0.00114252171268537,FALSE,""
JAVELIN,4987,HABP2;CYP4F3;PTER;COX6A2;KCNQ4,1.02407887229838,,0.830086780172679,FALSE,""
JAVELIN,4988,CST7;CD79A;GEM;IRX2;ST6GALNAC3,1.04357793925904,,0.680762189019939,FALSE,""
JAVELIN,4989,TTC39A;GLYATL1;MYO7A;SALL4;MIR4779,1.33723751046435,,0.00793497728162766,FALSE,""
JAVELIN,4990,COX4I2;KCNJ3;TMEM204;MIR4798;TMEM246,1.55081206609139,,8.18252846051606e-05,FALSE,""
JAVELIN,4991,SULT1C4;RGN;EFNA1;SLC13A1;GLT8D2,1.43175975993007,,0.000594812402198112,FALSE,""
JAVELIN,4992,AGMO;SLC27A2;FOLR2;PCDHGA3;GMPR,1.19891591665816,,0.0839346238425706,FALSE,""
JAVELIN,4993,ALPK3;TNFSF14;GAMT;KCNAB1;MIR28,1.25984709669611,,0.0236889062283532,FALSE,""
JAVELIN,4994,MACC1;CRYM;SNORD6;CRHBP;RNF157,1.27472463502135,,0.0319158872868671,FALSE,""
JAVELIN,4995,BCMO1;TRIM55;GEM;OCA2;MELK,1.28004446487203,,0.0219735470647147,FALSE,""
JAVELIN,4996,HIF1A-AS2;HAMP;MMP11;MIRLET7G;MIR597,1.31406459861029,,0.0129246800381235,FALSE,""
JAVELIN,4997,FER1L4;EPPK1;SNORD116-28;MIR665;CXCR6,1.07242356911983,,0.492167446874929,FALSE,""
JAVELIN,4998,GZMK;ARG2;SNORD116-16;FST;LINC00299,1.24553030763747,,0.0405951733972185,FALSE,""
JAVELIN,4999,ESM1;CPXM2;ALDH1A3;COX6A2;MIR548J,1.19450910333402,,0.0953255792481574,FALSE,""
JAVELIN,5000,FCN3;MIR554;HMCN1;MIR618;GLI1,1.40609751944839,,0.00087346992230614,FALSE,""
JAVELIN,5001,CPZ;MLLT11;MIR4784;ANO4;LOC100506518,0.899375659391229,,0.342456765022876,TRUE,""
JAVELIN,5002,NLGN1;MIR186;HIST1H2BM;ASPG;MAATS1,1.6641924427656,,2.64897294759864e-06,FALSE,""
JAVELIN,5003,MIR25;TNFSF14;MIR938;PLG;SNORD116-23,1.2096417624397,,0.0847780599331099,FALSE,""
JAVELIN,5004,LAMC3;MFAP2;MIR1207;KCNS1;RHBDL1,0.905444370581007,,0.365063533637553,TRUE,""
JAVELIN,5005,SLCO4C1;GPC3;MKI67;FCAMR;SNORA78,1.13731195864343,,0.241706084643673,FALSE,""
JAVELIN,5006,UGT2A3;SNORD114-13;GPC4;ENAM;PAMR1,1.34533137934086,,0.00575723335885242,FALSE,""
JAVELIN,5007,FGB;HAMP;ANGPT2;SALL4;GJA5,1.29479735657825,,0.013020592423797,FALSE,""
JAVELIN,5008,IDO1;WDR66;FKBP9P1;NRK;PI4KAP1,1.17071560598502,,0.139036156219721,FALSE,""
JAVELIN,5009,LPL;GDA;RASGRP1;KLK1;MIR548S,1.16028733039534,,0.182469381921483,FALSE,""
JAVELIN,5010,CRB3;BTNL9;RIPK4;CXCR1;GZMM,1.18893682816091,,0.10440418463636,FALSE,""
JAVELIN,5011,TBX3;SPINK1;ROBO4;LOC100505635;FAM184A,1.30773089424388,,0.0134171641752738,FALSE,""
JAVELIN,5012,CYP2E1;SNORD65;MECOM;SFTPA1;C22orf34,1.09770653634181,,0.375861952220186,FALSE,""
JAVELIN,5013,SCNN1A;MMP24;MIR637;TFCP2L1;FOXD1,1.1076326658829,,0.355568342614761,FALSE,""
JAVELIN,5014,MIR4499;MIR4731;SLC1A1;SFTPB;DAPK2,1.32635972888826,,0.0116835123189534,FALSE,""
JAVELIN,5015,SLIT2;NAGS;TREM2;IL1RL1;CORO2B,1.16253414390283,,0.149378836971347,FALSE,""
JAVELIN,5016,FOLH1;CDCP1;FAM20A;TMEM82;LOC553103,1.22446655671773,,0.0564448657150932,FALSE,""
JAVELIN,5017,TENM1;GRB14;MIR4435-2;BAALC;SMN2,1.35433660641971,,0.00612761603048503,FALSE,""
JAVELIN,5018,LPL;HOXD11;FOLR2;MYRFL;FAM110C,1.24317766972065,,0.0406875572737898,FALSE,""
JAVELIN,5019,FRAS1;RASAL1;ID4;PCDHB6;ARL4D,1.53471363830213,,0.000230897015315575,FALSE,""
JAVELIN,5020,PRSS8;HP;MECOM;RSPO4;ZNF831,1.06833341949406,,0.535549689665698,FALSE,""
JAVELIN,5021,UGT2A3;C2;SNORD74;MIR4798;E2F8,0.956957675667601,,0.689484267322235,TRUE,""
JAVELIN,5022,SLC34A2;NEBL;PTTG1;FAM153A;TSPAN32,1.12878590592225,,0.250691329140202,FALSE,""
JAVELIN,5023,CPZ;HYDIN;MTCL1;ESRP1;PRDM8,0.989596511895089,,0.923363944258479,TRUE,""
JAVELIN,5024,MIR29B2;GJB1;SNORD33;SLC6A20;PAMR1,1.22726657009533,,0.0717287936813398,FALSE,""
JAVELIN,5025,IL6;GPC3;LY96;SNORD114-6;SEMA3G,0.97383387677437,,0.79955196825739,TRUE,""
JAVELIN,5026,SORBS2;NEBL;HIST1H2BO;TFCP2L1;LRRC4,1.13688306884879,,0.248293550179749,FALSE,""
JAVELIN,5027,TENM1;F5;MYO7A;DNAI1;TIAM2,1.14946850273939,,0.187250701649012,FALSE,""
JAVELIN,5028,GATA3;CPA3;MYO7A;PTX3;THSD4,0.931595894550875,,0.499398968356806,TRUE,""
JAVELIN,5029,NLGN1;ZFHX4;RASGRP1;SNORD114-14;LINC00299,1.03949155806385,,0.701524943651604,FALSE,""
JAVELIN,5030,CYP2E1;CLCNKA;SNORD116-8;TNNI3;PRRT3-AS1,1.30264519304445,,0.0169574172321457,FALSE,""
JAVELIN,5031,CRB3;GLDC;S1PR3;SLC5A2;MIR581,1.23445551166348,,0.0604762957988179,FALSE,""
JAVELIN,5032,MIR4730;PCDH10;TIE1;ALOX15B;LOC101927236,1.40215096517455,,0.00197305489188119,FALSE,""
JAVELIN,5033,NME5;CMYA5;ID1;KCNN1;MIR5094,1.19177648723247,,0.103445411126113,FALSE,""
JAVELIN,5034,S100A8;SLC6A10P;CACNA1C;DUOX1;PDE1C,1.17972122479324,,0.117927168157061,FALSE,""
JAVELIN,5035,MIR30A;SLC4A3;FPR1;ADCY8;THEMIS,0.819728005849969,,0.0608787633856379,TRUE,""
JAVELIN,5036,BBOX1;ZNF711;ADCY4;GPR98;LTB,1.29346060301905,,0.0151640256777117,FALSE,""
JAVELIN,5037,S100A8;ROR2;LZTS1;TFAP2B;DAPK2,1.04254332980543,,0.697039872186017,FALSE,""
JAVELIN,5038,NR4A3;KIF26B;EMP1;WNT10A;HMMR,0.986984060622606,,0.906919729262304,TRUE,""
JAVELIN,5039,GPER1;LAG3;MKI67;KCNK9;CCDC154,0.941272094355659,,0.581605980634186,TRUE,""
JAVELIN,5040,MIR4652;MIR4796;GEM;BEX1;P2RY12,1.18171773303038,,0.121710260513764,FALSE,""
JAVELIN,5041,FMO2;NLGN4Y;IFI44L;SHISA9;LOC283278,1.22909329360187,,0.0400032035286745,FALSE,""
JAVELIN,5042,SEC14L6;BTNL9;PLAT;UNC93A;KIAA1755,1.35548991857269,,0.00556628666022248,FALSE,""
JAVELIN,5043,SHROOM3;TENM3;PLAT;OR2T34;CORO2B,1.0605749692485,,0.605110195838721,FALSE,""
JAVELIN,5044,IKZF3;MIR548AU;PLAT;DNER;APOBEC3B,0.841396544342091,,0.119640855170724,TRUE,""
JAVELIN,5045,UPB1;TESC;ACSF2;HSD17B6;LILRB4,1.16251162714479,,0.156636790097883,FALSE,""
JAVELIN,5046,GZMA;MIR4804;HIST1H4L;MIR1208;APOBEC3H,0.902975439245717,,0.356164454524986,TRUE,""
JAVELIN,5047,MYH14;TENM3;GPC4;CFTR;DNAJC22,1.09192250513551,,0.421439454035227,FALSE,""
JAVELIN,5048,REG1A;AQP7;ROBO4;OR2T11;E2F8,1.34716757789023,,0.00656515383829338,FALSE,""
JAVELIN,5049,SCNN1A;GFRA1;ANGPT2;OR2T3;SNORD103B,1.36346302629794,,0.00436227761901174,FALSE,""
JAVELIN,5050,SRPX;MIR4519;SNORD116-28;SCN3A;RLTPR,1.08279480610599,,0.477181514296399,FALSE,""
JAVELIN,5051,TSPAN7;ACHE;TREM2;CST6;MIR581,1.09571053619095,,0.371620518125127,FALSE,""
JAVELIN,5052,MIR3189;AR;MIR3125;SCTR;LTB,1.21288322272044,,0.0925916158031244,FALSE,""
JAVELIN,5053,GPT;SFRP1;GEM;SFTPA2;GPR160,1.36050238672256,,0.00364864620618203,FALSE,""
JAVELIN,5054,COL4A3;GJB1;GPC4;ST8SIA6;PADI2,1.31089571432447,,0.0107861207248255,FALSE,""
JAVELIN,5055,NMB;KCNIP4;MIR1207;VTN;GJC2,1.35720089390468,,0.00722129481376051,FALSE,""
JAVELIN,5056,ITGB6;EFHD1;FPR1;ZMAT4;KCNA3,0.958908104262988,,0.688317734592178,TRUE,""
JAVELIN,5057,ACADL;TMEM139;TREM2;IRX2;ASPRV1,1.43107255560974,,0.000698503652576779,FALSE,""
JAVELIN,5058,QPCT;LRG1;MTCL1;CPAMD8;UBE2T,0.976539155128611,,0.826863153433196,TRUE,""
JAVELIN,5059,RAP1GAP;SNORD65;FKBP9P1;PPBP;NAV3,0.933857345980895,,0.521672071115679,TRUE,""
JAVELIN,5060,IL6;AR;COX7A1;FMN2;ZNF831,0.997486445942154,,0.981812313430489,TRUE,""
JAVELIN,5061,COL4A4;ADRA2A;ROBO4;ZBTB7C;MIR5094,1.10008611585655,,0.355816857272819,FALSE,""
JAVELIN,5062,FABP4;HLF;COL5A3;CXCR2;RPS6KL1,1.13384997556045,,0.240423733749922,FALSE,""
JAVELIN,5063,SRPX;AQP7;HIST1H4L;CAMK2B;LOC101928871,1.17135860730041,,0.147860657984408,FALSE,""
JAVELIN,5064,PIGR;VANGL2;SNAI2;SLC18A3;MIR1256,1.06937132118165,,0.55275866706349,FALSE,""
JAVELIN,5065,PYCR1;ANXA13;MIR4635;DLK2;GJA5,1.40860096453392,,0.00201243960518375,FALSE,""
JAVELIN,5066,COL4A3;THBS4;MIR628;ESR2;MIR583,1.26002358661212,,0.0330177114733378,FALSE,""
JAVELIN,5067,MGAT3;IGF1;DCBLD2;APCDD1L;IL17RE,1.11694729809629,,0.328020153312951,FALSE,""
JAVELIN,5068,COMP;MAPK15;ID4;FOXB2;HOXB5,1.42126974224952,,0.00120809375910555,FALSE,""
JAVELIN,5069,TSPAN13;FOXP2;SNORD29;IGSF10;FAM43A,1.05717035653306,,0.597814322881094,FALSE,""
JAVELIN,5070,GATA3;CYP2C9;SNORA26;GUCY1B2;PANK1,1.2011110612506,,0.100063350510022,FALSE,""
JAVELIN,5071,TMEM27;MIR429;BMP2;MIR5584;ZSCAN31,1.42460067701476,,0.00147516767962111,FALSE,""
JAVELIN,5072,COL4A3;KMO;MIR1537;BMPER;FIBIN,1.22439218886133,,0.0516986677851004,FALSE,""
JAVELIN,5073,RAB17;KMO;MTCL1;MIR100;FAIM3,1.3003715139846,,0.0154381672142589,FALSE,""
JAVELIN,5074,MIR142;LAMC2;SNORD59A;MIR181B2;CH25H,1.06771944968993,,0.545032465862356,FALSE,""
JAVELIN,5075,SLIT2;CMYA5;CACNA2D1;PDE4C;SNORA78,1.33993787730344,,0.00714576853640196,FALSE,""
JAVELIN,5076,CHDH;MFAP2;MIR628;KRT13;RGS11,1.20230639744566,,0.0929016712229227,FALSE,""
JAVELIN,5077,WDR72;KIF26B;IFI44L;SNORD114-31;STEAP2,1.35771037693938,,0.00380509168913211,FALSE,""
JAVELIN,5078,GPR126;FGA;CACNA1C;HCAR3;APOBEC3B,1.02767503298744,,0.803440284491318,FALSE,""
JAVELIN,5079,NOX4;VSIG2;SNORA48;LMO1;AMY2B,1.58742057453311,,2.37474416319016e-05,FALSE,""
JAVELIN,5080,STC1;MIR554;MS4A4A;SNORD114-24;STEAP1B,0.973237445507931,,0.810752379331777,TRUE,""
JAVELIN,5081,GZMA;NDNF;TEK;FCAMR;ALDH1L2,1.20307123676294,,0.0751690623576369,FALSE,""
JAVELIN,5082,ARHGEF16;SPINK1;MXRA8;LAMP5;WNT2B,1.23311390097923,,0.0534520754330045,FALSE,""
JAVELIN,5083,SLC16A12;ADRA2C;MIR637;MIR1271;HSD17B3,1.34678931982039,,0.00672297855252176,FALSE,""
JAVELIN,5084,C1orf106;SPX;HIST1H2AL;LOC100505635;PCDHGC5,1.19494587602213,,0.104938373935429,FALSE,""
JAVELIN,5085,FRAS1;PTGER3;MYO7A;MIR582;THEMIS,1.3134931222534,,0.00842573459556056,FALSE,""
JAVELIN,5086,ABCC6;ESRP2;CACNA1C;SLC47A2;APOBEC3H,1.19810405114693,,0.0907792103395583,FALSE,""
JAVELIN,5087,ABCC6;PNMA2;APCDD1;HCAR3;GRHL1,1.18933921406137,,0.100912586235509,FALSE,""
JAVELIN,5088,GPT;CXCR3;MIR4635;KRT13;POLQ,1.18039652053932,,0.116586979699151,FALSE,""
JAVELIN,5089,TRABD2B;UBASH3A;PTK7;TMEM174;MMP17,1.02235640977314,,0.83415702089535,FALSE,""
JAVELIN,5090,NPR3;PCDH10;IFI44L;CYP2D6;MDFI,1.3102572605944,,0.00974268840931075,FALSE,""
JAVELIN,5091,COX4I2;LOC391322;MST1;C1orf116;TG,1.32950396126647,,0.00871406354833979,FALSE,""
JAVELIN,5092,EMX2;RASAL1;ID4;NECAB2;MIR98,1.39960469226798,,0.00284867147842023,FALSE,""
JAVELIN,5093,C14orf105;GFRA1;ALDH6A1;KCNJ1;RLTPR,1.22319757308392,,0.0746811673116788,FALSE,""
JAVELIN,5094,FCN3;LAMC2;MST1;PRSS3;LRP8,0.890581254764377,,0.302844718231976,TRUE,""
JAVELIN,5095,OLFML2A;HLF;CACNA1C;SCN3A;SNORD19,1.36702931955947,,0.00487865500480793,FALSE,""
JAVELIN,5096,SLC16A12;LYVE1;RNF128;APOH;MIR583,1.09224868940584,,0.412247519726667,FALSE,""
JAVELIN,5097,ACY3;TF;MIR628;PRPH;KCNMB4,1.58415142644575,,3.12308976322865e-05,FALSE,""
JAVELIN,5098,IL6;SLC7A8;SLC1A1;CR1L;FIBIN,1.14442323843279,,0.230688255296926,FALSE,""
JAVELIN,5099,RAB17;MIR4482;SNORD12B;GRIA4;ACTA2-AS1,1.28703199448618,,0.0207520775574964,FALSE,""
JAVELIN,5100,AGMO;UBASH3A;SNORA26;HCAR3;C19orf83,1.03233456755275,,0.771150026668105,FALSE,""
JAVELIN,5101,UGT8;GCNT3;SNORD116-16;RERGL;GLT8D2,1.40345128730289,,0.00226325703662918,FALSE,""
JAVELIN,5102,UPB1;VNN1;SNORD116-8;UNC93A;AMY2B,1.58564295210847,,2.90319495419875e-05,FALSE,""
JAVELIN,5103,FOSB;GPC3;SNORA77;MIR3126;DGKI,1.21016016389555,,0.0773792481567552,FALSE,""
JAVELIN,5104,ITGB6;MIR1303;SNORD116-8;ATP2C2;TG,1.26951919409686,,0.031090489514067,FALSE,""
JAVELIN,5105,ACE2;PPARGC1A;ECM2;ADCY8;CDC42BPG,1.44079677862409,,0.000717837353110372,FALSE,""
JAVELIN,5106,MGAT3;MLLT11;FAM20A;FMN2;LTB,0.995518594991579,,0.968058153453856,TRUE,""
JAVELIN,5107,MIR142;FUT6;PLEKHA7;ATRNL1;MIR548J,1.21225227742023,,0.082263625322367,FALSE,""
JAVELIN,5108,KRT7;CLMP;ACSF2;SNORD114-14;CCR4,0.857427559693518,,0.143690226157525,TRUE,""
JAVELIN,5109,SLC7A9;PLA2G2A;SLC1A1;GLRB;PDE1C,1.32842238659906,,0.0109953729169511,FALSE,""
JAVELIN,5110,TRABD2B;RASAL1;MCF2L;SCUBE1;HIST2H3A,1.2337406022004,,0.0484632065884311,FALSE,""
JAVELIN,5111,RASD1;MIRLET7E;SNAI2;HS3ST3A1;PPFIA3,1.09265675969056,,0.431871995609335,FALSE,""
JAVELIN,5112,LPL;PCK1;PBX1;MIR29A;PRKAR2B,1.18591277220605,,0.115134937545586,FALSE,""
JAVELIN,5113,EXOC3L4;TRIM55;MECOM;GRIA3;RSAD2,1.22754193622567,,0.0493840528109776,FALSE,""
JAVELIN,5114,TRABD2B;BTNL9;HIST1H2AL;LRRN2;CD28,1.05335088002752,,0.632434395913182,FALSE,""
JAVELIN,5115,ASPN;MIR1972-1;HOXD4;MIR29A;CLEC12A,1.32549035970929,,0.00516467880705881,FALSE,""
JAVELIN,5116,NLGN1;MIR4676;LDLR;SCGB3A2;MIR3134,1.13123796793585,,0.256357676972913,FALSE,""
JAVELIN,5117,S100A8;COBL;ID4;PTPRQ;LINC00299,1.21502742376253,,0.066904118132441,FALSE,""
JAVELIN,5118,MIR4292;CCDC148;TOP2A;MIR379;NOVA1,1.34854576374597,,0.00673575811356594,FALSE,""
JAVELIN,5119,NPR3;KMO;IGFBP6;MIR1302-5;MIR627,1.38182884091662,,0.00205249961338101,FALSE,""
JAVELIN,5120,MIR378I;SLC12A8;DMD;KLHL4;NAV3,0.834077583733915,,0.0836025131700827,TRUE,""
JAVELIN,5121,NTM;ANKRD18A;HOXD9;MUC12;RAB6B,1.23729639801364,,0.0552356483601493,FALSE,""
JAVELIN,5122,FABP4;C4A;HIST1H2BM;SIGLEC12;TSPAN2,0.984034133289917,,0.886796832937897,TRUE,""
JAVELIN,5123,MIR4317;GPC3;PBX1;SNORD115-4;ADORA2B,1.03756469114901,,0.736302635151261,FALSE,""
JAVELIN,5124,MIR4317;SLC23A3;NT5E;CYP4B1;THRB,1.19131045300176,,0.0891263625365906,FALSE,""
JAVELIN,5125,AOC1;CLDN10;CACNA2D1;SIM2;SMG1P5,1.48949672546311,,0.000325738916721015,FALSE,""
JAVELIN,5126,PTHLH;MIR548AA2;DPYSL3;ADRB1;CYP4X1,1.17268317443798,,0.1361103087285,FALSE,""
JAVELIN,5127,STC2;SLC5A10;SNAI2;ATP6V0A4;TNFRSF11A,1.36514654544819,,0.00650755119240726,FALSE,""
JAVELIN,5128,MAL;KLF15;MIR938;SBSN;CTRL,1.02718065099867,,0.804830050609555,FALSE,""
JAVELIN,5129,KCP;EFHD1;ACSF2;MIR874;KIF20A,1.1783506733473,,0.13634958055695,FALSE,""
JAVELIN,5130,MYH14;LYVE1;PLAUR;GPR37;CPNE5,0.877017580310975,,0.227623468554537,TRUE,""
JAVELIN,5131,ARHGEF16;MAP7;FZD8;DUSP9;RASL12,1.45574428221748,,0.00113007614355848,FALSE,""
JAVELIN,5132,MIR4652;HYDIN;HIST1H2BO;DLK2;C6orf132,1.03548159278937,,0.74633369485273,FALSE,""
JAVELIN,5133,ASPN;MIR3941;MIR631;SNORD115-20;CHST1,1.19115329758979,,0.114724328890854,FALSE,""
JAVELIN,5134,NXPH4;F10;SNORD116-8;PCDHB2;CYP4X1,1.2574290429489,,0.0326396545922468,FALSE,""
JAVELIN,5135,PDLIM4;CRYM;GEM;OR2T35;HOXA7,1.33069967020764,,0.00757339540672392,FALSE,""
JAVELIN,5136,PPAP2C;HAMP;ARHGEF15;TUBA3D;KCNIP3,0.854248531363911,,0.148934214359267,TRUE,""
JAVELIN,5137,COL4A3;MIR4326;MIR631;KCNK9;PMAIP1,1.06169254807861,,0.565184787706322,FALSE,""
JAVELIN,5138,RAB42;MIR1249;NT5E;SCGB3A1;CD80,0.898624823160202,,0.324067143932362,TRUE,""
JAVELIN,5139,ACE2;SNORD114-13;SNORD33;AQP2;LOC283278,1.221972879459,,0.0612878915687996,FALSE,""
JAVELIN,5140,SLC16A12;AQP7;EVI2B;TPSG1;C14orf37,1.18886526840412,,0.0976670460054196,FALSE,""
JAVELIN,5141,NPR3;EFHD1;SLC1A1;AP3B2;LOC101927970,1.25864634971271,,0.0398798800976252,FALSE,""
JAVELIN,5142,S100A8;GREM1;APCDD1;IGSF10;GJA5,1.01924239426163,,0.854552878608182,FALSE,""
JAVELIN,5143,MIR3117;GPRC5A;CSF3R;CAPN8;SEMA3G,1.01677509247229,,0.872261100801669,FALSE,""
JAVELIN,5144,ITGB6;SLC2A2;TSKU;GPR98;SPHK1,0.946214216585218,,0.607378935672341,TRUE,""
JAVELIN,5145,CXCL1;ESRP2;SNORD59A;FOXB2;GPR160,1.30799527704396,,0.00913832318315796,FALSE,""
JAVELIN,5146,MIA2;LAG3;HIST1H2BO;GCKR;USHBP1,0.994851445204866,,0.962353996854547,TRUE,""
JAVELIN,5147,CCL18;LTF;MYO7A;A1CF;NOVA1,1.41085737463597,,0.00118697272602353,FALSE,""
JAVELIN,5148,EMX2;FAP;ARHGEF15;MIR100;TMOD1,1.3426619893569,,0.00495548688885022,FALSE,""
JAVELIN,5149,KCP;FTCD;2020-03-02 00:00:00;C5orf38;ABCG2,1.58945161554347,,3.69443914782432e-05,FALSE,""
JAVELIN,5150,IL6;LRG1;PLEKHA7;WNT10A;NRXN3,1.11927956103835,,0.299017754473806,FALSE,""
JAVELIN,5151,MIR645;TMEM139;MIR4635;KCNJ1;CD28,1.15112543952053,,0.194785591224683,FALSE,""
JAVELIN,5152,TSPAN13;GCNT3;PPL;GDF6;MIR548J,1.07669746077107,,0.492356229801672,FALSE,""
JAVELIN,5153,HNF1A;MIR378H;ID1;FGF14;DOC2B,1.3126899931399,,0.0138408734499221,FALSE,""
JAVELIN,5154,GATA3;WDR66;ARL4C;HECW1;GRAMD1B,0.871756165768635,,0.214647116542096,TRUE,""
JAVELIN,5155,ALPK3;AIF1L;DENND2A;PTK6;PRRT3-AS1,1.16914004847776,,0.151269210031043,FALSE,""
JAVELIN,5156,IL17RB;MIR3145;FAM20A;ANKRD2;MIR1284,1.24075733067624,,0.0396894547178433,FALSE,""
JAVELIN,5157,MGAT3;HRH2;HOXD4;OR2T35;SNORD91A,1.44235720234232,,0.000283509888893779,FALSE,""
JAVELIN,5158,SORBS2;LDHD;APCDD1;P4HA3;NLRC3,1.21079809754548,,0.0643546064582433,FALSE,""
JAVELIN,5159,PIGR;SDS;SNORA48;FAM153A;LINC00299,1.45514286483849,,0.000621349285423928,FALSE,""
JAVELIN,5160,MIR4652;UBASH3A;GPC4;SLC35F3;MIR571,1.07809499607068,,0.451718348660333,FALSE,""
JAVELIN,5161,QPCT;TMEM171;SNORD29;MIR665;PCDHGC5,1.08125232930503,,0.478727709869926,FALSE,""
JAVELIN,5162,SEC14L6;C4B;HIST1H2BO;DNAI1;E2F8,1.03984147255417,,0.712288743045148,FALSE,""
JAVELIN,5163,NEB;LIPC;MIR1537;SNORD114-26;KIF26A,1.17672577190745,,0.132428453284914,FALSE,""
JAVELIN,5164,GBP5;LIPC;SNORD116-16;LOC100505635;EMR4P,1.25434791823515,,0.0325510687067979,FALSE,""
JAVELIN,5165,CD27;PTPRD;ANGPT2;AQP4;S1PR4,1.11400297491819,,0.297990741092457,FALSE,""
JAVELIN,5166,GBP5;MIR616;MIR1537;BRE-AS1;PANK1,1.04708191426589,,0.67143923247154,FALSE,""
JAVELIN,5167,BBOX1;ALDOB;CCL4;TENM2;TTC22,1.23264264358382,,0.0644372048687834,FALSE,""
JAVELIN,5168,ABCC6;PRODH2;MIR637;FCAMR;SPNS3,1.33234644185535,,0.0086434038256127,FALSE,""
JAVELIN,5169,SCIN;EFHD1;SNORD116-16;SLC51A;ETV7,1.54439209972267,,8.15794858842397e-05,FALSE,""
JAVELIN,5170,RASD1;PTPRD;HIST1H2BM;CAMK2B;OR52N4,1.14759990646935,,0.2068647719446,FALSE,""
JAVELIN,5171,REG1A;C4B;TIE1;ROBO2;THSD4,1.24035940309134,,0.0425323707931973,FALSE,""
JAVELIN,5172,TSPAN7;CD22;MIR938;JSRP1;BATF,0.850940933838036,,0.131972143806894,TRUE,""
JAVELIN,5173,NOX4;VEPH1;GPC4;LRRC7;GCAT,1.62266320624843,,1.98603759545063e-05,FALSE,""
JAVELIN,5174,ALDH1L1;SLC6A10P;GPC4;OVCH2;RBPMS2,1.44403346847496,,0.000945712711674997,FALSE,""
JAVELIN,5175,ITGB6;PCDHGA5;SNORD29;PTGES;FAM184A,0.903183467907873,,0.336029224944825,TRUE,""
JAVELIN,5176,JPH2;LIPC;MST1;GUCY1B2;NOVA1,1.52188120434343,,9.32572369956821e-05,FALSE,""
JAVELIN,5177,FAM46C;SYBU;TMEM204;CFTR;SIT1,0.98735016053304,,0.903652336386149,TRUE,""
JAVELIN,5178,MIR27A;HYDIN;DENND2A;MIR4735;PLCH1,1.43904879894644,,0.000918316371626982,FALSE,""
JAVELIN,5179,NEB;F10;TREM2;MIR1251;FAM184A,1.22041628524788,,0.0641318844928961,FALSE,""
JAVELIN,5180,GBA3;IGF1;LY96;SNORD114-31;DNAJC22,1.29075197277387,,0.0154991596230905,FALSE,""
JAVELIN,5181,PCOLCE2;ADRA2C;GPC4;DUOX2;CYP27B1,1.27198696580525,,0.028240405850777,FALSE,""
JAVELIN,5182,IKZF3;VEPH1;RGL3;MIR346;C2orf82,1.09823159893347,,0.382776265606688,FALSE,""
JAVELIN,5183,SRPX;LBP;IFI44L;TMEM252;DEPDC7,1.21927557978781,,0.0633963809956515,FALSE,""
JAVELIN,5184,TMEM27;LOC391322;S1PR3;HCAR2;APOL4,1.16825188125312,,0.150937480592298,FALSE,""
JAVELIN,5185,OLR1;CLDN10;PLAT;PITX2;CD300LF,1.18220665242837,,0.111020888219674,FALSE,""
JAVELIN,5186,OGDHL;CLMP;PLEKHA7;TCHH;SNORA38,1.09792094169726,,0.405670019749123,FALSE,""
JAVELIN,5187,SNORD14C;SNORD65;ANGPT2;MIR1267;CORO2B,1.11149759084311,,0.335369554334332,FALSE,""
JAVELIN,5188,SLC7A9;PRAP1;ID1;TPSG1;CLDN9,1.29128500304709,,0.0166151246284566,FALSE,""
JAVELIN,5189,PLA2G7;CPXM2;ID4;CD177;ARRDC5,1.02893062129037,,0.786042576763278,FALSE,""
JAVELIN,5190,FMO3;CDCP1;FAM20A;IRX6;LOC100128242,0.916170182632726,,0.429050181800673,TRUE,""
JAVELIN,5191,PRSS8;SLC16A9;SNORD116-8;CRHBP;SP140,1.13810904733584,,0.262473320387075,FALSE,""
JAVELIN,5192,STC1;CHRDL1;ACSF2;C4BPA;MCOLN2,0.925576120084082,,0.45376837787919,TRUE,""
JAVELIN,5193,HOGA1;HP;SNORD6;SLC38A4;MIR1288,1.29590840654739,,0.0182719945289091,FALSE,""
JAVELIN,5194,C1orf186;COL11A1;RIPK4;KCNH6;SIX1,1.28938438722708,,0.0176726366508693,FALSE,""
JAVELIN,5195,ACADL;FOXF1;CRISPLD2;A1CF;PRRT3-AS1,1.43849997182851,,0.000881012250517697,FALSE,""
JAVELIN,5196,FAM46C;ROR2;CSF3R;ZNF114;MIR597,0.946409930269452,,0.6078794360133,TRUE,""
JAVELIN,5197,MUC3A;MIR429;GEM;MIR617;KIAA1324L,1.4642902990175,,0.000589032765858834,FALSE,""
JAVELIN,5198,MIR3646;PRAP1;SNORA48;MIR3617;FLT3,1.2147301332547,,0.0675702327230971,FALSE,""
JAVELIN,5199,SCNN1A;MAP7D2;ARL4C;HHIP;NCAPG,0.904739283057033,,0.35447202420982,TRUE,""
JAVELIN,5200,MIR4730;UTY;SNORD116-16;CCL13;GPRIN1,1.0034275676436,,0.975334613388481,FALSE,""
JAVELIN,5201,MYBL2;SPEG;SNORA77;SNORD113-9;TMEM232,1.02486541033648,,0.819555898483032,FALSE,""
JAVELIN,5202,SPOCK1;C10orf113;S1PR3;MIR924;LOC101927970,1.06220635042907,,0.574589736725452,FALSE,""
JAVELIN,5203,IDO1;CXCR3;SLC1A1;CD177;LOC644086,0.956893538238963,,0.67961513414996,TRUE,""
JAVELIN,5204,EMX2;LOC647859;SNORA26;RAB25;MIR579,1.22676324662981,,0.0564042268443323,FALSE,""
JAVELIN,5205,NLGN1;INHBB;TMEM204;C9;MIR1273F,1.43756304681764,,0.0008532792905295,FALSE,""
JAVELIN,5206,OLFML2A;COBL;MIR938;ADRB1;MIR3605,1.29919878338073,,0.0172963750231904,FALSE,""
JAVELIN,5207,MIR126;BAI1;HIST1H2BO;DUOX2;MIR1183,1.05810684090746,,0.609391498923232,FALSE,""
JAVELIN,5208,MIR23C;FGA;EVI2B;TNIP3;NEIL3,0.889615399113019,,0.283920684909281,TRUE,""
JAVELIN,5209,F8;PPP1R1A;FOLR2;PWRN1;SNCA,1.03593235394647,,0.741616072870837,FALSE,""
JAVELIN,5210,FOLH1;ESPN;LDB2;LOC101926988;MIR4706,1.48175238695343,,0.00030033180601407,FALSE,""
JAVELIN,5211,UPB1;CLMP;MIR637;DEFB134;CDC42BPG,1.45794849958161,,0.000516353514924034,FALSE,""
JAVELIN,5212,MIR29B2;F5;RIPK4;ARHGAP40;KCNMB4,1.05462161876616,,0.639942301355294,FALSE,""
JAVELIN,5213,SLCO4C1;LYVE1;DMD;MIR4280;P2RY12,1.04825136666728,,0.666117842990098,FALSE,""
JAVELIN,5214,C1orf106;F5;HOXD9;CR1L;LRRC4,1.23291518043478,,0.0619246221178066,FALSE,""
JAVELIN,5215,PGF;CYP4F11;FAM20A;IGF2BP3;LOC400043,1.06244887628204,,0.591748956971304,FALSE,""
JAVELIN,5216,GPT;CDH23;SLC1A1;MIR365A;CATSPERG,1.32807202297743,,0.0110097889284265,FALSE,""
JAVELIN,5217,ITGA8;SPINK1;CALCRL;PRSS12;MMP17,1.21789664905875,,0.0629725165706893,FALSE,""
JAVELIN,5218,IRX5;PCDHGA5;MIR4435-2;SLC5A8;APOBEC3B,1.20627982425575,,0.0909672789175355,FALSE,""
JAVELIN,5219,SPOCK1;MIR1303;EFNA1;ASPG;GRHL1,1.4050269078522,,0.00236833304152076,FALSE,""
JAVELIN,5220,PTHLH;KIT;CDH13;EPO;MIR3664,1.42418121427665,,0.00141498725998285,FALSE,""
JAVELIN,5221,ANK3;MIR185;COL5A3;PVRL4;NRXN3,1.33712195011722,,0.00790053876839651,FALSE,""
JAVELIN,5222,COX4I2;SNORD110;FZD8;KLK1;EMR4P,1.39247217238215,,0.00241891858523057,FALSE,""
JAVELIN,5223,ANO9;DUSP2;ADAMTSL3;GYG2;TMEM38A,1.00993389276125,,0.927313643913271,FALSE,""
JAVELIN,5224,CD27;C4B;FOLR2;PLA2G12B;EME1,0.952265543390347,,0.65110032551722,TRUE,""
JAVELIN,5225,CX3CR1;PPARGC1A;SNORD29;GAS2;SERTAD4-AS1,1.50685413600691,,0.000234192693535747,FALSE,""
JAVELIN,5226,ESM1;UTY;CSF3R;SLC7A11;LRP8,0.894158260018047,,0.28700862513748,TRUE,""
JAVELIN,5227,SHROOM3;REEP6;CYTIP;CST1;PCDHB15,1.10886450481484,,0.328995052346202,FALSE,""
JAVELIN,5228,PLA2G7;COBL;MS4A4E;ATP6V0A4;SPHK1,1.04663562892001,,0.666722161644439,FALSE,""
JAVELIN,5229,OLFML2A;LYVE1;MIR197;TSPAN10;MELK,0.911407450565848,,0.406219145175749,TRUE,""
JAVELIN,5230,PCOLCE2;C5orf46;SARDH;PDE4C;LCN12,1.537828693383,,0.000109809435967948,FALSE,""
JAVELIN,5231,MIR1180;PDGFRL;SELENBP1;APOH;CDC42BPG,1.48687954833695,,0.00043308020870339,FALSE,""
JAVELIN,5232,MIR4652;IL2RA;CACNA1C;DMRT2;THEMIS,1.03497520889676,,0.745766233701583,FALSE,""
JAVELIN,5233,PYCR1;MOXD1;PLAT;OPCML;LOC101928494,1.0645730053069,,0.576483791229724,FALSE,""
JAVELIN,5234,SLPI;NLGN4Y;PTER;MROH2A;CYP4X1,0.982379469540555,,0.864598614503286,TRUE,""
JAVELIN,5235,SNORD14C;CCL28;MIR544B;MIR4533;ARL4D,1.34650554303311,,0.00720542036189587,FALSE,""
JAVELIN,5236,IDO1;HYDIN;CACNA2D1;MIR431;MIR3942,1.28851606000811,,0.0180442189629533,FALSE,""
JAVELIN,5237,NR4A2;SMTNL2;LDLR;CCL8;CETP,1.00953249647582,,0.930502253188616,FALSE,""
JAVELIN,5238,CHDH;MIR3145;PC;FOXB2;DEPDC7,1.48980692684965,,0.000254935191692342,FALSE,""
JAVELIN,5239,MIR645;ALDH8A1;ALDH1A3;ZNF365;VN1R1,0.952080537021187,,0.661835468458799,TRUE,""
JAVELIN,5240,GATA3;CHRDL1;CSF3R;GCKR;LOC100506518,0.745081341724444,,0.00587594460359959,TRUE,""
JAVELIN,5241,AOC1;PLCH2;SNORD33;MYRFL;ALDH1L2,1.14082491228569,,0.208253903728838,FALSE,""
JAVELIN,5242,TACSTD2;MIR563;MMP11;WNT11;STEAP1B,1.22234687177653,,0.0654253060919684,FALSE,""
JAVELIN,5243,FAM46C;ADORA1;HOXD4;PRPH;WNT2B,1.1241814939532,,0.26898859582989,FALSE,""
JAVELIN,5244,EMX2;THBS4;SNORD74;MIR296;CD244,1.1554488870367,,0.190364426950236,FALSE,""
JAVELIN,5245,LAMC3;INMT;DPYSL3;AMPD1;CCR6,0.976510989051154,,0.821724208926232,TRUE,""
JAVELIN,5246,OLR1;ZFY;MIR3975;IRX2;SLC39A4,1.14910117997202,,0.191504453436379,FALSE,""
JAVELIN,5247,PGF;MYO7B;PTER;PKD1L2;WBSCR27,1.32228258102445,,0.00901564965626633,FALSE,""
JAVELIN,5248,FGG;MIR3941;RGL3;KHDRBS2;PIFO,1.39823479306549,,0.00255063827428321,FALSE,""
JAVELIN,5249,PYCR1;F10;MAP4K1;PKLR;SPTBN5,1.0952837040587,,0.406669505234201,FALSE,""
JAVELIN,5250,MIR3189;ARG2;CYTIP;TNNT2;RAB6B,1.05015066553716,,0.651830255935245,FALSE,""
JAVELIN,5251,KRT7;EXPH5;RHOBTB3;MUC5B;GRHL1,1.20904977010997,,0.0851038835710818,FALSE,""
JAVELIN,5252,IKZF3;MIOX;ACSF2;CST2;FAM132A,1.04947515591518,,0.662653635605413,FALSE,""
JAVELIN,5253,MIR126;FABP7;NT5E;CNDP1;DLGAP5,1.32325702331858,,0.0121365703172437,FALSE,""
JAVELIN,5254,GZMK;SLC22A3;ARL4C;MIR4280;KCNA3,0.829331077954351,,0.0841171291546965,TRUE,""
JAVELIN,5255,NPNT;PTGER3;HOXD9;SLC22A7;APOBEC3H,1.47569500320784,,0.000304104260799887,FALSE,""
JAVELIN,5256,HOXC10;TRPC6;FZD8;MIR365A;FCN1,1.13100608842725,,0.250452508844463,FALSE,""
JAVELIN,5257,ITGB6;TRIM55;MYRF;BTLA;SNORD50A,1.00866591273938,,0.936358404754807,FALSE,""
JAVELIN,5258,UBD;ZFHX4;ID1;DLK2;ARL4D,0.965292387918755,,0.750235124324138,TRUE,""
JAVELIN,5259,FXYD2;PAH;RGL3;SNORD115-12;LOC643339,1.45967401134414,,0.000941384603931767,FALSE,""
JAVELIN,5260,NTM;ZFY;TEK;KCNH3;RAB6B,1.08516896812513,,0.458866633174678,FALSE,""
JAVELIN,5261,SORBS2;HLF;LDB2;FAM166B;LOC101928003,1.30314642458887,,0.0120582383295681,FALSE,""
JAVELIN,5262,AOC1;ST6GALNAC2;SNORD74;GRIK3;GRID1,1.27726632183185,,0.0292096439591001,FALSE,""
JAVELIN,5263,MIR23C;C4B;HIST1H2BM;PCDHGA3;KIF2C,0.942866273343653,,0.594215577569647,TRUE,""
JAVELIN,5264,UBD;OLFM2;ALDOC;ADIPOQ;GJC2,1.18630259924223,,0.108215476856251,FALSE,""
JAVELIN,5265,PLAC9;RGS9;TSKU;UGT3A1;FAM212A,1.41156335582439,,0.00126121045817382,FALSE,""
JAVELIN,5266,GBA3;CLCNKA;TMEM132A;CYP2D6;GRAP2,1.05629985406215,,0.626127476180509,FALSE,""
JAVELIN,5267,ITGA8;DUSP2;SNORD4B;MIR218-2;MIR3177,1.1542908484454,,0.172906193518519,FALSE,""
JAVELIN,5268,FABP4;MIR4731;SNORD33;ZBTB7C;MIR3605,1.0014266940824,,0.989206239332721,FALSE,""
JAVELIN,5269,AKR7A3;SORCS2;EFNA1;TRNP1;PARP15,0.906441567105014,,0.394098544207286,TRUE,""
JAVELIN,5270,SLC17A1;B3GNT4;TEK;CXCR1;GCAT,1.27274447747198,,0.0306216840023369,FALSE,""
JAVELIN,5271,BCMO1;IRF4;IL2RB;ETV4;LRRC37A4P,0.90169654944064,,0.324913762130176,TRUE,""
JAVELIN,5272,GZMK;CYP4F11;CSF3R;PAPPA2;SLAMF6,0.82023720903622,,0.0568019730763072,TRUE,""
JAVELIN,5273,ACADL;LOC100288152;BMP2;FCAMR;IL1RL2,1.41326301684489,,0.00229722202678236,FALSE,""
JAVELIN,5274,RAB42;LAMC2;RHOBTB3;SLC22A24;NEIL3,0.98953663216291,,0.923941803570937,TRUE,""
JAVELIN,5275,JPH2;CYP24A1;PTER;SNORD115-12;DBH-AS1,1.1369607992896,,0.24075847783604,FALSE,""
JAVELIN,5276,F2RL1;CHST13;IGFBP6;ARHGEF38;LOC644086,1.09117454499104,,0.417287994809703,FALSE,""
JAVELIN,5277,MIR27A;NAPSA;SNORD6;KLHL4;DLG2,1.30925151651186,,0.010973891150684,FALSE,""
JAVELIN,5278,MYOM3;CLMP;NT5E;FMN2;MIR3973,0.988710379022807,,0.918766815164997,TRUE,""
JAVELIN,5279,MIR142;GLIS1;DPYSL3;FGF9;SNORD60,1.28509932888245,,0.0251614226329571,FALSE,""
JAVELIN,5280,BCMO1;MIR4676;MIR628;MIR152;E2F8,1.30081964794334,,0.0179250234566648,FALSE,""
JAVELIN,5281,GPT;SDS;COL5A3;SLC12A3;CYYR1,1.51706095392686,,0.000117019209868499,FALSE,""
JAVELIN,5282,COL4A3;SPINK1;MECOM;ZBTB7C;SNORD60,1.24314806430516,,0.0458050628450529,FALSE,""
JAVELIN,5283,JPH2;TNXB;GAMT;SLC6A18;HMMR,1.22307467149509,,0.0624155907007907,FALSE,""
JAVELIN,5284,FCN3;ANKRD18A;PLAT;SFTPC;MIR98,1.12880482658793,,0.260004954275664,FALSE,""
JAVELIN,5285,ARHGEF16;CD22;CACNA1C;NMU;SLAMF8,1.09750878092852,,0.381832819860769,FALSE,""
JAVELIN,5286,MIR25;GDA;SNORD116-16;GRIK4;LOC441402,1.49563456569276,,0.000202843866821197,FALSE,""
JAVELIN,5287,NEB;F10;PTER;PKP3;MIR626,0.897856236614835,,0.303449646953358,TRUE,""
JAVELIN,5288,DDC;ASRGL1;DLL4;TRIM54;SNORA38,1.51145115061108,,0.000109113700700242,FALSE,""
JAVELIN,5289,ITGA8;PRAP1;RGL3;SLC36A2;MIR4681,1.34582627939726,,0.00737848008023388,FALSE,""
JAVELIN,5290,SCNN1A;PCDH10;PIEZO2;HS3ST3A1;LNX1,1.34100612012467,,0.00837886326539624,FALSE,""
JAVELIN,5291,GZMK;TENM3;SNORA26;PLG;THSD4,0.881045889509885,,0.2331119457214,TRUE,""
JAVELIN,5292,MIR3117;GCNT3;HIST1H4L;SFTPB;PAPPA-AS1,1.29219722504254,,0.0117140334689845,FALSE,""
JAVELIN,5293,HOXD10;MIR3918;ARL4C;G6PC;HOXA10-AS,1.37104809607109,,0.00374175567370436,FALSE,""
JAVELIN,5294,CST7;MIR4655;SNORA48;MIR320A;RLTPR,0.97405536066182,,0.803084472737767,TRUE,""
JAVELIN,5295,SLC17A1;CCDC64;MMP11;MIR4643;ASPRV1,1.50343289703883,,0.000247920662374622,FALSE,""
JAVELIN,5296,ESM1;HSH2D;MCF2L;BEX1;C2orf82,1.10328152455867,,0.375256630871849,FALSE,""
JAVELIN,5297,ACKR1;FABP7;MIR4714;ATRNL1;FLRT2,1.18786835058218,,0.116984333658515,FALSE,""
JAVELIN,5298,FOSB;SLC23A3;MYRF;SLC26A7;FAIM3,1.03939709122234,,0.720313728730448,FALSE,""
JAVELIN,5299,AKR7A3;SNAP25;MYRF;ELFN2;CASZ1,1.06363261028578,,0.573936215647127,FALSE,""
JAVELIN,5300,ABO;PCDH10;PTTG1;CAPN8;RASL12,1.30957641827435,,0.0147849858866262,FALSE,""
JAVELIN,5301,HHLA2;PCDHGA5;FZD8;SFTPA1;FLT3,1.15460463613759,,0.175752947741421,FALSE,""
JAVELIN,5302,ABCA6;SNORD110;DPYSL3;RHBG;STEAP1B,1.06522457051348,,0.564503454460878,FALSE,""
JAVELIN,5303,FGG;SNORD110;PDLIM3;MIR3124;ANKRD29,1.22250757272916,,0.0619505455775754,FALSE,""
JAVELIN,5304,FCN3;CYP24A1;NT5E;KCNA5;TMEM178A,1.28661447027399,,0.0235569219845503,FALSE,""
JAVELIN,5305,UGT2A3;MIR4326;CSF3R;OR2T3;PIFO,1.23348037720705,,0.0484715657085516,FALSE,""
JAVELIN,5306,SULT1C4;GABRD;ID4;CASR;LRRC37A4P,1.35380269506824,,0.00566551884006746,FALSE,""
JAVELIN,5307,GZMA;VSIG2;COX7A1;MIR574;PANK1,1.30695819888844,,0.0123960519303755,FALSE,""
JAVELIN,5308,TINAG;SNORD77;CKS2;ARHGEF38;ASPRV1,1.20206484081201,,0.0830468886790185,FALSE,""
JAVELIN,5309,SHROOM3;PAH;MIR4714;ADH6;PPP2R2B,1.32510233525436,,0.0144551603058667,FALSE,""
JAVELIN,5310,COX4I2;GPC3;PTK7;SPESP1;USHBP1,1.23864194729284,,0.0457610985760234,FALSE,""
JAVELIN,5311,F2RL1;MIR378H;MIR631;TRPV3;CDC20,0.938475892294941,,0.561608922053964,TRUE,""
JAVELIN,5312,LOC101927834;SDS;ITGA11;DNAI1;COLCA2,1.65038935538047,,2.42555411741498e-06,FALSE,""
JAVELIN,5313,SULT1C4;ABCA8;LDB2;MIR544A;LY9,1.15944286340061,,0.145181651550802,FALSE,""
JAVELIN,5314,EXOC3L4;PLA2G2A;SNORD74;DNER;MIR4681,0.956834380942762,,0.686194379457494,TRUE,""
JAVELIN,5315,SMIM24;REEP6;SNORA77;SLC34A3;ADCY1,1.3251592132163,,0.0126791141375958,FALSE,""
JAVELIN,5316,UBD;LOC647859;TIE1;VIPR1;C14orf183,1.18141863089706,,0.119600982696408,FALSE,""
JAVELIN,5317,GBP5;RGS9;PLAT;CYP17A1;TMEM119,0.994009985377881,,0.95364856631378,TRUE,""
JAVELIN,5318,PGF;MOXD1;SARDH;CNTN6;POU5F1B,1.33843287587551,,0.00745579398690616,FALSE,""
JAVELIN,5319,ALPK3;MIR589;MIR544B;SLC51A;LOC100506518,1.44246708148807,,0.000817667043745847,FALSE,""
JAVELIN,5320,ZDHHC11B;GFRA1;CACNA1C;MIR379;RPL39L,1.28379895450431,,0.0162548992289553,FALSE,""
JAVELIN,5321,ESM1;ADAMTS14;MS4A4E;SCGB3A1;TG,1.18154192341596,,0.124109499987447,FALSE,""
JAVELIN,5322,MIR4317;WDR66;TEK;FOXJ1;POLQ,1.14466698617303,,0.204042569653798,FALSE,""
JAVELIN,5323,BBOX1;SNORD87;SNORD116-8;SYT8;ARHGAP28,1.3951013792053,,0.00133088623890112,FALSE,""
JAVELIN,5324,SLC39A5;MST1P2;GAMT;OR4F15;TMEM246,1.33286002469893,,0.00915937556343245,FALSE,""
JAVELIN,5325,PPAP2C;PALM3;MYO1G;VPREB3;CD28,0.830946560834149,,0.0779739485464688,TRUE,""
JAVELIN,5326,NME5;SNORD114-13;PTK7;CAMK2B;CORO2B,1.03486902647229,,0.754376356961523,FALSE,""
JAVELIN,5327,C14orf105;LOC101928757;SELENBP1;CA8;DYNLRB2,1.39371171535659,,0.00290061882594204,FALSE,""
JAVELIN,5328,SHROOM3;MIR186;LDB2;MUC13;LOC101927236,1.5561016486711,,5.45592547825697e-05,FALSE,""
JAVELIN,5329,ZDHHC11B;CPXM2;ID4;MIR924;MAP6,1.14738534330477,,0.198580915861668,FALSE,""
JAVELIN,5330,SEC14L6;PPP1R1A;FKBP9P1;DPYSL4;C6orf132,0.988300189257789,,0.912471625985976,TRUE,""
JAVELIN,5331,KRT7;MIR378H;MIR631;LHX1;PIFO,1.09608947399106,,0.408114492624056,FALSE,""
JAVELIN,5332,BCL2A1;CCDC64;TIE1;MUC13;LY9,1.01987546656199,,0.850232266921704,FALSE,""
JAVELIN,5333,STC1;ARG2;SELENBP1;MIR4643;MFAP3L,1.69356082914646,,2.60066333757295e-06,FALSE,""
JAVELIN,5334,EXOC3L4;SLC6A10P;PTER;FMN2;CTRL,1.04493456428099,,0.680262968686879,FALSE,""
JAVELIN,5335,GPT;DNAH5;PPL;OR4F15;HMMR,1.00602874427872,,0.954609731515166,FALSE,""
JAVELIN,5336,MIR548AR;CD69;ADCY4;ATP6V1B1;CD80,1.09646798417331,,0.369193473770875,FALSE,""
JAVELIN,5337,COX4I2;GLYATL1;SNORD59A;CRHBP;JAM2,1.53877269912782,,7.70258794071457e-05,FALSE,""
JAVELIN,5338,ITGB6;SIGLEC14;FPR1;ASXL3;ATP8B3,0.969968977491808,,0.773614917247386,TRUE,""
JAVELIN,5339,FABP4;HRH2;ARHGEF15;LAMP3;MAATS1,1.16138769510425,,0.140694139774721,FALSE,""
JAVELIN,5340,IGF2BP2;B3GNT4;SNORD116-8;TM6SF2;S1PR4,0.945034559694601,,0.595041130264702,TRUE,""
JAVELIN,5341,ESM1;ALDH8A1;COL5A3;LRRC3;FCN1,1.21247904431533,,0.0876736211242929,FALSE,""
JAVELIN,5342,FGB;SMTNL2;MIR4784;KCNB1;MIR151A,1.10194549217614,,0.387370034961621,FALSE,""
JAVELIN,5343,GBA3;MST1P2;RGL3;MIR4685;KIF20A,1.2926675790353,,0.0194676870352727,FALSE,""
JAVELIN,5344,BCMO1;PLA2G2A;MYO7A;SMPD3;ROPN1L,1.19028572304622,,0.125069775389078,FALSE,""
JAVELIN,5345,AOC1;MIR3145;TREM2;KLB;CCDC74B,1.37797158847246,,0.00228229790016456,FALSE,""
JAVELIN,5346,MIR27B;GYLTL1B;ADCY4;MIR152;MIR571,1.46664832182163,,0.000435011496565094,FALSE,""
JAVELIN,5347,MYH14;SDS;RHOBTB3;LRRN2;DEPDC7,1.19897416790134,,0.0923469801591459,FALSE,""
JAVELIN,5348,CCL20;UTY;NT5E;PPP2R2C;MAP6,0.903362212810774,,0.357077223968538,TRUE,""
JAVELIN,5349,SLC17A1;ZNF711;MIR3975;HRCT1;ZNF471,1.35799020114841,,0.00503752981929502,FALSE,""
JAVELIN,5350,MIR27A;ZFY;MIR4784;SCGB1A1;CD300LF,0.98049009871589,,0.848020436992278,TRUE,""
JAVELIN,5351,ACE2;PALM3;CDH13;WNT11;PPIAP30,1.27403836019149,,0.0196338124887996,FALSE,""
JAVELIN,5352,COL4A4;MIR185;SNORD12B;TMEM100;AMY2B,1.21280076902059,,0.0694308719777205,FALSE,""
JAVELIN,5353,HABP2;CLCNKA;CALCRL;ASGR2;PLCH1,1.4994454956357,,0.00030302475381735,FALSE,""
JAVELIN,5354,SCIN;GYLTL1B;PLAT;SEMA3D;SNORD50A,1.34545973714592,,0.00686839282125189,FALSE,""
JAVELIN,5355,MIR1180;CXCL13;GAMT;ATOH8;GRID1,1.13340020566141,,0.238539097229642,FALSE,""
JAVELIN,5356,NR4A3;UBASH3A;PTER;ST6GAL2;FAXDC2,1.03623596296968,,0.732483013856407,FALSE,""
JAVELIN,5357,SORBS2;LYVE1;2020-03-02 00:00:00;FA2H;KCNJ5,1.22160732879828,,0.0611192640309408,FALSE,""
JAVELIN,5358,MYOM3;GPRC5A;MIR4635;CAMK2B;WSCD1,1.16728537021774,,0.157308985197756,FALSE,""
JAVELIN,5359,C1orf186;TRIM55;EFNA1;SLC26A9;PPIAP30,1.22426797561422,,0.0564311668789487,FALSE,""
JAVELIN,5360,CD38;EPPK1;EFNA1;HMGA2;CD80,0.815784158762156,,0.0627293802326906,TRUE,""
JAVELIN,5361,MYH14;SERPINA6;MYRF;EPO;TTC22,1.19222759023936,,0.100652313435352,FALSE,""
JAVELIN,5362,ALPK3;PCK1;RGL3;ERBB4;CPNE5,1.44359839931325,,0.00101446948638309,FALSE,""
JAVELIN,5363,FAM46C;CLCNKA;MIR4784;MIR2052;ALMS1P,1.11168008136031,,0.33075655682881,FALSE,""
JAVELIN,5364,NPR3;MIR569;MS4A4A;CYP4F2;PRRT3-AS1,1.20955374885657,,0.0799615653423727,FALSE,""
JAVELIN,5365,NTM;FOXQ1;DCBLD2;MIR1251;RGS4,1.18726129438603,,0.128218360824237,FALSE,""
JAVELIN,5366,SLC17A1;KLHDC7A;GAMT;GDF6;ST6GALNAC3,1.28693036624727,,0.0253794477850103,FALSE,""
JAVELIN,5367,LOC101927834;COL11A1;SEMA4G;SCUBE1;SEMA3G,1.32035648349169,,0.0094893616849847,FALSE,""
JAVELIN,5368,TBX3;SLC27A2;ALDH6A1;ASPG;SPNS3,1.41060151670321,,0.00173857963718787,FALSE,""
JAVELIN,5369,FRAS1;MMP24;SNORD33;TMEM45B;ZNF90,1.25249829189798,,0.0373947875542381,FALSE,""
JAVELIN,5370,MIR23C;ATP1A2;GEM;KIAA0319;WBSCR27,1.20912522107189,,0.0802314738253617,FALSE,""
JAVELIN,5371,SCIN;AQP7;MAP4K1;GGT3P;LOXL4,1.5249149231632,,0.00014904073762227,FALSE,""
JAVELIN,5372,GBP5;F5;MYRF;AVPR1B;DACT3,1.05675908336167,,0.58740032856072,FALSE,""
JAVELIN,5373,BAMBI;ESPN;HIST1H2AL;IRX2;CYP4X1,1.29565361771366,,0.015205853663567,FALSE,""
JAVELIN,5374,DDC;TNFSF14;CALCRL;FOXF2;MIR548S,1.34275294232922,,0.00589936953055629,FALSE,""
JAVELIN,5375,SULT1C4;MGAM;MYO5B;C16orf89;LOXL4,1.53648042916956,,0.000129808137962805,FALSE,""
JAVELIN,5376,GBA3;CDH23;SNORD29;TNNI3;MYCT1,1.32462526117196,,0.00813117900845147,FALSE,""
JAVELIN,5377,DDC;EFHD1;FZD8;HOXB13;CADM4,1.34196269943931,,0.01059003626715,FALSE,""
JAVELIN,5378,MYBL2;GABRD;MIR631;GRHL2;TAL1,1.17538464529296,,0.1352116962762,FALSE,""
JAVELIN,5379,FNDC1;ROR2;MYO5B;SYT8;CCR6,1.06145094639032,,0.577995846676766,FALSE,""
JAVELIN,5380,S100A8;BTNL9;COX7A1;CXCR2P1;CYP2D7P,1.15040453699162,,0.176141370069606,FALSE,""
JAVELIN,5381,NME5;GDA;MIR197;FAM183A;NCAPG,1.21823655670781,,0.0720602578447552,FALSE,""
JAVELIN,5382,ESM1;ALDH8A1;SNORA77;MIR134;MIR3664,1.23942215112298,,0.043817119240498,FALSE,""
JAVELIN,5383,CTSW;COLEC12;PTK7;IGSF10;DCDC1,1.02825644931621,,0.785020990505439,FALSE,""
JAVELIN,5384,MIA2;DNAH5;SLC2A9;CLDN16;MAATS1,1.24805030575596,,0.046633193352328,FALSE,""
JAVELIN,5385,BCL2A1;COL11A1;PIEZO2;MIR4280;CETP,1.03650658719425,,0.743012467138187,FALSE,""
JAVELIN,5386,LPL;MST1P2;2020-03-02 00:00:00;MIR380;C2orf82,1.45755000500388,,0.000518978557955803,FALSE,""
JAVELIN,5387,NOX4;MIR378A;MIR3125;HRCT1;TSPAN2,1.53883534160641,,6.36105524569791e-05,FALSE,""
JAVELIN,5388,SLC16A12;SNORD65;RNF128;CLDN16;PYGO1,1.03780286379492,,0.731689439718284,FALSE,""
JAVELIN,5389,EXOC3L4;LYVE1;MYRF;OGN;DPY19L2P2,1.10075654290308,,0.375348477567774,FALSE,""
JAVELIN,5390,NME5;GLIS1;PLAT;BDH1;MIR3978,1.17035777304325,,0.159910297589105,FALSE,""
JAVELIN,5391,HOXC10;CHI3L2;LDLR;SCG5;CD300LF,0.927652393644416,,0.483815999022215,TRUE,""
JAVELIN,5392,BCL2A1;DSCAML1;LDLR;MIR365A;AGAP11,1.16040434791053,,0.178388029804168,FALSE,""
JAVELIN,5393,PIGR;KCNIP4;ALDOC;FAM153B;GPR160,1.46906276994634,,0.000321423349142404,FALSE,""
JAVELIN,5394,SLC17A1;CXCL13;MYO7A;SNORD114-26;MAP6,1.05248951878405,,0.632762590084845,FALSE,""
JAVELIN,5395,MIR645;CYP4F11;MS4A4E;UNC93A;EME1,0.957204110576439,,0.685282297813921,TRUE,""
JAVELIN,5396,CRB3;ZNF727P;HIST1H2BO;MIR592;CETP,1.22352832993955,,0.0723141311844445,FALSE,""
JAVELIN,5397,FAM46C;PAH;LDLR;GYG2;PADI2,0.871819795399485,,0.202280280384087,TRUE,""
JAVELIN,5398,FMO2;MIR339;SLC1A1;GPR15;C14orf64,1.49965081503937,,0.000186882028408616,FALSE,""
JAVELIN,5399,ACY3;WDR66;TMEM132A;TCN1;FAM110C,1.09889012885161,,0.405589038458501,FALSE,""
JAVELIN,5400,AGMO;MIRLET7A2;MTCL1;MIR4469;MIR4779,1.15739287710186,,0.182102975261014,FALSE,""
JAVELIN,5401,MIR3646;GDA;SARDH;MIR4489;WNT3,1.19508681817897,,0.0959895836937818,FALSE,""
JAVELIN,5402,ALDH1L1;ESPN;PIEZO2;SYT12;EXO1,1.44004516680366,,0.000679277326267237,FALSE,""
JAVELIN,5403,IDO1;UBASH3A;MIR4635;CDH15;MYCT1,1.19690175283421,,0.0811923676786418,FALSE,""
JAVELIN,5404,COL4A4;SNORD114-13;MS4A4E;SIM1;SMG1P5,1.24928163717404,,0.0399378519802803,FALSE,""
JAVELIN,5405,UPB1;SNORD114-10;SNORA26;SNTG2;THEMIS,1.13080402846308,,0.247627091371839,FALSE,""
JAVELIN,5406,IDO1;GABRD;SNORD6;SLC47A2;AGBL3,1.40195782145295,,0.00139545120388206,FALSE,""
JAVELIN,5407,STC1;ASRGL1;SNORD74;GPR15;LOC400043,1.32526031880284,,0.00733116742466002,FALSE,""
JAVELIN,5408,PLAC9;MIR554;PDLIM3;RAB25;SLC39A4,1.1920125489882,,0.102756308334061,FALSE,""
JAVELIN,5409,NPR3;DPEP1;PTTG1;C19orf67;LOC101928494,1.21733654407996,,0.0645858399942149,FALSE,""
JAVELIN,5410,BAIAP2L2;SNORD110;MXRA8;SNORD115-35;GSTT2,1.33639333068981,,0.00679251590351866,FALSE,""
JAVELIN,5411,HOXC10;ST6GALNAC2;ANGPT2;MIR4469;ST6GALNAC3,1.2743429196033,,0.0247766740187113,FALSE,""
JAVELIN,5412,NMB;MIR569;EMP1;CLDN16;KIF26A,1.25592089681939,,0.0363492680410129,FALSE,""
JAVELIN,5413,TACSTD2;PAH;HIST1H4L;CNTNAP5;KLHL13,1.20898517381001,,0.0900251358949568,FALSE,""
JAVELIN,5414,EMX2;STK32B;MIR1207;SFTPB;CCDC17,1.39244308439114,,0.00170008870448088,FALSE,""
JAVELIN,5415,BCMO1;TRIM55;SLC44A3;TRIM54;PCDHB16,1.40457344309466,,0.00166834471865488,FALSE,""
JAVELIN,5416,SCNN1A;TENM3;EMP1;TRNP1;CCDC74B,0.864374132748062,,0.19264769262212,TRUE,""
JAVELIN,5417,SRPX;ST6GALNAC2;MKI67;FAM166B;DPY19L2P2,1.05438603945786,,0.62144577357921,FALSE,""
JAVELIN,5418,PTHLH;AR;SNAI2;MIR1290;GNAO1,1.1245107739396,,0.256082248628684,FALSE,""
JAVELIN,5419,RAB17;BTNL9;ECM2;MIR4489;MIR28,1.48365524056473,,0.000201234600581119,FALSE,""
JAVELIN,5420,CCL19;HLF;RHOBTB3;ST8SIA6;TDRD10,1.17340480335885,,0.136160086286851,FALSE,""
JAVELIN,5421,NPR3;IGF1;MKI67;HOXA13;FOXD1,1.06852069947766,,0.535358018459024,FALSE,""
JAVELIN,5422,SMIM24;F5;HIST1H4L;MUC13;KIAA1755,1.08268115222641,,0.479127815015493,FALSE,""
JAVELIN,5423,MIR142;MFI2;MYO1G;ARHGEF38;PCDHGC5,0.955932930930329,,0.666684309051944,TRUE,""
JAVELIN,5424,VTRNA2-1;THBS4;MIR628;MYBPC2;MIR3664,1.41807948878071,,0.00310722726156589,FALSE,""
JAVELIN,5425,AOC1;CCDC183;MIR631;CFHR1;FAIM3,1.13167882578675,,0.261629893883912,FALSE,""
JAVELIN,5426,BCL2A1;EPPK1;ANGPT2;ZNF114;LRP8,0.945225575845784,,0.597033412057054,TRUE,""
JAVELIN,5427,HIF1A-AS2;SLC38A11;IGFBP6;KLB;CD300LF,1.28626458943275,,0.0210938503100357,FALSE,""
JAVELIN,5428,STEAP4;SNORD114-10;MYO1G;LHX1;C19orf83,0.883906766706494,,0.250708002053827,TRUE,""
JAVELIN,5429,MIR3646;SLC7A8;SNORD74;PTK6;PPP1R3G,1.18366048128843,,0.142986006857394,FALSE,""
JAVELIN,5430,SVEP1;SERPINA6;PLAT;FUT3;APOBEC3H,1.34220362338335,,0.00658780505801202,FALSE,""
JAVELIN,5431,NPNT;MIR4731;MIR631;MIR3178;FAM110C,1.32037857243509,,0.00879306863502946,FALSE,""
JAVELIN,5432,F8;C10orf113;MIR544B;CA3;GRID1,1.32644647588194,,0.0106696127087291,FALSE,""
JAVELIN,5433,PTH1R;MIRLET7I;ALDH6A1;SCN3A;SNORD116-23,1.4459554017674,,0.0010517747838432,FALSE,""
JAVELIN,5434,ALDH1L1;ITGBL1;MIR1537;SLC47A2;LOC101927236,1.41770737772585,,0.0016079040944469,FALSE,""
JAVELIN,5435,ITGB6;STK32B;LY96;FGF9;SPTBN5,1.29348120842708,,0.0169667510369049,FALSE,""
JAVELIN,5436,RBP4;MZB1;SNORD33;FOXF2;USHBP1,1.06809268035653,,0.535879145754155,FALSE,""
JAVELIN,5437,C1orf106;NLGN4Y;LDB2;MIR4533;SP140,1.11559816607552,,0.290321317368984,FALSE,""
JAVELIN,5438,GBP5;SNORA75;SNORD4B;MIR1193;SOGA3,0.935149457317564,,0.537686985262609,TRUE,""
JAVELIN,5439,FOLH1;HPD;SNORD33;MIR4439;IL1RL2,1.24220813057231,,0.0409308317882977,FALSE,""
JAVELIN,5440,C14orf105;ANKRD18A;CACNA2D1;LMO1;NRXN3,1.38919399924526,,0.00291448299279345,FALSE,""
JAVELIN,5441,MIR4317;EMX1;DCBLD2;C19orf80;FAM69B,1.18366720158268,,0.112484279227739,FALSE,""
JAVELIN,5442,WDR72;MAP7D2;ITGA11;OR2T11;EME1,1.35124830353224,,0.00571803515246488,FALSE,""
JAVELIN,5443,AKR7A3;FLRT3;ADAMTS2;EPO;SP140,1.07783680725951,,0.48534254958568,FALSE,""
JAVELIN,5444,S100A8;MIR339;HOXD9;MIR3131;KCNN3,1.4445568508492,,0.000531167740648024,FALSE,""
JAVELIN,5445,RASD1;MIR4731;SLC44A3;CCDC78;CCDC3,1.25720134323641,,0.039794405840284,FALSE,""
JAVELIN,5446,CCL18;ARG2;IL2RB;BEX1;AGAP11,1.1887992389887,,0.106405605398534,FALSE,""
JAVELIN,5447,SLIT2;KCNJ3;MIR4435-2;KRT13;PLAC8,1.34686113118507,,0.00759608994721048,FALSE,""
JAVELIN,5448,SLC34A2;SNORD67;HOXD4;AQP2;HSD17B3,1.36867585501087,,0.00389966770855902,FALSE,""
JAVELIN,5449,DCDC2;MIR186;ADAMTSL3;MIR181B2;PDGFD,1.63214919959956,,7.48482203299554e-06,FALSE,""
JAVELIN,5450,MIR27A;CD22;GEM;CST2;TMEM246,1.19478107878354,,0.106612325487624,FALSE,""
JAVELIN,5451,SLC16A12;LOC101928757;MIR197;SNORD114-6;P2RY6,0.9884180528288,,0.911650005947807,TRUE,""
JAVELIN,5452,BCMO1;IRF4;GPC4;GRIA4;SIT1,1.10286640653371,,0.342043797039246,FALSE,""
JAVELIN,5453,TSPAN13;SNORD87;MIR637;LAMP5;C2orf82,1.05401749598826,,0.637836034264369,FALSE,""
JAVELIN,5454,SLC17A1;EGR3;S1PR3;MFAP5;DEPDC7,1.40221862083279,,0.00258680489284979,FALSE,""
JAVELIN,5455,ALPK3;KLKB1;PPL;CXCR2;RPS6KL1,1.23841191042805,,0.0504062846487829,FALSE,""
JAVELIN,5456,IL17RB;EMX1;TSKU;S100B;UHRF1,1.06184931942738,,0.579015264217808,FALSE,""
JAVELIN,5457,ACY3;SOX6;ANGPT2;SNORD115-25;PLCH1,1.55698924348051,,3.90848062107294e-05,FALSE,""
JAVELIN,5458,CST7;CLCNKA;EMP1;BAALC;FCN1,0.990383961778273,,0.92807892643623,TRUE,""
JAVELIN,5459,BAIAP2L2;MIR4804;CSF3R;MIR4506;CORO2B,0.934158688387426,,0.519771726951901,TRUE,""
JAVELIN,5460,PLAC9;GZMB;SNAI2;ALX1;SOGA3,1.03320252699948,,0.772226099473219,FALSE,""
JAVELIN,5461,EXOC3L4;NDNF;CCL4;SLC36A2;LTB,1.02152029629113,,0.843962981617447,FALSE,""
JAVELIN,5462,ITGB6;CLDN3;MIR4435-2;CNTFR;SNORD126,1.25628030094769,,0.0458051533498016,FALSE,""
JAVELIN,5463,JPH2;PPARGC1A;MIR938;C2orf70;PCDHGC5,1.17910736311233,,0.12270630186392,FALSE,""
JAVELIN,5464,IGF2BP2;LAMC2;ARL4C;SCN7A;RNF133,0.863805170369364,,0.165279016105723,TRUE,""
JAVELIN,5465,SLCO4C1;EPPK1;MIR1207;MIR1267;KCNN3,1.50480830607334,,0.000104662184765381,FALSE,""
JAVELIN,5466,GZMA;COLEC12;ALDH1A3;HSD17B2;TAL1,0.995903184091882,,0.968884175153787,TRUE,""
JAVELIN,5467,MFSD2A;BEX2;EVI2B;SNORD115-20;EME1,0.813772802571176,,0.0510196446037007,TRUE,""
JAVELIN,5468,MIR1180;GSTM1;ALDH6A1;MIR4705;RPS6KL1,1.55451529341207,,6.05857163012641e-05,FALSE,""
JAVELIN,5469,SPAG17;TRPC6;DCBLD2;ANGPTL3;DPY19L2P2,1.42470522858644,,0.00245141460015776,FALSE,""
JAVELIN,5470,ANLN;PPARGC1A;S1PR3;HSD3B2;MIR3942,1.29555311320345,,0.0194128380015555,FALSE,""
JAVELIN,5471,LPL;CGREF1;ID4;DUOX2;RNF133,1.43093278089586,,0.00084045966386016,FALSE,""
JAVELIN,5472,PCDHGB2;FCGBP;SNORD6;AGXT;RPL23AP32,1.25500354403285,,0.0363893051243676,FALSE,""
JAVELIN,5473,IGF2BP2;CCDC183;ADAMTS2;MIR346;MIR1183,0.884149239819769,,0.247379934701153,TRUE,""
JAVELIN,5474,FRAS1;UTY;MST1;MIR758;DEPDC1B,1.18064433808706,,0.127271270480353,FALSE,""
JAVELIN,5475,UPB1;LDHD;SNORD74;GRIA4;LILRB4,1.60061321434905,,2.53194697192142e-05,FALSE,""
JAVELIN,5476,AOC1;CYP4F12;MIR631;UGT3A1;OR52N4,1.30436573389089,,0.0133644576300026,FALSE,""
JAVELIN,5477,HOGA1;C5orf46;DMD;ZBTB7C;ROPN1L,1.21446666055562,,0.0769668241487482,FALSE,""
JAVELIN,5478,JPH2;IL2RA;MIR4714;SLC44A5;HUNK,1.25362862428882,,0.0292737736446167,FALSE,""
JAVELIN,5479,CCL20;LOC100288152;TMEM132A;ST8SIA6;EPHB3,1.18756588589998,,0.110630074388675,FALSE,""
JAVELIN,5480,NPNT;FLRT3;TEK;PXDNL;FCN1,1.23329083159383,,0.0518011705737509,FALSE,""
JAVELIN,5481,TENM1;GPD1;FOLR2;STAC2;DSEL,1.35321506776115,,0.00456473142601066,FALSE,""
JAVELIN,5482,SLC7A9;TMEM139;RIPK4;MFAP5;DPY19L2P2,1.4179319591849,,0.000750501743109972,FALSE,""
JAVELIN,5483,ASPN;HAMP;ID4;SST;GSTT2,1.2845967695699,,0.0209310383375603,FALSE,""
JAVELIN,5484,PEG10;MIR4676;ADCY4;SLITRK2;SYNC,1.14290915364284,,0.229342451717346,FALSE,""
JAVELIN,5485,NXPH4;FOXF1;HIST1H2BO;EYA4;ZDHHC11,1.26428109952959,,0.0272561972400352,FALSE,""
JAVELIN,5486,PLAC9;HAMP;TSKU;CRHBP;MIR4771-2,1.15302944453134,,0.171971462027854,FALSE,""
JAVELIN,5487,NLGN1;ADRA2A;ADAMTSL3;APOBEC3A;NEIL3,1.12771095103434,,0.252312407688092,FALSE,""
JAVELIN,5488,TINAG;SNORD110;LDLR;LHX8;GJC2,1.3600260265595,,0.0044061540047662,FALSE,""
JAVELIN,5489,TSPAN13;SPX;MST1;MIR379;C22orf34,1.13694760940877,,0.239330212553432,FALSE,""
JAVELIN,5490,KCP;DPEP1;ID1;SMOC1;MIR4681,1.16057754240429,,0.18049613732558,FALSE,""
JAVELIN,5491,GPT;CDA;DMD;UNC93A;PCDHGC4,1.2487540144218,,0.0378957931721449,FALSE,""
JAVELIN,5492,COX4I2;CLDN10;GEM;SNORD116-5;SEMA3G,1.31902799791533,,0.00855210808259794,FALSE,""
JAVELIN,5493,RAP1GAP;ZNF727P;SNORD116-16;CYP21A2;EPHB1,1.24693781442516,,0.0477622640305829,FALSE,""
JAVELIN,5494,ACY3;SORCS2;COX7A1;FAM153C;CCDC85A,1.47592634294477,,0.000428502353660957,FALSE,""
JAVELIN,5495,MIR4292;MIR4482;CSF3R;ST8SIA6;CRYBB2,1.15820851843449,,0.158801651979654,FALSE,""
JAVELIN,5496,FXYD2;FUT6;SNORD4B;MIR346;MELK,1.15570292601945,,0.174707150513169,FALSE,""
JAVELIN,5497,F2RL1;GPC3;HIST1H2AL;FXYD4;HIST1H1A,1.03900768547922,,0.72252845966597,FALSE,""
JAVELIN,5498,HOXC10;NAGS;MECOM;ALAS2;LOC101928871,1.29970815487727,,0.0157257890885079,FALSE,""
JAVELIN,5499,MIR548AR;FXYD1;SLC1A1;MFAP5;MIR581,1.29421506576621,,0.0186821858870397,FALSE,""
JAVELIN,5500,SBSPON;MIR23B;ALDH1A3;ROBO2;THRB,1.49816611825407,,0.000187328950695709,FALSE,""
JAVELIN,5501,PLA2G7;AQP7;SEMA4G;MIR33A;CYP26B1,1.36175868133029,,0.00429266970942376,FALSE,""
JAVELIN,5502,CD38;NPY1R;EVI2B;CYP21A2;MIR4706,0.938051322845049,,0.54942559750773,TRUE,""
JAVELIN,5503,HOGA1;VANGL2;ALDH6A1;SAA2;DGKI,1.29401108412537,,0.0220379350548802,FALSE,""
JAVELIN,5504,CPZ;DNAH5;ROBO4;LRRC3;CD300LF,0.984263412824167,,0.880305314287702,TRUE,""
JAVELIN,5505,RBP4;PLA2G2A;PLAUR;MGARP;SNORD126,1.04137807248099,,0.713326704308574,FALSE,""
JAVELIN,5506,ALDH1L1;PALM3;MIR631;FOXA2;SLC27A5,1.39519931474049,,0.00494662108968043,FALSE,""
JAVELIN,5507,HHLA2;ZFY;ARHGEF15;VTN;SNORD19B,1.14138141459786,,0.210325759893403,FALSE,""
JAVELIN,5508,SNORD14C;KIF26B;SNORA26;SCN4A;VN1R1,1.08530047292163,,0.442222144332284,FALSE,""
JAVELIN,5509,FNDC1;TTN;MKI67;PEG3;CASZ1,0.954869325878938,,0.672746450712483,TRUE,""
JAVELIN,5510,GPER1;ZNF727P;PTER;CNDP1;ANKRD29,1.10941912936862,,0.333183918993115,FALSE,""
JAVELIN,5511,STC2;MLLT11;HIST1H2BM;TM6SF2;NEK10,1.04870089960144,,0.667470803962695,FALSE,""
JAVELIN,5512,PPAP2C;F10;LDB2;CYP4A22;ETV7,1.06562772352041,,0.535200305093937,FALSE,""
JAVELIN,5513,ABCA6;CXCL8;RNF128;MIR924;LOC100128242,0.900518050944983,,0.339374911847986,TRUE,""
JAVELIN,5514,TTC39A;CLMP;COL5A3;MIR379;LOC101927236,1.3610793436599,,0.0048925588072339,FALSE,""
JAVELIN,5515,MIR3117;AR;ALDOC;CLDN19;C6orf132,1.32028667668327,,0.0117627465949379,FALSE,""
JAVELIN,5516,MFSD2A;CD79A;SNORD12B;ALOX15B;FAM43A,0.820470543156243,,0.0665372105101107,TRUE,""
JAVELIN,5517,PLAC9;MIR4326;RNF128;SCGB3A2;EMP2,1.22055754897504,,0.07391212504408,FALSE,""
JAVELIN,5518,STC1;CES3;SEMA4G;SLC4A1;HOXD3,1.4605690111716,,0.000474298334285494,FALSE,""
JAVELIN,5519,TENM1;CXCL8;TREM2;MIR452;HOXB5,1.30526833980713,,0.014491218365393,FALSE,""
JAVELIN,5520,TFPI2;CD22;LZTS1;MIR1193;P2RY6,1.06455115042468,,0.565671009825047,FALSE,""
JAVELIN,5521,ASPN;STEAP1;MIR197;SLC38A4;DLG2,1.28251004743376,,0.0223002142492431,FALSE,""
JAVELIN,5522,TSPAN7;BAI1;MYO5B;ADIPOQ;TMC4,0.979643378135759,,0.856919227743885,TRUE,""
JAVELIN,5523,TMEM27;HYDIN;TOP2A;FOXJ1;PI4KAP1,1.28927679302336,,0.0233403868959347,FALSE,""
JAVELIN,5524,PSAT1;AR;FKBP9P1;MIR452;TMC4,1.11645647987303,,0.300103740929568,FALSE,""
JAVELIN,5525,TTC39A;ELOVL7;MIR637;EPS8L3;THEMIS,1.16663818545248,,0.139729917875186,FALSE,""
JAVELIN,5526,BCMO1;KLF15;SNORD116-28;ZIC2;CCR4,1.03887703393225,,0.728296505744044,FALSE,""
JAVELIN,5527,CX3CR1;GPC3;MIR4784;SCN4A;NTNG2,1.23674431682074,,0.0382371592260799,FALSE,""
JAVELIN,5528,FCN3;CLMP;TMEM132A;FBXO2;MAATS1,0.909965430486498,,0.376266974911492,TRUE,""
JAVELIN,5529,FGB;KLHDC7A;ADAMTSL3;C5orf38;CNTN4,1.52232878628074,,0.000146520913377828,FALSE,""
JAVELIN,5530,ESM1;KIF26B;ADAMTS2;ERBB4;C14orf64,1.42895593707854,,0.000940291254662845,FALSE,""
JAVELIN,5531,MIR548AR;FOSL1;SNORD116-16;CYP11A1;CACNA2D4,0.955003962519713,,0.673555063943272,TRUE,""
JAVELIN,5532,RERG;IRF4;PPL;ASPG;SEMA3G,1.26885624030973,,0.0201988896276675,FALSE,""
JAVELIN,5533,MIR4526;CLMP;HIST1H4L;TNFRSF17;GJA5,1.14255629004465,,0.215273631457764,FALSE,""
JAVELIN,5534,NEB;MIR548AA2;ALDOC;DDIT4L;ADORA2B,1.22870170432238,,0.0641717129979575,FALSE,""
JAVELIN,5535,FMO2;CHRDL1;DCBLD2;ERBB4;CYP2S1,1.00325214523571,,0.97600992479932,FALSE,""
JAVELIN,5536,OGDHL;SLC23A1;BMP2;KLK1;DGKI,1.46431313401917,,0.0012592073286004,FALSE,""
JAVELIN,5537,TENM1;ADRA2C;SNORD6;MIR665;LOC100128242,1.27861518902011,,0.0242622424051254,FALSE,""
JAVELIN,5538,MIR29B2;EGR3;MXRA8;KRT5;PPIAP30,1.16314231531287,,0.157070089904717,FALSE,""
JAVELIN,5539,CPZ;ST6GALNAC2;DCBLD2;S100B;DCDC1,0.952007802831964,,0.650161855365619,TRUE,""
JAVELIN,5540,ANLN;EFHD1;MS4A4A;FCER2;FLT3,0.91640536262857,,0.415577685147336,TRUE,""
JAVELIN,5541,KRT7;MIR200B;APCDD1;CLIC6;RBM20,1.19985297964876,,0.100040368377889,FALSE,""
JAVELIN,5542,COMP;SNORA69;HIST1H2BO;IL13RA2;TMEM232,1.07633196158929,,0.495300042920913,FALSE,""
JAVELIN,5543,SLC16A12;ST6GALNAC2;MIR1207;FCRL5;CHST1,1.06106749402017,,0.577941212574257,FALSE,""
JAVELIN,5544,UGT2A3;UTY;MECOM;PRSS22;LZTS3,1.14077163032216,,0.227331032949238,FALSE,""
JAVELIN,5545,RAP1GAP;VANGL2;DLL4;KCNJ1;MIR3973,1.22931001076088,,0.0656405940599692,FALSE,""
JAVELIN,5546,RAB42;FAP;ARL4C;AKR1B10;P2RY12,0.912717815075993,,0.398817317336736,TRUE,""
JAVELIN,5547,NME5;MGAM;HIST1H2AL;KCNK9;RNF133,1.4236936479491,,0.00112404675250551,FALSE,""
JAVELIN,5548,ESM1;ETNK2;MIR1537;SALL4;RASGEF1A,1.22956065666784,,0.0483951713327705,FALSE,""
JAVELIN,5549,SLPI;PRAP1;SNORD59A;OR2T34;EMR4P,1.13347947915733,,0.234435793377009,FALSE,""
JAVELIN,5550,SNCG;LYVE1;CKS2;RHCG;SNORD91A,1.05793626636273,,0.599708185524921,FALSE,""
JAVELIN,5551,ITGA8;UBASH3A;SNORD116-16;GC;SNORD20,1.17282878166967,,0.124851636544854,FALSE,""
JAVELIN,5552,PTHLH;ALDH8A1;PTTG1;MIR3196;PSD3,0.974120891670096,,0.806690083458943,TRUE,""
JAVELIN,5553,CHDH;CYP4F3;MIR544B;MIR4654;POU5F1P3,1.31025793320162,,0.0162729056963649,FALSE,""
JAVELIN,5554,FMO3;MIR569;COX7A1;SFTPC;EPHA1,1.06289566423164,,0.562364226379446,FALSE,""
JAVELIN,5555,ACY3;COLEC12;HRSP12;VSTM2L;GJA5,1.21762387108049,,0.0652788957658431,FALSE,""
JAVELIN,5556,UPB1;GSTM1;SNORD74;MIR4798;THRB,1.39854980979817,,0.00160785422747974,FALSE,""
JAVELIN,5557,STC2;MIR4796;MMP11;TMEM132E;MIR1183,1.48146926984422,,0.000443146850052227,FALSE,""
JAVELIN,5558,EMX2;PCDHGA4;PLAT;CR2;LOC101928749,1.42052258045237,,0.00106904532136436,FALSE,""
JAVELIN,5559,CD38;GPC3;SNORA26;LRRC3;MEFV,0.817291396584098,,0.0549611355745318,TRUE,""
JAVELIN,5560,MIR4292;FAM65C;HOXD9;IL13RA2;SNORD58C,1.2483764730992,,0.039054586150255,FALSE,""
JAVELIN,5561,SLIT2;SYBU;RIPK4;ATP6V0A4;GSTO2,1.35232355488686,,0.00605918929800539,FALSE,""
JAVELIN,5562,MYO3A;ZFHX4;SNORD116-8;MIR4469;APOBEC3H,1.02253829338709,,0.829839758273373,FALSE,""
JAVELIN,5563,PSAT1;MIR1203;SNORA48;MIR874;EFS,1.03503207703046,,0.742334545545361,FALSE,""
JAVELIN,5564,SLPI;CPA3;DPYSL3;FOXJ1;LOC643339,1.1597197724542,,0.162472320676894,FALSE,""
JAVELIN,5565,TNFAIP6;SLC26A1;MECOM;KLK1;MIR3942,1.57117332556362,,9.34270455024947e-05,FALSE,""
JAVELIN,5566,RAP1GAP;EXPH5;MTCL1;TFCP2L1;SYCE1L,1.10988719353989,,0.341403221234198,FALSE,""
JAVELIN,5567,COL4A4;ASRGL1;ID1;CD177;SPNS3,1.21444100159705,,0.0770850660277121,FALSE,""
JAVELIN,5568,COL4A4;MIR548AU;MYO5B;GPR115;MIR3942,1.09362012053583,,0.441881180456158,FALSE,""
JAVELIN,5569,MIA2;NEBL;MYO7A;CYP4B1;MIR579,1.41938301212539,,0.00134286602712016,FALSE,""
JAVELIN,5570,UBD;MIR616;CSF3R;SNORD115-37;GRHL1,1.00116586551301,,0.99122666674764,FALSE,""
JAVELIN,5571,CXCL1;SLC7A8;2020-03-02 00:00:00;HIST1H2AA;WSCD1,1.4657002818596,,0.000786334827596399,FALSE,""
JAVELIN,5572,AOC1;NPY6R;ARL4C;MIR1245A;ROPN1L,1.25539933078705,,0.0280759093227108,FALSE,""
JAVELIN,5573,OLFML2A;SMTNL2;MKI67;SLC10A2;KLHL13,1.46469652280704,,0.000432555332141145,FALSE,""
JAVELIN,5574,MACC1;FAP;HIST1H2BO;IL1RL1;LRRC17,1.11590692940551,,0.314153933206485,FALSE,""
JAVELIN,5575,FMO2;DUSP2;APCDD1;ADH1C;GRAMD1B,1.04804046491671,,0.651918240061528,FALSE,""
JAVELIN,5576,TSPAN7;SLC2A2;GAMT;NPC1L1;KIF18B,1.07775807500843,,0.485962614333449,FALSE,""
JAVELIN,5577,OGDHL;SLC27A2;EFNA1;TRIM54;DBNDD1,1.17680184226738,,0.129441400735425,FALSE,""
JAVELIN,5578,MIR1180;SNORD77;ROBO4;SLITRK2;HIST2H3C,1.00311731963542,,0.977640726207604,FALSE,""
JAVELIN,5579,NOX4;DPEP1;RIPK4;WFDC5;GNMT,1.26628245060499,,0.0281485711838963,FALSE,""
JAVELIN,5580,MIR548AR;CD3G;SARDH;AMZ1;C22orf34,0.975060494270423,,0.811878488038211,TRUE,""
JAVELIN,5581,WDR72;SNAP25;SARDH;WNT10A;CTRL,1.30488797873981,,0.0139705992771667,FALSE,""
JAVELIN,5582,ACSM5;ALDH8A1;MTCL1;HTR6;ATP1B2,1.39090310319404,,0.00231274311558273,FALSE,""
JAVELIN,5583,RASD1;ASPHD1;MIR3125;SIM2;MIR583,1.28349762775193,,0.0206945566629944,FALSE,""
JAVELIN,5584,TMEM27;STK32B;PPL;HOXA13;CD40LG,1.23702186823229,,0.0407050662817767,FALSE,""
JAVELIN,5585,PIGR;ADRA2A;SNAI2;UMOD;MIR626,1.06541294156929,,0.559746481100643,FALSE,""
JAVELIN,5586,S100A8;MIR378A;CALCRL;HCAR2;ALDH1L2,1.1105747077629,,0.309212367310011,FALSE,""
JAVELIN,5587,COX4I2;CCDC64;MYRF;TNFRSF17;ALDH1L2,1.05299581862195,,0.623511331438483,FALSE,""
JAVELIN,5588,NMB;CES3;ALDH1A3;MIR196A1;BATF,1.09151210833929,,0.431550452264467,FALSE,""
JAVELIN,5589,NPR3;CCDC64;NT5E;LRRC7;ST6GALNAC3,1.3645397631402,,0.00481865716734098,FALSE,""
JAVELIN,5590,GBA3;TRIM55;SNORA26;LEFTY1;SNORD116-23,1.31303109301538,,0.0135342774562548,FALSE,""
JAVELIN,5591,PPAP2C;PAH;ALDH6A1;MAP3K15;EMR4P,1.03732449820177,,0.736233465246974,FALSE,""
JAVELIN,5592,NR4A3;SLC38A11;PLAUR;C10orf62;APOBEC3B,1.04140927995881,,0.707069218656076,FALSE,""
JAVELIN,5593,NOX4;MFI2;HMCN1;ASXL3;FAM43A,1.44659640542468,,0.000710580302504526,FALSE,""
JAVELIN,5594,ABCC6;SLC2A2;TSKU;SLC26A7;WNT9A,1.19880991846129,,0.102758262964745,FALSE,""
JAVELIN,5595,IRX5;PTGER3;PDLIM3;APOBEC3A;HOXA7,1.39185029114666,,0.0016035576264391,FALSE,""
JAVELIN,5596,FOSB;NPY6R;FAM20A;EYA1;P2RY10,1.18627694489812,,0.107971306909845,FALSE,""
JAVELIN,5597,ADAMTSL2;SORCS2;GPC4;FOXB2;LOC400043,1.23639268757671,,0.0475494102348955,FALSE,""
JAVELIN,5598,TFPI2;MIR200B;MYO5B;TPSG1;KLHL13,1.26485902956234,,0.034793730046268,FALSE,""
JAVELIN,5599,MYOM3;PTPRD;TSKU;PDPN;MIR571,1.16286624828012,,0.164122154410197,FALSE,""
JAVELIN,5600,TSPAN7;GPC3;DMD;TOX3;TTK,1.09976384655037,,0.399598452327637,FALSE,""
JAVELIN,5601,PEG10;CPXM2;CRISPLD2;ADCY2;MIR151A,1.04802560457905,,0.667607779671951,FALSE,""
JAVELIN,5602,GLYAT;ARG2;LDLR;MAT1A;MIR3157,1.31071056466619,,0.0139251699834723,FALSE,""
JAVELIN,5603,GBA3;MAPK15;MST1;ALOX15B;APOL4,1.28078823135732,,0.0176738446433417,FALSE,""
JAVELIN,5604,PROM1;MST1P2;MIR938;MIR218-1;ZSCAN31,1.54041214061888,,7.48323307446555e-05,FALSE,""
JAVELIN,5605,SBSPON;FCGBP;HIST1H2BO;NRK;CDC42BPG,1.24119638234525,,0.0520962557839605,FALSE,""
JAVELIN,5606,BBOX1;CD3G;MTCL1;CXCR2;TNFRSF11A,0.886368450398703,,0.272233567883699,TRUE,""
JAVELIN,5607,PPAP2C;CD69;NT5E;MIR2052;NRXN3,0.769916994903962,,0.0186465772097922,TRUE,""
JAVELIN,5608,TFPI2;RASAL1;MS4A4A;HCAR2;LOC401317,1.06516979723477,,0.54566491147297,FALSE,""
JAVELIN,5609,MIR3117;CLMP;PTTG1;CXCR1;PAQR6,0.912043362133672,,0.402357774989275,TRUE,""
JAVELIN,5610,EXOC3L4;NLGN4Y;MYO7A;TTR;SNORD58C,1.1152202251948,,0.306302328631055,FALSE,""
JAVELIN,5611,MIA2;INHBB;ALDOC;KCNK9;CPNE5,1.30990623597149,,0.0141161468881039,FALSE,""
JAVELIN,5612,RAB17;NAGS;LZTS1;CST2;CEP55,1.27600875638202,,0.0310280055805241,FALSE,""
JAVELIN,5613,NXPH4;CD3G;PC;MGARP;LILRA6,0.996184291550786,,0.971241700458419,TRUE,""
JAVELIN,5614,IDO1;SNORD87;MIR4635;MIR1267;DNALI1,1.25834868058971,,0.0277279868822544,FALSE,""
JAVELIN,5615,TMEM45A;CYP2C9;RGL3;SNORD114-4;SNORD116-10,1.28435793743372,,0.0203103338175999,FALSE,""
JAVELIN,5616,IRX5;CD79A;EVI2B;CLIC5;LOC100133669,1.11571098661388,,0.294203012487881,FALSE,""
JAVELIN,5617,VTRNA2-1;MIRLET7D;APCDD1;FGF9;HIST2H3A,1.24330833128846,,0.0446026159042418,FALSE,""
JAVELIN,5618,FOLH1;GABRD;GPC4;MGARP;FAM162B,1.45656103737235,,0.000596828159681717,FALSE,""
JAVELIN,5619,IRX5;KCNJ3;CKS2;TMEM252;DLGAP5,1.19101530451993,,0.113526793533724,FALSE,""
JAVELIN,5620,MIR27B;SOX6;PC;HCAR2;MIR5094,1.43581640085253,,0.00109589442290291,FALSE,""
JAVELIN,5621,SLC34A2;ABCA8;SLC44A3;C10orf62;CDC45,1.19431614578803,,0.110615309180802,FALSE,""
JAVELIN,5622,IRX5;IL1B;HIST1H2AL;SCN4A;MIR5191,1.05286655024822,,0.64391892958633,FALSE,""
JAVELIN,5623,AGMO;FTCD;FPR1;CACNA2D2;EPHA1,1.21368142936999,,0.0738612630704868,FALSE,""
JAVELIN,5624,MIR25;ADORA1;HIST1H2BO;XCR1;WBSCR27,0.942458355196925,,0.582886572393012,TRUE,""
JAVELIN,5625,MIR3189;EMX1;LDB2;SCTR;GPRIN1,1.22293074793002,,0.0703446756616441,FALSE,""
JAVELIN,5626,C14orf105;BEX2;MIR197;LRRN2;CACNB2,1.35958007418719,,0.00580992623042568,FALSE,""
JAVELIN,5627,PYCR1;CGREF1;RIPK4;MIR1245A;MIR3157,1.36331011993831,,0.00424789223129198,FALSE,""
JAVELIN,5628,MIR4652;MIR200B;TMEM132A;MIR3178;WNT3,0.935840424961679,,0.538894434293938,TRUE,""
JAVELIN,5629,ZDHHC11B;GREM1;GEM;DUOX1;PDE1C,1.13708412572702,,0.218857092111393,FALSE,""
JAVELIN,5630,MIR1180;MT1A;PTER;TMPRSS4;MAATS1,1.20300942255039,,0.0880572409447019,FALSE,""
JAVELIN,5631,BAMBI;HOXD11;TSKU;HS3ST3A1;LOC729970,1.08166925458816,,0.485243912627904,FALSE,""
JAVELIN,5632,MIR30A;APOLD1;MYO5B;MIR30D;LOC101927236,1.38570942578486,,0.00244896562311429,FALSE,""
JAVELIN,5633,CNN1;CPXM1;FKBP9P1;TUBA3E;MIR548J,1.01455911365544,,0.892521379229809,FALSE,""
JAVELIN,5634,TENM1;MIR4326;DLL4;MIR618;LTB,1.3935304124046,,0.00209570963771852,FALSE,""
JAVELIN,5635,IL17RB;MIRLET7I;LDB2;GCGR;LOC100294362,1.60268705474983,,2.25975609899664e-05,FALSE,""
JAVELIN,5636,MIR3189;MT1A;PDLIM3;SCN2A;SPTBN5,1.26357882447232,,0.036459571469209,FALSE,""
JAVELIN,5637,C8orf4;IL2RA;TIE1;TNFRSF17;SYNC,0.98246227686097,,0.868569904722018,TRUE,""
JAVELIN,5638,JPH2;IGFBP1;MIR3975;ADCY8;MDH1B,1.39326278490133,,0.00322863411909984,FALSE,""
JAVELIN,5639,PDLIM4;HOXD11;MYO1G;SNORD114-15;ILDR1,0.996799889187736,,0.975995699012133,TRUE,""
JAVELIN,5640,IRX5;UBASH3A;TMEM204;CCL8;SOGA3,1.00854529687015,,0.936219847793545,FALSE,""
JAVELIN,5641,CX3CR1;LIPC;GEM;DNAH9;ETV1,1.23786939388318,,0.0420766196507252,FALSE,""
JAVELIN,5642,FMO2;TNXB;ARHGEF15;SFTPD;PDE1C,1.2474144715352,,0.0353274101279172,FALSE,""
JAVELIN,5643,COMP;MZB1;SNORA48;C5orf27;MIR5697,1.13032657167498,,0.254028375317068,FALSE,""
JAVELIN,5644,SNCG;CCDC183;ARL4C;CDO1;LOC101928003,1.07142858600114,,0.529955276085442,FALSE,""
JAVELIN,5645,SLC39A5;MYO7B;TSKU;SLITRK2;MPP7,1.11860400774008,,0.316975396620971,FALSE,""
JAVELIN,5646,BAIAP2L2;CDH23;MIR4635;HBG2;CPNE5,1.23799065527669,,0.0420876020047633,FALSE,""
JAVELIN,5647,PRSS8;PRAP1;LDLR;TMEM132E;TMEM119,1.07300324418839,,0.506966230795501,FALSE,""
JAVELIN,5648,C8orf4;PAQR5;TMEM132A;AP3B2;C5AR2,0.978168272643596,,0.843038779425991,TRUE,""
JAVELIN,5649,CYP2E1;SNORA69;SNORD6;PRR15L;PPM1H,1.05416792738419,,0.63572184844914,FALSE,""
JAVELIN,5650,ARHGEF16;MIR4804;ALDH1A3;F11;BATF,1.01314688600381,,0.901163697784645,FALSE,""
JAVELIN,5651,SMIM24;COBL;MKI67;ADH6;GMPR,1.09554570816835,,0.400034412335222,FALSE,""
JAVELIN,5652,PROM1;PCDH10;HIST1H2BO;GRPR;FAXDC2,1.05236811875329,,0.638140278553067,FALSE,""
JAVELIN,5653,GZMA;TMEM171;MIR637;CRHBP;CCDC144CP,1.23757963673571,,0.0538466216650404,FALSE,""
JAVELIN,5654,BCL2A1;SNORA75;IFI44L;AMBP;SNORD45B,1.08770863306618,,0.421841100200753,FALSE,""
JAVELIN,5655,TNFAIP6;SLC23A1;MIR631;MIR578;CEP55,1.11990352936379,,0.29420701204053,FALSE,""
JAVELIN,5656,TBX3;SIGLEC14;TEK;MIR758;MIR548S,1.09241646646179,,0.394269223005546,FALSE,""
JAVELIN,5657,MYBL2;KMO;MYO1G;SERPINA5;MMP17,0.906394839812522,,0.385686950623457,TRUE,""
JAVELIN,5658,CRB3;GLDC;GAMT;PRIMA1;DGKI,1.3308506823266,,0.00734291003416668,FALSE,""
JAVELIN,5659,MIR645;MOXD1;PTER;SFTPA2;MIR626,0.969486108179982,,0.763262983227891,TRUE,""
JAVELIN,5660,CRB3;ANKRD18A;SARDH;FGF14;KIF26A,1.42251315099182,,0.00147552702418994,FALSE,""
JAVELIN,5661,BAMBI;ASPHD1;FZD8;ATP6V0D2;P2RY6,1.16843741277849,,0.1494069183333,FALSE,""
JAVELIN,5662,PRSS8;CRYM;MIR1537;SCUBE1;KCNN4,1.08334015773186,,0.461250693380342,FALSE,""
JAVELIN,5663,FAM46C;SERPINA6;CALCRL;MMP12;SLAMF1,1.08481300197194,,0.451591292204062,FALSE,""
JAVELIN,5664,CTSW;MLXIPL;TMEM204;CERKL;LOC101928871,1.28565834093673,,0.0171277699177744,FALSE,""
JAVELIN,5665,STC1;CCDC64;PC;SLC10A2;CYP27B1,1.28181771405223,,0.0253523742353269,FALSE,""
JAVELIN,5666,CHDH;MIR4676;EMP1;ADIPOQ;ST6GALNAC3,1.34084416233642,,0.0104253220878731,FALSE,""
JAVELIN,5667,KRT7;CLMP;ADCY4;PAPPA2;AGBL3,1.18059615947732,,0.131486338647741,FALSE,""
JAVELIN,5668,CXCL1;HYDIN;MIR631;COL25A1;DNALI1,1.3113911383088,,0.014157154031232,FALSE,""
JAVELIN,5669,SVEP1;MIR378A;CSF3R;MIR296;DAPP1,0.97772401367958,,0.831979756272333,TRUE,""
JAVELIN,5670,NPR3;GZMB;MIR628;GPR15;FCN1,1.08915249012158,,0.415654851830895,FALSE,""
JAVELIN,5671,MIR378I;GYLTL1B;HIST1H2BO;CIDEC;TSPAN32,0.842791490061417,,0.102193605048858,TRUE,""
JAVELIN,5672,ACADL;RARRES1;MIR197;UNC93A;RNF148,1.16884144400759,,0.146093710204132,FALSE,""
JAVELIN,5673,MUC3A;ETNK2;2020-03-02 00:00:00;ATRNL1;IL17RD,1.37751889693672,,0.00322048924191368,FALSE,""
JAVELIN,5674,BAIAP2L2;SLC23A3;MTCL1;MIR4280;S1PR4,0.988771671819283,,0.915463864070611,TRUE,""
JAVELIN,5675,FER1L4;SNORD77;MIR637;CTSG;SMN2,1.15544635503745,,0.190063176047783,FALSE,""
JAVELIN,5676,RAB17;FLRT3;DCBLD2;IBSP;PABPC4L,1.29102830286518,,0.0208951675945252,FALSE,""
JAVELIN,5677,TNFAIP6;AQP7;MIR4635;SCUBE1;NEIL3,1.38264109553734,,0.0022244242211519,FALSE,""
JAVELIN,5678,BCL2A1;C4B;SNORD29;MIR4530;MIR627,1.06657010253139,,0.558548720425022,FALSE,""
JAVELIN,5679,UPB1;CHI3L2;EMP1;KCNN1;CYP4X1,1.45681731377021,,0.000527909471218919,FALSE,""
JAVELIN,5680,ASPN;MIR4796;MAP4K1;VTN;PABPC4L,1.30293139146636,,0.0105331961841934,FALSE,""
JAVELIN,5681,BAIAP2L2;GYLTL1B;MIR4435-2;C19orf67;CASZ1,1.39551809779075,,0.00180433863180366,FALSE,""
JAVELIN,5682,AKR7A3;SPEG;HOXD4;SLC4A1;NAV3,1.08399682759412,,0.464006317205952,FALSE,""
JAVELIN,5683,NPR3;LOC391322;ALDOC;KLB;SPNS3,1.42651183194387,,0.0012956135809508,FALSE,""
JAVELIN,5684,UBD;GPC3;MS4A4E;MIRLET7G;ATP1B2,1.0827897153236,,0.440146243138267,FALSE,""
JAVELIN,5685,FGB;ADRA2C;FAM20A;IP6K3;E2F8,1.04535216352922,,0.676150320099917,FALSE,""
JAVELIN,5686,KRT7;HPD;ADAMTSL3;LOC101929578;PCDHB15,1.39434545793498,,0.00345381803346216,FALSE,""
JAVELIN,5687,SLC17A1;EMX1;SNORD59A;GUCY1B2;SNORD20,1.37458734922078,,0.00332124933899956,FALSE,""
JAVELIN,5688,MIR3189;LIPC;SNORA26;PCDHB5;LNX1,1.41028596863473,,0.00247453393824823,FALSE,""
JAVELIN,5689,UBD;TCF21;CDH13;TCHH;SNORA70D,1.14235873132106,,0.206046592176834,FALSE,""
JAVELIN,5690,SRPX;ASRGL1;ITGA11;OR2T34;LOC553103,1.36901842247083,,0.00416216635168595,FALSE,""
JAVELIN,5691,CX3CR1;C4A;MIR197;MMP12;GNMT,1.1980758020232,,0.0957054908606104,FALSE,""
JAVELIN,5692,ALDH1L1;ATP1A2;CALCRL;IBSP;SLC27A5,1.53093190339028,,0.000104083269095257,FALSE,""
JAVELIN,5693,CX3CR1;B3GNT4;CSF3R;TPSG1;S1PR4,1.02264472677024,,0.836283842062245,FALSE,""
JAVELIN,5694,MIR378I;FAM65C;MIR1537;GPR98;SEMA3G,1.09161240665671,,0.408097748658286,FALSE,""
JAVELIN,5695,MT1G;DPEP1;PTTG1;PAEP;KCNQ4,0.953496201749821,,0.648177449277544,TRUE,""
JAVELIN,5696,MIR3117;PCDH10;ID4;MIR4636;THSD4,1.27484200343395,,0.0259554196785727,FALSE,""
JAVELIN,5697,ALDH1L1;DPEP1;ECM2;CACNA1E;MIR4720,1.65585259997224,,5.08747651117578e-06,FALSE,""
JAVELIN,5698,GZMK;SPEG;FKBP9P1;GSTM5;LRRC4,0.980900349485998,,0.858253067107776,TRUE,""
JAVELIN,5699,FGG;HRH2;ROBO4;FOXF2;KIF2C,1.21304679165076,,0.0732950715870156,FALSE,""
JAVELIN,5700,CCL18;MOXD1;TEK;MIR578;CCR6,1.10282537500222,,0.34865130536074,FALSE,""
JAVELIN,5701,IL17RB;MIR148B;CKS2;MIR4506;SNORD116-10,1.18088168249925,,0.122053160247536,FALSE,""
JAVELIN,5702,FER1L4;PCDHGA4;PBX1;DEFB134;STEAP1B,1.22028703349194,,0.0723835153137241,FALSE,""
JAVELIN,5703,GATA3;VNN1;CDH13;HRG;TMC4,1.0925918816242,,0.421964762211625,FALSE,""
JAVELIN,5704,FNDC1;VEPH1;LY96;GRIK3;NRXN3,1.38877901236817,,0.00191460752528992,FALSE,""
JAVELIN,5705,MIR3189;UBASH3A;PLEKHA7;AFM;MIR98,1.13647918043151,,0.24258472530961,FALSE,""
JAVELIN,5706,NOX4;FGA;MIR4784;SNORD114-19;SNORD91A,1.13260521362177,,0.254904921641244,FALSE,""
JAVELIN,5707,HIF1A-AS2;ASPHD1;CCL4;JSRP1;GRHL1,0.942769992911538,,0.568896106756592,TRUE,""
JAVELIN,5708,TINAG;LIPC;NT5E;MIR4486;CDS1,1.17740082260873,,0.13709684694654,FALSE,""
JAVELIN,5709,TTC39A;TENM3;SNORD33;CPA4;MYCT1,0.913640508225906,,0.397729195275941,TRUE,""
JAVELIN,5710,VTRNA2-1;AIF1L;HMCN1;ATP6V1B1;FBXO27,1.51245007715878,,0.000166943583445977,FALSE,""
JAVELIN,5711,HABP2;LOC101928757;MIR3125;RHCG;CKAP2L,1.08759005906524,,0.434687111360547,FALSE,""
JAVELIN,5712,SLC7A9;BAI1;RNF128;MIR4251;CD244,1.08291853570007,,0.460903117441466,FALSE,""
JAVELIN,5713,GPER1;TRIM55;MCF2L;CRP;SMG1P5,1.48194824283046,,0.000490568314489688,FALSE,""
JAVELIN,5714,TBX3;LTF;ARHGEF15;ROBO2;CYP2S1,1.1907892637895,,0.102890324233499,FALSE,""
JAVELIN,5715,IRX5;CCDC148;RASGRP1;TMPRSS4;FOXD1,1.1394276046344,,0.226034447659747,FALSE,""
JAVELIN,5716,IKZF3;MIR646;TREM2;BMPR1B;SLAMF6,0.998613598703489,,0.989533424233758,TRUE,""
JAVELIN,5717,PYCR1;MIR548AU;TSKU;KCNH2;PDE8B,1.05519203503459,,0.614786867811284,FALSE,""
JAVELIN,5718,BAMBI;C4A;LDLR;MUC13;ZDHHC11,1.18482346240067,,0.121719327756366,FALSE,""
JAVELIN,5719,AKR7A3;MAP7;MYO5B;ADCY8;RGS11,1.18479206747243,,0.120627898946513,FALSE,""
JAVELIN,5720,BAMBI;CCDC64;ARL4C;SEMA3D;CACNB2,1.21259746403348,,0.0862420777758092,FALSE,""
JAVELIN,5721,ANLN;CES3;DCBLD2;PKD1L2;SEMA3G,1.15321652135154,,0.198657958323229,FALSE,""
JAVELIN,5722,MIR4652;HRH2;TEK;SNORA11D;MIR1284,1.33858758077187,,0.0066126360775196,FALSE,""
JAVELIN,5723,FNDC1;FOXQ1;MS4A4E;IP6K3;TNFRSF18,1.09595005798987,,0.412313558758481,FALSE,""
JAVELIN,5724,FOLH1;SNORD67;RNF128;ANO3;PAQR6,1.26399837537426,,0.0400237848491508,FALSE,""
JAVELIN,5725,SHROOM3;PRAP1;APCDD1;HS3ST3A1;CHST1,1.07192497967823,,0.5305010045856,FALSE,""
JAVELIN,5726,NR4A3;KCNJ3;SELENBP1;MIR874;AGAP11,1.68381344179274,,4.01667704815028e-06,FALSE,""
JAVELIN,5727,CD27;TNFSF14;HIST1H4L;KLHL41;LNX1,1.08705552417166,,0.443804930949169,FALSE,""
JAVELIN,5728,SNCG;BEX2;SNORA77;PCDHB2;LY9,1.07642859428983,,0.482302900759211,FALSE,""
JAVELIN,5729,F8;VEPH1;RIPK4;COL25A1;SNORD50A,1.51078413694671,,0.000103749926949599,FALSE,""
JAVELIN,5730,MIR3646;BTNL9;MIR637;CPAMD8;CCDC74B,1.39017837951341,,0.00145377762365991,FALSE,""
JAVELIN,5731,NR4A3;SYBU;HRSP12;MIR152;THEMIS,1.14320968721215,,0.200297515984389,FALSE,""
JAVELIN,5732,COL4A4;ZFHX4;MIR938;MIR4798;PLCH1,1.06344825685683,,0.583874690937548,FALSE,""
JAVELIN,5733,ITGA8;GCNT3;MIR1207;CIDEC;EGFLAM,1.06769847191971,,0.548603530866766,FALSE,""
JAVELIN,5734,TSPAN7;CD22;SNORD74;C19orf67;MIR765,1.08990987266963,,0.41743429288532,FALSE,""
JAVELIN,5735,NPNT;CDA;DENND2A;STRIP2;PPP1R3G,1.08233397051866,,0.480175451799181,FALSE,""
JAVELIN,5736,MIR3189;SDS;CALCRL;MIR1208;NLGN4X,1.43163968058462,,0.00184224389017854,FALSE,""
JAVELIN,5737,AOC1;SNAP25;SNORD4B;HAS1;SYCE1L,1.10341569297263,,0.342997555184045,FALSE,""
JAVELIN,5738,CCL19;MIR554;ALDOC;ANGPTL3;GJA5,1.18042085554214,,0.11761764256172,FALSE,""
JAVELIN,5739,SPAG17;MIRLET7E;ADAMTSL3;MIR3131;PDGFD,1.56555500251683,,3.05059221804347e-05,FALSE,""
JAVELIN,5740,TFPI2;SNORD87;EVI2B;SNORD114-19;CDC20,0.859243670848634,,0.162128187772034,TRUE,""
JAVELIN,5741,SBSPON;COBL;SNORD116-16;ATP6V0A4;MIR640,1.3730815822525,,0.00458101644759782,FALSE,""
JAVELIN,5742,UGT2A3;IGF1;HMCN1;MIR4530;XCL2,1.21920305061683,,0.0514723488118414,FALSE,""
JAVELIN,5743,MYO3A;ARG2;MAP4K1;SAA2;NTNG2,1.1248921137376,,0.280146291824643,FALSE,""
JAVELIN,5744,STC2;GREM1;ID1;SNORD114-27;GRID1,0.992337800106541,,0.945041335776574,TRUE,""
JAVELIN,5745,REG1A;FAM65C;PPL;CXCR2;DSEL,1.2664672530923,,0.0297245186432129,FALSE,""
JAVELIN,5746,MIR126;CDA;ACSF2;SYT9;CCDC154,1.21387110683809,,0.0704271014023215,FALSE,""
JAVELIN,5747,NPNT;MIR3145;MIR544B;MIR127;SH2D3A,1.30485906871929,,0.010715815183317,FALSE,""
JAVELIN,5748,TSPAN7;MIR4655;MIR4784;MIR4530;HIST1H1A,1.09478777007516,,0.394854819520379,FALSE,""
JAVELIN,5749,SHROOM3;AZGP1;CSF3R;B3GAT1;FRMD3,1.09731405131056,,0.370867007743246,FALSE,""
JAVELIN,5750,GPT;PALM3;MECOM;RHBG;MCOLN2,1.27038945724169,,0.0344748500596588,FALSE,""
JAVELIN,5751,PYCR1;MIR3145;MIR631;C10orf62;CORO2B,1.12136672108189,,0.297571894260543,FALSE,""
JAVELIN,5752,ANO9;SYBU;PTK7;DNAH9;PCDHGC5,0.948616648959802,,0.612129534867079,TRUE,""
JAVELIN,5753,AKR7A3;NRG1;MYRF;NKAIN4;RBM20,1.15143765226915,,0.205434597547813,FALSE,""
JAVELIN,5754,PPAP2C;MIR1303;MIR4435-2;C9orf66;EMP2,1.41023666310704,,0.00153686881762882,FALSE,""
JAVELIN,5755,F2RL1;FTCD;PIEZO2;EYA4;LTB,1.34229129813215,,0.00987826229576376,FALSE,""
JAVELIN,5756,BAMBI;LOC100288152;FAM20A;FOXI1;SLAMF1,1.11680595487764,,0.305669051396123,FALSE,""
JAVELIN,5757,COMP;GCNT3;ECM2;OMD;IL17RE,1.25886578075455,,0.0356041601250324,FALSE,""
JAVELIN,5758,IL17RB;KIT;SNORA26;ROS1;CORO2B,1.17393010286338,,0.132733366744018,FALSE,""
JAVELIN,5759,MGAT3;MIR378A;TMEM204;SNORD114-31;LINC00299,1.36832476734181,,0.00233211660475714,FALSE,""
JAVELIN,5760,FOSB;MAL2;CRISPLD2;RAB25;LOC283278,0.995519285170075,,0.967371334684286,TRUE,""
JAVELIN,5761,IL6;SNORD114-10;SLC44A3;GDF6;ZNF831,1.04954238437425,,0.662438175459636,FALSE,""
JAVELIN,5762,GZMK;ABCA8;TEK;LEFTY1;PDE8B,1.14822027206644,,0.195284672520711,FALSE,""
JAVELIN,5763,FOSB;ITGBL1;SNORD6;HCAR3;ATP1B2,1.11960084222751,,0.297815423224062,FALSE,""
JAVELIN,5764,COL4A3;MIR185;ARHGEF15;NUGGC;LRRC37A4P,1.13565040687063,,0.232038509326362,FALSE,""
JAVELIN,5765,FNDC1;GRM8;MIR637;SFTPA2;MIR3157,1.31152026589315,,0.0117794043598068,FALSE,""
JAVELIN,5766,FOLH1;COL11A1;TIE1;HTR6;LZTS3,1.36965641743342,,0.00445231249965484,FALSE,""
JAVELIN,5767,MIR645;MIR4482;HOXD4;OR2T35;RASSF6,1.27735634258192,,0.0204140594621105,FALSE,""
JAVELIN,5768,SRPX;IRF4;SNORA77;ASPG;LOC400043,1.11658378040545,,0.298188051958057,FALSE,""
JAVELIN,5769,STC1;NAPSA;RASGRP1;CAMK2B;ACTA2-AS1,1.15664687020429,,0.171642614144998,FALSE,""
JAVELIN,5770,SEC14L6;HAMP;RGL3;NTNG1;CD200R1,1.21238136215158,,0.0784237644813834,FALSE,""
JAVELIN,5771,HOGA1;SIGLEC14;SNORA77;FCRL3;MIR593,0.973560223655449,,0.805621565531937,TRUE,""
JAVELIN,5772,IGF2BP2;MFI2;ITGA11;MIR1290;HIST2H3A,0.717283669795931,,0.00328118998123565,TRUE,""
JAVELIN,5773,SCN9A;CDA;IFI44L;TRNP1;LILRA6,0.916239576737168,,0.440295146382293,TRUE,""
JAVELIN,5774,TACSTD2;TRPC6;LY96;CR1L;RBPMS2,1.20906663420002,,0.075296275366328,FALSE,""
JAVELIN,5775,PCDHGB2;ALDOB;PLEKHA7;UNC5A;OR52N4,1.16531883457778,,0.156063207767912,FALSE,""
JAVELIN,5776,MIR3117;GSTM1;HIST1H2BO;INHBE;CDC42BPG,1.09481712991962,,0.410485693111518,FALSE,""
JAVELIN,5777,ABO;PDGFRL;RASGRP1;SIGLEC12;PCDHB4,1.1587203928678,,0.185757291625775,FALSE,""
JAVELIN,5778,BBOX1;WNK4;MIR4784;CYP4A22;SNORD116-10,1.26083322340317,,0.0389541912349804,FALSE,""
JAVELIN,5779,MIR30A;MST1P2;ADAMTSL3;FAM83F;CETP,1.3939468424918,,0.00243454252450326,FALSE,""
JAVELIN,5780,ACSM5;CHST13;HIST1H2BM;CHIT1;CLEC1A,1.32342346586071,,0.00835677853462551,FALSE,""
JAVELIN,5781,SPOCK1;PCDHGA5;ACSF2;OGN;ALMS1P,1.09387255116124,,0.403577893075414,FALSE,""
JAVELIN,5782,GPT;CXCL8;RNF128;LPPR5;MIR3978,1.02059568027065,,0.851263516943556,FALSE,""
JAVELIN,5783,C1orf106;NPY1R;MIR1207;S100P;GPR174,1.06430411646633,,0.567367172089633,FALSE,""
JAVELIN,5784,BAIAP2L2;TTN;SLC1A1;KLHDC7B;APOBEC3H,1.01895557210227,,0.85885329481839,FALSE,""
JAVELIN,5785,MGAT3;SNORA69;LDLR;EYA1;LIPE,1.16523517460387,,0.146971465748852,FALSE,""
JAVELIN,5786,HOGA1;SORCS2;MIR4714;IRX1;CXCR6,1.10012609173971,,0.377532024118505,FALSE,""
JAVELIN,5787,GATA3;MFAP2;S1PR3;RHBG;MIR3135A,1.04076444537799,,0.709694839325956,FALSE,""
JAVELIN,5788,UGT8;STK32B;RHOBTB3;PRR15L;THSD4,1.13089847824832,,0.275728339195468,FALSE,""
JAVELIN,5789,MIR4317;REEP6;RHOBTB3;SNORA11D;MIR4706,0.98010988346398,,0.854711560751239,TRUE,""
JAVELIN,5790,DDC;FXYD1;SNORD116-16;CFTR;ATP1B2,1.53079398440376,,0.000102262237743371,FALSE,""
JAVELIN,5791,MACC1;WDR66;GPC4;PRIMA1;GRAMD1B,1.09377067590491,,0.379892802725632,FALSE,""
JAVELIN,5792,SCIN;TMEM139;EVI2B;KLB;GNMT,1.3306286384075,,0.00720686933656093,FALSE,""
JAVELIN,5793,DDC;UBASH3A;DMD;CAPN6;RNF148,1.1484959978366,,0.186847635929918,FALSE,""
JAVELIN,5794,MIR23C;F5;SNORD12B;FOXI1;MIR548S,0.961334907502709,,0.70919548589561,TRUE,""
JAVELIN,5795,UGT2A3;ELOVL7;MYO7A;ST8SIA5;DSEL,1.38191929232168,,0.00302971145136808,FALSE,""
JAVELIN,5796,C14orf105;NPY6R;MCF2L;GABRB3;PHYHD1,1.65061436270361,,1.36521572894938e-05,FALSE,""
JAVELIN,5797,CNN1;UBASH3A;MECOM;SCARA5;KCNA3,0.9661581700043,,0.740229298838083,TRUE,""
JAVELIN,5798,RASD1;SFN;PTER;GUCY1B2;CYP2S1,1.06446127353644,,0.559371101032604,FALSE,""
JAVELIN,5799,SPAG17;KIT;FPR1;DMRT2;PDE8B,1.29325816102459,,0.0160043712275236,FALSE,""
JAVELIN,5800,F8;MGAM;SNORD33;XDH;POU5F1B,1.39778441024783,,0.00217751107863751,FALSE,""
JAVELIN,5801,PCDHGB2;BTNL9;EMP1;PITX1;XCL2,1.04943966311882,,0.637763080247735,FALSE,""
JAVELIN,5802,PPAP2C;PCK1;HIST1H4L;DDIT4L;FRMD3,1.24822128337446,,0.0433248622004372,FALSE,""
JAVELIN,5803,PEG10;MIR4731;MMP11;TCAP;LOC400043,1.16487621436099,,0.160319109351744,FALSE,""
JAVELIN,5804,ACKR1;LOC101928757;PTK7;GABRP;IER3,0.987438966024664,,0.907922272046668,TRUE,""
JAVELIN,5805,TFPI2;HLF;FAM20A;MIR4251;GLI1,1.3260677457863,,0.00945407516634534,FALSE,""
JAVELIN,5806,NLGN1;MIR4519;HIST1H2BM;CD177;SPTBN5,1.28328407627357,,0.0220174989166725,FALSE,""
JAVELIN,5807,NR4A2;C4B;SLC2A9;KRT13;LOC401317,1.22497960115808,,0.0604253985788771,FALSE,""
JAVELIN,5808,MIA2;MIR4731;PTTG1;SLC6A20;LRRC4,1.23351862157007,,0.0539173248206832,FALSE,""
JAVELIN,5809,ITGA8;MFAP2;DLL4;PKP3;EFS,1.10019573806254,,0.387027844997717,FALSE,""
JAVELIN,5810,CD27;MIRLET7A2;MS4A4A;PPP2R2C;RBM20,1.05983488545516,,0.594614695264973,FALSE,""
JAVELIN,5811,IKZF3;CRYM;MIR631;OPCML;C19orf83,1.2011882845413,,0.0892046520718427,FALSE,""
JAVELIN,5812,COMP;SPTBN2;SLC1A1;DIRAS2;MIR571,1.35245889316099,,0.00670618451118423,FALSE,""
JAVELIN,5813,MIR645;KISS1R;CALCRL;BMPR1B;TG,1.61306844800022,,1.73305632154876e-05,FALSE,""
JAVELIN,5814,BBOX1;KMO;EVI2B;DNER;LOC729970,1.14413612368905,,0.195269609825762,FALSE,""
JAVELIN,5815,MUC3A;CPXM1;2020-03-02 00:00:00;OR2T35;MIR3664,1.39318388990161,,0.00235340502140515,FALSE,""
JAVELIN,5816,MYO3A;KCNJ3;LY96;DMRT2;MIR1273F,1.6341123468755,,4.79197282716069e-06,FALSE,""
JAVELIN,5817,ACADL;C4A;TOP2A;LGALS12;ATP8B3,1.30263441227098,,0.0182999196893625,FALSE,""
JAVELIN,5818,ASPN;MMP24;RASGRP1;C19orf67;THSD4,1.13476307656707,,0.235154935022918,FALSE,""
JAVELIN,5819,TACSTD2;CXCR3;SNORD33;MIR4280;PRKAR2B,0.799708145780124,,0.0352999392391529,TRUE,""
JAVELIN,5820,AOC1;GLYATL1;MS4A4A;MIR1271;JAKMIP1,1.19945312806652,,0.0894992847048242,FALSE,""
JAVELIN,5821,FER1L4;CYP2C9;PC;SCUBE1;GZMM,1.02823793740304,,0.798336816472823,FALSE,""
JAVELIN,5822,PGF;SLC22A3;CRISPLD2;DAO;SLAMF6,1.17186290091163,,0.139239772238116,FALSE,""
JAVELIN,5823,UBD;PLCH2;SNORD116-28;SNORD114-5;LCN12,1.17793955998756,,0.122304042783441,FALSE,""
JAVELIN,5824,IL6;F10;CYTIP;IP6K3;C6orf132,0.850229206769382,,0.126256333679362,TRUE,""
JAVELIN,5825,FGG;MIR378A;FPR1;MIR3193;MIR4753,1.2866670648639,,0.0227175287138535,FALSE,""
JAVELIN,5826,CX3CR1;PTPRD;SNORD12B;NAT8L;RNF148,1.21810521273354,,0.0672766267124331,FALSE,""
JAVELIN,5827,KCP;MIR429;SNORA48;SLITRK2;MIR3177,1.25736053575304,,0.0331054989708106,FALSE,""
JAVELIN,5828,TACSTD2;CLDN3;MIR4714;CPAMD8;SYNC,1.14577116488484,,0.227350422144852,FALSE,""
JAVELIN,5829,DCDC2;DUSP2;PC;CPA6;MAP6,1.12025011049142,,0.302376369409499,FALSE,""
JAVELIN,5830,PGF;CDH23;TMEM204;MUC13;MIR581,1.35951673672682,,0.0042152233046762,FALSE,""
JAVELIN,5831,CX3CR1;LOC100288152;CYTIP;CYP8B1;RNF157,1.21024205099696,,0.0708935885272687,FALSE,""
JAVELIN,5832,FMO3;FABP7;MYRF;MIR4280;HSD17B3,1.10807552323337,,0.33514620690573,FALSE,""
JAVELIN,5833,SLIT2;ZNF711;SNORD29;TNNT2;SNORD116-10,1.1455037898551,,0.219893088566038,FALSE,""
JAVELIN,5834,TMEM45A;MIR23B;CACNA1C;MATN3;PAQR6,1.36932898384136,,0.00333835127022783,FALSE,""
JAVELIN,5835,HOGA1;MAP7D2;FPR1;SLC26A9;OR52N4,1.00516082678578,,0.961127463386518,FALSE,""
JAVELIN,5836,DCDC2;IRF4;IL2RB;NPC1L1;C14orf183,0.935595815529267,,0.551898606744717,TRUE,""
JAVELIN,5837,OGDHL;KIF26B;MIR4435-2;SAA2;LOC100133669,1.29724873373129,,0.0138706776509638,FALSE,""
JAVELIN,5838,PGF;VNN1;MST1;OR2T10;LOC101927941,1.44351892852553,,0.000777653404031709,FALSE,""
JAVELIN,5839,NEB;EGR3;BMP2;LRRC7;SPIRE2,1.25275401698653,,0.0394417539315373,FALSE,""
JAVELIN,5840,CST7;SLC38A11;S1PR3;FOXA1;BATF,1.00470486500133,,0.965575125143192,FALSE,""
JAVELIN,5841,GBP5;GYLTL1B;TREM2;PVALB;HIST2H3A,0.987451963133452,,0.906066336278175,TRUE,""
JAVELIN,5842,MIR23C;MIR185;LZTS1;LOC101929335;MIR3682,1.62096011382637,,1.0441930139541e-05,FALSE,""
JAVELIN,5843,SLCO4C1;SNORD87;MS4A4A;SNORD115-6;PCDHB4,1.27636228240556,,0.0232484203770209,FALSE,""
JAVELIN,5844,ALDH1L1;MIR4482;DCBLD2;WBSCR17;EXO1,1.00498394335754,,0.964468634314984,FALSE,""
JAVELIN,5845,HHLA2;SFN;EMP1;G6PC;SNCAIP,1.14637906689116,,0.202726011208277,FALSE,""
JAVELIN,5846,NXPH4;SLC12A8;MIR637;IRX2;PPM1H,0.994721850708006,,0.959887704647575,TRUE,""
JAVELIN,5847,C1orf186;PRAP1;RIPK4;SNORD115-25;RASSF6,1.30482558340239,,0.0127937953951412,FALSE,""
JAVELIN,5848,PTHLH;COL7A1;MECOM;HLA-G;DEPDC7,1.15359669191737,,0.194393157915897,FALSE,""
JAVELIN,5849,MIR29B2;NPY1R;ADAMTS2;GRIA4;PDE1C,1.3863079817091,,0.00329555186327152,FALSE,""
JAVELIN,5850,IKZF3;TMEM171;TOP2A;MIR152;FAXDC2,1.0548169107811,,0.627896523293753,FALSE,""
JAVELIN,5851,MIR3189;MAL2;EFNA1;SNORD113-9;MFAP3L,1.12497867760578,,0.281117310379668,FALSE,""
JAVELIN,5852,NTM;SERPINA6;LDLR;CDO1;LOC101927970,1.17540601733889,,0.121385929027082,FALSE,""
JAVELIN,5853,ITGB6;CDA;HIST1H4L;SNORD115-25;LOC100133669,1.22330721919836,,0.0798217316446615,FALSE,""
JAVELIN,5854,ABCA6;CHI3L2;MIR544B;LOC101929578;LOC100128242,1.10069205787563,,0.372893060806294,FALSE,""
JAVELIN,5855,ARHGEF16;CRYM;TOP2A;SFTPA2;KIF18B,1.09067789247693,,0.411487494507094,FALSE,""
JAVELIN,5856,SVEP1;GZMB;ID1;SNORD115-35;MIR221,0.979535246106288,,0.840443607951093,TRUE,""
JAVELIN,5857,C1orf186;LOC391322;SLC2A9;RSPO4;EFS,1.1527909826566,,0.180650390511019,FALSE,""
JAVELIN,5858,HHLA2;SNAP25;MIR4714;FBXL16;CLEC1A,1.40961978232209,,0.00139823192444891,FALSE,""
JAVELIN,5859,UGT8;AR;SNORA26;EYA1;PPP1R3G,1.48289468937416,,0.00047328729074536,FALSE,""
JAVELIN,5860,DCDC2;FUT6;MIR197;TM6SF2;FCN1,1.20420868821239,,0.083797722842764,FALSE,""
JAVELIN,5861,CST7;AIF1L;CYTIP;SNORD114-4;CORO2B,0.894720505039889,,0.297844025762983,TRUE,""
JAVELIN,5862,GLYAT;SFRP1;TMEM204;ZBTB7C;EXO1,1.23857199323462,,0.0513859160906293,FALSE,""
JAVELIN,5863,MYBL2;AQP7;GEM;C2orf70;USHBP1,1.06826060479195,,0.563752082383718,FALSE,""
JAVELIN,5864,CTSW;NLGN4Y;MMP11;ASPG;REM1,1.26131725073741,,0.0299312317978829,FALSE,""
JAVELIN,5865,MIR548AR;MIR4731;PC;PCP4;CCDC17,1.25344275008602,,0.0354936210175028,FALSE,""
JAVELIN,5866,HOXC10;TENM3;HIST1H2BM;KLHL41;TMEM232,1.25424912299313,,0.0440241425325964,FALSE,""
JAVELIN,5867,MIR378I;SPINK1;TIE1;FAM153C;SNORD126,1.2014147121298,,0.0913490110958285,FALSE,""
JAVELIN,5868,CD38;MIR4804;DMD;SALL4;WNT2B,0.952216121851124,,0.641206073203693,TRUE,""
JAVELIN,5869,SORBS2;INHBB;EVI2B;MIR4500;LOC100133669,1.21755695162201,,0.0752942949123296,FALSE,""
JAVELIN,5870,PCDHGB2;MFAP2;CDH13;MMP12;CD40LG,1.0172463779263,,0.876016783250132,FALSE,""
JAVELIN,5871,MFSD2A;EXPH5;COX7A1;SHOX2;TSPAN32,1.08236320112162,,0.468541308554326,FALSE,""
JAVELIN,5872,F8;GPC3;IL2RB;CYP21A2;MIR4440,1.06364749177718,,0.554941554657558,FALSE,""
JAVELIN,5873,MFSD2A;MIR1249;MIR4635;LGALS12;AGAP11,1.45166639734468,,0.000606314970395541,FALSE,""
JAVELIN,5874,GZMK;MAP7D2;CALCRL;IP6K3;PAQR6,1.24688876791534,,0.037667952283111,FALSE,""
JAVELIN,5875,ESM1;CYP4F3;MKI67;MIR592;CD200R1,1.0828622585178,,0.455578120154556,FALSE,""
JAVELIN,5876,LOC101927834;GYLTL1B;TMEM132A;KCNS1;ADAMTS12,0.977070310872154,,0.83372348061396,TRUE,""
JAVELIN,5877,RASD1;COL7A1;MYO7A;COX6A2;ACOT1,1.01691939686178,,0.876531614061436,FALSE,""
JAVELIN,5878,COX4I2;ELOVL7;SARDH;FAM166B;MIR548J,1.64853861604931,,9.6624852763793e-06,FALSE,""
JAVELIN,5879,ITGA8;TCF21;CALCRL;KCNN1;RGS16,1.29421503814727,,0.0163776378896491,FALSE,""
JAVELIN,5880,NPNT;EXPH5;ADCY4;FLJ22184;FIGNL2,1.49464832429577,,0.000388394824220976,FALSE,""
JAVELIN,5881,MIR378I;MIRLET7A2;NT5E;VSTM2L;CD40LG,0.901905895745326,,0.34017124247966,TRUE,""
JAVELIN,5882,PIGR;ABCA8;PTER;TCHH;PTTG2,0.985319746165,,0.889923599609308,TRUE,""
JAVELIN,5883,SPAG17;SLC22A3;EVI2B;DUSP15;FAM43A,1.19506343587396,,0.0990998823869337,FALSE,""
JAVELIN,5884,KCP;KCNJ3;ARL4C;AKR1B10;ADCY1,1.42088012149575,,0.00157899719887451,FALSE,""
JAVELIN,5885,JPH2;KLKB1;CSF3R;HLA-G;LOC553103,1.18629287404767,,0.102996231281623,FALSE,""
JAVELIN,5886,SHROOM3;NLGN4Y;BMP2;ANKRD2;TTC22,1.11532034849592,,0.324382539507466,FALSE,""
JAVELIN,5887,CNN1;PCDH10;MST1;SNORD114-26;MIR643,1.19357604593167,,0.104528899832381,FALSE,""
JAVELIN,5888,NMB;SNORD115-5;ID4;FCER2;PAMR1,1.13264760489734,,0.270667763453333,FALSE,""
JAVELIN,5889,SMIM24;MIR378H;ROBO4;MIR874;SNORA78,1.31523285004313,,0.0122134515277012,FALSE,""
JAVELIN,5890,SPOCK1;PALM3;MYO5B;CYP11A1;CYYR1,1.07023413379212,,0.541189924850471,FALSE,""
JAVELIN,5891,TENM1;CXCL8;ADAMTSL3;APOA1;KIF2C,1.24040525380582,,0.0484862714267098,FALSE,""
JAVELIN,5892,AGMO;VSIG2;IGFBP6;MIR493;CPNE5,1.33515928314062,,0.0068700658213599,FALSE,""
JAVELIN,5893,MIR30A;ST6GALNAC2;DPYSL3;EPO;PANK1,1.18576196973192,,0.114809616012925,FALSE,""
JAVELIN,5894,CNN1;ESRP2;GAMT;SALL4;POU5F1B,1.38606976410983,,0.00266761722619214,FALSE,""
JAVELIN,5895,GBP5;FAM65C;CKS2;ASPG;NOVA1,1.29234570697663,,0.0167536968157695,FALSE,""
JAVELIN,5896,CX3CR1;FXYD1;SNORD29;APCDD1L;CYP26B1,1.24737748335288,,0.049191631088714,FALSE,""
JAVELIN,5897,NR4A3;MMP24;HIST1H4L;OR2T10;FAM162B,1.30464634520949,,0.0135595808112754,FALSE,""
JAVELIN,5898,TSPAN7;CCDC148;CACNA1C;C1orf168;PARP15,1.34483395680968,,0.00519343250291847,FALSE,""
JAVELIN,5899,NOX4;CHRDL1;SNORD12B;SNORD114-4;MIR3605,0.985765078553022,,0.89603936171779,TRUE,""
JAVELIN,5900,PGF;APOLD1;PPL;SBSN;TAL1,1.20621671663549,,0.0746165810537374,FALSE,""
JAVELIN,5901,MT1G;HYDIN;MIR4635;LAMP3;LOC101928003,1.15678671104653,,0.157203171347784,FALSE,""
JAVELIN,5902,IKZF3;LBP;MIR628;EBF3;MIR643,1.08760501186961,,0.436228531327233,FALSE,""
JAVELIN,5903,ADAM12;SORCS2;SNORD12B;PLA2G1B;LOC101927236,0.939721151644072,,0.569222133352511,TRUE,""
JAVELIN,5904,ALPK3;CDHR1;MIR4635;BMPER;LILRB4,1.25020076167551,,0.0338590180394676,FALSE,""
JAVELIN,5905,ABCC6;LIPC;SLC2A9;CCL11;MIR640,1.37818726231488,,0.00387138386443764,FALSE,""
JAVELIN,5906,SVEP1;SYBU;SNORD116-28;CERKL;CDC42BPG,1.32408448294802,,0.0109160827727536,FALSE,""
JAVELIN,5907,IL6;SFRP1;PTTG1;ATG9B;PPP2R2B,0.916917936788186,,0.436429466003871,TRUE,""
JAVELIN,5908,SCIN;CD3G;PDLIM3;EHF;ASPRV1,1.19775852970466,,0.0896179918366966,FALSE,""
JAVELIN,5909,VTRNA2-1;LOC647859;MIR3975;EYA1;PARP15,1.30717128901675,,0.0147425023561215,FALSE,""
JAVELIN,5910,OLFML2A;MFI2;SNAI2;SPESP1;C9orf106,1.30081259802854,,0.0169118832396247,FALSE,""
JAVELIN,5911,CPZ;PPP1R1A;SNORA48;GPR98;TNFRSF11A,0.949813548544728,,0.624574196913362,TRUE,""
JAVELIN,5912,SNORD14C;NAPSA;SEMA4G;CTSG;CRYBB2,1.30115619258801,,0.0159697669061294,FALSE,""
JAVELIN,5913,C14orf105;MIRLET7I;HIST1H2AL;CST2;WNT3,1.14653925857767,,0.225636780925268,FALSE,""
JAVELIN,5914,SNCG;ASRGL1;MAP4K1;C8orf34;RASSF6,1.18384100238003,,0.0972552861770796,FALSE,""
JAVELIN,5915,PPAP2C;DNAH5;ALDH6A1;FCER1A;MIR640,1.0374071691177,,0.743243380568966,FALSE,""
JAVELIN,5916,ANK3;SLC27A2;CACNA2D1;BRE-AS1;HIST2H3C,1.18750018277273,,0.114451221074592,FALSE,""
JAVELIN,5917,STC2;SNORD110;CACNA2D1;TMPRSS4;KCNMB4,1.32123834093045,,0.0135463747437177,FALSE,""
JAVELIN,5918,FABP4;NPY6R;MIR3975;ZNF812;COL9A2,1.19287567110818,,0.105663286058184,FALSE,""
JAVELIN,5919,MT1G;GLDC;IGFBP6;MIR218-2;OR52N4,1.13591445175672,,0.233148560184912,FALSE,""
JAVELIN,5920,MIR4526;B3GNT4;MMP11;INHBE;GCAT,1.4023595945736,,0.00168095486506943,FALSE,""
JAVELIN,5921,LOC101927960;MT1A;MCF2L;MIR5091;CYP26B1,1.46624565630406,,0.000784359754432153,FALSE,""
JAVELIN,5922,MIR142;BAI1;MIR3125;VNN3;PPP2R2B,1.07363801845896,,0.509167629900535,FALSE,""
JAVELIN,5923,SLC34A2;DUSP2;MTCL1;NCAM2;DNAJC22,1.04943397950786,,0.645192560547701,FALSE,""
JAVELIN,5924,SCIN;FOXP2;COL5A3;S100P;PCDHGA6,1.36426080252109,,0.00475262576572482,FALSE,""
JAVELIN,5925,CXCL1;MIR563;MIR197;PWRN1;LOC101927236,1.31625939240804,,0.0139546612126635,FALSE,""
JAVELIN,5926,UBD;FOXP2;MXRA8;GCKR;DCDC1,1.15022320301805,,0.184557414127841,FALSE,""
JAVELIN,5927,RASD1;FLRT3;DLL4;HHIP;FCN1,1.16093118739118,,0.173486698306116,FALSE,""
JAVELIN,5928,AKR7A3;ITGBL1;NT5E;CLDN16;GJC2,1.22024422079844,,0.079512010999467,FALSE,""
JAVELIN,5929,COMP;CYP2C9;SNORA26;TNFRSF17;MIR583,1.07964300580831,,0.486993746754867,FALSE,""
JAVELIN,5930,CYP2E1;PCK1;PTK7;SLC17A2;MPP7,1.26370843690028,,0.0307469813013944,FALSE,""
JAVELIN,5931,RERG;MIR378A;APCDD1;DUSP9;APOBEC3B,1.25396554919003,,0.0342943075163424,FALSE,""
JAVELIN,5932,HOXC10;SNAP25;PC;SNORA11D;REM1,1.50665408939205,,0.000170325386111536,FALSE,""
JAVELIN,5933,PCDHGB2;MYO7B;SNORD4B;DPYSL4;NTNG2,1.0844819875064,,0.452287727775945,FALSE,""
JAVELIN,5934,PSAT1;DUSP2;HIST1H2BO;SNORD114-19;PRDM8,0.767291547299405,,0.0159888330485251,TRUE,""
JAVELIN,5935,TMEM27;FCGBP;SEMA4G;WFDC10B;PANK1,1.2835781180095,,0.0184783843578297,FALSE,""
JAVELIN,5936,PYCR1;TRIM55;FKBP9P1;ZNF365;PRRT3-AS1,1.07477050936358,,0.493399621303744,FALSE,""
JAVELIN,5937,MYO3A;C4B;MYO1G;DUOX2;XCL2,1.11101305719548,,0.313575140549692,FALSE,""
JAVELIN,5938,FCN3;GYLTL1B;ALDH1A3;BCHE;FBXO27,1.2744757105454,,0.0295450698230922,FALSE,""
JAVELIN,5939,ALPK3;SIGLEC14;HIST1H2BM;DNAI1;GLT8D2,1.17598168558294,,0.128253273080223,FALSE,""
JAVELIN,5940,SORBS2;KLHDC7A;MS4A4E;PTGES;MFAP3L,1.17054587683146,,0.138677078852223,FALSE,""
JAVELIN,5941,WDR72;PLA2G2A;SNORD29;HS3ST3A1;IL17RD,1.15212719411681,,0.185462722822774,FALSE,""
JAVELIN,5942,NEB;GLYATL1;DLL4;LAMP3;MAP6,1.37975041547443,,0.00239259027097717,FALSE,""
JAVELIN,5943,PTH1R;GDA;ADAMTSL3;MIR30D;LOC283278,1.44265641865436,,0.000949630515332776,FALSE,""
JAVELIN,5944,DDC;MFI2;TEK;S100P;RAB40AL,1.19033328867967,,0.119029279198901,FALSE,""
JAVELIN,5945,BAIAP2L2;NLGN4Y;PLEKHA7;CHGB;FAM69B,1.19341747357447,,0.102341366320045,FALSE,""
JAVELIN,5946,ASPN;FLRT3;TSKU;DDIT4L;EMP2,1.35104609698034,,0.00506551421041716,FALSE,""
JAVELIN,5947,FCN3;EPPK1;PLAT;CLGN;MEFV,1.08084094219711,,0.465539040814215,FALSE,""
JAVELIN,5948,COL4A4;FOSL1;SNORA48;TNNC2;SIT1,0.886021291874024,,0.243267355465002,TRUE,""
JAVELIN,5949,FAM46C;CLMP;ID1;PITX1;SNORD60,0.829989180728135,,0.0886641700016373,TRUE,""
JAVELIN,5950,PDLIM4;NLGN4Y;2020-03-02 00:00:00;PKLR;EFS,1.26288010645428,,0.0250983357518432,FALSE,""
JAVELIN,5951,MIR4292;SORCS2;BMP2;KCNS1;NLRC3,0.931141422544378,,0.508435500959351,TRUE,""
JAVELIN,5952,TNFAIP6;CCDC148;MIR197;MIR4530;ADORA2B,1.29751405653859,,0.0134021496619835,FALSE,""
JAVELIN,5953,GZMK;KIT;HRSP12;CDO1;KLHL13,1.29969025687433,,0.0153438742355261,FALSE,""
JAVELIN,5954,MIR23C;MZB1;RASGRP1;NMU;TP73,0.918507892969101,,0.431082378241496,TRUE,""
JAVELIN,5955,FMO3;EMX1;MS4A4A;C1orf116;ALDH1L2,1.0902811417438,,0.39899107268786,FALSE,""
JAVELIN,5956,OGDHL;GPD1;MIR4784;KCNAB1;LRRC4,1.31961550581905,,0.0103557291031167,FALSE,""
JAVELIN,5957,FAM46C;FAP;CACNA1C;MIR320A;MIR4440,1.06345463625375,,0.55970585347907,FALSE,""
JAVELIN,5958,MYBL2;MT1M;EVI2B;FST;MMP25,0.795852124707747,,0.0342922119432928,TRUE,""
JAVELIN,5959,MIR4652;MIR4804;RGL3;GCGR;MIR3664,1.20949580574166,,0.076130994394395,FALSE,""
JAVELIN,5960,SLC7A9;STK32B;MYO1G;OR2T11;APOBEC3B,1.25231593699172,,0.0274799947362187,FALSE,""
JAVELIN,5961,SPAG17;PALM3;ADCY4;PDE4C;SNORD126,1.50931481038219,,0.000164539090669926,FALSE,""
JAVELIN,5962,PGF;AZGP1;RHOBTB3;MIR298;KIAA1324L,1.13225352801065,,0.256158241752782,FALSE,""
JAVELIN,5963,CCL20;MOXD1;MS4A4E;CYP4B1;MIR583,1.09528367127037,,0.38755491345784,FALSE,""
JAVELIN,5964,SEC14L6;LAG3;MTCL1;RERGL;KLHL13,1.21656084818015,,0.0777428853114095,FALSE,""
JAVELIN,5965,BBOX1;PNMA2;CCL4;TNFRSF17;C2orf82,1.10584838338964,,0.338124853784673,FALSE,""
JAVELIN,5966,QPCT;UTY;S1PR3;ADIPOQ;KIF2C,0.89839055552139,,0.31589913849188,TRUE,""
JAVELIN,5967,SCNN1A;CDH23;ADAMTS2;CST6;USHBP1,1.08290224418804,,0.460310268696029,FALSE,""
JAVELIN,5968,DDC;ANKRD18A;TREM2;FBXL16;PAMR1,1.36174649344451,,0.00400664715692551,FALSE,""
JAVELIN,5969,C14orf105;KIT;GPC4;ZNF114;GJC2,1.45685095257842,,0.000364170215908832,FALSE,""
JAVELIN,5970,COMP;MIOX;ARHGEF15;SNORD115-13;GPR174,1.19515109415823,,0.0854570311442029,FALSE,""
JAVELIN,5971,IDO1;PCDHGA4;SELENBP1;CNTN3;HUNK,1.28337398443871,,0.0214866437000077,FALSE,""
JAVELIN,5972,SPOCK1;MZB1;ARL4C;MIR578;CDC45,0.802800190766422,,0.045542248817674,TRUE,""
JAVELIN,5973,TENM1;SNORD114-10;ARL4C;MIR4469;CDC45,0.919686111339473,,0.460770192890611,TRUE,""
JAVELIN,5974,FMO2;SOX6;MS4A4A;OVOS;SNORD58C,1.37528625115192,,0.00228682688360016,FALSE,""
JAVELIN,5975,PTH1R;RARRES1;FPR1;MIR30D;ACOT1,1.06351167631483,,0.556156288730018,FALSE,""
JAVELIN,5976,GPR126;CCL28;MIR4635;CRHBP;P2RY6,1.40250014139571,,0.00155896626766591,FALSE,""
JAVELIN,5977,FGB;PTGER3;FKBP9P1;EPO;EFS,1.23691063938419,,0.051329406101589,FALSE,""
JAVELIN,5978,STEAP4;MIR4482;SNORD4B;MIR4654;CD40LG,0.97128959625678,,0.786165389881333,TRUE,""
JAVELIN,5979,CTSW;PDGFRL;CYTIP;TNFRSF17;SLAMF1,0.897925622248221,,0.307130895969725,TRUE,""
JAVELIN,5980,FNDC1;MIRLET7I;ADAMTSL3;MIR218-2;MIR597,1.42050641116105,,0.00102336320876506,FALSE,""
JAVELIN,5981,SLC17A1;HP;MIR197;SLC22A8;MIR4774,1.18442123543723,,0.114010529824158,FALSE,""
JAVELIN,5982,SNORD14C;SLC4A3;PTK7;PAPPA2;CATSPERG,0.923757256043783,,0.465791311447913,TRUE,""
JAVELIN,5983,TMEM27;SOX6;CKS2;MIR380;GRHL1,1.30536674757171,,0.0114956921807865,FALSE,""
JAVELIN,5984,TFPI2;SIGLEC14;APCDD1;FOXF2;PTGDR,1.08165804367868,,0.466580417016499,FALSE,""
JAVELIN,5985,VTRNA2-1;SLC23A3;ARHGEF15;AMPD1;ADM2,1.61618555106885,,1.2954354801608e-05,FALSE,""
JAVELIN,5986,SLC16A12;REEP6;LDLR;GABRB3;APOBEC3H,1.06596613340519,,0.545347124470673,FALSE,""
JAVELIN,5987,ASPN;PTPRD;SNORD6;CYP8B1;CCDC17,1.24627164853302,,0.0345981558064329,FALSE,""
JAVELIN,5988,SEC14L6;SIGLEC14;LDLR;OGN;CETP,1.05334436741249,,0.619844010349238,FALSE,""
JAVELIN,5989,PCOLCE2;B3GNT4;SNORD6;TMEM132E;SNORA38,1.33071628798744,,0.00960021215296768,FALSE,""
JAVELIN,5990,MGAT3;HLF;MIR628;EML6;LINC00299,1.3985007738611,,0.00124143035051113,FALSE,""
JAVELIN,5991,LAMC3;TRIM55;ID1;BDH1;SPIRE2,1.17342908567219,,0.146532438717034,FALSE,""
JAVELIN,5992,ZDHHC11B;CXCL8;DCBLD2;PPBP;ZNF334,0.916821623653713,,0.427850465956745,TRUE,""
JAVELIN,5993,TSPAN13;MIR4676;SNORD74;SULT2B1;FAM184A,1.17815596269461,,0.130381941111539,FALSE,""
JAVELIN,5994,ARHGEF16;CLMP;MIR631;MIR548A1;USHBP1,1.20002649103214,,0.0868521119780428,FALSE,""
JAVELIN,5995,MIR4526;FTCD;PBX1;DUOX1;NAV3,1.1540441876637,,0.175882047780207,FALSE,""
JAVELIN,5996,MIR4730;MST1P2;FPR1;PKD1L2;MIR4774,1.16977880783153,,0.158556989760479,FALSE,""
JAVELIN,5997,SORBS2;DNAH5;CSF3R;PPP1R14D;GSTO2,1.10423598851615,,0.361850134759761,FALSE,""
JAVELIN,5998,SBSPON;MIR3941;MST1;MIR4654;COL9A2,1.31749346898171,,0.0145206450266416,FALSE,""
JAVELIN,5999,SVEP1;NAPSA;MIR938;C8orf22;PCDHGA6,1.1809878733316,,0.109392256213942,FALSE,""
JAVELIN,6000,PYCR1;CCDC148;TIE1;TCAP;MIR1284,1.33902625691947,,0.00911797546272436,FALSE,""
JAVELIN,6001,SPAG17;STEAP1;S1PR3;TNFRSF17;LRRC4,1.40396272619598,,0.00229854738304257,FALSE,""
JAVELIN,6002,HIF1A-AS2;SLC12A8;TMEM132A;SYT9;HIST1H1A,0.875522834698745,,0.233908628786153,TRUE,""
JAVELIN,6003,SLPI;UBASH3A;SEMA4G;MIR5091;FOXD1,0.91642400903122,,0.421509402612135,TRUE,""
JAVELIN,6004,ASPN;IRF4;MIR938;DNER;LOC100294362,1.05117901281516,,0.646799187076302,FALSE,""
JAVELIN,6005,TMEM45A;MT1A;ANGPT2;AMBP;KCNJ5,1.34399873554944,,0.00557911765257805,FALSE,""
JAVELIN,6006,MYOM3;PPARGC1A;ROBO4;PLG;GSTT2,1.4103351651092,,0.00180323355276041,FALSE,""
JAVELIN,6007,ALDH1L1;PCDHGA5;MST1;SLC22A8;DGKI,1.48638137251555,,0.000325721782022653,FALSE,""
JAVELIN,6008,SCIN;CYP4F3;SNORD59A;SFTPB;LOC644086,1.2000890847637,,0.085684833584705,FALSE,""
JAVELIN,6009,CHDH;SLC12A8;ROBO4;SCUBE3;C6orf132,1.12771576838118,,0.266330874058876,FALSE,""
JAVELIN,6010,MIR27B;TTN;SNORA26;SLC35F3;PYGO1,1.10105733631911,,0.373484062050787,FALSE,""
JAVELIN,6011,MIR548AR;DPEP1;MIR631;CRP;THEMIS,1.07404997136236,,0.503243672173824,FALSE,""
JAVELIN,6012,MGAT3;FXYD1;FPR1;SYT9;CXCR6,1.11712471599243,,0.312812302193782,FALSE,""
JAVELIN,6013,SCIN;C5orf46;MAP4K1;MIR190A;SLC16A10,1.42025394397443,,0.00119555731688153,FALSE,""
JAVELIN,6014,WDR72;KIF26B;HMCN1;SCUBE3;RPL39L,1.43587208861106,,0.000520917627379444,FALSE,""
JAVELIN,6015,KRT7;ALDH8A1;ALDOC;HMGA2;CYP2D7P,1.04742826437281,,0.678517270068329,FALSE,""
JAVELIN,6016,IKZF3;APOLD1;EFNA1;HOXA13;CYP2D7P,1.27421348821602,,0.0256158236969633,FALSE,""
JAVELIN,6017,SPOCK1;EFHD1;SLC1A1;TMEM100;SLC16A10,1.16771950683902,,0.171829617960836,FALSE,""
JAVELIN,6018,SBSPON;COLEC12;RASGRP1;SYT8;DEPDC7,1.17954128596839,,0.117995606042347,FALSE,""
JAVELIN,6019,MIR25;NAPSA;IGFBP6;SNORD113-9;LOC101928383,1.20102842747432,,0.0775968392906892,FALSE,""
JAVELIN,6020,TMEM27;MIR569;ID1;PITX1;UBE2T,0.943949779906739,,0.592496055980685,TRUE,""
JAVELIN,6021,SLC39A5;GPRC5A;MIR938;KLHL4;CHST1,1.08336868251901,,0.465289915111729,FALSE,""
JAVELIN,6022,GBP5;MIR378A;GPC4;PKLR;PPP1R3G,1.25991074472089,,0.0287146822515643,FALSE,""
JAVELIN,6023,MIR3189;PAH;MIR1537;PRND;CDC45,1.13158265560413,,0.257870488676332,FALSE,""
JAVELIN,6024,NLGN1;CYP4F12;CSF3R;TFAP2B;MAATS1,1.26352039809681,,0.0296557734531281,FALSE,""
JAVELIN,6025,MYOM3;MIR1203;ADAMTS2;CYP17A1;WBSCR27,1.09465170079897,,0.424346104460331,FALSE,""
JAVELIN,6026,OLR1;SLC7A8;RNF128;TFAP2B;DNAH6,1.2675005642019,,0.0325322609474439,FALSE,""
JAVELIN,6027,COL4A3;FOXP2;SELENBP1;DEFB134;PTGDR,1.36097264789501,,0.00405423002321829,FALSE,""
JAVELIN,6028,ASPN;MIR185;HIST1H4L;SLC44A5;JAM2,1.27778926194473,,0.0217205221214228,FALSE,""
JAVELIN,6029,FABP4;TENM3;ID1;TCN1;LNX1,1.00342002626049,,0.975621576358991,FALSE,""
JAVELIN,6030,MIR3189;ADAMTS14;ALDH1A3;TRNP1;SNCAIP,0.824547295921557,,0.085591410873515,TRUE,""
JAVELIN,6031,SEC14L6;RGN;HMCN1;FAM153B;EXO1,1.51284635406244,,0.000165705258543188,FALSE,""
JAVELIN,6032,QPCT;HRH2;HRSP12;TCAP;CD28,1.11083522375684,,0.329965838072534,FALSE,""
JAVELIN,6033,MIR1180;VSIG2;ALDH1A3;MIR1267;CCDC85A,1.25866103721905,,0.0297770800394727,FALSE,""
JAVELIN,6034,SPAG17;PCDHGA5;SNORD116-16;MATN3;GLI1,1.39889257667484,,0.00173820256633409,FALSE,""
JAVELIN,6035,GZMK;CDHR1;PTER;CRYAA;MFAP3L,1.10482438987953,,0.353709349276781,FALSE,""
JAVELIN,6036,SLC7A9;CLDN10;MIR3975;MIR1245A;RNF152,1.58823029156383,,1.60233971162001e-05,FALSE,""
JAVELIN,6037,CYP2E1;EMX1;SELENBP1;PROC;EPHB1,1.41441149424396,,0.0023461144092957,FALSE,""
JAVELIN,6038,DDC;AIF1L;SNORD33;LOC101928281;FAM110C,1.35497005997191,,0.00472222337839168,FALSE,""
JAVELIN,6039,PLAC9;MIR548AA2;DPYSL3;CST1;CD200R1,1.14929641178736,,0.193158595285965,FALSE,""
JAVELIN,6040,COL4A4;IL2RA;CCL4;PPP2R2C;KIAA1755,0.806743098369982,,0.0491431535216986,TRUE,""
JAVELIN,6041,ITGB6;IL1B;ADAMTSL3;LHX1;TSPYL5,0.974500871826599,,0.81148600844519,TRUE,""
JAVELIN,6042,MIR3117;MAPK15;HOXD9;MYOT;C19orf83,1.45510388893626,,0.000589855797699101,FALSE,""
JAVELIN,6043,PLAC9;CCDC64;MIR631;SLC22A8;MIR1284,1.37599296148922,,0.00400789337209229,FALSE,""
JAVELIN,6044,CNN1;MAPK15;TSKU;PCDHGA3;CD300LF,1.0570755140898,,0.589187092013452,FALSE,""
JAVELIN,6045,NME5;SPX;MIR628;PAPPA2;FAM110C,1.35542856542351,,0.00682156003894318,FALSE,""
JAVELIN,6046,HIF1A-AS2;CYP2C9;PTTG1;SNORD115-21;DBH-AS1,1.07805783022536,,0.483425722150862,FALSE,""
JAVELIN,6047,CPZ;CHST13;PTER;FLJ22184;TMEM246,1.07823862913315,,0.492183091663044,FALSE,""
JAVELIN,6048,CXCL1;IGFBP1;LDLR;MIR127;MIR3157,0.951299650879326,,0.645305478681066,TRUE,""
JAVELIN,6049,COL4A4;TMEM139;GPC4;PWRN1;RASGEF1A,1.11094699521266,,0.335791646410434,FALSE,""
JAVELIN,6050,MIR548AR;GYLTL1B;MAP4K1;TFF3;RGS4,1.20377701337067,,0.0962683079439285,FALSE,""
JAVELIN,6051,GLYAT;F10;SNORD4B;SCN2A;ADCY1,1.33365734880051,,0.00807286044747042,FALSE,""
JAVELIN,6052,IRX5;GLDC;SLC1A1;HHIP;MCOLN2,1.09186593556158,,0.416714068139082,FALSE,""
JAVELIN,6053,QPCT;SNORD87;2020-03-02 00:00:00;NKAIN4;P2RY10,1.07898832745101,,0.478180532618347,FALSE,""
JAVELIN,6054,FER1L4;CYP4F11;FOLR2;CDO1;LOC100128242,0.943921332620443,,0.588820143433719,TRUE,""
JAVELIN,6055,SNORD14C;NPY6R;ACSF2;FOXJ1;C14orf64,1.30598841730342,,0.0209420343716433,FALSE,""
JAVELIN,6056,NR4A2;INMT;ADCY4;ADIPOQ;MIR221,0.995047107324174,,0.962446847697554,TRUE,""
JAVELIN,6057,IDO1;PCDHGA5;ADCY4;CNDP1;TBX21,1.1556473253955,,0.160322705461713,FALSE,""
JAVELIN,6058,NR4A3;LOC391322;ALDH6A1;SYT12;MIR3942,1.34892581887012,,0.00530174838583803,FALSE,""
JAVELIN,6059,AOC1;PCDHGA4;RASGRP1;ZMAT4;PDE3B,1.16882575369645,,0.15323052012477,FALSE,""
JAVELIN,6060,SLPI;ALDOB;SEMA4G;BAALC;LOC100506518,1.03907909200373,,0.723670794583337,FALSE,""
JAVELIN,6061,BCL2A1;TRPC6;TREM2;ZNF812;PDE1C,1.22525932366843,,0.0471331506538182,FALSE,""
JAVELIN,6062,MIR126;B3GNT4;HIST1H4L;MIR592;PCDHB16,1.32410095897694,,0.0102948718554041,FALSE,""
JAVELIN,6063,COL4A3;MIR548AA2;MYO1G;KCNB1;MTCP1,1.22415637477349,,0.0560861566393123,FALSE,""
JAVELIN,6064,MIR4652;FOXP2;SLC44A3;TDO2;GPR160,1.41334971606052,,0.00182947001976759,FALSE,""
JAVELIN,6065,SCIN;TESC;LDB2;HPX;MTRNR2L10,1.37226901303391,,0.00360251989319355,FALSE,""
JAVELIN,6066,ACE2;GLDC;SNORD74;FST;CDC42BPG,1.23536787486709,,0.055613988722485,FALSE,""
JAVELIN,6067,SRPX;LOC101928757;HRSP12;ST8SIA5;EPHA1,0.991656653691815,,0.937304745641259,TRUE,""
JAVELIN,6068,NR4A3;LOC647859;HOXD9;INHBE;CCDC141,1.30495438295754,,0.0117462661574487,FALSE,""
JAVELIN,6069,HNF1A;MIR186;EVI2B;C19orf80;LOC100128242,1.12864370480299,,0.2287115909855,FALSE,""
JAVELIN,6070,MIA2;HAMP;HIST1H2BO;BCHE;GALNT16,1.17761218484473,,0.13288574703494,FALSE,""
JAVELIN,6071,TTC39A;ZFHX4;GEM;C5orf27;CYP2D7P,1.13044894757883,,0.252136573030903,FALSE,""
JAVELIN,6072,NPR3;FAP;MECOM;FOXB2;PCDHB11,1.44834296118039,,0.000358457383336822,FALSE,""
JAVELIN,6073,FXYD2;CXCR3;SLC44A3;PDE4C;RPL39L,1.40498074578806,,0.0010587963228951,FALSE,""
JAVELIN,6074,PGF;MMP24;SNAI2;PRSS12;TMEM119,1.17865812531989,,0.123505794165646,FALSE,""
JAVELIN,6075,VTRNA2-1;SNORD110;MIR1207;PCDHB6;C2orf82,1.3016785695907,,0.018038376559032,FALSE,""
JAVELIN,6076,GPT;UBASH3A;LDLR;LOC101926988;LZTS3,1.0401975129479,,0.716308964469279,FALSE,""
JAVELIN,6077,LOC101927834;FOSL1;MMP11;INHBE;GSTT2,1.26362590081317,,0.0378587156101856,FALSE,""
JAVELIN,6078,C8orf4;OLFM2;DMD;C1orf116;GRID1,1.08171692498824,,0.459470501959377,FALSE,""
JAVELIN,6079,LOC101927834;MIR378A;FPR1;MIR379;APOBEC3B,1.069742845622,,0.529379757008476,FALSE,""
JAVELIN,6080,ALDH1L1;SYBU;MST1;MIR582;MIR593,1.32963298584033,,0.00931044414071915,FALSE,""
JAVELIN,6081,FNDC1;MMP24;ID1;SPINK5;SNORD126,1.19551214438757,,0.113958727530803,FALSE,""
JAVELIN,6082,NLGN1;FABP7;ACSF2;MIR4274;FIBIN,1.43629300573659,,0.00070467491377955,FALSE,""
JAVELIN,6083,BCL2A1;CLDN10;PTTG1;CAPN8;PTTG2,1.09303544520703,,0.40766657776041,FALSE,""
JAVELIN,6084,NMB;NAGS;GPC4;PADI3;AMY2B,1.29686371223328,,0.0211165538827325,FALSE,""
JAVELIN,6085,PLA2G7;IGFBP1;MXRA8;SNORD114-4;PDE8B,1.04817513665165,,0.655084346091337,FALSE,""
JAVELIN,6086,COL4A4;CCDC148;SNORA77;APOC3;FAM69B,1.33694813170506,,0.00769363399062954,FALSE,""
JAVELIN,6087,SCIN;STEAP1;ACSF2;TNNI3;MYCT1,1.33386725710155,,0.00724974180731939,FALSE,""
JAVELIN,6088,ABCA6;PLA2G2A;MIR544B;MIR1305;FAM43A,1.07096440478326,,0.540708793464033,FALSE,""
JAVELIN,6089,SLC39A5;HLF;COX7A1;FAM153A;KIAA1755,1.47278201133725,,0.000359957344139236,FALSE,""
JAVELIN,6090,MIR645;CDH23;PLAUR;SPINK5;DOC2B,0.954235650817411,,0.664494123085488,TRUE,""
JAVELIN,6091,PPAP2C;MAP7;ID1;FXYD4;LILRA6,0.947052996140471,,0.610968858652629,TRUE,""
JAVELIN,6092,ESM1;TF;ACSF2;TNIP3;AGAP11,1.4179173155388,,0.000984141712715842,FALSE,""
JAVELIN,6093,CCL18;WDR66;FOLR2;FOXA1;CD244,0.927781335148316,,0.486149586258374,TRUE,""
JAVELIN,6094,NLGN1;KISS1R;BMP2;HIST1H2AA;SNORD24,1.79262639316824,,1.05514358875942e-07,FALSE,""
JAVELIN,6095,RAB42;MIR3941;ITGA11;THPO;LILRA6,1.1022598860249,,0.364197768792402,FALSE,""
JAVELIN,6096,CCL19;LYVE1;2020-03-02 00:00:00;FCER1A;EMP2,1.17995544416481,,0.116439988949236,FALSE,""
JAVELIN,6097,GZMK;MIR1249;EVI2B;MIR874;CNTN4,1.04738676642911,,0.655970954201784,FALSE,""
JAVELIN,6098,SORBS2;PLCH2;SNORD29;GABRB3;FAIM3,1.16550900005658,,0.160509653704559,FALSE,""
JAVELIN,6099,MACC1;TRIM55;MIR628;DNAAF1;LY9,1.30124889342251,,0.0126278951413149,FALSE,""
JAVELIN,6100,BCMO1;CCDC64;ALDH6A1;PKLR;TTC22,1.36682696353631,,0.00598179548971155,FALSE,""
JAVELIN,6101,PRSS8;EMX1;PTER;ASXL3;MIR4779,1.15350287191338,,0.180835157255639,FALSE,""
JAVELIN,6102,MIR4652;IGF1;TMEM204;MIR3178;EGFLAM,1.25607051291929,,0.03992238755145,FALSE,""
JAVELIN,6103,ACE2;ROR2;SNORA77;ELFN2;SNORD19,1.02384129138902,,0.828337241903945,FALSE,""
JAVELIN,6104,IKZF3;TTN;MYO1G;KLK1;MIR3682,0.978773567958982,,0.837570156485481,TRUE,""
JAVELIN,6105,NOX4;REEP6;PPL;FST;CADM4,1.03601115300075,,0.739672998572542,FALSE,""
JAVELIN,6106,NTM;CD69;RIPK4;FCRL3;WDR96,1.18321439409169,,0.11428362881899,FALSE,""
JAVELIN,6107,PSAT1;MT1M;MCF2L;LAMP5;NAV3,1.0945028537841,,0.406372713140648,FALSE,""
JAVELIN,6108,HABP2;CPXM1;HIST1H2BO;GDF6;EMP2,1.04762277182357,,0.676105204704056,FALSE,""
JAVELIN,6109,FOLH1;CYP2C9;MYO5B;NPHS2;SPTBN5,1.20867123242953,,0.0891536181562089,FALSE,""
JAVELIN,6110,SHROOM3;LOC100288152;DLL4;F11;RPL39L,1.43352853027366,,0.00125881794167722,FALSE,""
JAVELIN,6111,VTRNA2-1;ASRGL1;MYO7A;ADIPOQ;VN1R1,1.38485709321431,,0.00248645978479353,FALSE,""
JAVELIN,6112,TSPAN7;SLC27A2;EMP1;TFCP2L1;SLAMF6,1.06628860707697,,0.554112725561348,FALSE,""
JAVELIN,6113,SEC14L6;PALM3;DPYSL3;CYP11A1;KBTBD11,1.11945553566987,,0.283472205213007,FALSE,""
JAVELIN,6114,S100A8;MFAP2;SARDH;SLC5A2;BATF,0.903731518918923,,0.346023024635005,TRUE,""
JAVELIN,6115,FOSB;SPINK1;ACSF2;APCDD1L;DAPP1,0.850217099804459,,0.134259361439447,TRUE,""
JAVELIN,6116,COL4A3;PLCH2;SNORD116-28;GAS2;DCDC1,1.33191631196086,,0.00913052158257906,FALSE,""
JAVELIN,6117,HOXC10;NEBL;ALDH6A1;ERBB4;KBTBD11,1.46012053733227,,0.000834252270825057,FALSE,""
JAVELIN,6118,CPZ;COL7A1;MTCL1;AFM;MIR3605,0.934371305800804,,0.538097527145378,TRUE,""
JAVELIN,6119,CCL20;MIR1303;EMP1;SLC51A;CADM4,1.50986101554595,,0.00017627951052189,FALSE,""
JAVELIN,6120,MIR4292;CXCL8;LZTS1;GPM6A;DYNLRB2,1.36572074006884,,0.00507304798184749,FALSE,""
JAVELIN,6121,SLC16A12;SLC5A10;LDLR;SLC38A4;CADM4,1.1927798323313,,0.110015991423735,FALSE,""
JAVELIN,6122,RBP4;MIR1972-1;PTTG1;SERPINA5;CCDC3,1.14684349642633,,0.203330800612602,FALSE,""
JAVELIN,6123,PCOLCE2;GDA;TREM2;MYOZ1;SNORD45B,1.31679826029598,,0.0112181308461923,FALSE,""
JAVELIN,6124,LOC101927960;CYP24A1;DMD;MFSD4;LILRA6,1.15079269808772,,0.192747789597045,FALSE,""
JAVELIN,6125,BCL2A1;GSTM1;MMP11;SLC26A9;GRTP1,1.17881867040919,,0.129437024331793,FALSE,""
JAVELIN,6126,TSPAN13;COLEC12;RASGRP1;SNORD114-7;MTRNR2L10,0.869237528486734,,0.180554743982624,TRUE,""
JAVELIN,6127,F8;C4B;MKI67;CYP2D6;CCDC3,1.19985616015645,,0.08265847898952,FALSE,""
JAVELIN,6128,LAMC3;COL7A1;CSF3R;SYT9;ALDH1L2,0.868994898656731,,0.19711747552001,TRUE,""
JAVELIN,6129,PRSS8;TF;EMP1;PRSS22;P2RY12,1.22789861465625,,0.0644383048618489,FALSE,""
JAVELIN,6130,MYH14;SPTBN2;SNORA48;MIR924;RPS6KL1,1.07175560795758,,0.535984107203497,FALSE,""
JAVELIN,6131,PEG10;SNORD65;PLAUR;KIAA0319;CLEC10A,0.85672760296753,,0.167392381456237,TRUE,""
JAVELIN,6132,CNN1;FUT6;COL5A3;SNORD115-12;ADORA2B,1.28842588812603,,0.0241857724859454,FALSE,""
JAVELIN,6133,MIR4317;TTN;MS4A4A;CLDN19;LRRC17,1.19086811887691,,0.0922993840550437,FALSE,""
JAVELIN,6134,RAB42;ZNF727P;CDH13;TMEM45B;TTC22,1.27595663380956,,0.0265531463061641,FALSE,""
JAVELIN,6135,MIA2;REEP6;HIST1H2AL;B3GAT1;DNALI1,1.03700813858416,,0.736512649837363,FALSE,""
JAVELIN,6136,MIR4499;MIR589;ITGA11;C4BPA;MIR579,1.47082163128351,,0.000398419181081274,FALSE,""
JAVELIN,6137,CYP2E1;PCDH10;S1PR3;ARHGEF38;CATSPERG,1.35578155334493,,0.00524501714470823,FALSE,""
JAVELIN,6138,S100A8;SLC22A3;ACSF2;ARHGEF38;MIR4706,1.04075876710954,,0.713240640173296,FALSE,""
JAVELIN,6139,RAP1GAP;MIR548AA2;GPC4;TEX15;PYGO1,1.32238761480014,,0.0109999668948345,FALSE,""
JAVELIN,6140,SCNN1A;FOXP2;PIEZO2;TMEM132E;EXO1,1.32936627146558,,0.0141662317443092,FALSE,""
JAVELIN,6141,SEC14L6;EXPH5;CALCRL;SLC52A3;MIR1183,1.64799822106219,,3.49198610764221e-06,FALSE,""
JAVELIN,6142,FOLH1;PPARGC1A;ID4;ATOH8;PCDHB16,1.44031696065946,,0.000730800740885848,FALSE,""
JAVELIN,6143,MIR4317;SLAMF7;RHOBTB3;INHBE;NAV3,0.90438005212875,,0.346869461165684,TRUE,""
JAVELIN,6144,FOLH1;ETNK2;MYRF;SLC38A4;MIR3664,1.14235614231258,,0.198384424261337,FALSE,""
JAVELIN,6145,GBP5;TCF21;MYO1G;TCAP;PCDHGC4,0.952848271467593,,0.63659485665772,TRUE,""
JAVELIN,6146,IRX5;MIR378H;SNORD59A;ZBTB7C;KIF26A,1.2846431424304,,0.0140350609561267,FALSE,""
JAVELIN,6147,PSAT1;MIR4804;MIR938;FLJ22184;REM1,1.00345794447642,,0.975232302856744,FALSE,""
JAVELIN,6148,CRB3;TRPC6;ADAMTSL3;PCDHB6;CADM4,1.51210338626667,,0.000207108586761078,FALSE,""
JAVELIN,6149,LOC101927834;ZNF727P;ID4;ACTC1;APOL4,1.28654199870279,,0.0202172461432249,FALSE,""
JAVELIN,6150,FOSB;LYVE1;MYO7A;MIR4797;CCR4,0.851327342666431,,0.129195063620258,TRUE,""
JAVELIN,6151,SHROOM3;MOXD1;MIR631;MIR1193;THRB,1.18598739232527,,0.115169786779352,FALSE,""
JAVELIN,6152,IRX5;CLCNKA;MST1;SERPINA5;PYGO1,1.25268963706708,,0.0403916790776263,FALSE,""
JAVELIN,6153,MIR29B2;CD3G;MECOM;PERM1;THEMIS,1.13578947389858,,0.224953539341199,FALSE,""
JAVELIN,6154,RBP4;C10orf113;MIR938;MIR4797;C14orf37,1.10416715666178,,0.372929184917969,FALSE,""
JAVELIN,6155,TSPAN7;GABRD;ITGA11;ALAS2;LOXL4,1.42312208108562,,0.00115945450453974,FALSE,""
JAVELIN,6156,CRB3;MAPK15;ID4;MIR152;DPY19L2P2,1.4850060825594,,0.000274934399919565,FALSE,""
JAVELIN,6157,MIR4292;CCL28;FPR1;ORM1;PPIAP30,1.07822039686938,,0.485337759453483,FALSE,""
JAVELIN,6158,FCN3;MIRLET7D;CCL4;MIR4280;SLC39A4,1.12905328870299,,0.277110489392415,FALSE,""
JAVELIN,6159,MIR27A;STK32B;EVI2B;ADIPOQ;SCUBE2,1.14662267710965,,0.17789090319675,FALSE,""
JAVELIN,6160,FCN3;LOC100288152;SARDH;OGN;KBTBD11,1.35383513923362,,0.0047297371237814,FALSE,""
JAVELIN,6161,COMP;GSTM1;MIR3125;KCNJ10;REM1,1.24149222747559,,0.0438679799764149,FALSE,""
JAVELIN,6162,ITGA8;CYP4F11;SLC44A3;JSRP1;ALDH1L2,1.10031991819827,,0.377751806372501,FALSE,""
JAVELIN,6163,STEAP4;SLC38A11;FAM20A;SNORD115-35;WIPF3,1.15320743055562,,0.180124822069918,FALSE,""
JAVELIN,6164,SLC34A2;CD79A;GPC4;GRIK3;AGAP11,1.28748125733659,,0.0136376728015468,FALSE,""
JAVELIN,6165,ITGB6;RASAL1;SNORD12B;KLHL41;MIR5697,1.0544769267098,,0.62089431317855,FALSE,""
JAVELIN,6166,TBX3;INMT;MMP11;MIR1245A;MTCP1,1.16171631592267,,0.162326236195812,FALSE,""
JAVELIN,6167,LOC101927960;MIR339;GEM;IHH;IL1RL2,1.46223366115377,,0.000694673723092219,FALSE,""
JAVELIN,6168,EXOC3L4;HPD;ALDH1A3;KCNJ10;THSD4,1.00092154394891,,0.993224534304833,FALSE,""
JAVELIN,6169,SORBS2;TMEM171;MS4A4A;CXCR2P1;EFS,1.10999420965232,,0.316595573329842,FALSE,""
JAVELIN,6170,SULT1C4;ZNF711;ARL4C;SULT2B1;LOC401317,1.26790784397896,,0.029275566236802,FALSE,""
JAVELIN,6171,CD27;CD69;CKS2;CR1L;TRIM6,0.927142655197055,,0.477545518786402,TRUE,""
JAVELIN,6172,PTH1R;BTNL9;LZTS1;TFR2;CD300LF,1.29233720444428,,0.0155604710827124,FALSE,""
JAVELIN,6173,KCP;FAM65C;PDLIM3;TENM2;EGFLAM,1.28925315929482,,0.0210856244331296,FALSE,""
JAVELIN,6174,MIR142;MIR4326;MIR3125;TMEM82;SNORD58C,1.21385287394057,,0.0739637822894358,FALSE,""
JAVELIN,6175,SPAG17;PLIN4;ACSF2;UGT3A1;GSTO2,1.29470562467507,,0.0233814529885821,FALSE,""
JAVELIN,6176,ACADL;GCNT3;PLAUR;AP3B2;SNORD50A,0.98674724124642,,0.900207571256833,TRUE,""
JAVELIN,6177,SRPX;LYVE1;MYO5B;ANO3;DBNDD1,0.948859437989675,,0.622403616190905,TRUE,""
JAVELIN,6178,ZDHHC11B;HP;IL2RB;NPHS1;MIR643,1.08208876446871,,0.461284307491276,FALSE,""
JAVELIN,6179,MIR4317;PPARGC1A;ROBO4;NPC1L1;ICOS,1.12037201669955,,0.26194509251733,FALSE,""
JAVELIN,6180,MIR4317;MGAM;BMP2;NRK;CYP27B1,1.34661528061385,,0.00744973099891489,FALSE,""
JAVELIN,6181,GLYAT;SLC38A11;ALDH1A3;GRIA4;KLHL13,1.55051556160064,,0.000131490316850112,FALSE,""
JAVELIN,6182,MIR4499;B3GNT3;MIR3125;TJP3;MIR28,1.42837401447618,,0.00174029981659927,FALSE,""
JAVELIN,6183,ADAMTSL2;CD22;ACSF2;NUGGC;MIR5191,1.01050976948976,,0.919329088782478,FALSE,""
JAVELIN,6184,DCDC2;CD79A;SNORD6;MIR548AS;RNF152,1.25789227700617,,0.0359078393389789,FALSE,""
JAVELIN,6185,DDC;F10;PDLIM3;ALX1;GRHL1,1.24980324211025,,0.0420724250074648,FALSE,""
JAVELIN,6186,DDC;CDH23;SNORD116-28;LEFTY1;EPHB1,1.27510143929024,,0.0348015312913881,FALSE,""
JAVELIN,6187,TTC39A;NPY1R;RNF128;MIR665;FAM69B,1.26704476499542,,0.0342151897779276,FALSE,""
JAVELIN,6188,GPT;ESRP2;RGL3;MIR585;IL33,1.33908348468246,,0.00673802157626793,FALSE,""
JAVELIN,6189,TACSTD2;ITGBL1;MYO5B;CIDEC;WBSCR27,0.995094153411315,,0.963988096860708,TRUE,""
JAVELIN,6190,FOSB;SPINK1;FPR1;SHOX2;GSTT2,0.925334013966698,,0.483687599951529,TRUE,""
JAVELIN,6191,SVEP1;CHI3L2;MIR197;MIR539;TMEM232,1.19306899556899,,0.106759853657974,FALSE,""
JAVELIN,6192,TMEM27;ST6GALNAC2;PBX1;SLC5A8;PPIAP30,1.32057136965047,,0.0130530098331642,FALSE,""
JAVELIN,6193,IRX5;HYDIN;MECOM;CXCR1;SLAMF6,1.10637866515066,,0.342241951425176,FALSE,""
JAVELIN,6194,BAMBI;STEAP1;CSF3R;MIR1302-5;POU5F1B,1.35947916697522,,0.00458489681431483,FALSE,""
JAVELIN,6195,CCL20;MIR569;BMP2;PKLR;CD80,1.19149003088775,,0.0980960675454718,FALSE,""
JAVELIN,6196,OLFML2A;ARG2;ITGA11;CFTR;CLEC1A,1.38072936971934,,0.00360583961271063,FALSE,""
JAVELIN,6197,SLPI;KLKB1;SNORD4B;CNDP1;MIR5094,1.09994075215834,,0.381769963569489,FALSE,""
JAVELIN,6198,QPCT;CHRDL1;SLC2A9;MIR193A;CCDC85A,1.20448007703284,,0.0869864261296312,FALSE,""
JAVELIN,6199,AOC1;LOC101928757;CKS2;MIR4439;CLEC1A,0.993334841690521,,0.949499156776623,TRUE,""
JAVELIN,6200,IGF2BP2;SLC23A3;MXRA8;ST8SIA6;MIR4440,1.03208886616264,,0.768666272436562,FALSE,""
JAVELIN,6201,NXPH4;FTCD;TMEM204;MIR3126;MIR4295,1.49304567671857,,0.000273174729656306,FALSE,""
JAVELIN,6202,UPB1;IL2RA;SNORD116-8;CYP2B7P;LOC441402,1.2759969570515,,0.0248609207044182,FALSE,""
JAVELIN,6203,GLYAT;MIR1249;GEM;HAPLN1;KCNJ5,1.28704986515969,,0.0129198503421879,FALSE,""
JAVELIN,6204,MIR3646;PRODH2;NT5E;SCN3A;KCNQ4,1.26836091914188,,0.0301971714916123,FALSE,""
JAVELIN,6205,ESM1;WNK4;MIR4714;MIR378D2;GCAT,1.37406564867034,,0.00319980516051433,FALSE,""
JAVELIN,6206,NMB;COLEC12;SELENBP1;CA3;EME1,1.09294295665326,,0.401320886225318,FALSE,""
JAVELIN,6207,CPZ;MGAM;EMP1;PRSS22;KIF26A,1.31357408533309,,0.0104914096845155,FALSE,""
JAVELIN,6208,GBA3;WDR66;MIR4435-2;ALAS2;LY9,1.1914953642068,,0.103130263946329,FALSE,""
JAVELIN,6209,ANO9;TENM3;MYO5B;HAS1;WIPF3,0.840929208567736,,0.117880809732535,TRUE,""
JAVELIN,6210,TMEM27;FAP;SNORD116-28;AP3B2;WIPF3,1.19216897084783,,0.0975498434675549,FALSE,""
JAVELIN,6211,RERG;GABRD;LY96;MIR30D;VN1R1,1.42873599635231,,0.000902064940783866,FALSE,""
JAVELIN,6212,SLC39A5;VSIG2;ALDH1A3;ESR2;NOVA1,1.32959545936388,,0.00682705343062171,FALSE,""
JAVELIN,6213,PDLIM4;SLC38A11;SNORA26;KLK1;WNT2B,1.11869432096754,,0.312914227496577,FALSE,""
JAVELIN,6214,F2RL1;RGS9;ALDOC;HHIP;SNORA78,1.22098838111772,,0.075622527376316,FALSE,""
JAVELIN,6215,GLYAT;LOC647859;DENND2A;ST8SIA5;MIR28,1.40465569072453,,0.00256066021454989,FALSE,""
JAVELIN,6216,NME5;CHST13;MIR4784;FOXA1;MIR151A,1.04202174514302,,0.712280861389417,FALSE,""
JAVELIN,6217,TMEM45A;ANXA13;COX7A1;HCAR3;MIR571,1.27653517279677,,0.0290279400830544,FALSE,""
JAVELIN,6218,CXCL1;CYP24A1;ID1;AVPR1B;PRKAR2B,1.11101076664384,,0.33473510613912,FALSE,""
JAVELIN,6219,NTM;PLA2G2A;HOXD9;SP5;RAB6B,1.22693515615895,,0.0597443379158476,FALSE,""
JAVELIN,6220,RAB42;EPPK1;SNORD12B;ZNF114;FAM43A,0.980024853885686,,0.852744378165918,TRUE,""
JAVELIN,6221,MIR3189;NPY6R;SNORD116-8;TM6SF2;GSTO2,1.47312925094558,,0.000969382490948717,FALSE,""
JAVELIN,6222,MIR3189;ABCA12;HOXD4;SULT2B1;LURAP1,1.34575916441881,,0.00626752421059866,FALSE,""
JAVELIN,6223,TFPI2;MIOX;CALCRL;MIR545;USHBP1,1.49324417729253,,0.000170475436177066,FALSE,""
JAVELIN,6224,STC2;NDNF;SNORD29;ZMAT4;MIR221,1.12202540696151,,0.280286249295775,FALSE,""
JAVELIN,6225,HNF1A;LIPC;RHOBTB3;GRHL2;DLG2,1.30410835869255,,0.0165235781752902,FALSE,""
JAVELIN,6226,ADAM12;STEAP1;COL5A3;TMC5;MIR1273F,1.18139340905961,,0.124456254239979,FALSE,""
JAVELIN,6227,ACADL;MIR4804;MAP4K1;GCGR;MIR4753,1.1955864086214,,0.0927606931541338,FALSE,""
JAVELIN,6228,SLC7A9;B3GNT4;LDLR;CCDC78;SMN2,1.12203917216005,,0.292132264682088,FALSE,""
JAVELIN,6229,TRABD2B;GRB14;MYO5B;MIR578;MIR3664,1.12803181748314,,0.256090853419165,FALSE,""
JAVELIN,6230,RERG;MIR1303;PLAUR;KCNJ1;KIF26A,1.44272325207045,,0.000827522190971112,FALSE,""
JAVELIN,6231,GPT;ABCA8;EFNA1;LHX8;RLTPR,1.30174815760351,,0.00981486080027879,FALSE,""
JAVELIN,6232,MIR23C;CHI3L2;TSKU;FCRL3;AMY2B,1.03127007923523,,0.774960298904055,FALSE,""
JAVELIN,6233,NLGN1;CDHR1;EFNA1;KCNS1;CDC45,1.1778567592553,,0.136168883668748,FALSE,""
JAVELIN,6234,CX3CR1;AIF1L;MIR637;SFTPC;C6orf132,1.21346852947169,,0.0662045910787704,FALSE,""
JAVELIN,6235,HNF1A;MIR569;2020-03-02 00:00:00;BMP5;FOXD1,1.33768406926582,,0.00823666206738085,FALSE,""
JAVELIN,6236,SLC39A5;MIR548AU;ARHGEF15;SLC5A2;EPHB3,1.48306793018297,,0.000341508927782195,FALSE,""
JAVELIN,6237,SPOCK1;C5orf46;HIST1H2BO;ATP6V0A4;MIR4779,0.88644199444219,,0.271974174100483,TRUE,""
JAVELIN,6238,CCL18;IL2RA;DLL4;MIR452;BATF,0.927316546713672,,0.482672800162504,TRUE,""
JAVELIN,6239,NTM;OLFM2;TMEM132A;DIO1;ABCG2,1.08560359343957,,0.439450564892396,FALSE,""
JAVELIN,6240,PDLIM4;LAMC2;2020-03-02 00:00:00;OR2T11;TMEM246,1.29385211542138,,0.0181116730395599,FALSE,""
JAVELIN,6241,BAMBI;SLC5A10;FAM20A;PKP3;GRHL1,1.23457121550588,,0.0501516113406712,FALSE,""
JAVELIN,6242,EMX2;HLF;SNORD74;SCTR;FAXDC2,1.26675891641961,,0.0320804278407799,FALSE,""
JAVELIN,6243,HNF1A;HYDIN;ITGA11;MIR3126;TAL1,1.34100783818347,,0.00664321202805568,FALSE,""
JAVELIN,6244,COL4A3;EXPH5;MIR544B;ARHGAP40;ARRDC5,1.20644182663801,,0.0905383086429763,FALSE,""
JAVELIN,6245,F2RL1;SLC5A10;LZTS1;MIR2052;MFAP3L,1.38516894153086,,0.00229034930849479,FALSE,""
JAVELIN,6246,CRB3;SPTBN2;LY96;CDR1;CD244,1.04049782041867,,0.717212889605028,FALSE,""
JAVELIN,6247,SLIT2;KIF26B;LDB2;BAAT;PANK1,1.43252559345153,,0.000304720448557547,FALSE,""
JAVELIN,6248,HNF1A;MIR1972-1;SNAI2;CCL13;CCDC3,1.24225919928457,,0.0480550584200798,FALSE,""
JAVELIN,6249,C1orf186;SNORD65;SNORD4B;TMEM82;TG,1.18495551855132,,0.103564487015256,FALSE,""
JAVELIN,6250,ABCA6;TTN;ALDH6A1;CASR;EFS,1.13575444137863,,0.247058311778991,FALSE,""
JAVELIN,6251,DCDC2;ESRP2;SNORD4B;CCDC158;MIR1256,1.28845508748165,,0.018776209555441,FALSE,""
JAVELIN,6252,NPR3;MLLT11;MIR4435-2;MIR618;LRP8,1.12817926295511,,0.285088305152907,FALSE,""
JAVELIN,6253,DCDC2;MIRLET7F1;SNORD33;UNC93A;LINC00299,1.28391809574546,,0.0238564308309935,FALSE,""
JAVELIN,6254,CTSW;LAG3;GAMT;LINC00671;C2orf82,0.986566697698955,,0.899313767272805,TRUE,""
JAVELIN,6255,HOXC10;SIGLEC14;FPR1;C5orf38;SNORD19B,1.07811338157459,,0.500444469272114,FALSE,""
JAVELIN,6256,KRT7;C5orf46;ALDH1A3;MIR218-1;ZNF90,1.21619851918285,,0.0625390336511193,FALSE,""
JAVELIN,6257,PDLIM4;AGMAT;ADCY4;GRIA4;MIR640,1.34021675053588,,0.00670498554586529,FALSE,""
JAVELIN,6258,PCOLCE2;AIF1L;SNORD6;MIR380;ZNF831,1.08839606349107,,0.415539849390549,FALSE,""
JAVELIN,6259,SBSPON;RGS9;MIR4635;MIR4636;CYYR1,1.55700182598976,,3.14353289085559e-05,FALSE,""
JAVELIN,6260,GBP5;CCL28;IFI44L;CST2;HAS3,1.15451615275197,,0.194143932598481,FALSE,""
JAVELIN,6261,MIR25;GLIS1;LDLR;MEGF11;OSR1,1.13012375399874,,0.261082818427851,FALSE,""
JAVELIN,6262,STEAP4;MIR4676;TOP2A;C9orf66;MIR4295,1.39123045794208,,0.0030653111368894,FALSE,""
JAVELIN,6263,NEB;MIR148B;EVI2B;TCAP;IER3,1.07821940931719,,0.498972845076103,FALSE,""
JAVELIN,6264,TSPAN7;CCL28;HIST1H2BO;CCBE1;DNALI1,1.18192858614273,,0.119444161264655,FALSE,""
JAVELIN,6265,CD27;LBP;CSF3R;LRRC3;MIR28,0.874449282004694,,0.216130518713676,TRUE,""
JAVELIN,6266,TMEM27;CHI3L2;ITGA11;BAALC;SH2D3A,1.14646013226556,,0.199724265524681,FALSE,""
JAVELIN,6267,STEAP4;ZFHX4;SLC2A9;SHISA9;EFS,1.03928656329395,,0.720333285456648,FALSE,""
JAVELIN,6268,NEB;KCNJ3;PLAT;EHF;MIR626,1.28172526967917,,0.0236999183430991,FALSE,""
JAVELIN,6269,MIR548AR;INHBB;MYO1G;CYP21A1P;ALMS1P,1.20618974304308,,0.069915392772169,FALSE,""
JAVELIN,6270,CYP2E1;MIR378H;CACNA1C;SFTPA2;TMEM232,1.393310044954,,0.00214936425739728,FALSE,""
JAVELIN,6271,MUC3A;MIR569;MS4A4A;FBXO2;PCP2,1.02181761359281,,0.83911399086588,FALSE,""
JAVELIN,6272,CX3CR1;MIR185;MCF2L;NTNG1;SNORD58C,1.33357230893011,,0.00585669612703712,FALSE,""
JAVELIN,6273,ITGB6;PNMA2;IGFBP6;FUT3;DNALI1,1.17979997413418,,0.112938816611556,FALSE,""
JAVELIN,6274,MIR4730;FOSL1;SEMA4G;SCTR;LILRA6,1.0155244290238,,0.890801078714418,FALSE,""
JAVELIN,6275,TNFAIP6;SLC5A10;SNORD116-16;B3GAT1;MIR3973,1.42174599142431,,0.00095842230677732,FALSE,""
JAVELIN,6276,KRT7;FCGBP;ECM2;TNNC2;CH25H,1.05206524447576,,0.651399934550948,FALSE,""
JAVELIN,6277,MACC1;B3GNT3;TSKU;MIR30D;MCOLN2,1.00065731861666,,0.994961790821098,FALSE,""
JAVELIN,6278,MIR548AR;MIR616;MYO1G;FLG;DLGAP5,0.936653887785764,,0.5388956553008,TRUE,""
JAVELIN,6279,FNDC1;STK32B;MIR631;OR2T11;FAM110C,1.43972446260265,,0.000992651998495025,FALSE,""
JAVELIN,6280,CTSW;F5;PPL;GRHL2;CCR6,0.945848475632402,,0.590530238986685,TRUE,""
JAVELIN,6281,SLC17A1;C10orf113;RHOBTB3;MIR181B2;PYGO1,1.24556616175754,,0.0426250253430427,FALSE,""
JAVELIN,6282,MIR4730;SNORA75;FOLR2;MIR190A;GJC2,1.41599813369086,,0.00126167061499107,FALSE,""
JAVELIN,6283,SBSPON;HLF;ANGPT2;EML6;GRTP1,1.3818744250139,,0.00238806862977822,FALSE,""
JAVELIN,6284,CPZ;MIR589;CACNA1C;BMPER;SNCA,1.15707226292851,,0.169902473712068,FALSE,""
JAVELIN,6285,FXYD2;MIR4519;MTCL1;VPREB3;FAM184A,1.27686289804579,,0.0270073912067987,FALSE,""
JAVELIN,6286,KCP;MIR646;SNAI2;GABRB3;LRRC17,1.58284607339707,,3.45577247322394e-05,FALSE,""
JAVELIN,6287,TINAG;ELOVL7;PTTG1;LGALS12;CYP4X1,1.6337267720565,,9.56077758653485e-06,FALSE,""
JAVELIN,6288,SRPX;TNXB;SNORD33;UPK1B;PLAC8,0.852046491533591,,0.134411121344247,TRUE,""
JAVELIN,6289,LPL;MIOX;MIR4714;CR2;CD300LF,1.18678650291168,,0.100426855170715,FALSE,""
JAVELIN,6290,MIR29B2;SLC23A1;CACNA1C;JSRP1;PNMAL1,1.20185531389151,,0.109766185738247,FALSE,""
JAVELIN,6291,MIR29B2;VSIG2;SNORD6;CYP11A1;CLEC10A,1.08423030498172,,0.46173913189848,FALSE,""
JAVELIN,6292,SCNN1A;GZMB;S1PR3;LPPR5;MIR5697,1.09150551283124,,0.401952465166486,FALSE,""
JAVELIN,6293,NTM;ASRGL1;FOLR2;TMEM82;SNORA38,1.46415301604766,,0.000390466730497514,FALSE,""
JAVELIN,6294,PCDHGB2;KCNIP4;HRSP12;SAA2;MIR548J,1.23974862001761,,0.0492860448196879,FALSE,""
JAVELIN,6295,MIR126;CCL28;HIST1H4L;MIR380;SP140,1.20454900914317,,0.0847950409265608,FALSE,""
JAVELIN,6296,UGT2A3;RGS9;MECOM;ATP6V0A4;ADCY1,1.50506429349291,,0.000282336050752735,FALSE,""
JAVELIN,6297,QPCT;GPD1;SLC2A9;CYP2B7P;ADM2,1.30313850455989,,0.0164406474003837,FALSE,""
JAVELIN,6298,MACC1;CPXM2;MECOM;PRIMA1;TSPAN2,1.21720037597612,,0.0580543876792452,FALSE,""
JAVELIN,6299,C1orf186;MAP7;MIR4714;ST8SIA5;NLGN4X,1.26064040350966,,0.0265771120173916,FALSE,""
JAVELIN,6300,PEG10;GYLTL1B;DMD;RSPO4;SNCA,1.17628346992169,,0.141015860260419,FALSE,""
JAVELIN,6301,ADAMTSL2;PRAP1;ALDH6A1;MIR592;CD300LF,1.32848157931213,,0.0067170968221394,FALSE,""
JAVELIN,6302,CYP2E1;FXYD1;MIR637;CR1L;DNAH6,1.40335074662256,,0.0016336923502543,FALSE,""
JAVELIN,6303,BAIAP2L2;UBASH3A;TOP2A;DIO1;PDCD1LG2,0.91904475992134,,0.441851818593473,TRUE,""
JAVELIN,6304,MIR378I;HAMP;BMP2;MIR5091;MIR4753,1.16801403130454,,0.157562218061196,FALSE,""
JAVELIN,6305,MIR30A;SNORD114-10;MYRF;SERPINA5;CD80,0.909462797969972,,0.375953064786593,TRUE,""
JAVELIN,6306,GBA3;SLC2A2;SNORD59A;TCAP;POU5F1P4,1.29076359850238,,0.0185677358213494,FALSE,""
JAVELIN,6307,MIR3189;MIR200B;MS4A4E;C12orf36;C14orf183,1.1953888430136,,0.109000384919316,FALSE,""
JAVELIN,6308,STC2;TRPC6;ANGPT2;G6PC;MIR5191,1.30831386843196,,0.0151976493529093,FALSE,""
JAVELIN,6309,CST7;CRYM;LDLR;HPX;MMP17,0.980483230924625,,0.854263265226924,TRUE,""
JAVELIN,6310,SLC7A9;NEBL;HIST1H4L;TNIP3;SNORD50A,1.26435371212823,,0.0311327838615642,FALSE,""
JAVELIN,6311,SLC34A2;MLXIPL;ROBO4;PRSS3;GRAP2,1.13627729988402,,0.222490126876921,FALSE,""
JAVELIN,6312,C1orf106;TRPC6;MYRF;CACNA2D2;KBTBD11,1.18422649799671,,0.101767629968668,FALSE,""
JAVELIN,6313,RAB17;C4A;BMP2;IBSP;NRXN3,1.36889797675374,,0.00487831786827458,FALSE,""
JAVELIN,6314,SHROOM3;THBS4;ID4;ADIPOQ;MIR4295,1.3013718255013,,0.0208866800984016,FALSE,""
JAVELIN,6315,NXPH4;LIPC;MIR3975;CPAMD8;LY9,1.11993789632269,,0.272072970296645,FALSE,""
JAVELIN,6316,MIR4499;MIR4676;SNORD116-8;CST2;GJC2,1.68421644040396,,3.77809806380907e-06,FALSE,""
JAVELIN,6317,WDR72;SLC23A3;LDB2;TFAP2B;ANKRD29,1.3637881861475,,0.00489668900949902,FALSE,""
JAVELIN,6318,PCOLCE2;MIR4655;ADAMTS2;TMC5;CD244,1.03923682787356,,0.725441214044228,FALSE,""
JAVELIN,6319,CD38;SMTNL2;SELENBP1;KCNJ1;FAM212A,1.31453539417217,,0.0122562735381821,FALSE,""
JAVELIN,6320,UBD;VEPH1;CCL4;MIR380;P2RY12,1.15185073445755,,0.17852697860234,FALSE,""
JAVELIN,6321,MIR4292;CXCL8;SELENBP1;MIR127;MIR548S,1.1597856670928,,0.164314745239625,FALSE,""
JAVELIN,6322,GLYAT;UBASH3A;ITGA11;TUBA3D;DAPK2,1.0438430617221,,0.679993260285125,FALSE,""
JAVELIN,6323,KRT7;ALDOB;FZD8;OR2T11;SNORA70D,1.2457489054289,,0.0463457861628769,FALSE,""
JAVELIN,6324,SVEP1;KIF26B;SNORD33;MIR4685;PI4KAP1,1.05675842188258,,0.605885148292722,FALSE,""
JAVELIN,6325,ABO;ABCA12;LZTS1;PCDHB5;GRHL1,1.50168458459656,,0.000275119186849665,FALSE,""
JAVELIN,6326,C1orf106;BEX2;SNORD29;HS3ST3A1;NCAPG,0.848015641336308,,0.132747545285235,TRUE,""
JAVELIN,6327,ANLN;ESRP2;MYO1G;EPO;MIR571,1.06026175822205,,0.599604844748953,FALSE,""
JAVELIN,6328,UGT8;LOC101928757;ARHGEF15;COX6A2;TSPAN2,1.29285832155054,,0.0167619734275674,FALSE,""
JAVELIN,6329,NME5;CD22;ID1;RP1;RPL39L,1.03657930228763,,0.731373094123539,FALSE,""
JAVELIN,6330,JPH2;GCNT3;COL5A3;TMC5;DSEL,1.39643972399093,,0.00287535948679114,FALSE,""
JAVELIN,6331,MGAT3;DNAH5;LZTS1;C5orf38;DAPK2,1.25270653127508,,0.0370523414405587,FALSE,""
JAVELIN,6332,BCL2A1;SNORD114-13;SELENBP1;DPYSL4;TIAM2,1.03307626690119,,0.760299401162699,FALSE,""
JAVELIN,6333,MUC3A;RGS9;TIE1;GPR15;CCDC154,1.21358318975024,,0.0694241415952604,FALSE,""
JAVELIN,6334,FRAS1;SNORD87;HIST1H2BO;SNORD114-15;GRAMD1B,0.892221662114937,,0.287588675165973,TRUE,""
JAVELIN,6335,CCL19;TRPC6;ANGPT2;CST2;IL17RD,1.41541570314777,,0.00220527255200918,FALSE,""
JAVELIN,6336,FCN3;ROR2;PTTG1;ZNF365;MCOLN2,0.946730273079931,,0.612843082615371,TRUE,""
JAVELIN,6337,GPER1;NPY6R;MIR1207;MIR4705;NOVA1,1.46773166163312,,0.000406575562637793,FALSE,""
JAVELIN,6338,UPB1;ZNF711;SLC2A9;BTLA;CD28,1.29074528723714,,0.012977450301141,FALSE,""
JAVELIN,6339,TINAG;HOXD11;MIR637;KRT5;PPP2R2B,1.32529982111352,,0.00850127110080578,FALSE,""
JAVELIN,6340,PPAP2C;LAG3;MYO1G;MIR134;MDH1B,0.929141900786623,,0.471710686483679,TRUE,""
JAVELIN,6341,TBX3;BTNL9;LDLR;ANO3;CASZ1,1.13137055648962,,0.250943083969726,FALSE,""
JAVELIN,6342,PTH1R;LAMC2;MAP4K1;KCNB1;LRRC37A4P,0.903303177262056,,0.352443332507932,TRUE,""
JAVELIN,6343,PDLIM4;PCDHGA5;MS4A4A;SLITRK2;LOC401317,0.902932140710799,,0.355293382684442,TRUE,""
JAVELIN,6344,MIR378I;GDA;MCF2L;TMC5;SH2D3A,1.29662102858179,,0.021012276025405,FALSE,""
JAVELIN,6345,RAB42;AQP7;SARDH;TM6SF2;MPP7,1.29809637980213,,0.0162614026597977,FALSE,""
JAVELIN,6346,CRB3;CCDC183;SNORD6;HCN2;PPFIA3,1.22382249861883,,0.0800279687178803,FALSE,""
JAVELIN,6347,TACSTD2;PLA2G2A;CSF3R;TMC5;CYP27B1,0.899443464483077,,0.341230902256143,TRUE,""
JAVELIN,6348,C8orf4;CYP4F11;HMCN1;DPYSL4;BMP6,1.11058565020243,,0.337149920934127,FALSE,""
JAVELIN,6349,PCOLCE2;DSCAML1;PLAUR;FOXF2;PLCH1,1.32790025146478,,0.00876684222072943,FALSE,""
JAVELIN,6350,ABCC6;B3GNT3;CALCRL;MIRLET7G;SNORD96B,1.26484256795608,,0.0235210277748424,FALSE,""
JAVELIN,6351,ABO;CDCP1;IL2RB;IL13RA2;RPL23AP32,0.948711598993365,,0.629526162645516,TRUE,""
JAVELIN,6352,NLGN1;KLHDC7A;APCDD1;MIR758;CLEC1A,1.32654571311186,,0.0075072824048625,FALSE,""
JAVELIN,6353,MYH14;PLA2G2A;TSKU;EGFL6;LOC101927941,1.02631487957805,,0.808050475962142,FALSE,""
JAVELIN,6354,LOC101927834;LBP;S1PR3;SIM2;C9orf106,1.38695115256633,,0.00346493191062216,FALSE,""
JAVELIN,6355,TENM1;SLC27A2;CALCRL;SLC26A9;PDGFD,1.57101643272678,,3.5499302668648e-05,FALSE,""
JAVELIN,6356,FGB;CPA3;LDB2;CCL13;LRRC17,1.24243985073453,,0.0442101703215088,FALSE,""
JAVELIN,6357,TSPAN13;RARRES1;MIR1537;MIR4705;TDRD10,1.11718465130345,,0.295245894488363,FALSE,""
JAVELIN,6358,NTM;CCDC148;TIE1;APOC3;RNF148,1.4956446753131,,0.000223368687753304,FALSE,""
JAVELIN,6359,TINAG;IRF4;MIR4714;MIR1302-5;MDH1B,1.37022268684534,,0.00375832975986903,FALSE,""
JAVELIN,6360,RAP1GAP;GYLTL1B;MIR938;NOG;FAXDC2,1.2757242149057,,0.0293879527219831,FALSE,""
JAVELIN,6361,CXCL1;CLMP;PIEZO2;SLC30A2;CCDC17,1.0482070367378,,0.661552534273149,FALSE,""
JAVELIN,6362,TSPAN7;SNORD110;EVI2B;MIR1290;FAXDC2,1.13447760514546,,0.221176147887476,FALSE,""
JAVELIN,6363,REG1A;LAG3;LDLR;GABRB3;LOC100128242,1.08348699379527,,0.464107632381142,FALSE,""
JAVELIN,6364,IL6;MIR185;MTCL1;PPBP;RASSF6,1.01040388411853,,0.924552252947379,FALSE,""
JAVELIN,6365,HOXD10;IL1B;GEM;XCR1;MIR4295,1.18369383438351,,0.113439897158469,FALSE,""
JAVELIN,6366,HIF1A-AS2;EXPH5;MIR4714;TNFRSF17;PI4KAP1,1.46894414879324,,0.000307800608712976,FALSE,""
JAVELIN,6367,UBD;SNORD114-10;IGFBP6;FPR2;MIR3682,0.891988386782971,,0.281575098257344,TRUE,""
JAVELIN,6368,HIF1A-AS2;NDNF;HRSP12;FAM183A;LOC400043,1.44459587884884,,0.000803882319058128,FALSE,""
JAVELIN,6369,DCDC2;B3GNT4;MYO7A;FLG;MIR4440,1.10925203238943,,0.342208416791822,FALSE,""
JAVELIN,6370,NLGN1;GLDC;MIR197;ATP13A4;PRDM8,1.24103719141291,,0.0450247553966155,FALSE,""
JAVELIN,6371,MIR4652;ADRA2A;IGFBP6;MYBPC2;CYP26B1,1.00961193008506,,0.930476295772063,FALSE,""
JAVELIN,6372,ANO9;GDA;HRSP12;MIR4531;MAP6,1.4161579488183,,0.00242933003136388,FALSE,""
JAVELIN,6373,BCL2A1;C5orf46;MST1;MIR4735;RASL12,1.33951531839993,,0.00641551462675298,FALSE,""
JAVELIN,6374,AKR7A3;GYLTL1B;PC;LOC101929578;MDFI,1.33529958373856,,0.014543696972818,FALSE,""
JAVELIN,6375,BAMBI;PDGFRL;PDLIM3;WBSCR17;GPR68,1.15775258691066,,0.176178972404537,FALSE,""
JAVELIN,6376,IKZF3;WNK4;SNORA77;FCRL5;CCDC141,0.922356015464402,,0.44236465776911,TRUE,""
JAVELIN,6377,PEG10;MT1A;SARDH;JSRP1;CH25H,1.01454436920672,,0.892780835928213,FALSE,""
JAVELIN,6378,SRPX;SLC23A1;MXRA8;WFDC5;VN1R1,1.01567673714726,,0.8899650323976,FALSE,""
JAVELIN,6379,RERG;LIPC;MIR4635;PCP4;POLQ,1.30778101510456,,0.0132434993258836,FALSE,""
JAVELIN,6380,MYO3A;SLC16A9;DMD;C5orf27;KIF20A,1.2881460002967,,0.0197447005936605,FALSE,""
JAVELIN,6381,C1orf186;MIR378H;EVI2B;PRSS12;EME1,0.975892742414938,,0.81727732447998,TRUE,""
JAVELIN,6382,CCL19;UBASH3A;PTER;C12orf36;ALDH1L2,0.812114545527935,,0.0458766685053979,TRUE,""
JAVELIN,6383,ITGB6;MIR1249;MIR1537;SFTPC;CKAP2L,0.943787780451957,,0.581061892752034,TRUE,""
JAVELIN,6384,MIR3117;MIR186;MIR544B;MIR4786;C5AR2,1.2647456005479,,0.0245637131949909,FALSE,""
JAVELIN,6385,CXCL1;ADORA1;HRSP12;BMP5;SERTAD4-AS1,1.24628711595169,,0.0464802579575488,FALSE,""
JAVELIN,6386,MIR3189;SNAP25;DPYSL3;HOXB13;KCNMB4,1.18952121461154,,0.11797778720396,FALSE,""
JAVELIN,6387,FGB;ZFHX4;MYO1G;MROH2A;GLT8D2,0.964006400856041,,0.728437095046927,TRUE,""
JAVELIN,6388,F8;SNORD114-13;MTCL1;CIDEC;RPL39L,1.08427409037837,,0.464338258331012,FALSE,""
JAVELIN,6389,FOSB;TRIM55;HOXD4;FCER1A;POU5F1B,1.48260399619998,,0.000226034748656606,FALSE,""
JAVELIN,6390,GPER1;SOX6;EFNA1;GLRB;CNTN4,1.36104082047993,,0.00441178609178643,FALSE,""
JAVELIN,6391,MYOM3;CHI3L2;MIR4714;MIR578;C9orf106,1.28272341145974,,0.0193449342044687,FALSE,""
JAVELIN,6392,SNCG;MIR378A;ECM2;SCN3A;FAM110C,1.56448030649687,,7.3881882257007e-05,FALSE,""
JAVELIN,6393,AKR7A3;MFAP2;PTER;AMPD1;CTRL,0.993292925335878,,0.950201338688987,TRUE,""
JAVELIN,6394,ABCA6;HYDIN;MIR4714;PCDHB6;SERTAD4,1.43450576233107,,0.00117621886882537,FALSE,""
JAVELIN,6395,TRABD2B;CXCL13;RASGRP1;WNT2;PCDHGC4,0.983348036104131,,0.874736509640992,TRUE,""
JAVELIN,6396,MACC1;AQP7;EVI2B;SYT8;KBTBD11,1.17786164257904,,0.113760575206501,FALSE,""
JAVELIN,6397,ASPN;CYP4F12;EMP1;MIR548AS;SERTAD4,1.43721958825798,,0.000851289786580106,FALSE,""
JAVELIN,6398,PTHLH;HP;HOXD9;MIR196A1;TMEM232,1.55429674501577,,4.82169181771527e-05,FALSE,""
JAVELIN,6399,MIR142;ABCB4;MCF2L;TNNT2;THEMIS,1.08113677884934,,0.452768516624971,FALSE,""
JAVELIN,6400,ANK3;CCL28;PTK7;GRIK3;HIST1H1A,1.40107375323282,,0.00148312318766639,FALSE,""
JAVELIN,6401,EXOC3L4;NDNF;CKS2;GAS2;ACTA2-AS1,1.31624135833308,,0.0129901732394606,FALSE,""
JAVELIN,6402,PTHLH;ROR2;MST1;MIR452;EMR4P,1.22768353306687,,0.0615833322100427,FALSE,""
JAVELIN,6403,SULT1C4;CYP4F11;FAM20A;KCNB1;CYP27B1,1.15472720825953,,0.188573222172856,FALSE,""
JAVELIN,6404,FOLH1;MIRLET7F1;SNORD74;LRRC7;C2orf82,1.3546727178219,,0.00516176810049623,FALSE,""
JAVELIN,6405,MIR4292;IRF4;CACNA1C;MIR4489;NEIL3,0.965287286386123,,0.737577029878113,TRUE,""
JAVELIN,6406,NXPH4;SFRP1;MIR1537;HECW1;SNORD19B,1.04323982437611,,0.689731726395219,FALSE,""
JAVELIN,6407,ESM1;TCF21;ID1;HIST1H2AA;SNORD91A,1.4498788823605,,0.000938601373702862,FALSE,""
JAVELIN,6408,ITGA8;LOC100288152;MIR631;AVPR1B;ZSWIM5,1.62055096241857,,2.41542817625553e-05,FALSE,""
JAVELIN,6409,AGMO;CYP4F3;PLAUR;SALL4;MIR1284,1.25557951981963,,0.0364686827267655,FALSE,""
JAVELIN,6410,IKZF3;MIR200B;DPYSL3;SFTPD;DAPK2,0.943371184496051,,0.57574979788738,TRUE,""
JAVELIN,6411,ALPK3;SNORD115-5;ALDH1A3;SNORD114-15;NEK10,0.995664587278952,,0.968049360900719,TRUE,""
JAVELIN,6412,ACE2;MIR429;MIR197;SALL4;SNORD24,1.33129333872564,,0.00853030500078004,FALSE,""
JAVELIN,6413,ESM1;SNORD77;SLC44A3;CFTR;C8orf88,1.38039995701506,,0.00404421131866804,FALSE,""
JAVELIN,6414,CTSW;BTNL9;MECOM;RHOV;ATP1B2,1.27048180478312,,0.0239912888677251,FALSE,""
JAVELIN,6415,TNFAIP6;IGFBP1;ACSF2;MIR181B2;CD40LG,1.1190506920281,,0.285187613448693,FALSE,""
JAVELIN,6416,ABCC6;CMYA5;TMEM132A;ATP6V0D2;ADAMTS12,1.06639825848731,,0.563909759756636,FALSE,""
JAVELIN,6417,HHLA2;SDS;MIR4784;OGN;RGS11,1.13366046322977,,0.239653738581183,FALSE,""
JAVELIN,6418,SCNN1A;PRODH2;SNORA77;EPO;HMMR,1.11391158108302,,0.325759975907965,FALSE,""
JAVELIN,6419,IL6;B3GNT4;PDLIM3;PDPN;LTB,0.909669289230447,,0.398088276689992,TRUE,""
JAVELIN,6420,SLC34A2;C5orf46;BMP2;G6PC;TMEM178A,1.33228491968798,,0.00934404102780887,FALSE,""
JAVELIN,6421,PDLIM4;ZNF727P;SNORD116-8;MIR4530;P2RY6,1.17478166485179,,0.130790531212051,FALSE,""
JAVELIN,6422,EXOC3L4;MYO7B;PIEZO2;MIR4798;SLAMF1,1.13567507729792,,0.226472504855821,FALSE,""
JAVELIN,6423,AGMO;ZNF711;CKS2;FOXA2;PLCH1,1.42647424629501,,0.00108668224014291,FALSE,""
JAVELIN,6424,SNCG;HOXD11;PDLIM3;MIR4735;IL1RL2,1.26938470008201,,0.0324773011036469,FALSE,""
JAVELIN,6425,MIR29B2;SLAMF7;GAMT;SCN3A;RAB6B,1.1543300455754,,0.207245000734791,FALSE,""
JAVELIN,6426,ALDH1L1;CPA3;HIST1H2AL;GGT3P;DCDC1,1.64065643596653,,8.80944319709207e-06,FALSE,""
JAVELIN,6427,MIR23C;SLC38A11;PTER;SULT2B1;WSCD1,1.31485733770861,,0.0116731683501832,FALSE,""
JAVELIN,6428,F2RL1;PCDHGA5;SNORA26;EHF;UHRF1,0.970817972977859,,0.784279842277282,TRUE,""
JAVELIN,6429,MIR378I;ESRP2;HIST1H2AL;ZBTB7C;RNF157,0.914713123147756,,0.401711594246088,TRUE,""
JAVELIN,6430,SLC34A2;GRM8;CCL4;OVCH2;BATF,0.984970138125192,,0.885509354997538,TRUE,""
JAVELIN,6431,GBA3;MAP7;PTK7;SCN2A;CD300LF,1.20137763938623,,0.0942201094024925,FALSE,""
JAVELIN,6432,SHROOM3;SMTNL2;SLC44A3;MIR1305;MEFV,1.17312791466347,,0.138971208916352,FALSE,""
JAVELIN,6433,PIGR;FOXP2;CSF3R;MAT1A;CRYBB2,1.17048279691972,,0.151239440325896,FALSE,""
JAVELIN,6434,NEB;TF;MIR4635;PWRN1;MDH1B,1.37292150027394,,0.00391734161832328,FALSE,""
JAVELIN,6435,NME5;ANKRD18A;IGFBP6;MIR3126;DPY19L2P2,1.23692460867298,,0.0520588516434794,FALSE,""
JAVELIN,6436,TINAG;MIOX;GEM;AFM;EPHA1,1.2676681901842,,0.035270959478638,FALSE,""
JAVELIN,6437,NEB;HPGD;MYO7A;SNORD114-24;MDFI,1.13909170068483,,0.227166563323489,FALSE,""
JAVELIN,6438,MIR4652;LDHD;SNORD116-16;TDO2;MIR765,1.34494800324992,,0.00749749246187245,FALSE,""
JAVELIN,6439,CCL19;MIR569;TEK;MFSD4;MIR597,1.19203344341245,,0.103948026335062,FALSE,""
JAVELIN,6440,MIR3117;TENM3;PTTG1;NOG;SNCAIP,0.999833872623845,,0.998861119816871,TRUE,""
JAVELIN,6441,ARHGEF16;CMYA5;TOP2A;C1orf116;MIR548S,1.07511754788266,,0.490409815548063,FALSE,""
JAVELIN,6442,SLC39A5;HAMP;MYRF;DEFB134;DCDC1,1.28075355231738,,0.0235921555547237,FALSE,""
JAVELIN,6443,HOGA1;COL11A1;ALDOC;RHBG;RASD2,1.25313501571986,,0.0388512514614147,FALSE,""
JAVELIN,6444,IDO1;SLC23A3;MKI67;PAEP;PTGDR,0.920513643205223,,0.440134262656073,TRUE,""
JAVELIN,6445,HABP2;GLDC;PLEKHA7;NAT8L;PI4KAP1,1.14724103449866,,0.227614630253423,FALSE,""
JAVELIN,6446,PLAC9;CHRDL1;SNORD116-16;XDH;PPM1H,1.06443091224244,,0.565451152212539,FALSE,""
JAVELIN,6447,BCMO1;MLXIPL;FPR1;GABRB3;RPL39L,1.27953893124606,,0.0226503624411615,FALSE,""
JAVELIN,6448,MIR378I;MIR4796;MIR4714;SCUBE1;PLAC8,1.03225055036425,,0.768192194156254,FALSE,""
JAVELIN,6449,ITGB6;MIR148B;HIST1H4L;SNORD114-7;LOC441402,1.18261354240443,,0.124835162907606,FALSE,""
JAVELIN,6450,ACKR1;PCDH10;FAM20A;ROBO2;KCNMB4,1.3267453041478,,0.0077061816033981,FALSE,""
JAVELIN,6451,UBD;GPC3;TMEM132A;VNN3;PRRT3-AS1,0.758111071342929,,0.00999401477497171,TRUE,""
JAVELIN,6452,SLC7A9;PCDH10;ADAMTSL3;CILP2;CLEC1A,1.47122714282568,,0.00017203121264518,FALSE,""
JAVELIN,6453,FAM46C;CPXM2;IFI44L;KCNAB1;SH2D3A,1.16838432106878,,0.132014734051915,FALSE,""
JAVELIN,6454,RERG;HOXD11;SNORD116-28;PRND;CDC20,1.19087328208308,,0.114064625554616,FALSE,""
JAVELIN,6455,ALDH1L1;SLC26A1;SNORD12B;CDH15;DAPP1,1.15904789688209,,0.163677725985185,FALSE,""
JAVELIN,6456,FOSB;REEP6;ADCY4;RHOV;DPY19L2P2,1.20616310134693,,0.0862865034592955,FALSE,""
JAVELIN,6457,KCP;HLF;RGL3;WBSCR17;DNAH6,1.45626375119887,,0.000675248887544539,FALSE,""
JAVELIN,6458,GPR126;GRB14;CACNA1C;CACNA1E;MIR597,1.47250670431797,,0.000400838760446591,FALSE,""
JAVELIN,6459,MYOM3;NAGS;MIR631;SAA2;MIR3682,1.15267567891836,,0.193510918821652,FALSE,""
JAVELIN,6460,PLAC9;MIR378H;DENND2A;PTPRN;SNORD116-23,1.31896998580831,,0.0123641812103731,FALSE,""
JAVELIN,6461,TSPAN13;IGF1;MIR197;ELFN2;FAM110C,1.07146951574422,,0.521438064917472,FALSE,""
JAVELIN,6462,FMO2;MAP7D2;SNORA48;MIR4533;CATSPERG,1.47076767655066,,0.000566417009094628,FALSE,""
JAVELIN,6463,MFSD2A;PCDHGA4;HIST1H4L;DNAAF1;SYCE1L,1.05464459376515,,0.616701068234959,FALSE,""
JAVELIN,6464,SULT1C4;MT1M;PTK7;GRIK3;MPP7,1.21617782361911,,0.0775391691888113,FALSE,""
JAVELIN,6465,OLFML2A;PCDHGA4;ALDH1A3;EYA4;ACTA2-AS1,1.32421859434693,,0.0103754411108856,FALSE,""
JAVELIN,6466,NTM;GPRC5A;CYTIP;CCL17;CDC20,0.842717267429363,,0.120045375223367,TRUE,""
JAVELIN,6467,PTH1R;WNK4;EVI2B;SNORD114-14;SH2D3A,1.02055135167037,,0.850020954745918,FALSE,""
JAVELIN,6468,SLC34A2;GPD1;DENND2A;PIK3C2G;PPP2R2B,1.24627414395044,,0.0453769675262462,FALSE,""
JAVELIN,6469,NOX4;PPP1R1A;ADAMTS2;PCDHGA3;POU5F1B,1.19386870513919,,0.126854439355584,FALSE,""
JAVELIN,6470,COL4A4;CCDC64;LDB2;TDRD9;MIR548S,1.23611041814146,,0.0475766959278196,FALSE,""
JAVELIN,6471,HOXD10;INMT;ALDH6A1;MIR378D2;ST6GALNAC3,1.26756450298371,,0.0295304490526579,FALSE,""
JAVELIN,6472,TSPAN13;MOXD1;MIR4435-2;EML6;TMEM178A,1.09553253014988,,0.398557007556724,FALSE,""
JAVELIN,6473,PDLIM4;GLYATL1;CRISPLD2;SMOC1;PADI2,1.08300242914559,,0.456068244330973,FALSE,""
JAVELIN,6474,ABCA6;PRAP1;CACNA1C;DLK2;ARL4D,1.27390136384881,,0.0240821204838286,FALSE,""
JAVELIN,6475,KRT7;STK32B;COX7A1;FAM166B;MIR4440,1.21445450781195,,0.0619508702359605,FALSE,""
JAVELIN,6476,ALDH1L1;CXCL13;FZD8;TUBA3D;HMMR,0.968444921162457,,0.768553721238236,TRUE,""
JAVELIN,6477,F8;MIR378H;S1PR3;NPHS1;ARL4D,1.29131733437459,,0.0185292776000653,FALSE,""
JAVELIN,6478,CCL20;SNORD77;MIR938;GPR115;XCL2,0.905388581938997,,0.353122077347727,TRUE,""
JAVELIN,6479,FER1L4;NRG1;SNORD33;DAO;HOXB5,1.31701055953888,,0.0113694285553093,FALSE,""
JAVELIN,6480,ESM1;CD69;DENND2A;FAM166B;MIR3973,1.19387051371643,,0.106433611077874,FALSE,""
JAVELIN,6481,SCIN;KMO;SNORD116-16;ATP6V0A4;FAM69B,1.62569907617915,,1.54406690193479e-05,FALSE,""
JAVELIN,6482,FRAS1;AZGP1;MCF2L;FAM3B;GPRIN1,1.29303434557878,,0.0211276703585924,FALSE,""
JAVELIN,6483,AKR7A3;MLXIPL;SLC2A9;TDRD9;KCNN3,1.45889652882388,,0.000600844626331465,FALSE,""
JAVELIN,6484,MIR3646;C4A;HIST1H4L;PERM1;PTTG2,1.28302957057389,,0.020019264983379,FALSE,""
JAVELIN,6485,GLYAT;MLXIPL;MYO7A;LOC100505635;LOC101928494,1.35701338190372,,0.00465119870575984,FALSE,""
JAVELIN,6486,EXOC3L4;FOSL1;FPR1;SCG5;KLHL13,0.869447397776822,,0.194322223706281,TRUE,""
JAVELIN,6487,MFSD2A;SNORA75;GAMT;UPK1B;ACTA2-AS1,1.09297600051139,,0.42042427632587,FALSE,""
JAVELIN,6488,MIR4292;NDNF;PDLIM3;LOC101929578;GPR174,1.16448425249639,,0.151345481960187,FALSE,""
JAVELIN,6489,ABO;MFAP2;PTER;AMZ1;PANK1,1.22269941417146,,0.0634278093946934,FALSE,""
JAVELIN,6490,NR4A2;ALDH8A1;GAMT;FCER2;FAM110C,1.12562930731142,,0.269095288133572,FALSE,""
JAVELIN,6491,CHDH;MIR3145;IL2RB;TCHH;SNORD126,1.17052277713074,,0.138068267155671,FALSE,""
JAVELIN,6492,MIR4292;MIR616;DPYSL3;LHX1;KCNMB4,0.991717307739197,,0.938636523123318,TRUE,""
JAVELIN,6493,PGF;MIR1972-1;ID1;KCNAB1;CD80,1.3593027905548,,0.00424451782632982,FALSE,""
JAVELIN,6494,SPAG17;TMEM171;DENND2A;ESRP1;C22orf34,1.29102440026518,,0.0193594419669777,FALSE,""
JAVELIN,6495,ACADL;MLXIPL;CDH13;MIR4643;LZTS3,1.4692452756396,,0.00065410644070954,FALSE,""
JAVELIN,6496,MUC3A;MIR4804;SNORD116-28;ESPNP;PLAC8,1.1709255965391,,0.146519582506771,FALSE,""
JAVELIN,6497,MIR30A;MIR4655;PLEKHA7;IRX2;MIR4681,1.18511419031197,,0.114396835712923,FALSE,""
JAVELIN,6498,HOGA1;MIR200B;ADAMTSL3;SNORD114-17;CNTN4,1.41682301842251,,0.00146565603491501,FALSE,""
JAVELIN,6499,HOGA1;HSH2D;TREM2;ARHGAP40;GSTO2,0.974910066679719,,0.81867429310886,TRUE,""
JAVELIN,6500,GPT;GRB14;DMD;SEMA3D;MIR4706,1.39275446087907,,0.00298132051879779,FALSE,""
JAVELIN,6501,C14orf105;SOX6;DCBLD2;CXCR1;ZNF471,1.16372592098292,,0.170872527975622,FALSE,""
JAVELIN,6502,AKR7A3;MIR563;SELENBP1;RANBP3L;WSCD1,1.50052008542512,,0.000322765566791005,FALSE,""
JAVELIN,6503,PDLIM4;INMT;ACSF2;WNT11;TSPYL5,0.92976956154882,,0.485995476812689,TRUE,""
JAVELIN,6504,GATA3;COL7A1;CRISPLD2;CPA6;MIR581,0.864271964258797,,0.179450256119934,TRUE,""
JAVELIN,6505,SULT1C4;ESRP2;RNF128;MIR3196;FIGNL2,1.26084096567453,,0.0296066001323032,FALSE,""
JAVELIN,6506,ARHGEF16;COL7A1;MAP4K1;PCP4;C19orf83,0.917937561114049,,0.446806260908148,TRUE,""
JAVELIN,6507,ACE2;MOXD1;PPL;GPR37;CD80,0.994375144748324,,0.957534867379779,TRUE,""
JAVELIN,6508,TTC39A;MIR4519;DCBLD2;MIR4705;MFAP3L,1.32101988550242,,0.00912613897567058,FALSE,""
JAVELIN,6509,ABCC6;EGR3;SNORD116-8;WNT10A;CD40LG,1.14960650830777,,0.183548238368126,FALSE,""
JAVELIN,6510,CPZ;PAH;EVI2B;PODNL1;ARL4D,0.985174070167707,,0.888774162279812,TRUE,""
JAVELIN,6511,FXYD2;FAM65C;CACNA1C;MIR1193;PCP2,1.36496804722059,,0.00414113568352222,FALSE,""
JAVELIN,6512,PCOLCE2;CXCL8;FOLR2;APOBEC3A;AK7,1.07859429525751,,0.489659987474039,FALSE,""
JAVELIN,6513,SLC7A9;SLC7A8;MST1;CTSE;KIF4A,1.20668182560393,,0.0923437373806579,FALSE,""
JAVELIN,6514,ANLN;GRB14;ALDOC;OPCML;EPHB3,1.3930807604673,,0.00187819462491699,FALSE,""
JAVELIN,6515,FNDC1;FAM65C;ACSF2;RHCG;E2F8,1.11095616108436,,0.337543803528014,FALSE,""
JAVELIN,6516,F8;AGMAT;PPL;APLP1;ZSCAN31,1.31445599472392,,0.0114244865048859,FALSE,""
JAVELIN,6517,NXPH4;KLKB1;ROBO4;PVRL4;PCDHGA6,1.31810307984689,,0.0115857991439084,FALSE,""
JAVELIN,6518,OLR1;HRH2;ITGA11;CYP4B1;MEFV,1.0554058781031,,0.594569489431041,FALSE,""
JAVELIN,6519,MIR142;COL7A1;CALCRL;TMEM100;CASZ1,1.04587165544406,,0.660083119610723,FALSE,""
JAVELIN,6520,CXCL1;NPY1R;LDLR;SPESP1;STEAP2,1.20324955236548,,0.0882040320985783,FALSE,""
JAVELIN,6521,EXOC3L4;MST1P2;ARHGEF15;SNORA11D;LOC100294362,1.35911606392245,,0.00356805324029843,FALSE,""
JAVELIN,6522,FMO3;TNFSF14;PIEZO2;FAM183A;AGBL3,1.25820017186389,,0.0323897156289911,FALSE,""
JAVELIN,6523,ASPN;SLC26A1;TREM2;MIR618;MIR4720,1.69161840602713,,1.50843217574796e-06,FALSE,""
JAVELIN,6524,PDLIM4;DPEP1;MIR3125;C16orf89;CCDC144CP,1.23375673764958,,0.0482186236243231,FALSE,""
JAVELIN,6525,MIR126;ABCA12;IGFBP6;DAO;DLGAP5,1.25233448000545,,0.0406288351938926,FALSE,""
JAVELIN,6526,ANK3;LDHD;IFI44L;TOX3;SPTBN5,1.39875131658852,,0.00250589137433294,FALSE,""
JAVELIN,6527,TACSTD2;DUSP2;CRISPLD2;GABRP;PTTG2,0.916927968323169,,0.413476764389778,TRUE,""
JAVELIN,6528,MIR126;CD3G;EMP1;TRPV3;PSD3,0.968549487853593,,0.766208876918245,TRUE,""
JAVELIN,6529,OGDHL;GPC3;MIR938;CNFN;ICOS,1.02891779677024,,0.796984565176146,FALSE,""
JAVELIN,6530,PYCR1;NPY6R;CCL4;PPBP;KCNA3,0.972100046944268,,0.785341816117589,TRUE,""
JAVELIN,6531,SCN9A;MMP24;SNORD33;TMEM174;ACTA2-AS1,1.35779013232548,,0.00354466416205975,FALSE,""
JAVELIN,6532,NR4A3;MIR1972-1;MIR3125;DUSP15;LOC553103,1.45551071260175,,0.000833726445626824,FALSE,""
JAVELIN,6533,GPT;MIOX;MIR938;MIR574;MELK,1.27767963093443,,0.0238591357965156,FALSE,""
JAVELIN,6534,NOX4;B3GNT4;MIR544B;CAPN8;CETP,1.39099534480948,,0.00218863443389859,FALSE,""
JAVELIN,6535,MIR30A;SLC4A3;HIST1H2AL;SNTG2;SNCA,0.903398334473013,,0.32546790139364,TRUE,""
JAVELIN,6536,TRABD2B;CYP4F3;TMEM204;GPR98;GRHL1,1.2230840979866,,0.0689137315300819,FALSE,""
JAVELIN,6537,MIR3646;CDCP1;MIR544B;ASPG;SNORD116-10,1.40241707936326,,0.00240030243788745,FALSE,""
JAVELIN,6538,TMEM27;SLC22A3;MS4A4E;HRCT1;HOXA10-AS,1.29180543438344,,0.0160929982162579,FALSE,""
JAVELIN,6539,NEB;CHI3L2;DPYSL3;ICAM5;RNF148,0.965725162629528,,0.741454550271996,TRUE,""
JAVELIN,6540,F2RL1;SNORD67;MECOM;DMRT2;ALMS1P,1.4765455481937,,0.000485494634644324,FALSE,""
JAVELIN,6541,MIA2;MIR3145;MIR4435-2;DLK2;PPP1R3G,1.45461351962243,,0.000676041695699543,FALSE,""
JAVELIN,6542,EMX2;MIRLET7F1;FOLR2;CST6;TAL1,1.16220658899859,,0.149812622462682,FALSE,""
JAVELIN,6543,FNDC1;TMEM171;SNORD116-16;PRSS12;TBX21,1.22903494754462,,0.0445100032858271,FALSE,""
JAVELIN,6544,FMO3;UBASH3A;SEMA4G;LHX1;LOXL4,1.06328099230914,,0.569224036220597,FALSE,""
JAVELIN,6545,CX3CR1;CHRDL1;HOXD4;MIR1302-5;MIR548J,1.37166707634179,,0.00158947603509085,FALSE,""
JAVELIN,6546,PYCR1;MIR4796;GAMT;SLC22A7;MIR640,1.32748871597902,,0.0101775742744428,FALSE,""
JAVELIN,6547,PPAP2C;MIR569;2020-03-02 00:00:00;MYOT;PAQR6,1.10262027051422,,0.384009029498598,FALSE,""
JAVELIN,6548,NOX4;SPX;PTTG1;OR2T11;LNX1,1.39346228370758,,0.00233525224215253,FALSE,""
JAVELIN,6549,F8;AZGP1;CACNA1C;AKR1B10;CD40LG,1.25065270204502,,0.0332754970415444,FALSE,""
JAVELIN,6550,TINAG;MZB1;IGFBP6;PTPRQ;TDRD10,1.1292743935991,,0.24651947499995,FALSE,""
JAVELIN,6551,GLYAT;HSH2D;MIR4714;LINC00671;NAV3,1.15020822784222,,0.199112033352981,FALSE,""
JAVELIN,6552,ABCC6;THBS4;MXRA8;BRE-AS1;CCR4,1.09042422305277,,0.395571814649278,FALSE,""
JAVELIN,6553,STC2;CXCL8;PIEZO2;PPP2R2C;E2F8,0.927403186683984,,0.485308085212088,TRUE,""
JAVELIN,6554,MIR645;FCGBP;SNORD116-28;ASPDH;POLQ,1.16653487121136,,0.160266245060964,FALSE,""
JAVELIN,6555,FMO3;ZFHX4;SNORD6;ATP6V1B1;SP140,0.933504212875713,,0.514450652285341,TRUE,""
JAVELIN,6556,ALPK3;SMTNL2;GEM;SNORD115-20;GZMM,1.08395318211885,,0.449682998383376,FALSE,""
JAVELIN,6557,TTC39A;IL2RA;DLL4;FOXA1;PCDHGA6,1.05874172434076,,0.605091446712596,FALSE,""
JAVELIN,6558,C8orf4;COLEC12;RGL3;MIR10A;MIR1288,1.40361597857885,,0.00188678696046625,FALSE,""
JAVELIN,6559,NR4A2;CXCL13;ID1;PDPN;SNORD20,0.910091098315798,,0.371424016746422,TRUE,""
JAVELIN,6560,FER1L4;FUT6;DLL4;MIR585;WNT2B,1.38628775539257,,0.0027556090087994,FALSE,""
JAVELIN,6561,SCNN1A;TRIM55;IGFBP6;CCDC158;ACOT1,1.33751177806429,,0.00688606019660681,FALSE,""
JAVELIN,6562,SLC39A5;MIRLET7D;CDH13;AMZ1;LOC100128242,1.40608200113094,,0.00221577679220809,FALSE,""
JAVELIN,6563,FGG;RGS9;MIR1537;CNTN3;PYGO1,1.15127193350804,,0.199820056216511,FALSE,""
JAVELIN,6564,HNF1A;MIR339;ADAMTSL3;KCNJ1;CCDC74B,1.41662233550698,,0.00182059344856589,FALSE,""
JAVELIN,6565,PLAC9;FAP;ADAMTSL3;HCAR3;RGS11,1.18159156420177,,0.109379374578096,FALSE,""
JAVELIN,6566,SCNN1A;SLC16A9;BMP2;TMEM100;MIR4753,1.3539046454483,,0.00538433867354697,FALSE,""
JAVELIN,6567,MIR4652;MIR4796;TMEM204;PAEP;GSTO2,1.28675497051975,,0.028273342981044,FALSE,""
JAVELIN,6568,S100A8;MIRLET7D;GPC4;ENAM;LOC101928749,1.40071544626037,,0.00180694822168339,FALSE,""
JAVELIN,6569,SMIM24;NRG1;SNORD59A;CCDC78;LRP8,0.993872494357487,,0.954333673949189,TRUE,""
JAVELIN,6570,SBSPON;KCNJ3;SNORD116-28;SNORD114-6;SIT1,1.26259007496043,,0.0188976106101108,FALSE,""
JAVELIN,6571,ABCC6;MIR186;HOXD4;CA3;ASPRV1,1.47761175340771,,0.000205908007384999,FALSE,""
JAVELIN,6572,HABP2;KCNIP4;DMD;KRT5;CCDC85A,1.31566745847419,,0.0123259631390019,FALSE,""
JAVELIN,6573,FXYD2;GFRA1;PBX1;LMO1;ZNF471,1.35182046933175,,0.00612223179189123,FALSE,""
JAVELIN,6574,C8orf4;SNORA69;IFI44L;MGARP;MTRNR2L10,1.18699689664803,,0.0927018426144823,FALSE,""
JAVELIN,6575,ALDH1L1;CCDC183;CACNA2D1;MIR193A;SNORD103B,1.43549868510836,,0.001197372727146,FALSE,""
JAVELIN,6576,WDR72;LIPC;SNORD116-28;MIR4531;SNORD60,1.56033973140636,,5.38796552186704e-05,FALSE,""
JAVELIN,6577,ANLN;CPXM2;MXRA8;OVCH2;LOC101927970,1.00096001334357,,0.992938040499169,FALSE,""
JAVELIN,6578,COMP;COBL;MIR197;ELFN2;MIR643,1.03887215942182,,0.723522529248098,FALSE,""
JAVELIN,6579,MIR548AR;REEP6;CSF3R;MMP12;NRXN3,0.882941974072755,,0.251480822344504,TRUE,""
JAVELIN,6580,ITGA8;GFRA1;CDH13;MIR539;MIR571,1.30807383632891,,0.00932818529864426,FALSE,""
JAVELIN,6581,SCNN1A;REEP6;ANGPT2;CPA6;THSD4,1.02855147363167,,0.795598373838768,FALSE,""
JAVELIN,6582,ZDHHC11B;COL7A1;MIR4714;CDH15;MIR5191,1.05266806747621,,0.631637828260849,FALSE,""
JAVELIN,6583,CX3CR1;SERPINA6;2020-03-02 00:00:00;PCDHB6;MCOLN2,1.50822621542927,,0.000115682894316858,FALSE,""
JAVELIN,6584,MT1G;CLMP;GEM;KCNH3;SLC27A5,0.922993452364356,,0.448359745658595,TRUE,""
JAVELIN,6585,ESM1;MIR4731;IFI44L;CYP17A1;RBM20,1.33673281305326,,0.00588535516321213,FALSE,""
JAVELIN,6586,GZMK;COLEC12;COL5A3;SLC22A24;NAV3,1.11276152397598,,0.322194037741245,FALSE,""
JAVELIN,6587,PIGR;ABCA8;MIR1537;WNK2;SPIRE2,1.13269027420409,,0.260660411748265,FALSE,""
JAVELIN,6588,VTRNA2-1;MFAP2;MIR631;LRRN2;STEAP2,1.37078565113536,,0.00440512020314491,FALSE,""
JAVELIN,6589,CD27;GPC3;CKS2;MS4A2;GJA5,1.00278388922569,,0.97849198079208,FALSE,""
JAVELIN,6590,SLIT2;GABRD;TMEM132A;PRPH;FIGNL2,1.32287175024684,,0.0118507822992105,FALSE,""
JAVELIN,6591,C14orf105;MFAP2;MIR637;ROBO2;NCAPG,1.22597727844972,,0.0601617449453962,FALSE,""
JAVELIN,6592,MIR23C;CXCR3;CRISPLD2;EPS8L3;MIR627,0.974510366755367,,0.804511994230193,TRUE,""
JAVELIN,6593,NPR3;MIR339;HIST1H2BM;AQP4;RPL23AP32,1.33397452368026,,0.00687620162302057,FALSE,""
JAVELIN,6594,ANLN;TESC;SNORD4B;SYT8;MIR3664,0.906730163068225,,0.374112679619474,TRUE,""
JAVELIN,6595,ACE2;CCL28;ALDH6A1;SLC9A3;PCDHB11,1.48796747603945,,0.000453675022937248,FALSE,""
JAVELIN,6596,SCNN1A;PCDHGA4;EVI2B;GRIK3;CDC42BPG,1.22703045477382,,0.0540508064165096,FALSE,""
JAVELIN,6597,RBP4;MIR569;ADAMTSL3;UPK1B;DLGAP5,1.11455346184277,,0.330294866133456,FALSE,""
JAVELIN,6598,SEC14L6;BAI1;SLC2A9;FOXB2;KCNA3,1.22089754277814,,0.0541328050016403,FALSE,""
JAVELIN,6599,MIR142;INMT;HRSP12;SLC12A3;E2F8,1.04093345875058,,0.703552741586697,FALSE,""
JAVELIN,6600,PPAP2C;C2;PPL;KLB;MIR581,0.910524801033347,,0.381487744354163,TRUE,""
JAVELIN,6601,NOX4;SNAP25;MTCL1;LRRC3;PRRT3-AS1,1.17857913629613,,0.127273855186518,FALSE,""
JAVELIN,6602,SBSPON;LOC647859;MCF2L;CRB2;COLCA2,1.56024216900848,,5.70331302568667e-05,FALSE,""
JAVELIN,6603,REG1A;NPY6R;DPYSL3;WNT10A;NEK10,1.1804700458683,,0.114208656573,FALSE,""
JAVELIN,6604,HOXD10;EXPH5;MS4A4E;MIRLET7G;EPHB3,1.48285235155174,,0.000282409219018861,FALSE,""
JAVELIN,6605,SPAG17;AR;PLAUR;ACOXL;BMP6,1.13228490075966,,0.23993881858761,FALSE,""
JAVELIN,6606,SLPI;GRM8;TOP2A;OPCML;EPHB3,1.14724219505212,,0.212347565323032,FALSE,""
JAVELIN,6607,MIR142;PCDHGA5;SLC2A9;B4GALNT2;GJC2,1.35051936696472,,0.00496242212412205,FALSE,""
JAVELIN,6608,IRX5;NEBL;LDLR;TOX3;TTC22,1.21811276224207,,0.0741023714868732,FALSE,""
JAVELIN,6609,NLGN1;NAPSA;LDB2;NEFM;MIR221,1.4299505604857,,0.000610555102260885,FALSE,""
JAVELIN,6610,DDC;SPINK1;NT5E;XCR1;MIR3978,1.07268755376752,,0.505613164818244,FALSE,""
JAVELIN,6611,GPR126;VANGL2;DLL4;OVOS;IER3,1.29785848069208,,0.0214559000503555,FALSE,""
JAVELIN,6612,ACADL;GDA;HMCN1;WNT10A;PDCD1LG2,1.28865557375248,,0.0123541635887561,FALSE,""
JAVELIN,6613,MAL;APOLD1;MIR631;MMP12;NAV3,0.995358513248516,,0.964604290473591,TRUE,""
JAVELIN,6614,FCN3;MIR1972-1;GAMT;GRIA4;LRRC17,1.47281144127402,,0.000274055211095669,FALSE,""
JAVELIN,6615,MIR25;TENM3;PLAUR;SLC9A3;OR52N4,0.992065357774539,,0.943087712307339,TRUE,""
JAVELIN,6616,FRAS1;CRYM;MIR938;CNFN;HAS3,1.27049423705536,,0.0340376727559327,FALSE,""
JAVELIN,6617,SULT1C4;MIR548AU;HIST1H4L;ARHGAP40;UBE2T,1.08967768417733,,0.454867560760333,FALSE,""
JAVELIN,6618,MYO3A;HAMP;DPYSL3;ZNF812;MIR4774,1.10917930057737,,0.345836451265677,FALSE,""
JAVELIN,6619,MIR23C;RASAL1;TREM2;VSTM2L;MYCT1,1.21671609958182,,0.0704282460623303,FALSE,""
JAVELIN,6620,DCDC2;SPEG;BMP2;PIK3C2G;DCDC1,1.28473588827309,,0.0297201250939266,FALSE,""
JAVELIN,6621,C14orf105;WDR66;SNORD116-28;FLJ22184;THSD4,1.12983364582939,,0.267398327185487,FALSE,""
JAVELIN,6622,MIR126;FTCD;MIR938;MIR4786;ADCY1,1.32340874380742,,0.00839810162672044,FALSE,""
JAVELIN,6623,PDLIM4;MMP19;APCDD1;EML6;MIR627,1.05386143021843,,0.61843180197514,FALSE,""
JAVELIN,6624,SLIT2;LAG3;FZD8;SMOC1;FAM184A,1.11452227493392,,0.313516463928691,FALSE,""
JAVELIN,6625,BBOX1;ASPHD1;MYO5B;SLC35F3;ADAMTS15,1.10647447590223,,0.337474031494999,FALSE,""
JAVELIN,6626,MIR3189;LYVE1;MMP11;FOXB2;CNTN4,1.3189173044569,,0.0163060394826647,FALSE,""
JAVELIN,6627,SLC39A5;KIF26B;LZTS1;CACNA2D2;MIR98,1.40602118634587,,0.0014834108733474,FALSE,""
JAVELIN,6628,FMO3;MIR646;SNORD116-8;MIR665;ILDR1,1.27176626772239,,0.0246569542587614,FALSE,""
JAVELIN,6629,BAMBI;CYP4F3;SNORD33;CSDC2;PTGDR,1.05802525929248,,0.586379687761607,FALSE,""
JAVELIN,6630,FER1L4;AR;MIR3125;SLC18A3;ADCY1,1.36101078852699,,0.00387298072970314,FALSE,""
JAVELIN,6631,SPOCK1;HRH2;PC;LRRC3;DNAH6,1.24463898810854,,0.0515208653272573,FALSE,""
JAVELIN,6632,ACY3;SERPINA6;SNORA48;ATP6V1B1;LOC100506518,1.58737528100512,,3.63771165644229e-05,FALSE,""
JAVELIN,6633,PYCR1;SPTBN2;MIR4435-2;C8orf34;CCDC17,0.969792211354767,,0.774665059433929,TRUE,""
JAVELIN,6634,MIR3117;CRYM;PBX1;DNAAF1;P2RY10,1.2929717116393,,0.018216231853166,FALSE,""
JAVELIN,6635,TACSTD2;OLFM2;RIPK4;MIR193A;KCNJ5,1.1571905514582,,0.17432116788613,FALSE,""
JAVELIN,6636,FOSB;LOC647859;FPR1;CST1;SNORD60,1.0023716385061,,0.982679670016404,FALSE,""
JAVELIN,6637,SLC39A5;TF;SLC44A3;FCRL3;RASGEF1A,1.12287625077329,,0.286368028157443,FALSE,""
JAVELIN,6638,MIR378I;CRYM;SLC2A9;FAM153B;PYGO1,1.36322043773444,,0.00411117549487797,FALSE,""
JAVELIN,6639,MIR4730;CYP24A1;CSF3R;GRIN2B;LOC101927236,1.14479296782444,,0.205602290929645,FALSE,""
JAVELIN,6640,MIR3646;HYDIN;IL2RB;A1CF;FAIM3,1.22507270179166,,0.0463786312909412,FALSE,""
JAVELIN,6641,SLCO4C1;ELOVL7;GAMT;SCGB3A2;PYGO1,1.34668180566137,,0.00621658122006294,FALSE,""
JAVELIN,6642,SNCG;F10;MXRA8;WNT10A;STEAP1B,1.08437515069336,,0.454078206240473,FALSE,""
JAVELIN,6643,CTSW;PTGER3;MYO1G;MFAP5;SNORD58C,1.08436208913238,,0.435698961768236,FALSE,""
JAVELIN,6644,SLC34A2;PDGFRL;MIR938;MIR548A1;PLAC8,0.984131130974145,,0.885387071284437,TRUE,""
JAVELIN,6645,GPR126;COBL;HOXD9;SLC5A8;MIR548S,1.40191034602305,,0.00214127195698391,FALSE,""
JAVELIN,6646,EMX2;MIR4519;MIR628;SNORD114-25;MYCT1,1.399415164854,,0.00127883610151262,FALSE,""
JAVELIN,6647,SCIN;MZB1;MCF2L;C8orf22;MCOLN2,1.22463337284135,,0.0516692135990678,FALSE,""
JAVELIN,6648,MIR27A;MIR3941;PTTG1;ELFN2;GRTP1,1.04344570625795,,0.691142733933285,FALSE,""
JAVELIN,6649,SLC16A12;TNXB;SLC2A9;MIR298;CCDC85A,1.15524008292353,,0.180845893687086,FALSE,""
JAVELIN,6650,PCOLCE2;GREM1;MYO5B;CNTFR;PCDHB4,1.26265312973734,,0.0341112518886319,FALSE,""
JAVELIN,6651,FNDC1;KISS1R;PIEZO2;ROS1;PLCH1,1.41683712691311,,0.00122723403289661,FALSE,""
JAVELIN,6652,BCL2A1;COLEC12;PPL;SMPD3;STEAP2,1.03075863493074,,0.771782107758141,FALSE,""
JAVELIN,6653,SLPI;ROR2;MIR1537;SNORD114-24;DLG2,0.990887437506901,,0.930901847497359,TRUE,""
JAVELIN,6654,TSPAN13;MIR186;HMCN1;B3GAT1;RAB6B,1.12553866488215,,0.276395273265109,FALSE,""
JAVELIN,6655,CPZ;MIR1203;CALCRL;MATN3;SLC39A4,1.15694713779182,,0.168733906737906,FALSE,""
JAVELIN,6656,HHLA2;SLC23A1;COX7A1;MIR539;OSR1,1.29073141143694,,0.0138975872348408,FALSE,""
JAVELIN,6657,KCP;HSH2D;SNORA26;MIR4797;TSPAN32,0.864678822832215,,0.17133442412341,TRUE,""
JAVELIN,6658,MIR126;MIR548AA2;SLC44A3;SFTPA2;MIR579,1.59945820887073,,1.24963931648678e-05,FALSE,""
JAVELIN,6659,ALDH1L1;PTGER3;ACSF2;MIR4797;PTTG2,1.20242629079868,,0.099154671559035,FALSE,""
JAVELIN,6660,HOGA1;PCK1;LZTS1;OR2T10;NLGN4X,1.45056745391271,,0.000645779021759848,FALSE,""
JAVELIN,6661,DDC;FOSL1;LDLR;HOXA13;SIT1,0.84037713016081,,0.121080130981328,TRUE,""
JAVELIN,6662,MIR27B;MIR378A;IL2RB;LHX1;SCUBE2,1.22398092687483,,0.0589948914207922,FALSE,""
JAVELIN,6663,TFPI2;CDA;SNORD12B;MUC5B;C22orf34,0.959444680014464,,0.70237631456952,TRUE,""
JAVELIN,6664,C8orf4;AR;MYO5B;FMN2;ZNF471,1.2063748404421,,0.110594384863858,FALSE,""
JAVELIN,6665,IL6;DSCAML1;SELENBP1;ATP6V0A4;FAXDC2,1.3583552150491,,0.00978606919174087,FALSE,""
JAVELIN,6666,TSPAN7;MIR4804;SELENBP1;HAS1;CDC42BPG,1.20235673330043,,0.0962116539050396,FALSE,""
JAVELIN,6667,FOLH1;COLEC12;SNORD74;STRIP2;LOC729970,1.13103588119213,,0.26511005079717,FALSE,""
JAVELIN,6668,SHROOM3;SFN;MYRF;CASR;MIR548J,1.02734615470101,,0.80763375135766,FALSE,""
JAVELIN,6669,ITGB6;MAP7;DMD;CFTR;SLAMF1,1.02112760316008,,0.851001897725761,FALSE,""
JAVELIN,6670,MIR378I;SNORD77;PLAUR;SCGB1A1;CDC20,0.840241999006716,,0.106062363030753,TRUE,""
JAVELIN,6671,SRPX;PALM3;ADCY4;MIR4685;MIR1288,1.21306750389953,,0.0667699220073083,FALSE,""
JAVELIN,6672,MIA2;PCDHGA4;SNORD29;MIR2052;ATP1B2,1.27351979374279,,0.0292962014470766,FALSE,""
JAVELIN,6673,SNORD14C;ASRGL1;TSKU;XDH;PTTG2,1.03285931484902,,0.769621411760658,FALSE,""
JAVELIN,6674,SPOCK1;ZNF711;MIR544B;PLA2G2D;LRRC37A4P,0.973985872801054,,0.804011443532746,TRUE,""
JAVELIN,6675,AOC1;MT1A;SLC2A9;GRIK3;RGS16,1.36614532803564,,0.00447861815415698,FALSE,""
JAVELIN,6676,COL4A4;SNORD114-13;ALDH1A3;CCBE1;CLEC1A,1.04045881787029,,0.708048323757797,FALSE,""
JAVELIN,6677,FER1L4;MIR4519;CKS2;FLG;KIF4A,0.879422759958193,,0.252717472320809,TRUE,""
JAVELIN,6678,SLC16A12;HLF;MECOM;SNORD115-4;MIR597,1.3090668356807,,0.0130634748501844,FALSE,""
JAVELIN,6679,SEC14L6;HP;CYTIP;CCDC158;THEMIS,1.12133135344041,,0.266249319308486,FALSE,""
JAVELIN,6680,TACSTD2;CLDN3;ARHGEF15;HS3ST3A1;NRXN3,1.24375805902795,,0.0488176230164492,FALSE,""
JAVELIN,6681,BBOX1;FOXQ1;DCBLD2;CR1L;SMN2,1.16614934571413,,0.162052480166235,FALSE,""
JAVELIN,6682,CCL20;EPPK1;PLEKHA7;TEX15;HMMR,1.0974935127993,,0.394596585283726,FALSE,""
JAVELIN,6683,NR4A3;ATP1A2;FZD8;CCDC158;OR52N4,1.33625119489781,,0.00794797398054202,FALSE,""
JAVELIN,6684,MACC1;CD69;HRSP12;EHF;MIR1288,1.18131420976425,,0.133980856811916,FALSE,""
JAVELIN,6685,ALPK3;CRYM;ITGA11;CACNA1E;MIR98,1.44337663119036,,0.000846271477199533,FALSE,""
JAVELIN,6686,NPR3;WDR66;EVI2B;MIR539;ST6GALNAC3,1.14795082888227,,0.183404001261406,FALSE,""
JAVELIN,6687,NMB;TCF21;GAMT;XCR1;COLCA2,1.34998709596552,,0.00482679290130846,FALSE,""
JAVELIN,6688,CCL19;VANGL2;CSF3R;MAPK8IP2;ACOT1,0.85815805158529,,0.160001825700485,TRUE,""
JAVELIN,6689,IKZF3;CD22;SNORD6;MIR4274;MIR28,0.970982509988176,,0.781262353880933,TRUE,""
JAVELIN,6690,OLFML2A;SORCS2;CACNA1C;TMEM45B;NEIL3,1.12907700535988,,0.286152850394843,FALSE,""
JAVELIN,6691,SMIM24;IGFBP1;SELENBP1;GAS2;SIX1,1.38638617055226,,0.00225937820664821,FALSE,""
JAVELIN,6692,FGG;HP;PC;ALX1;LRP8,1.01291304791346,,0.904701478838334,FALSE,""
JAVELIN,6693,SHROOM3;NAGS;TIE1;MIR4521;MIR4681,1.29310382723083,,0.0185216617408788,FALSE,""
JAVELIN,6694,SVEP1;GLYATL1;PTTG1;PLG;ZSCAN31,1.53156811025495,,0.00014105013910601,FALSE,""
JAVELIN,6695,MUC3A;RARRES1;RNF128;FA2H;FAM69B,0.995498399181195,,0.966623633561934,TRUE,""
JAVELIN,6696,FER1L4;MIR548AA2;HOXD4;MIR3197;CADM4,1.22186233757246,,0.0547957350071412,FALSE,""
JAVELIN,6697,SCNN1A;CDHR1;SNORD6;SCUBE3;ICOS,1.11285735039715,,0.295947363041115,FALSE,""
JAVELIN,6698,EMX2;GDA;MYO1G;AMPD1;PANK1,1.30939178136269,,0.0139378801170724,FALSE,""
JAVELIN,6699,CPZ;MIRLET7D;EFNA1;MYRFL;LOC101927941,1.33427230687617,,0.00869911686129891,FALSE,""
JAVELIN,6700,MT1G;PTGS2;HMCN1;MIR5584;FIBIN,1.46418813092724,,0.000487248582641254,FALSE,""
JAVELIN,6701,MIR3646;PTGER3;FPR1;KHDRBS2;EPHA1,1.13650311549776,,0.233331313745268,FALSE,""
JAVELIN,6702,RAB17;BEX2;MCF2L;HSD17B2;CLEC12A,1.28262095992209,,0.0210086866173882,FALSE,""
JAVELIN,6703,CCL18;MFI2;DPYSL3;CR1L;ACOT1,0.924604251888218,,0.465163187226073,TRUE,""
JAVELIN,6704,BBOX1;NLGN4Y;MIR197;SLC34A1;ARHGAP28,1.27029071250634,,0.025794123431613,FALSE,""
JAVELIN,6705,CD27;COLEC12;MS4A4A;KLHL41;KCNIP3,0.853572646534377,,0.14536735149,TRUE,""
JAVELIN,6706,PPAP2C;VANGL2;ADCY4;WNT2;HOXA7,1.1210965645935,,0.297465707604719,FALSE,""
JAVELIN,6707,FGB;MIR200B;CALCRL;GRIN2B;RBM20,1.53401374129551,,0.00012628762868205,FALSE,""
JAVELIN,6708,HIF1A-AS2;DUSP2;MIR1207;KCNN1;MAATS1,1.20412274704159,,0.0826148574402957,FALSE,""
JAVELIN,6709,TSPAN13;MT1M;FAM20A;GRHL2;FAM132A,0.996756473470266,,0.975157650596563,TRUE,""
JAVELIN,6710,HOGA1;PTPRD;SNORD59A;TRPA1;MIR765,1.28094034703323,,0.0182296482962164,FALSE,""
JAVELIN,6711,LAMC3;HPD;MIR3125;LMO1;CLDN9,1.32213445143676,,0.0104470889979531,FALSE,""
JAVELIN,6712,S100A8;GLIS1;MECOM;IL13RA2;C9orf106,1.27663792211963,,0.0297613666613538,FALSE,""
JAVELIN,6713,BAIAP2L2;MIR4519;EMP1;SNORD115-25;PCP2,1.55335106014758,,0.000105314131389733,FALSE,""
JAVELIN,6714,MIR4526;SLC7A8;CSF3R;TBX5;AMY2B,1.2022956153923,,0.0840008738777844,FALSE,""
JAVELIN,6715,MIA2;ACHE;ID4;FAM83F;PCDHGC5,1.39677490679723,,0.00187939128883523,FALSE,""
JAVELIN,6716,TFPI2;REEP6;LY96;CRP;SNORD19,0.992492457051149,,0.941443427004799,TRUE,""
JAVELIN,6717,SORBS2;ANXA13;ROBO4;HRCT1;PDGFD,1.49787637811093,,0.000241122889880934,FALSE,""
JAVELIN,6718,AGMO;GLDC;MMP11;GCGR;FAM132A,1.41729449125448,,0.00127102907764455,FALSE,""
JAVELIN,6719,PLAC9;MYO7B;ID1;FAM183A;C19orf83,1.38924566217,,0.00251778805422539,FALSE,""
JAVELIN,6720,NR4A2;ARG2;GPC4;CCL13;CCDC3,1.14645313492603,,0.204721181130628,FALSE,""
JAVELIN,6721,IL6;SLC16A9;MYO5B;ZMAT4;ARL4D,1.1777939074731,,0.136632772830145,FALSE,""
JAVELIN,6722,CPZ;MIR4796;SELENBP1;OR2T3;BATF,1.22309457708486,,0.0592741646356701,FALSE,""
JAVELIN,6723,LOC101927834;C5orf46;SNORA26;OR2T10;NOVA1,1.52195816421459,,7.04681027822637e-05,FALSE,""
JAVELIN,6724,LAMC3;LAG3;ECM2;IRX6;MIR221,1.00105619384281,,0.992011681462699,FALSE,""
JAVELIN,6725,FGB;KIF26B;DPYSL3;TCAP;MIR5191,0.952987409857199,,0.653063846238441,TRUE,""
JAVELIN,6726,SLPI;GDA;GEM;CNFN;SERTAD4,1.18733510974309,,0.123387733927249,FALSE,""
JAVELIN,6727,TINAG;ST6GALNAC2;SNORD6;TRNP1;ADAMTS12,1.05008535263036,,0.663600135732643,FALSE,""
JAVELIN,6728,GPER1;MT1M;MIR3125;SNORD115-21;PTTG2,1.2019336125906,,0.093586359499162,FALSE,""
JAVELIN,6729,PYCR1;MIR616;SLC44A3;TUBB1;TNFRSF18,1.03319890905742,,0.764752746964177,FALSE,""
JAVELIN,6730,NEB;CCL28;TMEM132A;BMP5;OR52N4,1.11029538006984,,0.333415081354221,FALSE,""
JAVELIN,6731,MIR3117;MLLT11;TIE1;ANO4;MELK,1.03438861140258,,0.77085322390118,FALSE,""
JAVELIN,6732,PPAP2C;TMEM139;SELENBP1;APOA1;FCN1,1.00263471907336,,0.980255955003778,FALSE,""
JAVELIN,6733,HHLA2;RGS9;LZTS1;PTGES;SNORD103B,1.24769699715063,,0.0375170170497945,FALSE,""
JAVELIN,6734,NTM;ACHE;MCF2L;UGT3A1;LOXL4,1.58428981047713,,5.3522662292598e-05,FALSE,""
JAVELIN,6735,HABP2;APOLD1;APCDD1;THPO;BMP6,1.18724967105884,,0.124191218064044,FALSE,""
JAVELIN,6736,PLAC9;HSH2D;MIR544B;EGFL6;CYYR1,1.19888990356012,,0.0863113282706881,FALSE,""
JAVELIN,6737,LOC101927960;SLC7A8;DLL4;PDPN;EMP2,1.33819251396314,,0.00646061418600984,FALSE,""
JAVELIN,6738,PPAP2C;MFAP2;MMP11;HCN2;APOL4,0.85579937835054,,0.14206710379592,TRUE,""
JAVELIN,6739,SLC16A12;CYP4F11;MYO5B;TREM1;PANK1,1.10865176382162,,0.337537765131299,FALSE,""
JAVELIN,6740,PIGR;KCNIP4;PLAT;WBSCR17;CYYR1,1.33346489551169,,0.0101604424111188,FALSE,""
JAVELIN,6741,IGF2BP2;MLLT11;HIST1H4L;ATP6V0D2;STEAP2,0.931606021427372,,0.519637051295039,TRUE,""
JAVELIN,6742,NME5;SLAMF7;RHOBTB3;PCDHB6;P2RY12,1.13285314650625,,0.254403198916643,FALSE,""
JAVELIN,6743,ANLN;DSCAML1;CYTIP;HSD3B2;LOC101927236,1.26577172515624,,0.0255991156742437,FALSE,""
JAVELIN,6744,BCL2A1;ABCA12;DPYSL3;ZIC2;SIT1,0.787375967068508,,0.0294034175301869,TRUE,""
JAVELIN,6745,NLGN1;GDA;MS4A4A;GRPR;P2RY6,1.21734055786323,,0.0602396516505,FALSE,""
JAVELIN,6746,PTHLH;MIRLET7A2;SNORA77;KCNJ10;HIST2H3A,1.10840525906895,,0.35698312370087,FALSE,""
JAVELIN,6747,PRSS8;MIR339;DLL4;GRIA3;OR52N4,1.48943837819415,,0.000306350718991724,FALSE,""
JAVELIN,6748,ACE2;RYR2;HIST1H2AL;MS4A2;MYCT1,1.23172249581994,,0.0478528115312881,FALSE,""
JAVELIN,6749,MIR30A;C10orf113;SNORD12B;LOC101926988;RASSF6,1.19755692330062,,0.0813178757326266,FALSE,""
JAVELIN,6750,MIR378I;HYDIN;MIR4784;ANKRD1;ANKRD29,0.876516728642148,,0.211348514270929,TRUE,""
JAVELIN,6751,FABP4;UTY;HIST1H2AL;TUBA3D;MIR221,0.802608699603158,,0.034851064789592,TRUE,""
JAVELIN,6752,LOC101927834;DUSP2;ID1;PCDHB5;DNAH6,1.36561911064253,,0.0036755234514656,FALSE,""
JAVELIN,6753,NXPH4;MFI2;MMP11;MIR5091;MIR4720,1.15956868398021,,0.176411900296205,FALSE,""
JAVELIN,6754,BCMO1;GLYATL1;SEMA4G;TMEM132E;FAM110C,1.41207148282811,,0.00177363104084008,FALSE,""
JAVELIN,6755,PTH1R;VANGL2;NT5E;LGALS12;LOC101928003,1.1523567688906,,0.198309774811703,FALSE,""
JAVELIN,6756,SVEP1;KLKB1;TOP2A;CCDC78;C19orf83,1.06896227984045,,0.547718636469047,FALSE,""
JAVELIN,6757,PTHLH;ATP1A2;HIST1H4L;CXCR1;CHST1,1.08606593183105,,0.4569290301848,FALSE,""
JAVELIN,6758,PLAC9;LOC100288152;SNORD33;SLC51A;SPIRE2,1.36734395795814,,0.00307817075552963,FALSE,""
JAVELIN,6759,CTSW;MIR548AA2;DPYSL3;SCG5;KCNMB4,0.942132046322349,,0.591375479620939,TRUE,""
JAVELIN,6760,PEG10;ABCA12;APCDD1;CIDEC;MIR5094,1.00618369218731,,0.953576690461668,FALSE,""
JAVELIN,6761,MIR4499;GCNT3;DCBLD2;MIR93;RSAD2,0.774263467902659,,0.0223927699362133,TRUE,""
JAVELIN,6762,CXCL1;GRB14;SLC1A1;COCH;CCDC154,1.11232057020248,,0.34261276564872,FALSE,""
JAVELIN,6763,HOXD10;KIT;BMP2;PSCA;LRRC37A4P,1.19387736518425,,0.100082026147923,FALSE,""
JAVELIN,6764,BAIAP2L2;GSTM1;MAP4K1;KCNJ1;RNF148,1.08329845689059,,0.45965210837355,FALSE,""
JAVELIN,6765,SLPI;VEPH1;PPL;MIR4489;ZNF667-AS1,1.01069657748408,,0.920390329452892,FALSE,""
JAVELIN,6766,SLPI;ADAMTS14;MIR3975;SIGLEC12;SLC16A10,0.87310017184632,,0.22407152462877,TRUE,""
JAVELIN,6767,MIR645;MAPK15;RNF128;AGR2;PLEKHN1,1.02913590303654,,0.78729310539543,FALSE,""
JAVELIN,6768,UGT2A3;EXPH5;MIR4784;BCHE;ADCY1,1.52679923200683,,8.04915229711669e-05,FALSE,""
JAVELIN,6769,SORBS2;SNAP25;MYO1G;SCN4A;MIR5697,1.39389279481663,,0.0012914334417564,FALSE,""
JAVELIN,6770,GPR126;SNAP25;DMD;ORM1;CACNB2,1.33992968492651,,0.00582330805955447,FALSE,""
JAVELIN,6771,MIR3646;SLC7A8;PIEZO2;MIR4521;CD244,1.28706328698213,,0.0234514685830334,FALSE,""
JAVELIN,6772,SLPI;MIR4731;ALDH6A1;SLC5A2;APOBEC3B,1.02699603096802,,0.806298551027333,FALSE,""
JAVELIN,6773,CX3CR1;ARG2;SNORD6;FAM183A;DPY19L2P2,1.5894856839158,,1.45663148033503e-05,FALSE,""
JAVELIN,6774,CD38;SLC12A8;IGFBP6;FCRL5;TBX21,0.746437834678651,,0.00570499763240103,TRUE,""
JAVELIN,6775,FAM46C;MIR4519;LDLR;HIST1H2AA;SNORA78,1.01932254085244,,0.86359524945082,FALSE,""
JAVELIN,6776,TSPAN13;NLGN4Y;MIR4784;DUOX1;PAPPA-AS1,1.03537724000554,,0.738000944304736,FALSE,""
JAVELIN,6777,MIR3646;KLF15;FAM20A;CA8;FAXDC2,1.22278490333328,,0.0667193755542805,FALSE,""
JAVELIN,6778,MT1G;FXYD1;MIR544B;MIR3178;CNTN4,1.39129939286492,,0.00257315345912798,FALSE,""
JAVELIN,6779,OLR1;MOXD1;MS4A4E;TRIM54;CASZ1,1.04538151388789,,0.67129716944768,FALSE,""
JAVELIN,6780,MIR142;EXPH5;SNORD116-28;MIR33A;CCDC74B,1.30961227247678,,0.0165255100637691,FALSE,""
JAVELIN,6781,SCIN;DNASE1L3;MAP4K1;SLC30A2;RNF152,1.22944693319231,,0.065159132517298,FALSE,""
JAVELIN,6782,JPH2;EPPK1;EVI2B;KLHDC7B;KBTBD11,1.09768407505613,,0.38248124741181,FALSE,""
JAVELIN,6783,C1orf186;MAP7D2;SELENBP1;TBX5;SPHK1,1.16848715012824,,0.138835797749828,FALSE,""
JAVELIN,6784,RASD1;CYP4F3;SEMA4G;ELFN2;C2orf82,0.973730016736117,,0.80934327253521,TRUE,""
JAVELIN,6785,NPR3;LOC391322;MYO1G;ZIC2;EPHB3,1.10237324478787,,0.365010918951319,FALSE,""
JAVELIN,6786,REG1A;FAM65C;MIR3125;SYT12;POU5F1B,1.53806200320039,,0.000135978045609238,FALSE,""
JAVELIN,6787,PSAT1;MST1P2;CRISPLD2;APOC3;SLC16A10,1.06998018641223,,0.494232059143419,FALSE,""
JAVELIN,6788,FGG;TNFSF14;FAM20A;IRX1;FOXD1,1.09070686501416,,0.416296092571787,FALSE,""
JAVELIN,6789,UBD;CD69;SNORA48;LHX1;KCNIP3,0.893169270490166,,0.280194358325211,TRUE,""
JAVELIN,6790,FXYD2;LYVE1;MIR4714;SCN3A;GLI1,1.29214431173407,,0.0202083597381134,FALSE,""
JAVELIN,6791,SLIT2;GSTM1;FPR1;MIR4479;P2RY10,0.879318904066692,,0.227941800981791,TRUE,""
JAVELIN,6792,RERG;RASAL1;ID4;KHDRBS2;PAPPA-AS1,1.41372191437434,,0.000971923029234535,FALSE,""
JAVELIN,6793,F8;ELOVL7;ACSF2;A1CF;SNORD60,1.53711257988655,,3.49278838410906e-05,FALSE,""
JAVELIN,6794,C1orf106;COL11A1;MIR3125;EHF;TRIM6,1.34103560700787,,0.00667895938276639,FALSE,""
JAVELIN,6795,GBP5;WNK4;TSKU;CFTR;SPIRE2,0.924395636531932,,0.469124896295232,TRUE,""
JAVELIN,6796,BCL2A1;CPXM2;EFNA1;PRPH;BIRC5,1.0632252473485,,0.583838800773309,FALSE,""
JAVELIN,6797,SCNN1A;GSTM1;MIR631;HCAR2;HIST2H3A,0.894785029588052,,0.31171409210609,TRUE,""
JAVELIN,6798,MIR30A;MAP7D2;MIR197;KLHL41;DCDC1,1.2121184416955,,0.0819676240046388,FALSE,""
JAVELIN,6799,TTC39A;FGA;ARL4C;MIR218-2;IL17RD,1.30462316355443,,0.0156415531678951,FALSE,""
JAVELIN,6800,SLIT2;SERPINA6;ANGPT2;MGARP;TDRD10,1.48787281580944,,0.00024650594136732,FALSE,""
JAVELIN,6801,ANO9;GPD1;TMEM204;LOC101928281;TIAM2,1.23580592225102,,0.043841580971925,FALSE,""
JAVELIN,6802,TMEM27;GLDC;PLEKHA7;ZNF365;SNORD116-10,1.17098600808131,,0.16681861427205,FALSE,""
JAVELIN,6803,RAB42;PTGER3;MCF2L;TMEM174;FAM110C,1.54453679645818,,8.67719567940879e-05,FALSE,""
JAVELIN,6804,VTRNA2-1;UTY;GPC4;FOXI1;E2F8,1.17319022343396,,0.133794949888562,FALSE,""
JAVELIN,6805,ALDH1L1;TENM3;APCDD1;MIR924;SLAMF8,0.955398135865893,,0.677409904498871,TRUE,""
JAVELIN,6806,GPT;GSTM1;GEM;PTK6;APOBEC3B,1.02915569626018,,0.793359183920387,FALSE,""
JAVELIN,6807,HABP2;SLC2A2;FPR1;RTKN2;UNC5C,0.999657387404287,,0.997463059028943,TRUE,""
JAVELIN,6808,KCP;BTNL9;ROBO4;C8orf34;ZNF471,1.40823342317628,,0.00157181500543344,FALSE,""
JAVELIN,6809,IDO1;SNORD110;DCBLD2;HBG2;DACT3,1.00141362351228,,0.989850563315429,FALSE,""
JAVELIN,6810,GATA3;NPY1R;LY96;SNORD115-35;LOC100506518,1.00522711827201,,0.960044366130092,FALSE,""
JAVELIN,6811,MYO3A;CYP4F11;GEM;APCDD1L;NBEAP1,1.09318142973118,,0.433362802384244,FALSE,""
JAVELIN,6812,MIR4730;MIR186;TMEM204;HRCT1;C5AR2,1.35005558440835,,0.00392549737540344,FALSE,""
JAVELIN,6813,NPNT;TRIM55;MIR4784;VTN;GRHL1,1.31770265002977,,0.0134762081197336,FALSE,""
JAVELIN,6814,CHDH;PCK1;PLEKHA7;MIR4439;KIF4A,1.17416314106687,,0.131618737610602,FALSE,""
JAVELIN,6815,CCL19;MAPK15;SNORD74;SCN4A;LOC100506518,1.1678856556635,,0.154463400126454,FALSE,""
JAVELIN,6816,SHROOM3;NDNF;ALDH6A1;SLC52A3;ZNF90,1.34824218646296,,0.00883854738186481,FALSE,""
JAVELIN,6817,MIR3117;IRF4;MST1;TRPV3;COLCA2,1.21872194985453,,0.0696842254337889,FALSE,""
JAVELIN,6818,SBSPON;SLC4A3;MIR938;STAC2;UHRF1,0.982237311088294,,0.872231717175402,TRUE,""
JAVELIN,6819,CHDH;FABP7;PIEZO2;VTN;STEAP1B,1.40381485403775,,0.00168081970137574,FALSE,""
JAVELIN,6820,PRSS8;ALDOB;MS4A4A;MUC12;RGS4,1.1513782769303,,0.186131375411243,FALSE,""
JAVELIN,6821,NPNT;CDHR1;MYRF;MIR346;TNFRSF11A,0.995894420644402,,0.96906836739251,TRUE,""
JAVELIN,6822,CX3CR1;IGF1;MIR3125;SLC51A;LY9,1.30951647429034,,0.00944688789826843,FALSE,""
JAVELIN,6823,CCL20;MYO7B;EMP1;SLC17A2;RNF133,1.41833135552337,,0.00164269996794597,FALSE,""
JAVELIN,6824,CXCL1;NPY1R;LDLR;SLC12A3;C14orf37,1.03960373220259,,0.716694510661147,FALSE,""
JAVELIN,6825,GATA3;SLC12A8;MKI67;SLC12A3;C2orf82,0.755196816745903,,0.00990476831520566,TRUE,""
JAVELIN,6826,NR4A3;CCDC64;MIR628;ATP6V0A4;C8orf88,1.15069358757044,,0.185244892147929,FALSE,""
JAVELIN,6827,ACADL;ITGBL1;EVI2B;PCDHGA3;EPHB1,1.04416749991031,,0.674373897309346,FALSE,""
JAVELIN,6828,TMEM45A;CYP24A1;SNORD6;LEFTY1;DOC2B,1.10621817331323,,0.346747265041482,FALSE,""
JAVELIN,6829,SCNN1A;CES3;ID4;EYA4;SLC27A5,1.45332427823356,,0.000697874085294935,FALSE,""
JAVELIN,6830,F8;SNORD114-10;ALDH1A3;SEMA3D;RPS6KL1,1.20029427809681,,0.0961450585373706,FALSE,""
JAVELIN,6831,C14orf105;MAL2;RNF128;PITX2;WDR96,1.08769680490811,,0.439613135022813,FALSE,""
JAVELIN,6832,HOGA1;ETNK2;HIST1H2AL;PADI3;DACT3,1.07872493927289,,0.487392867918919,FALSE,""
JAVELIN,6833,NLGN1;SNORA69;ANGPT2;RP1;JAM2,1.43319517361724,,0.000548492641797654,FALSE,""
JAVELIN,6834,CNN1;MIRLET7A2;CKS2;CRYAA;APOBEC3B,1.10126601318753,,0.388545675949517,FALSE,""
JAVELIN,6835,MFSD2A;ZFHX4;2020-03-02 00:00:00;OVCH2;ICOS,0.981451106986014,,0.858322551306205,TRUE,""
JAVELIN,6836,SLC39A5;SERPINA6;PLEKHA7;FOXA2;KIF2C,1.26397241270649,,0.0248853572263814,FALSE,""
JAVELIN,6837,REG1A;HPGD;CCL4;CST6;FIGNL2,1.21041556666452,,0.0823480880559242,FALSE,""
JAVELIN,6838,TRABD2B;PTPRD;TIE1;SCGB1D2;MAP6,1.33811555441231,,0.00710908276208133,FALSE,""
JAVELIN,6839,MIR23C;MAP7D2;SNORD116-8;MIR29A;CCDC144CP,1.28689678024007,,0.0218274366833309,FALSE,""
JAVELIN,6840,NTM;PAQR5;SNORD4B;SCUBE1;CD300LF,1.21393973300791,,0.0618841332232884,FALSE,""
JAVELIN,6841,SLIT2;GREM1;DLL4;C19orf67;ZNF471,1.30876975363983,,0.0106311007187935,FALSE,""
JAVELIN,6842,MIR25;MIR554;ADAMTS2;ASXL3;PCDHB11,1.33171534515023,,0.00839271197606176,FALSE,""
JAVELIN,6843,MYO3A;HOXD11;MIR628;OPCML;TMEM178A,1.45120327871792,,0.000515151245524687,FALSE,""
JAVELIN,6844,CRB3;DPEP1;MYO7A;NEFM;FLRT2,1.31052929588677,,0.0159960929633723,FALSE,""
JAVELIN,6845,MIR3646;VNN1;PBX1;CYP4A22;MIR4720,1.525324542062,,0.000108088749408057,FALSE,""
JAVELIN,6846,ANK3;MIR1303;ID1;KRT15;MIR626,1.19087770734859,,0.109368783721083,FALSE,""
JAVELIN,6847,MIR27B;ALDOB;GAMT;MIR296;LILRA6,1.36087174374646,,0.00481293542138065,FALSE,""
JAVELIN,6848,NEB;KLKB1;SLC2A9;SNORD114-27;TNFRSF11A,1.09908999310681,,0.385701797904856,FALSE,""
JAVELIN,6849,MIR4652;PCDHGA4;SLC1A1;PTGES;MFAP3L,1.18295355102587,,0.126469886250009,FALSE,""
JAVELIN,6850,CD27;MLXIPL;MIR3975;SYT9;C14orf37,1.24947074815187,,0.038586557947271,FALSE,""
JAVELIN,6851,PDLIM4;MGAM;EVI2B;SFTPD;LOC100133669,1.31529416310252,,0.00885447260929148,FALSE,""
JAVELIN,6852,MIR3189;PPARGC1A;RASGRP1;GCKR;PGM5,1.07072235209288,,0.546055774509347,FALSE,""
JAVELIN,6853,FABP4;PLCH2;LZTS1;NEFM;RNF157,1.16614465561524,,0.15129573439949,FALSE,""
JAVELIN,6854,LOC101927960;ZNF711;TMEM204;CNDP1;MIR643,1.40917888901288,,0.00166986746667375,FALSE,""
JAVELIN,6855,FOLH1;NEBL;SNORD29;CNTN6;PCDHGC4,1.26064660086723,,0.0352872645613308,FALSE,""
JAVELIN,6856,NMB;F10;GAMT;FOXF2;SNORD96B,1.15479325939575,,0.183008624448704,FALSE,""
JAVELIN,6857,PCDHGB2;C4A;HIST1H2AL;FOXF2;MYCT1,1.18420968950248,,0.113077611998093,FALSE,""
JAVELIN,6858,MIR29B2;LAG3;TOP2A;HLA-G;RNF133,0.992088761335537,,0.941586439629771,TRUE,""
JAVELIN,6859,EXOC3L4;LBP;HRSP12;MIR548AS;LCN12,1.31316233781802,,0.0138399413317878,FALSE,""
JAVELIN,6860,CNN1;PLIN4;TREM2;SNORD113-5;LOC101927970,1.07726681658244,,0.497258663140431,FALSE,""
JAVELIN,6861,TRABD2B;C2;TSKU;SNORD114-6;TTK,0.867035679158134,,0.18689585011308,TRUE,""
JAVELIN,6862,SLC39A5;PLA2G2A;TOP2A;SPINK5;SNORD20,1.02328953343982,,0.831718931805773,FALSE,""
JAVELIN,6863,C8orf4;LOC101928757;ID1;MIR95;XCL2,1.03566027045047,,0.734302584536266,FALSE,""
JAVELIN,6864,FNDC1;SLC2A2;PBX1;CYP17A1;SNORD126,1.19912034239877,,0.0941432259087246,FALSE,""
JAVELIN,6865,NR4A2;B3GNT4;ECM2;SCN7A;GNAL,1.20867460458173,,0.0729893314169603,FALSE,""
JAVELIN,6866,FNDC1;ALDOB;ADCY4;MIR539;CCDC141,1.2301160291948,,0.0498921650747734,FALSE,""
JAVELIN,6867,TRABD2B;MAP7;ALDOC;SCG5;MIR4779,1.00870523141808,,0.936189635285674,FALSE,""
JAVELIN,6868,DCDC2;FCGBP;MIR938;SNORD114-19;ASPRV1,1.1868680519367,,0.12616981872085,FALSE,""
JAVELIN,6869,SMIM24;SNORD114-13;HRSP12;NEFM;PDE3B,1.28958843439991,,0.0244770604180851,FALSE,""
JAVELIN,6870,HOXD10;ATP1A2;ID4;FCER2;GNMT,1.16083604703882,,0.164275901707037,FALSE,""
JAVELIN,6871,MIR27A;ZFY;SARDH;LAMP5;RNF152,1.313621271588,,0.00931341431812923,FALSE,""
JAVELIN,6872,ACKR1;HOXD11;MIR4784;LRRN2;RBM20,1.11464871887938,,0.326616852126797,FALSE,""
JAVELIN,6873,GBA3;MYO7B;PTTG1;HOXA13;LOC643339,1.3775719197458,,0.00297775940453528,FALSE,""
JAVELIN,6874,SLIT2;SLC22A3;MIR1537;CPA6;DBNDD1,1.1377113078196,,0.240013478719704,FALSE,""
JAVELIN,6875,GATA3;CES3;SNORD29;CA8;CLEC10A,1.02854449421845,,0.789393948254432,FALSE,""
JAVELIN,6876,AKR7A3;MIR3941;MIR628;TEX11;CADM4,1.30044844588245,,0.0188404886893625,FALSE,""
JAVELIN,6877,SLCO4C1;SLC38A11;NT5E;MIR378D2;PMAIP1,1.1812434024394,,0.146698482066333,FALSE,""
JAVELIN,6878,MYH14;TTN;PBX1;CRYAA;MIR5191,1.0941770407098,,0.390069565257567,FALSE,""
JAVELIN,6879,PRSS8;SLC38A11;GPC4;CACNA2D2;SYNC,1.18709740277722,,0.114671568398879,FALSE,""
JAVELIN,6880,PPAP2C;FXYD1;MST1;HCN2;C2orf82,0.856951615367015,,0.175670780372133,TRUE,""
JAVELIN,6881,GZMA;CYP4F11;SNORD116-16;STRIP2;TDRD10,1.02958225460041,,0.78605760370899,FALSE,""
JAVELIN,6882,CRB3;PAQR5;ECM2;HAS1;RASSF6,1.38440042652478,,0.00257138675213375,FALSE,""
JAVELIN,6883,BCMO1;C2;DPYSL3;VPREB3;MMP17,0.965150613361201,,0.747212741512495,TRUE,""
JAVELIN,6884,MIR3646;NAGS;MIR4714;KLHL41;MIR627,1.41432046874789,,0.00206559662875855,FALSE,""
JAVELIN,6885,MIR29B2;SLC16A9;2020-03-02 00:00:00;IBSP;KIAA1755,1.56451546069981,,4.10351194438134e-05,FALSE,""
JAVELIN,6886,PROM1;RGN;PC;SNORD113-5;CTRL,1.18728498599105,,0.0995816875262118,FALSE,""
JAVELIN,6887,GZMA;SPEG;FZD8;CDR1;RASD2,1.11568670202714,,0.347876787172079,FALSE,""
JAVELIN,6888,C1orf106;SNORD77;ADCY4;SHISA9;TMEM38A,1.25415930915382,,0.0375219804681542,FALSE,""
JAVELIN,6889,IL17RB;ADRA2A;LDLR;HCAR2;MPP7,0.913299594518628,,0.42126428343051,TRUE,""
JAVELIN,6890,TINAG;MIR554;PLAT;C1orf168;SNCAIP,1.22273949297817,,0.0702593815477034,FALSE,""
JAVELIN,6891,SCNN1A;KLKB1;IFI44L;SCGB3A2;RNF148,1.25980162882075,,0.032773369398203,FALSE,""
JAVELIN,6892,IL6;STK32B;BMP2;RERGL;UBE2T,1.21162342461064,,0.0775235349584559,FALSE,""
JAVELIN,6893,CXCL1;MIR563;ADCY4;RP1;SNORA70D,1.30618124016738,,0.0137086216244784,FALSE,""
JAVELIN,6894,PCDHGB2;RARRES1;CKS2;PKP3;KCNN4,0.700724240174186,,0.00150295629286377,TRUE,""
JAVELIN,6895,NMB;EPPK1;PPL;FOXA2;MIR1256,1.16671324540434,,0.153936803627606,FALSE,""
JAVELIN,6896,CTSW;LTF;MIR1537;SLC22A8;LOC101928383,1.11638155975395,,0.311720351795244,FALSE,""
JAVELIN,6897,EXOC3L4;ANXA13;SLC44A3;PRSS22;SNORD20,1.19027941735837,,0.114230509826998,FALSE,""
JAVELIN,6898,ADAM12;ESRP2;MIR631;DDIT4L;ADAMTS15,1.15346902438426,,0.207082922126849,FALSE,""
JAVELIN,6899,C14orf105;FOXF1;GPC4;MAPK8IP2;LRRC4,1.37433102660691,,0.00293634031010799,FALSE,""
JAVELIN,6900,AOC1;KIT;MST1;SNORD114-19;FIBIN,1.32333305231106,,0.00778347061684166,FALSE,""
JAVELIN,6901,CCL18;MIR1249;HOXD9;MIRLET7G;GALNT16,1.18788219768492,,0.108195358402855,FALSE,""
JAVELIN,6902,PLAC9;LAMC2;SNORD116-8;GABRB3;PRRT3-AS1,1.38059907178678,,0.00343037371892142,FALSE,""
JAVELIN,6903,MIR3189;LAMC2;MS4A4A;PAEP;DPY19L2P2,0.989264752121064,,0.924038296871449,TRUE,""
JAVELIN,6904,TMEM45A;CHST13;MXRA8;KCNB1;TIAM2,1.16029863527941,,0.17397043259198,FALSE,""
JAVELIN,6905,SMIM24;NAGS;DMD;EPS8L3;TMOD1,1.10092817107976,,0.37798917893934,FALSE,""
JAVELIN,6906,SLC34A2;ALDOB;ID1;MIR5091;BIRC5,1.13121239974408,,0.252949277263203,FALSE,""
JAVELIN,6907,PRSS8;FTCD;PTER;PRPH;CD80,1.1539959220455,,0.176753993035675,FALSE,""
JAVELIN,6908,MYH14;THBS4;ADAMTSL3;CYP4B1;MFAP3L,1.26929381365646,,0.0271853746561255,FALSE,""
JAVELIN,6909,ACE2;GRB14;RHOBTB3;TUBA3D;EPHB1,1.10376856828278,,0.363881312403686,FALSE,""
JAVELIN,6910,ASPN;GLIS1;ECM2;SAA2;GLI1,1.34317086535264,,0.00626713029321722,FALSE,""
JAVELIN,6911,JPH2;ABCB4;SNORD33;RERGL;MIR3674,1.24791046128525,,0.0342047801272064,FALSE,""
JAVELIN,6912,UBD;C2;MIR938;SLC26A7;TMEM232,1.30403936662137,,0.0150006136136322,FALSE,""
JAVELIN,6913,ITGA8;NAPSA;PPL;MIR218-2;CADM4,1.22656489807084,,0.0640677186236725,FALSE,""
JAVELIN,6914,GPER1;ABCA8;FOLR2;BAAT;HIST1H1A,1.10273002073242,,0.33938691448639,FALSE,""
JAVELIN,6915,COL4A3;WDR66;EVI2B;PRSS22;MIR3177,1.08497136244288,,0.446478257991817,FALSE,""
JAVELIN,6916,TMEM27;AGMAT;CCL4;NCAM2;C22orf34,1.11951931160753,,0.276677684294717,FALSE,""
JAVELIN,6917,JPH2;STK32B;CYTIP;GRIA4;RSAD2,1.14816875987939,,0.181177233240473,FALSE,""
JAVELIN,6918,MIR548AR;WDR66;RGL3;SNORD114-26;FAIM3,1.10380375790737,,0.341601524203132,FALSE,""
JAVELIN,6919,ARHGEF16;STEAP1;GAMT;MIR618;CACNB2,1.59333832286081,,2.5564642749221e-05,FALSE,""
JAVELIN,6920,MT1G;UTY;RHOBTB3;GDF6;NEK10,1.0846687247009,,0.442868775930061,FALSE,""
JAVELIN,6921,PTH1R;GLYATL1;PTER;ATP6V0D2;STEAP1B,1.3441610427078,,0.00848238048365376,FALSE,""
JAVELIN,6922,GPR126;MIR185;ADAMTSL3;SLC34A1;ATP8B3,1.27853201708837,,0.0218080529339713,FALSE,""
JAVELIN,6923,MIR4292;AQP7;CKS2;PLG;MIR3157,1.29987615741737,,0.0173160019400001,FALSE,""
JAVELIN,6924,AGMO;FLRT3;ACSF2;SNORD114-5;GRHL1,1.32870755023928,,0.00847621900445919,FALSE,""
JAVELIN,6925,TENM1;ZFY;ID4;FAM83F;SNORD50A,1.31389927348953,,0.00831381365738425,FALSE,""
JAVELIN,6926,BAIAP2L2;TNXB;ALDH6A1;MIR4486;TMC4,1.09167944119819,,0.416403061591102,FALSE,""
JAVELIN,6927,FAM46C;AR;SNORA48;MIR193A;LRRC17,1.30790863349171,,0.0120173918993009,FALSE,""
JAVELIN,6928,ABCC6;NPY6R;MIR938;LEFTY1;MMP17,1.27400973206071,,0.0305590020703621,FALSE,""
JAVELIN,6929,FOSB;LBP;PTK7;CNTFR;LRP8,0.882966046103364,,0.25387792786826,TRUE,""
JAVELIN,6930,MT1G;MIR4326;ADAMTSL3;ALOX15B;MIR98,1.19553348424014,,0.0965952898203843,FALSE,""
JAVELIN,6931,SULT1C4;CXCR3;SLC2A9;MIR874;PSD3,1.22250591611892,,0.0540909584587854,FALSE,""
JAVELIN,6932,C14orf105;PPARGC1A;IGFBP6;ST8SIA5;JAKMIP1,1.05038797281345,,0.645848715803436,FALSE,""
JAVELIN,6933,MIR1180;EFHD1;ROBO4;RTKN2;SYCE1L,1.22570817821329,,0.0597584960376924,FALSE,""
JAVELIN,6934,LOC101927834;REEP6;TOP2A;TUBA3E;NEK10,0.959363570652567,,0.698601303091743,TRUE,""
JAVELIN,6935,MIR25;MIR4731;HIST1H2AL;PTK6;ETV1,1.01994302077325,,0.863048319389617,FALSE,""
JAVELIN,6936,TSPAN13;FAP;TREM2;CR2;COL21A1,1.14952083431605,,0.190694678970683,FALSE,""
JAVELIN,6937,NME5;PTGS2;ID1;ZNF812;LRRC37A4P,1.12630591237768,,0.255915351155725,FALSE,""
JAVELIN,6938,LPL;MIR23B;MIR938;TBX5;UBE2T,1.23150855457735,,0.0523698550548652,FALSE,""
JAVELIN,6939,FCN3;GPC3;ECM2;SHOX2;SNORD91A,1.18628887249964,,0.110027094162497,FALSE,""
JAVELIN,6940,MYH14;DNASE1L3;MIR4784;DIRAS2;SLAMF1,1.00250541837094,,0.981492396925962,FALSE,""
JAVELIN,6941,GBA3;PNMA2;MIR938;MIR1208;MIR626,1.26781900455063,,0.0277987580951029,FALSE,""
JAVELIN,6942,CCL19;MAP7;SNORD4B;MIR106B;ANKRD29,1.04102211016651,,0.707020482961558,FALSE,""
JAVELIN,6943,PIGR;MIR186;TREM2;PKD1L2;FBXO27,1.34122443426674,,0.00722832084541222,FALSE,""
JAVELIN,6944,STEAP4;INHBB;ALDH6A1;LMO1;TDRD10,1.23921280424047,,0.0528064677060219,FALSE,""
JAVELIN,6945,MFSD2A;SLC6A10P;MMP11;MIR592;RASL12,1.1902592474253,,0.111372332632494,FALSE,""
JAVELIN,6946,FRAS1;SNORD67;FKBP9P1;SFTPA2;TMC4,1.22112360646771,,0.0588378623999101,FALSE,""
JAVELIN,6947,KRT7;MIR378A;CACNA1C;FOXA2;RASGEF1A,1.16754634248183,,0.159057125854569,FALSE,""
JAVELIN,6948,PYCR1;ADAMTS14;ARL4C;PVRL4;CKAP2L,0.782120913096931,,0.0290231412026639,TRUE,""
JAVELIN,6949,SPAG17;GRM8;SNORD116-28;BAAT;LOC400043,1.40414401814502,,0.00152468832585277,FALSE,""
JAVELIN,6950,ACE2;BTNL9;SNORD29;SIM2;GSTO2,1.31493780225441,,0.0131537332065588,FALSE,""
JAVELIN,6951,PCDHGB2;RGN;NT5E;DMRT2;PDGFD,1.40189459855181,,0.0016626814091955,FALSE,""
JAVELIN,6952,FGG;GRB14;TSKU;ALX1;CYP26B1,1.1846167672004,,0.106242188713441,FALSE,""
JAVELIN,6953,PTH1R;CDA;MIR628;SNORD115-4;THRB,1.29683024561931,,0.0146009025530237,FALSE,""
JAVELIN,6954,PCOLCE2;EXPH5;PTTG1;AP3B2;POU5F1B,1.30529314126651,,0.0138094823242047,FALSE,""
JAVELIN,6955,CXCL1;PCDHGA5;CCL4;MIR585;MAP6,1.04726221269758,,0.666198539955772,FALSE,""
JAVELIN,6956,PSAT1;SLC12A8;SNORD74;LEFTY1;RSAD2,0.785939127030192,,0.0267464597046588,TRUE,""
JAVELIN,6957,GZMA;MIR1303;TMEM204;NOG;ATP8B3,1.25642759223685,,0.0406699986274437,FALSE,""
JAVELIN,6958,GZMK;PLCH2;ECM2;MAPK8IP2;BIRC5,0.910485927751621,,0.398241842627869,TRUE,""
JAVELIN,6959,ADAMTSL2;FOXF1;MIR1537;SALL4;MFAP3L,1.42409070359058,,0.000841493583127373,FALSE,""
JAVELIN,6960,FRAS1;KIF26B;MYRF;TBX5;TTK,1.11625674643949,,0.303915510670971,FALSE,""
JAVELIN,6961,FRAS1;ALDH8A1;ACSF2;HIST1H2AA;ADAMTS12,1.28756016873596,,0.0260498466457449,FALSE,""
JAVELIN,6962,TENM1;MT1A;SNORD4B;TRNP1;MIR3664,1.03466547868719,,0.757488910563128,FALSE,""
JAVELIN,6963,MIR4730;B3GNT3;MIR4635;MIR758;P2RY10,1.14721362992705,,0.197857450735972,FALSE,""
JAVELIN,6964,LOC101927834;CES3;HRSP12;P4HA3;FOXD1,1.53845517575298,,0.000136341909461098,FALSE,""
JAVELIN,6965,GBA3;PAQR5;CDH13;TMEM100;SNORA78,1.38918870774544,,0.00190382428268098,FALSE,""
JAVELIN,6966,ANK3;MIR378H;FAM20A;SNORD115-42;AGAP11,1.3128917056859,,0.0106118723785905,FALSE,""
JAVELIN,6967,S100A8;TMEM171;LY96;GYG2;IL17RD,1.17410038281737,,0.129384471732772,FALSE,""
JAVELIN,6968,TENM1;LDHD;SNORD116-16;DNAH9;SNORD96B,1.4075733254811,,0.00191129826612643,FALSE,""
JAVELIN,6969,MIR126;GPD1;MCF2L;TRNP1;MIR3134,1.13433870841785,,0.230010680767744,FALSE,""
JAVELIN,6970,F2RL1;ABCA12;LY96;ATOH8;PYGO1,1.18262559989387,,0.112682313682026,FALSE,""
JAVELIN,6971,VTRNA2-1;KISS1R;MIR3125;MIR30D;C8orf88,1.65454792208368,,6.74525176008502e-06,FALSE,""
JAVELIN,6972,PIGR;PLIN4;DCBLD2;ZBTB7C;CRYBB2,1.039349450336,,0.723217997649574,FALSE,""
JAVELIN,6973,FNDC1;GJB1;MIR1207;MIR618;SCUBE2,1.45277847972735,,0.000895661698415434,FALSE,""
JAVELIN,6974,MIR378I;IRF4;SNORD116-16;BEX1;STEAP1B,0.93501047547378,,0.540418613566962,TRUE,""
JAVELIN,6975,AGMO;SDS;PLAUR;CTSE;UHRF1,1.12470063519356,,0.295325732905436,FALSE,""
JAVELIN,6976,SCIN;NPY1R;CDH13;RANBP3L;ACTA2-AS1,1.46364252631735,,0.000530951404494744,FALSE,""
JAVELIN,6977,TRABD2B;CXCR3;GPC4;ST6GAL2;BMP6,1.08311695402618,,0.446339126860653,FALSE,""
JAVELIN,6978,SHROOM3;COLEC12;SNORD116-16;TREM1;PABPC4L,1.35172287805153,,0.00540388652227354,FALSE,""
JAVELIN,6979,SCIN;MIR185;MYO7A;CLIC5;TAL1,1.33573192635517,,0.00772341090025976,FALSE,""
JAVELIN,6980,SEC14L6;SDS;APCDD1;LCN2;EGFLAM,1.21404801621894,,0.0767641469965693,FALSE,""
JAVELIN,6981,PIGR;VNN1;CRISPLD2;MIR345;C9orf106,1.24290085313595,,0.0427612262651567,FALSE,""
JAVELIN,6982,IRX5;PTGER3;SEMA4G;NTNG1;RHBDL1,1.33734563730568,,0.00966167292840877,FALSE,""
JAVELIN,6983,RERG;MAP7;MYRF;MIR544A;CADM4,1.19245145533765,,0.108325010749729,FALSE,""
JAVELIN,6984,SLC17A1;MFI2;MIR938;AMZ1;CYP2D7P,1.08567171312663,,0.457344344730629,FALSE,""
JAVELIN,6985,NLGN1;ETNK2;ROBO4;GRHL2;ZNF90,1.46544508792976,,0.0004093307607726,FALSE,""
JAVELIN,6986,SNCG;CPXM1;DPYSL3;TSPAN10;TBX21,0.943304832286914,,0.599113602606522,TRUE,""
JAVELIN,6987,LPL;PTGER3;RASGRP1;FAM183A;MIR3605,1.36181818442994,,0.00296031546208829,FALSE,""
JAVELIN,6988,SVEP1;LRG1;LY96;MIR379;MDFI,1.08327578379341,,0.446715537660795,FALSE,""
JAVELIN,6989,TMEM45A;MGAM;MIR4714;ALAS2;PCP2,1.51325139368878,,0.000183062068138143,FALSE,""
JAVELIN,6990,FMO2;SLC26A1;PLAT;IRX2;MIR579,1.55317981361247,,6.17621437344849e-05,FALSE,""
JAVELIN,6991,C14orf105;GSTM1;LY96;IRX6;FAIM3,1.04486941661954,,0.685318691226995,FALSE,""
JAVELIN,6992,GPR126;GREM1;MTCL1;SNORD114-5;PHYHD1,1.09293375984961,,0.423224015848715,FALSE,""
JAVELIN,6993,MUC3A;MAP7;BMP2;OVOS;PPP2R2B,1.24285237931613,,0.0531271431232698,FALSE,""
JAVELIN,6994,PROM1;FAP;GPC4;GRPR;CLEC10A,1.01231915407726,,0.907878283049022,FALSE,""
JAVELIN,6995,GBP5;MFAP2;2020-03-02 00:00:00;CST1;OSR1,1.15900769963866,,0.166188043959055,FALSE,""
JAVELIN,6996,IDO1;PLCH2;EMP1;TEX11;MIR579,1.15001648797269,,0.176364692895247,FALSE,""
JAVELIN,6997,ABCC6;UBASH3A;DENND2A;SIGLEC12;MIR579,1.16271565852669,,0.170561413887739,FALSE,""
JAVELIN,6998,LOC101927834;VEPH1;SNORA26;PRSS22;MIR3942,1.36084204051124,,0.00707766567288377,FALSE,""
JAVELIN,6999,STEAP4;ZFHX4;SNORD33;MIR4274;SNORD91A,0.96698023790022,,0.765229335508586,TRUE,""
JAVELIN,7000,MIR548AR;CPXM2;MIR4435-2;MIR924;LILRA6,1.02770805720941,,0.796633441717738,FALSE,""
JAVELIN,7001,HOXD10;CGREF1;2020-03-02 00:00:00;SCTR;EME1,1.40759337068363,,0.00163794470794328,FALSE,""
JAVELIN,7002,RAB42;C4A;SNORD116-16;CA8;MIR5191,1.25729129758342,,0.0315631603855747,FALSE,""
JAVELIN,7003,RASD1;FOXP2;GAMT;HSD17B2;MTRNR2L10,1.23210642032511,,0.0603162726319323,FALSE,""
JAVELIN,7004,HHLA2;F10;MIR631;ROS1;MIR3664,1.16080696794977,,0.163464678482621,FALSE,""
JAVELIN,7005,SNORD14C;AR;S1PR3;AGXT;ETV1,1.26818938637548,,0.0290294390928489,FALSE,""
JAVELIN,7006,MIA2;SPEG;TSKU;MIR4274;CD200R1,1.12047874909503,,0.288214796967823,FALSE,""
JAVELIN,7007,C14orf105;SLC26A1;MYO1G;MIR29A;CYP2D7P,1.32738738525282,,0.00792210496524552,FALSE,""
JAVELIN,7008,QPCT;CHST13;RGL3;MIR4280;CDC45,1.05357627552434,,0.631561807169632,FALSE,""
JAVELIN,7009,NME5;UBASH3A;PPL;LINC00671;CHST1,1.09298527856596,,0.387554938441952,FALSE,""
JAVELIN,7010,AGMO;SLC2A2;TIE1;SYT8;CD80,1.34043755628501,,0.00606054937247503,FALSE,""
JAVELIN,7011,KRT7;GJB1;S1PR3;TUBA3D;FCN1,1.02408969249846,,0.830301146358704,FALSE,""
JAVELIN,7012,MIR378I;NDNF;PBX1;MFSD4;LOC553103,1.23952408512857,,0.0609717707545121,FALSE,""
JAVELIN,7013,MIR4292;SOX6;SNORD116-8;SLC12A3;FAM132A,1.36972603222498,,0.00473142962505177,FALSE,""
JAVELIN,7014,MGAT3;EGR3;ALDH1A3;PTPRN;PYGO1,1.09550108813367,,0.399848010188061,FALSE,""
JAVELIN,7015,F8;MOXD1;PTTG1;CALB1;WNT3,1.08194030920155,,0.476430437553716,FALSE,""
JAVELIN,7016,LOC101927834;PPARGC1A;SNORD12B;GYG2;KLHL13,1.36686537649141,,0.00663437424068423,FALSE,""
JAVELIN,7017,ESM1;ATP1A2;SELENBP1;ATP6V0D2;KCNMB4,1.48280161096047,,0.000319469668556096,FALSE,""
JAVELIN,7018,MUC3A;AR;SNORD116-28;C8orf34;MMP25,1.10183427364078,,0.374868763750314,FALSE,""
JAVELIN,7019,SNORD14C;TENM3;PLAUR;STAC2;MIR4681,0.919626988789999,,0.453041408276793,TRUE,""
JAVELIN,7020,F2RL1;CHRDL1;FPR1;TMEM252;RASGEF1A,0.890126125833987,,0.270218436771835,TRUE,""
JAVELIN,7021,ANO9;CYP2C9;SLC44A3;NECAB2;PDCD1LG2,1.10868730335781,,0.338634502629307,FALSE,""
JAVELIN,7022,SMIM24;ADRA2C;HIST1H2AL;BMPER;ADAMTS15,1.2216288394394,,0.0748735734472917,FALSE,""
JAVELIN,7023,SMIM24;MMP19;S1PR3;PRIMA1;LOC100133669,1.30461732595948,,0.0141927068320136,FALSE,""
JAVELIN,7024,TENM1;LYVE1;HOXD9;GC;SNORA70D,1.27829061166735,,0.0229762629812614,FALSE,""
JAVELIN,7025,MIR27B;EFHD1;CACNA2D1;MYRFL;DAPK2,1.36828061103878,,0.00463825012118748,FALSE,""
JAVELIN,7026,ALPK3;HAMP;TSKU;BTLA;AK7,1.12087043537471,,0.284015645763804,FALSE,""
JAVELIN,7027,SLC39A5;LIPC;SARDH;SPESP1;LNX1,1.45357443848981,,0.000495373549839795,FALSE,""
JAVELIN,7028,IRX5;LAMC2;HOXD9;C5orf38;MTRNR2L10,1.29320118992164,,0.01856966430096,FALSE,""
JAVELIN,7029,MIR25;CCDC183;ECM2;MIR29A;MIR3973,1.27661509007896,,0.0272293424668614,FALSE,""
JAVELIN,7030,ANO9;CDHR1;SNORD74;AP3B2;HIST2H3C,0.836400798402432,,0.0977339219463067,TRUE,""
JAVELIN,7031,CNN1;ZNF711;CALCRL;ARHGAP40;GPR68,1.26566558316145,,0.0294463210866173,FALSE,""
JAVELIN,7032,CXCL1;FCGBP;SNORA26;CALB1;PCDHB15,1.24598148507524,,0.0427562985256639,FALSE,""
JAVELIN,7033,FABP4;NLGN4Y;TOP2A;PCDHB2;WNT9A,0.823714258064919,,0.0748281476032384,TRUE,""
JAVELIN,7034,RBP4;LRG1;BMP2;HAO2;TDRD10,1.4059046754931,,0.00224748495993225,FALSE,""
JAVELIN,7035,NME5;BTNL9;APCDD1;ZNF114;FAIM3,1.17261818397152,,0.12896630449822,FALSE,""
JAVELIN,7036,EMX2;SORCS2;FAM20A;ALAS2;DLG2,1.14091010795205,,0.218866159836648,FALSE,""
JAVELIN,7037,PCOLCE2;WNK4;MAP4K1;FLG;APOBEC3H,0.971203135558502,,0.785607930134361,TRUE,""
JAVELIN,7038,JPH2;TMEM171;PDLIM3;PODNL1;FCRL6,1.23017624690218,,0.0479611417081858,FALSE,""
JAVELIN,7039,DCDC2;CPXM1;TREM2;S100P;OSR1,1.14712348892412,,0.22907673882729,FALSE,""
JAVELIN,7040,NOX4;EGR3;DMD;DEFB134;LOC101928871,1.27443747577181,,0.0248024691450974,FALSE,""
JAVELIN,7041,MYOM3;LDHD;CSF3R;SLC22A7;CCDC74B,1.13404034282337,,0.24219155331363,FALSE,""
JAVELIN,7042,IGF2BP2;LAMC2;FPR1;CRHBP;NRXN3,0.783205196405854,,0.0270318575722165,TRUE,""
JAVELIN,7043,MIR1180;SDS;HIST1H2BM;CFTR;SNORD116-10,1.1713722830644,,0.155189549805701,FALSE,""
JAVELIN,7044,HIF1A-AS2;SLC23A1;MYO7A;TNFRSF17;MIR626,1.1559797945461,,0.157976810642257,FALSE,""
JAVELIN,7045,RERG;KCNIP4;MYO7A;SCN2A;FCRL6,1.22562857106928,,0.0573932844950927,FALSE,""
JAVELIN,7046,MIR378I;MIR429;MAP4K1;CRYAA;TSPYL5,0.953564423404717,,0.651907589926504,TRUE,""
JAVELIN,7047,BCL2A1;MIR4796;GAMT;LOC101928281;TIAM2,1.30847196965022,,0.0119340711635017,FALSE,""
JAVELIN,7048,WDR72;CCDC183;ARL4C;SLC47A2;FIBIN,1.28517616919296,,0.0236250032875266,FALSE,""
JAVELIN,7049,PCDHGB2;AQP7;TREM2;SCG5;IER3,1.18734895466695,,0.12131672104446,FALSE,""
JAVELIN,7050,MIR25;GZMB;SNORD116-16;GRPR;CEP55,0.957678538736437,,0.698717128873234,TRUE,""
JAVELIN,7051,SLC34A2;B3GNT4;FZD8;DMRT2;HOXA7,1.35757018346962,,0.00424876413833643,FALSE,""
JAVELIN,7052,SORBS2;CD22;HOXD4;CXCR2P1;MIR4440,1.07347659631957,,0.479984115887756,FALSE,""
JAVELIN,7053,LAMC3;FTCD;HIST1H2AL;PRSS3;RPS6KL1,1.02368080484656,,0.833078302176841,FALSE,""
JAVELIN,7054,SRPX;WNK4;MKI67;CDH15;COLCA2,1.19224978236892,,0.112986835689579,FALSE,""
JAVELIN,7055,F8;AR;GPC4;C1orf168;MCOLN2,1.26710313079268,,0.0208799979246543,FALSE,""
JAVELIN,7056,SCNN1A;ALDOB;SLC1A1;PAPPA2;STEAP1B,1.23750144821684,,0.0606639499098618,FALSE,""
JAVELIN,7057,FER1L4;CLDN10;SNORD116-28;B4GALNT2;HUNK,1.49478764766781,,0.000236413488355979,FALSE,""
JAVELIN,7058,AOC1;PCDHGA4;ROBO4;SNORD115-12;ACOT1,1.47111898111581,,0.000610456698244988,FALSE,""
JAVELIN,7059,FCN3;FCGBP;MST1;TCHH;RHBDL1,1.27797961743857,,0.0321759187147044,FALSE,""
JAVELIN,7060,BCL2A1;MIR185;BMP2;CA8;SERTAD4,1.28486167045331,,0.0201557201690588,FALSE,""
JAVELIN,7061,CRB3;PLIN4;ECM2;ST8SIA5;POU5F1P4,1.33093546786695,,0.0115396200464043,FALSE,""
JAVELIN,7062,PIGR;LRG1;DENND2A;MEGF11;GRAP2,1.08346408517059,,0.461912424914889,FALSE,""
JAVELIN,7063,ADAMTSL2;CLMP;MIR1537;SPINK5;LY9,0.987617708868541,,0.902828365922586,TRUE,""
JAVELIN,7064,HOXC10;ADAMTS14;SNORD33;ADCY2;THEMIS,0.994883598962711,,0.962248778529073,TRUE,""
JAVELIN,7065,PLAC9;MLXIPL;FOLR2;DPYSL4;NAV3,1.00663510709478,,0.94947141117766,FALSE,""
JAVELIN,7066,FXYD2;MIR429;ITGA11;PROC;DAPP1,1.22464119971081,,0.0685975258748413,FALSE,""
JAVELIN,7067,SNORD14C;MIR148B;FKBP9P1;UNC5A;KCNJ5,1.05658272835186,,0.615017981960436,FALSE,""
JAVELIN,7068,CRB3;STK32B;2020-03-02 00:00:00;JSRP1;THSD4,1.26398620776674,,0.0293228932415295,FALSE,""
JAVELIN,7069,SLPI;SNORD114-13;MIR544B;MIR93;PPIAP30,0.977656943934621,,0.834531353232822,TRUE,""
JAVELIN,7070,ABO;MIR200B;MIR4714;ARHGAP40;PGM5,1.22628261082128,,0.0662072301800034,FALSE,""
JAVELIN,7071,CRB3;CD22;NT5E;CPA4;CCR6,0.897068199660478,,0.325471773928012,TRUE,""
JAVELIN,7072,SLIT2;SNORA69;ADAMTS2;MIR378D2;THSD4,1.04520829404491,,0.678074428543351,FALSE,""
JAVELIN,7073,SULT1C4;MIR3918;MIR4784;C19orf80;SLC16A10,1.36932841059444,,0.00442687700311189,FALSE,""
JAVELIN,7074,SLCO4C1;GRB14;SNORD116-8;AFM;FCRL6,1.32493361138664,,0.00830772963107905,FALSE,""
JAVELIN,7075,CXCL1;AZGP1;SLC2A9;CA8;MIR1273F,1.40144383608415,,0.00296654484957381,FALSE,""
JAVELIN,7076,SRPX;ZNF711;PLAUR;MIR758;SCUBE2,1.07640303358815,,0.486679278984685,FALSE,""
JAVELIN,7077,CX3CR1;CES3;NT5E;MUC12;FBXO27,1.2916022279854,,0.0184049503138163,FALSE,""
JAVELIN,7078,SLC34A2;CXCL8;MIR1207;VWDE;LRRC37A4P,0.996057726243292,,0.970950365539903,TRUE,""
JAVELIN,7079,SLC39A5;EMX1;CACNA2D1;PDE4C;FOXD1,1.48865423883468,,0.00028427329224679,FALSE,""
JAVELIN,7080,NOX4;HPGD;COL5A3;CAPN6;MYCT1,1.49945268107815,,0.000207938760039662,FALSE,""
JAVELIN,7081,SRPX;DUSP2;MST1;ASXL3;SP140,1.05157416951762,,0.633230432282945,FALSE,""
JAVELIN,7082,SLC34A2;LOC647859;PTER;STRIP2;IER3,0.982799642237932,,0.869040447552324,TRUE,""
JAVELIN,7083,FMO3;GLYATL1;SNORD116-16;MIR4645;PLEKHN1,1.31051837316712,,0.0093214278122347,FALSE,""
JAVELIN,7084,SLCO4C1;CD79A;TMEM132A;LOC100505635;PARP15,0.966287511181322,,0.748350033919867,TRUE,""
JAVELIN,7085,MIR3189;MAL2;MXRA8;FOXA1;C5AR2,1.01563919875457,,0.888219659537896,FALSE,""
JAVELIN,7086,ITGA8;CDHR1;PLAT;DDIT4L;NCAPG,1.24393274843576,,0.0555527647481782,FALSE,""
JAVELIN,7087,COX4I2;SLC6A10P;SNORD6;HSD17B2;HIST1H1A,1.40888612377159,,0.00259855619043153,FALSE,""
JAVELIN,7088,MIR27B;DNAH5;SELENBP1;ALAS2;ATP1B2,1.41123720706753,,0.00219865714756704,FALSE,""
JAVELIN,7089,ITGB6;ALDOB;DLL4;GSTM5;CLEC12A,1.15896525659173,,0.168988808214926,FALSE,""
JAVELIN,7090,MIR3117;FOXF1;SLC2A9;AMBP;LIPE,1.35166307244418,,0.00549227408444615,FALSE,""
JAVELIN,7091,NPNT;PCK1;MIR4714;SCN2A;CCDC144CP,1.41016524240034,,0.00183340956948833,FALSE,""
JAVELIN,7092,COX4I2;TRPC6;EFNA1;SFTPC;MTRNR2L10,1.26405067186005,,0.0361173030065588,FALSE,""
JAVELIN,7093,MIR4317;ATP1A2;MIR4784;AP3B2;LOC283278,1.08135704291656,,0.453555481389272,FALSE,""
JAVELIN,7094,PPAP2C;MIR4731;RGL3;FCER2;LOC729970,1.08878890915388,,0.425995315395971,FALSE,""
JAVELIN,7095,IKZF3;NDNF;HOXD9;MUC12;PPP1R3G,1.13151033012975,,0.250464666308708,FALSE,""
JAVELIN,7096,ALDH1L1;VEPH1;MIR4435-2;ST8SIA5;FAM212A,1.49711829391788,,0.000258589987179801,FALSE,""
JAVELIN,7097,FMO3;GZMB;PBX1;ITPKA;DACT3,0.987503581481422,,0.905164986982364,TRUE,""
JAVELIN,7098,TINAG;MFI2;MIR4784;GC;MIR4771-2,0.975396074542574,,0.823170213875895,TRUE,""
JAVELIN,7099,SMIM24;MMP19;ARL4C;TPSG1;NEIL3,0.943294346449328,,0.59449879956037,TRUE,""
JAVELIN,7100,FMO3;HOXD11;BMP2;MIR1290;MIR3942,1.25423030379224,,0.0334751144628499,FALSE,""
JAVELIN,7101,PTHLH;MFI2;ALDH6A1;KCNA5;MIR4440,1.28231919559264,,0.0263628246081809,FALSE,""
JAVELIN,7102,SLC17A1;GPRC5A;ACSF2;MIR30D;GPR174,0.986096847511911,,0.896851674593732,TRUE,""
JAVELIN,7103,UBD;SFN;HOXD9;C9;AK7,1.25254416878504,,0.0343474958376825,FALSE,""
JAVELIN,7104,EXOC3L4;EGR3;ALDH1A3;ATP6V1B1;LOC553103,1.24617720157908,,0.0453404114023172,FALSE,""
JAVELIN,7105,PSAT1;GPD1;CALCRL;WBSCR17;CHST1,1.24684504232607,,0.0433218869679939,FALSE,""
JAVELIN,7106,TENM1;LYVE1;PPL;MS4A2;GRAP2,1.01831000806191,,0.861157951222148,FALSE,""
JAVELIN,7107,MYOM3;GFRA1;SNORD116-8;ST6GAL2;RNF157,1.3878452413244,,0.00246269097248674,FALSE,""
JAVELIN,7108,S100A8;MT1M;SLC44A3;HRCT1;BMP6,1.08347881468418,,0.457285363773534,FALSE,""
JAVELIN,7109,ANLN;SNORD87;TREM2;SLC13A1;HIST2H3C,0.919169604610155,,0.453923881439892,TRUE,""
JAVELIN,7110,PTHLH;SPINK1;MIR631;CYP2C19;EPHB1,1.05668948081769,,0.615412782691853,FALSE,""
JAVELIN,7111,RBP4;HLF;S1PR3;BMPER;P2RY10,1.11651943875217,,0.306440896134211,FALSE,""
JAVELIN,7112,CHDH;MIR378H;PLEKHA7;SNORD115-21;TMEM246,1.29035798097363,,0.0197679695922661,FALSE,""
JAVELIN,7113,MACC1;RASAL1;LY96;AMPD1;SEMA3G,1.19378194576751,,0.0822430619422723,FALSE,""
JAVELIN,7114,CHDH;MIR339;RHOBTB3;PCDHGA3;SNORD96B,1.187830127814,,0.111931574815589,FALSE,""
JAVELIN,7115,FNDC1;MIR185;ARHGEF15;SFTPA1;JAM2,1.23731013920964,,0.0434598175622397,FALSE,""
JAVELIN,7116,NR4A3;COL7A1;SNORA26;SLC18A3;ADAMTS12,0.819891345040785,,0.0745814380619025,TRUE,""
JAVELIN,7117,STC1;MIR3918;MIR4784;CYP11A1;CCDC144CP,1.08233617015024,,0.46004533648551,FALSE,""
JAVELIN,7118,MIR3189;ADAMTS14;HRSP12;MIR4506;CYP27B1,1.1592980061601,,0.171118721016103,FALSE,""
JAVELIN,7119,TFPI2;SLC12A8;FOLR2;LEFTY1;KCNQ4,0.903355349651487,,0.342528894785768,TRUE,""
JAVELIN,7120,SHROOM3;INMT;SNORA26;GAS2;CD28,1.06368424860764,,0.573379207115898,FALSE,""
JAVELIN,7121,STC1;CPA3;TREM2;MFAP5;TP73,1.11997903326249,,0.298010087423058,FALSE,""
JAVELIN,7122,TSPAN7;C10orf113;MIR4784;GRIK3;COLCA2,1.38128606240457,,0.00353722017639601,FALSE,""
JAVELIN,7123,BCL2A1;ADAMTS14;TMEM132A;KCNH2;MIR643,0.74915135430468,,0.00764567992756132,TRUE,""
JAVELIN,7124,GBP5;SNORD87;DPYSL3;FOXB2;DCDC1,1.11425703313684,,0.309712832366246,FALSE,""
JAVELIN,7125,ABCA6;APOLD1;COX7A1;FUT3;AMY2B,1.52974949633856,,0.00011765870890947,FALSE,""
JAVELIN,7126,RAB17;KIF26B;FAM20A;TMEM174;ZNF334,1.35540147884726,,0.00433939387351407,FALSE,""
JAVELIN,7127,RBP4;CLDN10;FZD8;EPO;SNORD126,1.43295596419797,,0.00132938528242279,FALSE,""
JAVELIN,7128,PEG10;SNORD87;ALDOC;CNTFR;EMP2,1.2788649983845,,0.0212204979107041,FALSE,""
JAVELIN,7129,NOX4;LOC100288152;PPL;PTX3;LRRC4,1.22117642881974,,0.0651531263716342,FALSE,""
JAVELIN,7130,PYCR1;SNORA75;TIE1;STRIP2;TMEM246,1.17457187331948,,0.141111679984464,FALSE,""
JAVELIN,7131,SULT1C4;EMX1;PLAT;HCAR2;RNF148,1.31943966634706,,0.00964749073279434,FALSE,""
JAVELIN,7132,MIR4526;MMP19;MIR4635;ELFN2;POU5F1P4,1.17890816815115,,0.138142281047316,FALSE,""
JAVELIN,7133,AGMO;UBASH3A;MIR544B;KCNK9;LOC101927970,1.36481954267052,,0.00429763366061985,FALSE,""
JAVELIN,7134,SPAG17;ZNF711;TEK;SLC26A9;TMEM38A,1.39233287298868,,0.00249181602444205,FALSE,""
JAVELIN,7135,KRT7;SPEG;MIR1537;SLC6A20;WISP1,0.962121471834593,,0.721727236759725,TRUE,""
JAVELIN,7136,ACKR1;ITGBL1;ROBO4;ASPDH;SERTAD4-AS1,1.42897742096782,,0.000971805324643663,FALSE,""
JAVELIN,7137,MIR3117;CCDC183;TMEM204;CASR;ATP8B3,1.3021857793264,,0.0191026444744978,FALSE,""
JAVELIN,7138,HABP2;IL1B;MXRA8;ICAM5;PARP15,0.946425884971294,,0.60458669083732,TRUE,""
JAVELIN,7139,MIR126;CYP2C9;SNORD33;CNDP1;PDE3B,1.15918614005293,,0.188676485529619,FALSE,""
JAVELIN,7140,CCL19;NPY1R;PLEKHA7;MIR95;MIR4753,1.1685153601498,,0.156626666590175,FALSE,""
JAVELIN,7141,MIR27A;TMEM171;SLC1A1;CST1;LOC644086,1.32108343325571,,0.0109012277955016,FALSE,""
JAVELIN,7142,IL6;ESPN;MYO7A;LRRN2;MIR5697,1.15355753094864,,0.205735033916382,FALSE,""
JAVELIN,7143,MIR3189;MIR4796;MS4A4A;AVPR1B;GRTP1,1.47877293689228,,0.000437887217455045,FALSE,""
JAVELIN,7144,ZDHHC11B;SYBU;RNF128;KCNH6;CYP27B1,1.09049031618229,,0.434779825299218,FALSE,""
JAVELIN,7145,UPB1;ATP1A2;HIST1H2BO;MIR4685;MIR3942,1.39059218023819,,0.00262670021480212,FALSE,""
JAVELIN,7146,MFSD2A;VEPH1;ALDH6A1;EPS8L3;WNT2B,1.14642321252145,,0.230099714905869,FALSE,""
JAVELIN,7147,ALPK3;LTF;IL2RB;TNNI3;MMP25,0.934172257655067,,0.529078341388983,TRUE,""
JAVELIN,7148,ALDH1L1;MAP7;PTTG1;MIR578;SNORD58C,1.19716811368246,,0.0990403768645005,FALSE,""
JAVELIN,7149,C1orf186;GZMB;DCBLD2;ESRP1;ATP1B2,0.938232887805323,,0.56773053288725,TRUE,""
JAVELIN,7150,HIF1A-AS2;B3GNT4;EFNA1;CRP;POLQ,1.16148823971802,,0.170329733325255,FALSE,""
JAVELIN,7151,SULT1C4;HSH2D;MS4A4E;FA2H;EPHB1,0.959657555591532,,0.70543219537886,TRUE,""
JAVELIN,7152,NTM;FLRT3;MXRA8;ESR2;RBPMS2,1.39284415473359,,0.00205435601239277,FALSE,""
JAVELIN,7153,F2RL1;SFRP1;SNORD12B;CERKL;CD40LG,1.0674545009436,,0.54010967193358,FALSE,""
JAVELIN,7154,KRT7;MIRLET7E;CYTIP;SLC13A3;PDE3B,0.930197737417332,,0.50630641224101,TRUE,""
JAVELIN,7155,PROM1;DNAH5;MIR3975;APLP1;PCDHGC5,1.02058859616767,,0.851581491850847,FALSE,""
JAVELIN,7156,FER1L4;MIR23B;LDB2;SLC35F3;PRDM8,1.20917561984897,,0.0643557004408847,FALSE,""
JAVELIN,7157,AGMO;CPXM1;MST1;PITX2;DLG2,1.37115849648911,,0.00344587757175108,FALSE,""
JAVELIN,7158,CCL19;MIR3918;S1PR3;CAMK2B;MIR626,1.15000796023174,,0.204798741474174,FALSE,""
JAVELIN,7159,TINAG;MIR1203;MMP11;DNAI1;MIR765,1.31249676003665,,0.0117670905862935,FALSE,""
JAVELIN,7160,AOC1;SNORD115-5;TOP2A;LMO1;KCNMB4,1.24584501719822,,0.0496273063339097,FALSE,""
JAVELIN,7161,CCL19;CD79A;MXRA8;FAM151A;GSTT2,1.04969075115633,,0.648042916419286,FALSE,""
JAVELIN,7162,TBX3;KLF15;CCL4;DMBT1;MIR548J,1.12116261703586,,0.301224618369046,FALSE,""
JAVELIN,7163,EMX2;CYP4F12;MIR4714;ATP6V1B1;REM1,1.36949518179312,,0.00387339694406715,FALSE,""
JAVELIN,7164,ABO;LTF;LZTS1;PXDNL;NLGN4X,1.3393553390782,,0.00818624228926749,FALSE,""
JAVELIN,7165,F2RL1;DSCAML1;MYO1G;PTPRQ;ARL4D,1.32160776904799,,0.0114063083721898,FALSE,""
JAVELIN,7166,CCL20;PCDHGA4;HOXD4;MIR93;CYP27B1,1.20697312551324,,0.0800757122671909,FALSE,""
JAVELIN,7167,ADAM12;SNORA69;SNORA77;EYA1;MIR98,1.09629723053153,,0.402573082746364,FALSE,""
JAVELIN,7168,SLC39A5;SLC26A1;MIR631;MIR106B;SNORD103B,1.39433167540752,,0.00345917470338038,FALSE,""
JAVELIN,7169,RAB42;MIR1972-1;CKS2;PKD1L2;FAM110C,1.15416281660895,,0.185319020890276,FALSE,""
JAVELIN,7170,ANLN;SPEG;CACNA1C;PRSS12;NAV3,0.919580835196905,,0.439941375098718,TRUE,""
JAVELIN,7171,HOXC10;MIR3941;ADAMTS2;S100B;WIPF3,1.148827370839,,0.216892447117417,FALSE,""
JAVELIN,7172,PIGR;LRG1;TIE1;PWRN1;SLC39A4,1.20152923370673,,0.098922085667909,FALSE,""
JAVELIN,7173,F2RL1;DUSP2;TIE1;FBXL16;MIR581,1.19823556276374,,0.0926331375951606,FALSE,""
JAVELIN,7174,MT1G;ITGBL1;EMP1;MIR181B2;DNAJC22,1.41380365766519,,0.00151643929329336,FALSE,""
JAVELIN,7175,UPB1;GRM8;SELENBP1;MIR218-1;MIR3157,1.90900897861476,,6.18537866159645e-09,FALSE,""
JAVELIN,7176,SHROOM3;KCNJ3;COX7A1;CYP21A2;TMOD1,1.33289407454716,,0.0103048878271151,FALSE,""
JAVELIN,7177,NR4A3;FCGBP;RIPK4;KCNN1;SYCE1L,1.17160701378029,,0.141735607021419,FALSE,""
JAVELIN,7178,MGAT3;SLC4A3;SEMA4G;THPO;CCDC154,1.21318167862987,,0.097242394946887,FALSE,""
JAVELIN,7179,ALDH1L1;AIF1L;MIR4714;SCN4A;ZNF471,1.36276796275397,,0.00510988001853721,FALSE,""
JAVELIN,7180,MIR27A;SNORD65;RNF128;MIR431;LOC100133669,1.21748031178746,,0.0727793593873789,FALSE,""
JAVELIN,7181,FCN3;REEP6;HMCN1;TEX11;ADAMTS12,1.14732108088515,,0.175603257244515,FALSE,""
JAVELIN,7182,AGMO;CD22;PLAT;CST6;MAP6,1.15188825023746,,0.187835716809919,FALSE,""
JAVELIN,7183,SLC16A12;PAQR5;ALDH6A1;MUM1L1;MIR98,1.3118094251029,,0.0154256253625038,FALSE,""
JAVELIN,7184,HOXD10;LIPC;MIR3975;MIR190A;MIR5094,1.32859612688721,,0.00822688059115459,FALSE,""
JAVELIN,7185,SBSPON;MFAP2;TIE1;HTR6;CETP,1.34950373472618,,0.00654648297459453,FALSE,""
JAVELIN,7186,IGF2BP2;ROR2;TMEM132A;CCL17;FBXO27,0.707279700053887,,0.00180216190308061,TRUE,""
JAVELIN,7187,PGF;MIR429;ECM2;LPPR5;WISP1,1.44117180677443,,0.000858067762247165,FALSE,""
JAVELIN,7188,MACC1;FOXF1;MMP11;CST2;BATF,1.20426192904327,,0.0872748587808069,FALSE,""
JAVELIN,7189,F8;DUSP2;ECM2;UGT2B4;LTB,1.14303737850839,,0.19259954986718,FALSE,""
JAVELIN,7190,SCN9A;LBP;HMCN1;PKP3;TIAM2,1.07928074794221,,0.473408465964009,FALSE,""
JAVELIN,7191,SCIN;FAM65C;HIST1H4L;SLC22A7;ROPN1L,1.4925509627728,,0.000269031006232311,FALSE,""
JAVELIN,7192,TBX3;NAGS;MS4A4E;MUC12;CCR6,1.10610343791818,,0.342953605391282,FALSE,""
JAVELIN,7193,C8orf4;MAPK15;SNORD33;TM6SF2;RGS16,1.3296242335487,,0.00886160294260939,FALSE,""
JAVELIN,7194,STC2;CDH23;COL5A3;SCG5;MTRNR2L10,1.10245002264102,,0.37831954702438,FALSE,""
JAVELIN,7195,MIR4499;PTPRD;MKI67;MIR196A1;MIR3682,1.24805857042421,,0.045716051123427,FALSE,""
JAVELIN,7196,GPR126;MAPK15;SNORD4B;PKLR;TMEM119,1.26714044186131,,0.0237907743403615,FALSE,""
JAVELIN,7197,PIGR;GLIS1;ADAMTS2;CTSE;HOXA10-AS,1.35797036045945,,0.00520059448296621,FALSE,""
JAVELIN,7198,NME5;CLDN10;ARL4C;MIR4439;CCDC17,1.12751385592771,,0.247599762844638,FALSE,""
JAVELIN,7199,PCDHGB2;MMP24;RIPK4;TNNC2;MIR4720,1.30370500125248,,0.0112211263137698,FALSE,""
JAVELIN,7200,TBX3;GDA;DCBLD2;FCAMR;GNMT,1.10066288191675,,0.378909285234756,FALSE,""
JAVELIN,7201,FNDC1;SORCS2;SLC1A1;HTR6;MIR221,1.13376814102458,,0.254732003119552,FALSE,""
JAVELIN,7202,TRABD2B;TESC;SNORD4B;C10orf62;C5AR2,1.04961986218231,,0.65685828751035,FALSE,""
JAVELIN,7203,FNDC1;AQP7;ACSF2;OVOS;IL33,1.19489436170187,,0.0966785057491052,FALSE,""
JAVELIN,7204,MIR30A;GABRD;FAM20A;NMU;RHBDL1,1.30535326605945,,0.017378525279911,FALSE,""
JAVELIN,7205,QPCT;GCNT3;MIR637;MIR4786;ADAMTS12,1.01053934407626,,0.924988732752901,FALSE,""
JAVELIN,7206,SLCO4C1;MZB1;TIE1;TMEM82;PDE8B,1.37480952694686,,0.0031613744387783,FALSE,""
JAVELIN,7207,NEB;CDHR1;SNORD74;SLC6A19;THEMIS,1.12171471729124,,0.290756988947365,FALSE,""
JAVELIN,7208,QPCT;APOLD1;LDB2;PAEP;CEP55,0.971453015551901,,0.793419831995639,TRUE,""
JAVELIN,7209,ANO9;VEPH1;SNORD116-28;SLC38A4;GRHL1,1.17176656416529,,0.161539135749933,FALSE,""
JAVELIN,7210,QPCT;RARRES1;ALDH6A1;SLC22A7;C5AR2,1.14332698210241,,0.199303332472454,FALSE,""
JAVELIN,7211,CXCL1;CMYA5;ECM2;PCDHB5;CCDC141,1.28008180158489,,0.0201604640329084,FALSE,""
JAVELIN,7212,GBP5;PCDHGA5;TREM2;LHX8;APOBEC3B,0.970290061403398,,0.782145095598251,TRUE,""
JAVELIN,7213,VTRNA2-1;MIR186;SNAI2;NAT8L;TTK,1.24072698474936,,0.0501038774667036,FALSE,""
JAVELIN,7214,ALPK3;SFN;SELENBP1;OR2T34;PANK1,1.3217084635531,,0.0115424496920549,FALSE,""
JAVELIN,7215,SNCG;MIR569;EVI2B;PERM1;KCNMB4,1.12916014919741,,0.222698442444524,FALSE,""
JAVELIN,7216,MACC1;SNORD114-13;MS4A4A;C4BPA;EGFLAM,1.13599699920635,,0.227788716910007,FALSE,""
JAVELIN,7217,ASPN;AR;EFNA1;VTN;FCRL6,1.18847000335673,,0.111330694368511,FALSE,""
JAVELIN,7218,COL4A3;MIR1303;MCF2L;RHBG;NEK10,1.37812509725194,,0.00423286447790078,FALSE,""
JAVELIN,7219,STC1;SLC27A2;SNAI2;PPBP;GRHL1,1.23586085142997,,0.0574712876288552,FALSE,""
JAVELIN,7220,SPAG17;MIOX;PLEKHA7;ADIPOQ;NLGN4X,1.30811688140761,,0.0122741756413221,FALSE,""
JAVELIN,7221,SCNN1A;C4A;PLAT;ATP6V1B1;UNC5C,1.24910002202938,,0.0445887669535135,FALSE,""
JAVELIN,7222,C8orf4;UTY;2020-03-02 00:00:00;KCNJ1;MIR3157,1.36682780710833,,0.00461151804963572,FALSE,""
JAVELIN,7223,NPNT;FOXQ1;CYTIP;SLC47A2;FAM184A,1.12351075507638,,0.283427774882168,FALSE,""
JAVELIN,7224,PROM1;CMYA5;TEK;MIR1267;MIR643,1.25944992079161,,0.0329478890358041,FALSE,""
JAVELIN,7225,GLYAT;GFRA1;COX7A1;ALOX15B;PI4KAP1,1.41876909564089,,0.000869684792379919,FALSE,""
JAVELIN,7226,MIR23C;PTPRD;CDH13;SLC17A2;RHBDL1,1.51138599909797,,0.000180242054386521,FALSE,""
JAVELIN,7227,STC2;HOXD11;MIR628;SAA2;PDE8B,1.21836516898136,,0.0768866142293809,FALSE,""
JAVELIN,7228,CTSW;B3GNT4;MIR3975;PDPN;PDE8B,1.05770896378739,,0.603711768478838,FALSE,""
JAVELIN,7229,SLC7A9;PTGS2;MMP11;MIR4645;SMG1P5,1.35568378742881,,0.0054615669407558,FALSE,""
JAVELIN,7230,CD38;FUT6;MIR1207;MIR33A;EMP2,1.26673600112992,,0.0316290513018246,FALSE,""
JAVELIN,7231,ACKR1;MOXD1;PLEKHA7;PKD1L2;PDCD1LG2,1.10119245504523,,0.36574866628746,FALSE,""
JAVELIN,7232,PRSS8;RARRES1;MECOM;ATP6V0A4;PPIAP30,1.11468144685252,,0.32066793269924,FALSE,""
JAVELIN,7233,REG1A;TNXB;CRISPLD2;TFR2;NEIL3,0.918242651465787,,0.428648517090861,TRUE,""
JAVELIN,7234,COX4I2;DNAH5;TMEM204;C19orf80;GRID1,1.24716990730163,,0.0460450022175414,FALSE,""
JAVELIN,7235,SLC7A9;TRIM55;ALDH6A1;EPO;CD200R1,1.51347410168543,,0.000149602452981323,FALSE,""
JAVELIN,7236,CHDH;EXPH5;HIST1H2AL;GSTM5;MIR3682,1.35275429548055,,0.00381428626381444,FALSE,""
JAVELIN,7237,C8orf4;LAMC2;ACSF2;IGSF10;KIAA1755,1.02558033125145,,0.812362693854323,FALSE,""
JAVELIN,7238,MIR30A;NDNF;CDH13;AP3B2;SOGA3,1.10183197352821,,0.366754091351096,FALSE,""
JAVELIN,7239,TMEM27;FAM65C;TREM2;PRR15L;HMMR,1.18693619294221,,0.112558956018084,FALSE,""
JAVELIN,7240,MIR27B;TNFSF14;HOXD4;OR2T35;SPHK1,1.24661185768494,,0.0429610944572112,FALSE,""
JAVELIN,7241,ACE2;SFRP1;LDB2;LOC101929335;SLC39A4,1.3861279221696,,0.00309009187222589,FALSE,""
JAVELIN,7242,PROM1;OLFM2;PIEZO2;CFHR1;ADCY1,1.21571534551615,,0.0602299419944996,FALSE,""
JAVELIN,7243,MUC3A;SLC6A10P;LZTS1;ADH6;HMMR,1.20049369290398,,0.103207734412214,FALSE,""
JAVELIN,7244,ACY3;PCK1;TREM2;DDIT4L;XCL2,1.42104321082713,,0.00139299478907927,FALSE,""
JAVELIN,7245,AKR7A3;MIR3145;EFNA1;C2orf70;RASD2,1.22784608614019,,0.0614316020706935,FALSE,""
JAVELIN,7246,MIR1180;CHRDL1;SNAI2;SCN4A;CCR4,1.04350296038406,,0.689396525311788,FALSE,""
JAVELIN,7247,SNORD14C;NRG1;PC;BRE-AS1;IER3,1.15166560239473,,0.18860891520864,FALSE,""
JAVELIN,7248,MYOM3;SLC7A8;FPR1;HCAR2;ARHGAP28,1.00121206415861,,0.990762051687727,FALSE,""
JAVELIN,7249,CHDH;RGN;RHOBTB3;MYBPC2;CCDC17,1.25756104275642,,0.0350025238785584,FALSE,""
JAVELIN,7250,GZMA;UBASH3A;IFI44L;MIR585;HOXA7,1.05618220662297,,0.59593119978716,FALSE,""
JAVELIN,7251,TMEM27;VSIG2;SLC1A1;MYOT;PRKAR2B,1.24077466170638,,0.0555402199763996,FALSE,""
JAVELIN,7252,GBA3;TMEM139;SNORD12B;WNT11;PHYHD1,1.28050727805123,,0.0199879762942912,FALSE,""
JAVELIN,7253,FABP4;MIR378H;TEK;OVOS;MIR98,1.17353455076497,,0.134368428046128,FALSE,""
JAVELIN,7254,GZMK;PDGFRL;SLC44A3;SFTPD;PTTG2,1.15878413633615,,0.164836750679976,FALSE,""
JAVELIN,7255,MIR3646;MIR4676;HIST1H2AL;ASPG;MIR597,1.54496317690866,,3.75167658403822e-05,FALSE,""
JAVELIN,7256,GBP5;MAP7D2;MIR3125;KCNS1;MIR3973,0.973622254907541,,0.81032474378454,TRUE,""
JAVELIN,7257,PTH1R;CDHR1;MIR4784;BAAT;CADM4,1.14012621470668,,0.209719025039055,FALSE,""
JAVELIN,7258,IKZF3;NAGS;MKI67;A1CF;CCDC85A,1.22342567779204,,0.0564436786084302,FALSE,""
JAVELIN,7259,SCNN1A;SNORA69;SNORA26;DPYSL4;MIR3978,0.920282894447502,,0.440423243004164,TRUE,""
JAVELIN,7260,IRX5;SDS;CKS2;PVALB;CRYBB2,1.2744644400514,,0.0306801740980338,FALSE,""
JAVELIN,7261,CD27;TMEM139;FPR1;CLIC6;MMP17,0.917356329894471,,0.413215463457803,TRUE,""
JAVELIN,7262,NLGN1;REEP6;TEK;HCAR2;GLT8D2,1.23328723777006,,0.0452231886661621,FALSE,""
JAVELIN,7263,BCL2A1;SLC22A3;EFNA1;CNDP1;C14orf183,1.28855771921946,,0.0234558997593778,FALSE,""
JAVELIN,7264,TMEM45A;VSIG2;ALDH6A1;HCN2;NTNG2,1.32839872804339,,0.00941599394849671,FALSE,""
JAVELIN,7265,ANK3;ABCA12;IFI44L;BDH1;SOGA3,1.1338629802527,,0.254308550925736,FALSE,""
JAVELIN,7266,GBP5;CYP4F11;PIEZO2;MIR1271;TTK,0.939992650596816,,0.564662543944712,TRUE,""
JAVELIN,7267,ADAM12;TMEM139;FPR1;NPHS2;PAPPA-AS1,1.06783160149228,,0.535519852292773,FALSE,""
JAVELIN,7268,CPZ;ATP1A2;HIST1H4L;TCAP;MIR221,0.971015635763138,,0.783242707720567,TRUE,""
JAVELIN,7269,MFSD2A;GCNT3;SNORD4B;SNTG2;LOC283278,0.955565237700201,,0.674500631902796,TRUE,""
JAVELIN,7270,SULT1C4;CPXM2;LZTS1;CXCR2P1;CCDC144CP,1.18774220469632,,0.102423598823757,FALSE,""
JAVELIN,7271,MYOM3;MIR4676;LDB2;MIR874;CD200R1,1.3158989456973,,0.00842370398541423,FALSE,""
JAVELIN,7272,UBD;PLIN4;LDLR;ANKRD1;SNORD50A,0.879061497321495,,0.221446214829498,TRUE,""
JAVELIN,7273,LOC101927834;MIR378A;HIST1H2BO;MIR181B2;PPP2R2B,1.33821077247205,,0.00668489133153332,FALSE,""
JAVELIN,7274,HOXC10;ROR2;TSKU;LGALS12;WISP1,1.3110476999754,,0.0133725043248242,FALSE,""
JAVELIN,7275,SPAG17;GPRC5A;ANGPT2;A1CF;LINC00299,1.42750728470627,,0.00106704453387099,FALSE,""
JAVELIN,7276,GZMA;KIT;RHOBTB3;KCNH3;MIR4295,1.06555061916244,,0.556458559673815,FALSE,""
JAVELIN,7277,SNORD14C;KMO;PTTG1;MIR190A;TIAM2,1.07726720856408,,0.502218551471318,FALSE,""
JAVELIN,7278,CD27;MAPK15;COX7A1;MIR4469;FAM212A,1.15161002578562,,0.163193876929837,FALSE,""
JAVELIN,7279,ACADL;ATP1A2;IGFBP6;BAAT;KCNQ4,1.2229801706721,,0.0533422398288063,FALSE,""
JAVELIN,7280,MIR4652;GFRA1;SNORD116-28;MIR3178;MAATS1,1.27177214451567,,0.0212782254288398,FALSE,""
JAVELIN,7281,MACC1;ST6GALNAC2;SNORA48;SNORD115-4;FLT3,1.11717232711775,,0.287036317251647,FALSE,""
JAVELIN,7282,MIR3189;MIR554;MKI67;SNORD115-21;P2RY10,0.907858137002058,,0.363194836284236,TRUE,""
JAVELIN,7283,MT1G;SNAP25;TOP2A;SMOC1;CYP2D7P,1.16388606383795,,0.142252494669526,FALSE,""
JAVELIN,7284,ACY3;MIR1972-1;TSKU;GPR115;LILRA6,1.02965774339836,,0.789262198269477,FALSE,""
JAVELIN,7285,AKR7A3;HOXD11;CACNA2D1;DMRT2;MIR4295,1.44821933856398,,0.000860954537733668,FALSE,""
JAVELIN,7286,MIR3189;BTNL9;MIR4784;CDR1;RNF152,1.40456222551216,,0.00183233786545734,FALSE,""
JAVELIN,7287,SMIM24;MIR3145;MS4A4A;AMZ1;PLAC8,1.08583711794245,,0.448648455900236,FALSE,""
JAVELIN,7288,SMIM24;IL1B;GAMT;KRT13;KIF18B,1.1099027640528,,0.338507638171195,FALSE,""
JAVELIN,7289,TNFAIP6;ABCB4;ALDH6A1;PRSS3;FLRT2,1.31692516141306,,0.0101682028150333,FALSE,""
JAVELIN,7290,MIR29B2;CYP4F12;ANGPT2;GGT3P;NEK10,1.50764263816713,,0.000249079415067228,FALSE,""
JAVELIN,7291,PROM1;WNK4;SNORD6;ANO3;PPP2R2B,1.22543246676572,,0.0669454193553683,FALSE,""
JAVELIN,7292,IRX5;ABCB4;CACNA2D1;SNORD114-27;MAP6,1.13973427376247,,0.214454526546149,FALSE,""
JAVELIN,7293,PLAC9;TRPC6;COL5A3;PKLR;GLT8D2,1.42317684590483,,0.00115178144867804,FALSE,""
JAVELIN,7294,REG1A;ZFY;LZTS1;UNC5A;MIR5697,1.12516530798334,,0.264484975665274,FALSE,""
JAVELIN,7295,MAL;SLC16A9;MIR1207;PTK6;TTK,1.0896658526354,,0.430488984313109,FALSE,""
JAVELIN,7296,RBP4;MIR1249;TREM2;TTR;SNORA38,1.13926000126855,,0.220212707077375,FALSE,""
JAVELIN,7297,LAMC3;WNK4;MIR197;GRIK3;PYGO1,1.13068930134147,,0.263204186693424,FALSE,""
JAVELIN,7298,ITGA8;GPC3;MIR4784;MNX1;PLAC8,0.879342757036813,,0.233094821594338,TRUE,""
JAVELIN,7299,DDC;ATP1A2;ADAMTSL3;EYA1;MIR3135A,1.61382123841074,,5.57845650734281e-06,FALSE,""
JAVELIN,7300,SVEP1;C4A;FAM20A;CAPN6;SIT1,1.06022849514745,,0.581434387411387,FALSE,""
JAVELIN,7301,AGMO;C2;HIST1H2BM;CCL11;WNT3,1.0630277809537,,0.589079819680736,FALSE,""
JAVELIN,7302,SLC17A1;ABCB4;HOXD4;C8orf34;MELK,1.15232315054602,,0.192141538466148,FALSE,""
JAVELIN,7303,SLC39A5;GRM8;MIR3125;DDX43;TSPYL5,1.31838773387707,,0.0109360454824747,FALSE,""
JAVELIN,7304,IKZF3;PCDH10;MIR1537;SP5;ZNF471,1.08828388486403,,0.433062328743444,FALSE,""
JAVELIN,7305,CCL18;GPRC5A;PTER;ATP6V0D2;IL17RD,1.10132790402734,,0.374181609180805,FALSE,""
JAVELIN,7306,MIR4292;MIR1303;IL2RB;DNAAF1;C14orf183,1.26483476855069,,0.0270218400722828,FALSE,""
JAVELIN,7307,MIA2;NDNF;MS4A4E;TOX3;IL33,1.29829477796469,,0.0172808155744381,FALSE,""
JAVELIN,7308,ANK3;MLXIPL;TSKU;SNORD114-27;ACTA2-AS1,1.09289596617644,,0.402260575979928,FALSE,""
JAVELIN,7309,TFPI2;FOXQ1;COX7A1;BMPER;CYP4X1,1.38089718783776,,0.00414754560432538,FALSE,""
JAVELIN,7310,MYOM3;IGF1;MIR544B;MIR1538;C14orf64,1.41176926152377,,0.00103520673578513,FALSE,""
JAVELIN,7311,EXOC3L4;ASPHD1;SARDH;MAPK8IP2;GLI1,1.11663597631455,,0.326527783212558,FALSE,""
JAVELIN,7312,OLR1;SNORD67;ECM2;BTLA;MAP6,1.11726449123278,,0.298177842329796,FALSE,""
JAVELIN,7313,JPH2;NLGN4Y;PTER;TREM1;ROPN1L,1.0720738100231,,0.505783080519742,FALSE,""
JAVELIN,7314,SPAG17;KISS1R;2020-03-02 00:00:00;SNORD114-26;MIR1183,1.54045107481817,,4.43375574208134e-05,FALSE,""
JAVELIN,7315,C14orf105;EMX1;MIR197;GABRP;TMC4,1.19748081421109,,0.10051016989839,FALSE,""
JAVELIN,7316,PTHLH;LAMC2;SNORD29;BEX1;ADORA2B,0.879765902906858,,0.247877892796011,TRUE,""
JAVELIN,7317,NME5;KCNJ3;MIR4635;FCRL3;SEMA3G,1.3760724844505,,0.00222891091517268,FALSE,""
JAVELIN,7318,IDO1;COL7A1;SNORD29;ADIPOQ;HOXB5,0.852888782846497,,0.151207578903584,TRUE,""
JAVELIN,7319,SORBS2;MYO7B;SNORD116-16;OR2T2;CD28,1.30943711830573,,0.0116548336175914,FALSE,""
JAVELIN,7320,SLC16A12;GPD1;ITGA11;FCAMR;RNF157,1.33030314532272,,0.0115716213673403,FALSE,""
JAVELIN,7321,EXOC3L4;TRIM55;FOLR2;MGARP;GMPR,1.21742014540516,,0.062162953379056,FALSE,""
JAVELIN,7322,SPOCK1;NDNF;SNORA77;MS4A2;SNORD116-10,1.09745442152691,,0.394494947735337,FALSE,""
JAVELIN,7323,MIR4317;SNORA75;TIE1;UGT2B4;RSAD2,1.1209197515451,,0.254881223956222,FALSE,""
JAVELIN,7324,IDO1;RARRES1;SNORA48;PTK6;LOC101928871,0.998784348305595,,0.991161663841896,TRUE,""
JAVELIN,7325,SCIN;DUSP2;MIR4714;SHOX2;SMG1P5,1.16460503254162,,0.151381954496877,FALSE,""
JAVELIN,7326,MYBL2;SNORA69;EFNA1;MIR4797;LOXL4,1.09018913597808,,0.43153685278993,FALSE,""
JAVELIN,7327,PPAP2C;CRYM;RGL3;SCUBE1;ICOS,1.05040247169606,,0.648250803639917,FALSE,""
JAVELIN,7328,MIR27A;HOXD11;IGFBP6;MIR33A;EMP2,1.16485884101871,,0.139283955025582,FALSE,""
JAVELIN,7329,EXOC3L4;NEBL;CALCRL;GRHL2;CYP4X1,1.41242200049028,,0.0016949765759997,FALSE,""
JAVELIN,7330,ARHGEF16;MIR378H;HIST1H2BO;GCGR;LOC101928494,1.10160025941825,,0.384871542056103,FALSE,""
JAVELIN,7331,MIR126;SPINK1;RASGRP1;SLC38A4;THSD4,1.06493876106763,,0.572438324885279,FALSE,""
JAVELIN,7332,FOLH1;TRIM55;FPR1;MIR33A;CCDC154,1.14571609451218,,0.207019542302918,FALSE,""
JAVELIN,7333,MIR4526;CCDC183;MIR4714;CST2;P2RY10,1.37712340640955,,0.00469123561872529,FALSE,""
JAVELIN,7334,MYH14;EPPK1;SNORD74;ST8SIA6;AGBL3,1.29238074034798,,0.0170930492560693,FALSE,""
JAVELIN,7335,UPB1;LOC101928757;ARHGEF15;BMP5;HMMR,1.16021655340176,,0.165176577364776,FALSE,""
JAVELIN,7336,MIR3646;EGR3;SNORD6;KLB;TMEM232,1.62749940989592,,1.03037248481203e-05,FALSE,""
JAVELIN,7337,ASPN;PLIN4;SNAI2;GRIK3;TRIM6,1.38713125343706,,0.00351412559075427,FALSE,""
JAVELIN,7338,C1orf106;SERPINA6;RIPK4;PVALB;MIR3674,1.34511499919111,,0.00551969614787106,FALSE,""
JAVELIN,7339,ANLN;GLDC;FZD8;TNIP3;RNF152,1.16800626564325,,0.166717707799048,FALSE,""
JAVELIN,7340,GPT;CYP24A1;MMP11;CCDC78;IL17RE,1.41689721153707,,0.00168899218120703,FALSE,""
JAVELIN,7341,CD38;SIGLEC14;MIR544B;SNORD114-19;HOXA7,1.0777858811933,,0.491943016482519,FALSE,""
JAVELIN,7342,OGDHL;CD22;MIR4635;AVPR1B;MIR5697,1.31679337931214,,0.00972395434564985,FALSE,""
JAVELIN,7343,VTRNA2-1;GDA;HOXD9;HHIP;SNORD91A,1.70444502990959,,8.70177053620438e-07,FALSE,""
JAVELIN,7344,MIR4292;SNORD67;SNORA48;APOBEC3A;DBH-AS1,1.08435441321503,,0.457017286930056,FALSE,""
JAVELIN,7345,ABO;LOC101928757;MXRA8;MIR1193;GALNT16,1.08182450875261,,0.450038608497338,FALSE,""
JAVELIN,7346,MIR4526;MGAM;ADAMTS2;TREM1;GLI1,1.4523378983847,,0.000820949402241524,FALSE,""
JAVELIN,7347,TMEM45A;CHST13;CALCRL;APOH;SPHK1,1.35349615107059,,0.00587882410404275,FALSE,""
JAVELIN,7348,SNCG;C10orf113;APCDD1;MIR4500;MIR626,1.17344860987419,,0.13569769172526,FALSE,""
JAVELIN,7349,MUC3A;MIR548AA2;MIR197;MIR3197;TIAM2,1.09558978650399,,0.399997669422121,FALSE,""
JAVELIN,7350,ACSM5;SLC7A8;ITGA11;PCP4;MIR1256,1.36681940637823,,0.00419055818905299,FALSE,""
JAVELIN,7351,STEAP4;BTNL9;ECM2;MIR320A;MIR583,1.33807448786202,,0.00915749135014767,FALSE,""
JAVELIN,7352,C1orf106;FOXF1;ACSF2;FGF14;CEP55,1.15733064902899,,0.166931988842446,FALSE,""
JAVELIN,7353,BCL2A1;STEAP1;SNORD6;SCN7A;LOC644086,1.10035150729855,,0.378827672221931,FALSE,""
JAVELIN,7354,FOLH1;PPP1R1A;MYO5B;TMEM45B;ICOS,1.01219072395886,,0.912529944587956,FALSE,""
JAVELIN,7355,STC1;IRF4;PIEZO2;PVRL4;CYP26B1,1.05706483009017,,0.604736418879986,FALSE,""
JAVELIN,7356,STEAP4;IL1B;MYRF;CPAMD8;RBM20,1.12818981359435,,0.276706686363394,FALSE,""
JAVELIN,7357,FAM46C;NDNF;NT5E;MIR4280;DBH-AS1,0.930666334670351,,0.516552423245859,TRUE,""
JAVELIN,7358,UGT2A3;LAG3;TIE1;APOC3;TRIM6,1.25083048701763,,0.0392814394196899,FALSE,""
JAVELIN,7359,SLC34A2;GLDC;PLAT;SMOC1;GNMT,1.06635623866795,,0.540953679974627,FALSE,""
JAVELIN,7360,COL4A4;CMYA5;RASGRP1;IGSF10;TNFRSF18,1.01923075097761,,0.85364505358049,FALSE,""
JAVELIN,7361,CCL19;GPRC5A;ANGPT2;IHH;THSD4,0.981266255903093,,0.860542159368395,TRUE,""
JAVELIN,7362,UPB1;PTGS2;CRISPLD2;MIR296;COLCA2,1.63875410884289,,2.053925823465e-05,FALSE,""
JAVELIN,7363,KCP;GSTM1;HRSP12;KNG1;SPNS3,1.28902029908966,,0.0194090257143344,FALSE,""
JAVELIN,7364,SEC14L6;B3GNT4;MST1;C19orf80;TIAM2,1.1843598372599,,0.115461216791534,FALSE,""
JAVELIN,7365,FER1L4;SNORA75;MIR637;MIR592;REM1,1.31130428066156,,0.011849868439662,FALSE,""
JAVELIN,7366,IRX5;CPA3;MYO1G;MIR585;PLEKHN1,1.14670988893167,,0.183507276868035,FALSE,""
JAVELIN,7367,MIR3646;ABCA12;ADAMTS2;PRR15L;PHYHD1,1.17461447233758,,0.146429968158854,FALSE,""
JAVELIN,7368,MIR142;MIR569;HOXD9;MIR100;ST6GALNAC3,1.41468653271558,,0.000898210035264964,FALSE,""
JAVELIN,7369,KCP;RYR2;MST1;ANO3;SMN2,1.4507378277654,,0.000895214922104847,FALSE,""
JAVELIN,7370,S100A8;MLLT11;PTTG1;KLHL4;CD28,0.820661151145839,,0.0694497612996594,TRUE,""
JAVELIN,7371,GPT;MIR339;MIR631;SOX11;LRRC17,1.55959594751018,,5.16717760639089e-05,FALSE,""
JAVELIN,7372,TSPAN7;FOXF1;SARDH;MIR320A;SH2D3A,1.29844290929494,,0.0152215848296674,FALSE,""
JAVELIN,7373,LOC101927960;MIR548AU;ID4;RHOV;MIR4720,1.56626731072193,,5.78544821435493e-05,FALSE,""
JAVELIN,7374,OLR1;MIR1303;SNORD4B;SCN3A;MMP17,1.15841721734082,,0.193968224990303,FALSE,""
JAVELIN,7375,NPNT;CPXM1;ALDH1A3;NOG;SEMA3G,1.13683495233035,,0.235087254710127,FALSE,""
JAVELIN,7376,PTH1R;CYP4F3;TREM2;C12orf36;E2F8,0.965360979858346,,0.743211971371975,TRUE,""
JAVELIN,7377,LOC101927834;TRPC6;HOXD4;SLC13A1;PLEKHN1,1.41594114317667,,0.00101795848267679,FALSE,""
JAVELIN,7378,C1orf186;LOC100288152;GEM;PVRL4;SNORD19,1.03995212396569,,0.713639312401291,FALSE,""
JAVELIN,7379,MUC3A;TRPC6;MYO5B;PAEP;CYP2D7P,1.11807262926303,,0.298776369621091,FALSE,""
JAVELIN,7380,PYCR1;MIRLET7I;SNORD12B;EYA1;FAM132A,1.05124422462978,,0.6534560318823,FALSE,""
JAVELIN,7381,SULT1C4;CD3G;COL5A3;HCAR2;MIR3664,1.12220368608594,,0.259244526001231,FALSE,""
JAVELIN,7382,QPCT;PALM3;SNORD6;ARHGEF38;MPP7,1.17597659703205,,0.13491945691325,FALSE,""
JAVELIN,7383,RBP4;AGMAT;MYO1G;NRK;PPIAP30,1.25796663713107,,0.0389809907866519,FALSE,""
JAVELIN,7384,HABP2;HP;MIR637;SLC13A3;GRAP2,1.04308905378825,,0.692898811415832,FALSE,""
JAVELIN,7385,WDR72;PAH;MAP4K1;ALOX15B;TSPAN2,1.20531914296183,,0.0902780094393182,FALSE,""
JAVELIN,7386,MIR27B;SERPINA6;HIST1H2AL;CCDC158;RPL39L,1.54952507323839,,6.5291005328056e-05,FALSE,""
JAVELIN,7387,MYH14;NAGS;MIR631;MIR4798;CCDC85A,1.20500300329127,,0.087241547627288,FALSE,""
JAVELIN,7388,MIR29B2;MIRLET7F1;MYO5B;HHIP;TNFRSF18,1.21223691205771,,0.0829913529234026,FALSE,""
JAVELIN,7389,HOGA1;MIR4326;ADCY4;TNNT2;CETP,1.1885249918351,,0.120465141106531,FALSE,""
JAVELIN,7390,MIR27B;ANXA13;MECOM;PKLR;FOXD1,1.61363203018519,,1.77158099162393e-05,FALSE,""
JAVELIN,7391,ANO9;LOC101928757;MIR631;MIR365A;SNORD20,0.879998722924212,,0.236180388553882,TRUE,""
JAVELIN,7392,MIR27B;MT1M;ALDH6A1;CST1;POLQ,1.42228684768093,,0.00143530846111228,FALSE,""
JAVELIN,7393,HOGA1;C2;PPL;WNK2;LOC101928003,1.04509432663088,,0.681969262812259,FALSE,""
JAVELIN,7394,SORBS2;ABCA8;HIST1H2BO;SNORD115-12;PDE8B,1.18425951554285,,0.11876181614837,FALSE,""
JAVELIN,7395,SPOCK1;FOXP2;ALDOC;B3GAT1;WDR96,1.10541912778594,,0.358734654037507,FALSE,""
JAVELIN,7396,TENM1;ADRA2A;ALDH1A3;PITX2;MIR1284,1.09055703091111,,0.426339601157303,FALSE,""
JAVELIN,7397,IL6;PNMA2;FKBP9P1;MIR4489;PCDHB4,1.14655520964286,,0.216339649363386,FALSE,""
JAVELIN,7398,MIA2;CPA3;HIST1H2BO;CIDEC;PRDM8,1.02409063490589,,0.825614788348091,FALSE,""
JAVELIN,7399,MIR4317;STEAP1;RASGRP1;SCGB3A1;PLEKHN1,1.02432418041659,,0.820491999439326,FALSE,""
JAVELIN,7400,SLIT2;CD79A;CACNA1C;MIR3188;MIR593,1.13859249291154,,0.2192209073482,FALSE,""
JAVELIN,7401,SLC34A2;ADORA1;SELENBP1;RHOV;MDH1B,1.2371467188268,,0.0546654222381849,FALSE,""
JAVELIN,7402,CD27;MIRLET7E;MIR197;SLC35F3;NRXN3,1.11643779133503,,0.304090650945662,FALSE,""
JAVELIN,7403,FNDC1;LOC101928757;FZD8;EPO;AMY2B,1.25400876142412,,0.0424348176136862,FALSE,""
JAVELIN,7404,FOSB;PAQR5;SELENBP1;ANKRD2;MIR4753,1.3609851993616,,0.0057783268734563,FALSE,""
JAVELIN,7405,CHDH;DUSP2;RASGRP1;CABP1;PLEKHN1,1.14306841848608,,0.20155287983204,FALSE,""
JAVELIN,7406,KRT7;F10;IGFBP6;MIR1208;SEMA3G,0.987769922040927,,0.9090376441047,TRUE,""
JAVELIN,7407,HOXD10;COBL;ITGA11;SERPINA5;LNX1,1.31634806249569,,0.0134032886939004,FALSE,""
JAVELIN,7408,TMEM27;GYLTL1B;MIR197;UNC5A;ASPRV1,1.31654941191172,,0.0124867269982087,FALSE,""
JAVELIN,7409,CX3CR1;ZFY;SNORA48;PRSS12;LOC101927941,1.19835454813133,,0.0827281398454708,FALSE,""
JAVELIN,7410,FRAS1;KLKB1;SNORD33;AMBP;MIR5697,1.32258452969914,,0.0124867224476221,FALSE,""
JAVELIN,7411,COX4I2;MT1A;HOXD4;GABRP;SLAMF8,1.18627489866836,,0.10840448659896,FALSE,""
JAVELIN,7412,MIR1180;HOXD11;RIPK4;MIR4797;MTRNR2L10,1.12694603763853,,0.290687672510709,FALSE,""
JAVELIN,7413,MYH14;SDS;ALDH6A1;CDH15;WSCD1,1.39772839546333,,0.00256223912201646,FALSE,""
JAVELIN,7414,CD38;SIGLEC14;HIST1H4L;NUGGC;GLT8D2,0.955338894440109,,0.675196182716286,TRUE,""
JAVELIN,7415,CPZ;C10orf113;PTK7;PDE4C;CEP55,1.02452136720234,,0.820998900006356,FALSE,""
JAVELIN,7416,LOC101927960;MAP7;FPR1;ASGR2;MIR4440,1.09043688742695,,0.42802859904931,FALSE,""
JAVELIN,7417,MIA2;PCDH10;FKBP9P1;MIR100;MFAP3L,1.58300390507212,,2.5233754501191e-05,FALSE,""
JAVELIN,7418,MYOM3;ZNF727P;FOLR2;SLC5A8;MIR4771-2,1.26146040242014,,0.0310881834122846,FALSE,""
JAVELIN,7419,CCL20;TNFSF14;SNORD116-8;C19orf67;CD244,1.10229474706952,,0.358656478604574,FALSE,""
JAVELIN,7420,BAMBI;SPTBN2;IL2RB;SIGLEC12;WBSCR27,0.902160457739624,,0.343829758877098,TRUE,""
JAVELIN,7421,NMB;CLDN3;LY96;VSTM2L;ZSWIM5,1.22635656006378,,0.0640330793105817,FALSE,""
JAVELIN,7422,SULT1C4;ACHE;MIR628;ASGR2;TMEM246,1.39361925404934,,0.00229386204081901,FALSE,""
JAVELIN,7423,RBP4;KISS1R;SNORD12B;PITX1;GMPR,0.976197678973502,,0.821429213447965,TRUE,""
JAVELIN,7424,GPER1;MAP7;CYTIP;PAPPA2;PCDHB4,1.28390479848718,,0.0258785870469273,FALSE,""
JAVELIN,7425,SNCG;SLC38A11;ECM2;OR2T34;MIR4295,1.5846052129404,,2.22939417723154e-05,FALSE,""
JAVELIN,7426,PPAP2C;DNASE1L3;MCF2L;CAPN8;MIR3942,1.16145183070644,,0.179277746928512,FALSE,""
JAVELIN,7427,KCP;MIR548AU;DMD;GDF6;KIF26A,1.38682121956921,,0.00198727042246204,FALSE,""
JAVELIN,7428,HIF1A-AS2;MST1P2;MKI67;PTPRQ;KCNQ4,1.24994255240593,,0.0366170801098223,FALSE,""
JAVELIN,7429,F8;CYP4F3;MIR544B;ANGPTL3;CNTN4,1.40333902496981,,0.00138679020919963,FALSE,""
JAVELIN,7430,ANLN;GDA;PTTG1;CPA4;RNF152,0.954663493519007,,0.671108110527109,TRUE,""
JAVELIN,7431,COL4A4;KISS1R;MIR4435-2;ROS1;FRMD3,1.49943172057387,,0.000113896142457747,FALSE,""
JAVELIN,7432,HOXD10;SORCS2;SLC1A1;HAPLN1;GMPR,1.20643481963019,,0.0845496360917091,FALSE,""
JAVELIN,7433,ABO;C4B;DMD;XCR1;PANK1,1.29958531550895,,0.0122408434388011,FALSE,""
JAVELIN,7434,MYOM3;C5orf46;GAMT;RTKN2;C6orf132,1.16454836012017,,0.142876090053091,FALSE,""
JAVELIN,7435,MIR1180;PPP1R1A;APCDD1;SST;ACTA2-AS1,1.04342031144726,,0.708906556425883,FALSE,""
JAVELIN,7436,RBP4;F10;SNORD6;NOG;GSTT2,1.22676469023602,,0.0579270205160576,FALSE,""
JAVELIN,7437,MIR4652;F10;CCL4;GPM6A;SLAMF6,0.899047062434947,,0.319227473631587,TRUE,""
JAVELIN,7438,MIR126;MIR1303;PDLIM3;MIR548AS;LOC283278,1.43557526788322,,0.000682809588474658,FALSE,""
JAVELIN,7439,TFPI2;C2;MIR1537;MIR1271;CCDC144CP,1.07529068095716,,0.514912735486629,FALSE,""
JAVELIN,7440,UGT2A3;MFAP2;ID4;SLC18A3;GRAP2,1.07678365131419,,0.488419519475009,FALSE,""
JAVELIN,7441,OLFML2A;PLA2G2A;SNORD12B;MIR106B;PDE8B,1.24172147285903,,0.0484805667071102,FALSE,""
JAVELIN,7442,BAMBI;IL2RA;ECM2;GRIK3;PCDHGC4,1.13051290799664,,0.266362656247299,FALSE,""
JAVELIN,7443,MIR3117;MIR1303;PLAT;ZNF365;DOC2B,1.18073313501342,,0.136112100590668,FALSE,""
JAVELIN,7444,MIR25;WDR66;MIR1207;MUC5B;PPM1H,1.10536113428513,,0.363222334463902,FALSE,""
JAVELIN,7445,DDC;FLRT3;DENND2A;SNORD114-26;HUNK,1.3871437279662,,0.00273561702580726,FALSE,""
JAVELIN,7446,CCL19;CD3G;CDH13;NEFM;SLC27A5,1.0997694311151,,0.379312777636909,FALSE,""
JAVELIN,7447,NR4A3;MT1M;EFNA1;MUM1L1;PPM1H,1.02249080034565,,0.839886243997013,FALSE,""
JAVELIN,7448,TSPAN7;UTY;MKI67;MS4A2;SPHK1,0.946979683123693,,0.607313866434366,TRUE,""
JAVELIN,7449,MIR25;MAPK15;LZTS1;MIR218-1;HIST2H3A,1.38843309844625,,0.00322664701376497,FALSE,""
JAVELIN,7450,GPT;MIR378H;HIST1H2BM;PTPRQ;USHBP1,1.39488976844797,,0.00238085235474969,FALSE,""
JAVELIN,7451,FNDC1;GLDC;ADCY4;AGR2;PSD3,1.09580640514914,,0.415974947897042,FALSE,""
JAVELIN,7452,SNORD14C;RARRES1;ITGA11;OR2T11;PAQR6,1.06779333330758,,0.545182865593041,FALSE,""
JAVELIN,7453,NTM;SERPINA6;SEMA4G;KLK1;TNFRSF11A,1.39370108473435,,0.00349816578370494,FALSE,""
JAVELIN,7454,ANLN;WNK4;MIR4435-2;CCBE1;KBTBD11,1.0093937277333,,0.930860803938556,FALSE,""
JAVELIN,7455,BCL2A1;MIRLET7F1;MIR637;SFTPD;CCDC17,1.1772920299888,,0.127287632503891,FALSE,""
JAVELIN,7456,NR4A3;CXCR3;ARL4C;SLC4A1;RBPMS2,1.04102589110889,,0.707956463850958,FALSE,""
JAVELIN,7457,IKZF3;MIR3918;SEMA4G;TNIP3;ATP8B3,1.02268059321456,,0.835723365765756,FALSE,""
JAVELIN,7458,FNDC1;SNORD67;SNORA48;BMPR1B;PCDHB4,1.31058935201777,,0.0129823959070262,FALSE,""
JAVELIN,7459,IL17RB;LAG3;PTK7;CYP2B7P;ETV1,1.0085182325737,,0.935971600417617,FALSE,""
JAVELIN,7460,COL4A4;MFAP2;MYRF;SLC44A5;AGAP11,1.31865934132484,,0.0107700731990936,FALSE,""
JAVELIN,7461,MIR4526;FXYD1;DMD;MIR4530;KIF20A,1.17793719313647,,0.1310567592603,FALSE,""
JAVELIN,7462,GATA3;SLC27A2;ALDH1A3;SNORD114-14;HSD17B3,1.00459327331441,,0.965580477385779,FALSE,""
JAVELIN,7463,CYP2E1;CXCL8;FOLR2;C2orf70;KCNA3,0.869466352566754,,0.200927080044853,TRUE,""
JAVELIN,7464,CD38;PLIN4;HIST1H2BM;KCNB1;MIR4779,0.801227151332227,,0.0486402839677579,TRUE,""
JAVELIN,7465,MGAT3;LBP;TMEM132A;GRIA3;UBE2T,0.932903573567895,,0.532138883159888,TRUE,""
JAVELIN,7466,KCP;MAL2;CACNA1C;PLA2G1B;MIR28,1.24751137004919,,0.0421222658482121,FALSE,""
JAVELIN,7467,AGMO;HLF;PLAUR;LMO1;GNAO1,1.2356713610043,,0.0545484407838406,FALSE,""
JAVELIN,7468,C1orf186;MIRLET7F1;MMP11;PKP3;HOXA7,1.38243631068573,,0.00230702666899167,FALSE,""
JAVELIN,7469,RASD1;SPEG;TIE1;MIR3193;MIR98,1.21047785157569,,0.0762519907096183,FALSE,""
JAVELIN,7470,SMIM24;CCDC64;FPR1;MIR425;ADAMTS12,0.970774533830255,,0.775776223427206,TRUE,""
JAVELIN,7471,WDR72;ABCB4;ID4;SALL4;SNORD50A,1.46262222196343,,0.000366621864193857,FALSE,""
JAVELIN,7472,TENM1;EMX1;MYRF;PIK3C2G;MIR4295,1.35970149995394,,0.00621717801154141,FALSE,""
JAVELIN,7473,SLC39A5;ARG2;DPYSL3;NCAM2;PPIAP30,1.17245871004272,,0.14509318675193,FALSE,""
JAVELIN,7474,MIR4526;CDHR1;ITGA11;MIR106B;DAPK2,1.21564071558632,,0.0676603132777877,FALSE,""
JAVELIN,7475,SLIT2;CES3;SLC2A9;DNAAF1;HIST2H3C,1.56436754240939,,3.53019518609863e-05,FALSE,""
JAVELIN,7476,SPAG17;ABCB4;ITGA11;ROBO2;MYCT1,1.44658268167222,,0.000521191985058535,FALSE,""
JAVELIN,7477,JPH2;GREM1;TMEM132A;MIR493;OR52N4,0.986983148461512,,0.900845425970279,TRUE,""
JAVELIN,7478,CXCL1;FUT6;SLC44A3;MAP3K15;CLEC12A,1.16503392702945,,0.151552576696351,FALSE,""
JAVELIN,7479,TTC39A;PAQR5;NT5E;PTPRQ;RHBDL1,1.30305284269552,,0.0160288671903822,FALSE,""
JAVELIN,7480,SLC17A1;CGREF1;HOXD9;LRRC3;LOC100294362,1.47428050422754,,0.000311984712834544,FALSE,""
JAVELIN,7481,PCDHGB2;ESPN;CKS2;THPO;PCDHGC5,1.1725111883659,,0.146916761852244,FALSE,""
JAVELIN,7482,TACSTD2;IL2RA;MIR3975;MIR134;MIR4774,0.910534931614445,,0.381045415367639,TRUE,""
JAVELIN,7483,NPNT;MGAM;MIR544B;WFDC5;TTC22,1.5131835425885,,0.000163318090364317,FALSE,""
JAVELIN,7484,ADAM12;RYR2;MS4A4A;MIR298;NOVA1,0.929995356590089,,0.498862308565214,TRUE,""
JAVELIN,7485,MYO3A;AQP7;ADCY4;ATP6V0A4;FBXO27,1.51010095886906,,0.000243028876893894,FALSE,""
JAVELIN,7486,PPAP2C;MIRLET7A2;MIR1207;GABRP;C22orf34,0.915500634636124,,0.428259363809799,TRUE,""
JAVELIN,7487,CCL19;B3GNT3;TIE1;SLC38A4;FCN1,0.944517002162805,,0.597124505074984,TRUE,""
JAVELIN,7488,KCP;LAG3;SNORD12B;BAALC;DEPDC1B,0.827834287474867,,0.0862681230152364,TRUE,""
JAVELIN,7489,GPT;ABCB4;MYO5B;TFCP2L1;RAB6B,1.09264812832143,,0.425966714057997,FALSE,""
JAVELIN,7490,COMP;SPTBN2;GAMT;MIR380;LOC101927970,1.06684813342546,,0.547508819090622,FALSE,""
JAVELIN,7491,MGAT3;ELOVL7;RHOBTB3;SNORD114-31;PRKAR2B,1.07606806275599,,0.491250140637532,FALSE,""
JAVELIN,7492,MIR3117;TNXB;CSF3R;SFTPC;CDC45,0.932833033879986,,0.50169645823073,TRUE,""
JAVELIN,7493,SLC34A2;THBS4;MIR4435-2;C12orf36;IER3,1.08299686314231,,0.465634003109679,FALSE,""
JAVELIN,7494,TRABD2B;GLYATL1;MYRF;TMC5;EGFLAM,1.24651243533761,,0.0391420719478844,FALSE,""
JAVELIN,7495,SLC7A9;KCNJ3;SNORA26;TRIM54;ADCY1,1.57810608503569,,2.622170505848e-05,FALSE,""
JAVELIN,7496,PYCR1;SOX6;HOXD9;ARHGAP40;MIR548J,1.37595682786507,,0.00389974100800765,FALSE,""
JAVELIN,7497,PLAC9;TCF21;MIR3125;ARHGEF38;SPNS3,1.30943713320344,,0.0140947477785662,FALSE,""
JAVELIN,7498,TINAG;CXCL8;RNF128;HECW1;MYCT1,1.27779569918388,,0.0272843492491759,FALSE,""
JAVELIN,7499,ZDHHC11B;MLLT11;HOXD4;FOXA2;TDRD10,1.21745032579911,,0.0683785307617481,FALSE,""
JAVELIN,7500,ARHGEF16;GSTM1;DENND2A;LAMP5;EXO1,1.22049902697579,,0.073454230151225,FALSE,""
JAVELIN,7501,ESM1;FOSL1;SLC44A3;TCHH;GNAO1,1.03652101930166,,0.746775220097829,FALSE,""
JAVELIN,7502,FXYD2;ABCA12;PLEKHA7;SNORD115-6;P2RY12,1.20674485709817,,0.0858292194816747,FALSE,""
JAVELIN,7503,MIR126;PRAP1;RASGRP1;SLC18A3;KIAA1324L,1.16656495149671,,0.146083964607303,FALSE,""
JAVELIN,7504,ABCC6;KISS1R;BMP2;UGT2B4;CYP4X1,1.5550588055856,,3.51150981553807e-05,FALSE,""
JAVELIN,7505,CPZ;MIR4804;IFI44L;PKLR;GLT8D2,1.12973588218966,,0.249994660323444,FALSE,""
JAVELIN,7506,NR4A2;C5orf46;COL5A3;OR2T34;MMP17,1.24920821623327,,0.0454229760452145,FALSE,""
JAVELIN,7507,SPOCK1;HLF;HIST1H2BO;AFM;APOBEC3B,0.894427861696219,,0.312276879199782,TRUE,""
JAVELIN,7508,UGT8;GLDC;MYO5B;SCGB3A2;FOXD1,1.16561013548798,,0.170915034751465,FALSE,""
JAVELIN,7509,MYBL2;FCGBP;SLC1A1;CXCR1;MIR583,1.04916763917551,,0.663574610032604,FALSE,""
JAVELIN,7510,CCL19;FOXP2;APCDD1;MIR106B;CYP2D7P,1.18460827248799,,0.124903411587998,FALSE,""
JAVELIN,7511,MIR4652;MIR616;LDLR;OGN;RNF152,1.14615572924673,,0.211024041803096,FALSE,""
JAVELIN,7512,NTM;SPINK1;ANGPT2;CPA6;MIR5191,1.26699366680386,,0.0378776747323577,FALSE,""
JAVELIN,7513,MT1G;PPP1R1A;SNORD116-28;MIR365A;MIR1284,1.04978183718696,,0.659449077155393,FALSE,""
JAVELIN,7514,MFSD2A;SPTBN2;IGFBP6;IP6K3;GRID1,0.851695462580199,,0.120256379000668,TRUE,""
JAVELIN,7515,ACADL;ELOVL7;ID1;SNORD114-6;HOXB5,1.28725844132098,,0.0191311961997032,FALSE,""
JAVELIN,7516,FXYD2;RGN;TMEM132A;MIR3196;MPP7,1.09592576744935,,0.421073962596437,FALSE,""
JAVELIN,7517,REG1A;GPRC5A;ID1;PLG;EPHA1,1.08642423600595,,0.453384769564899,FALSE,""
JAVELIN,7518,GBA3;MT1M;ID1;SNORD114-17;EFS,1.15772164218333,,0.175009573830135,FALSE,""
JAVELIN,7519,NR4A2;MOXD1;CDH13;ICAM5;GRID1,1.05645202672936,,0.615669949388858,FALSE,""
JAVELIN,7520,BAMBI;CYP2C9;TSKU;HTR6;ROPN1L,1.2401882160149,,0.0483145708083516,FALSE,""
JAVELIN,7521,TMEM27;PCDH10;ADCY4;SCGB3A2;CITED4,1.47923370517438,,0.000374920535846068,FALSE,""
JAVELIN,7522,STC2;TRIM55;2020-03-02 00:00:00;SLC52A3;EFS,1.47303998069011,,0.000507843133611717,FALSE,""
JAVELIN,7523,CRB3;GLDC;CYTIP;MIR4530;PDGFD,1.29982589903122,,0.0147857754870356,FALSE,""
JAVELIN,7524,S100A8;VSIG2;ALDOC;PCP4;NBEAP1,1.1861004641811,,0.129153109845708,FALSE,""
JAVELIN,7525,GPT;VANGL2;COX7A1;MIR106B;MAATS1,1.42312175967308,,0.00121130898716594,FALSE,""
JAVELIN,7526,FOLH1;SFRP1;DENND2A;SLC17A2;TTC22,1.41185812509538,,0.0019936533828955,FALSE,""
JAVELIN,7527,MIR4292;KLHDC7A;ALDOC;MIR1251;TBX21,1.24125322160834,,0.047686043087412,FALSE,""
JAVELIN,7528,MIR548AR;OLFM2;EVI2B;OVOS;LTB,0.950041142862933,,0.630186931671249,TRUE,""
JAVELIN,7529,KCP;CMYA5;APCDD1;MUM1L1;ASPRV1,1.21827746395634,,0.0646123368315858,FALSE,""
JAVELIN,7530,PEG10;ESPN;PTTG1;CLIC6;GJC2,1.32176913990134,,0.0103659869117387,FALSE,""
JAVELIN,7531,ANO9;ESRP2;PTER;C4BPA;BATF,0.880825655321693,,0.226799906546373,TRUE,""
JAVELIN,7532,BCMO1;MIR3941;RASGRP1;GRIA3;APOL4,1.17852075375756,,0.123495612999619,FALSE,""
JAVELIN,7533,AOC1;MIR378H;SNORD116-16;ANKRD2;MCOLN2,1.17879845749593,,0.124624685994347,FALSE,""
JAVELIN,7534,LOC101927960;RYR2;ALDOC;MIR545;PCDHB15,1.43017756530876,,0.000898616685454091,FALSE,""
JAVELIN,7535,TRABD2B;GRB14;EMP1;COL25A1;MIR548J,1.42381132875583,,0.00105719952123083,FALSE,""
JAVELIN,7536,SPAG17;MIRLET7D;PTER;DAO;OSR1,1.40682057409303,,0.00143818649262815,FALSE,""
JAVELIN,7537,SEC14L6;SLC6A10P;LDLR;ARHGEF38;FBXO27,1.16286075909125,,0.182186672403928,FALSE,""
JAVELIN,7538,SCNN1A;C2;ITGA11;FLJ22184;TP73,0.950489834860155,,0.625309094154735,TRUE,""
JAVELIN,7539,PGF;FAM65C;LDLR;PADI1;SNORA38,1.18809480654014,,0.104117901731047,FALSE,""
JAVELIN,7540,MACC1;RGN;ANGPT2;FLJ22184;CKAP2L,1.16049969005953,,0.160298476784529,FALSE,""
JAVELIN,7541,CX3CR1;F5;ID4;BTLA;KBTBD11,1.10961806854066,,0.326504910519756,FALSE,""
JAVELIN,7542,PROM1;SLC23A1;MIR1207;PVRL4;S1PR4,0.982323249731131,,0.870238026756284,TRUE,""
JAVELIN,7543,TBX3;SFN;MIR4714;NPHS2;MMP25,0.905910362404445,,0.371229193846831,TRUE,""
JAVELIN,7544,KRT7;MFAP2;ALDOC;DNAAF1;PCP2,1.24236807363018,,0.0452298213857713,FALSE,""
JAVELIN,7545,SPOCK1;EGR3;ALDH1A3;TMEM45B;CCR4,0.88490543994646,,0.253651973338884,TRUE,""
JAVELIN,7546,GZMK;FUT6;S1PR3;XDH;LOC101928871,1.09304299483499,,0.417833459587392,FALSE,""
JAVELIN,7547,MACC1;ALDH8A1;DENND2A;C16orf89;DSEL,1.41159749443577,,0.00150841985501549,FALSE,""
JAVELIN,7548,SEC14L6;ARG2;FOLR2;TMEM132E;MIR3605,1.29336817764646,,0.0200103036357567,FALSE,""
JAVELIN,7549,RAB17;MIR4796;MMP11;SCTR;THSD4,1.32988945571436,,0.011064162321928,FALSE,""
JAVELIN,7550,SLC39A5;NRG1;HIST1H2BM;SPINK5;POU5F1P3,1.15487038015932,,0.193854816869307,FALSE,""
JAVELIN,7551,IRX5;MIRLET7E;S1PR3;CNTNAP5;LOC644086,1.23949615078849,,0.0464975618089326,FALSE,""
JAVELIN,7552,SLC7A9;FOXP2;TMEM132A;FOXF2;ETV7,1.02344231533521,,0.827999673723663,FALSE,""
JAVELIN,7553,SPOCK1;MFI2;DCBLD2;IHH;GCAT,0.841656295595324,,0.1148851601673,TRUE,""
JAVELIN,7554,SBSPON;MMP19;MTCL1;TMC5;HSD17B3,1.17677254143605,,0.139680084128193,FALSE,""
JAVELIN,7555,SEC14L6;REEP6;HIST1H2BM;CNTN6;MIR1256,1.04069211538826,,0.717227055693931,FALSE,""
JAVELIN,7556,MIR4317;CXCL8;HMCN1;A1CF;EMR4P,1.37691742523185,,0.0027694706574724,FALSE,""
JAVELIN,7557,SCN9A;BEX2;CYTIP;B4GALNT2;SPNS3,1.15291463589097,,0.188197179266766,FALSE,""
JAVELIN,7558,BBOX1;SLC22A3;SLC44A3;FXYD4;CYP26B1,1.42081874629424,,0.00206852395884286,FALSE,""
JAVELIN,7559,VTRNA2-1;TESC;APCDD1;TBX5;MIR597,1.30059977869521,,0.0156324973971338,FALSE,""
JAVELIN,7560,AOC1;THBS4;ROBO4;C2orf70;CCDC141,1.19312779499948,,0.0882947394939454,FALSE,""
JAVELIN,7561,SULT1C4;UTY;SLC2A9;C10orf62;SLAMF8,1.19567730971821,,0.0879893156214245,FALSE,""
JAVELIN,7562,FAM46C;KIT;SNAI2;CA8;GZMM,1.0138956558947,,0.895776975567449,FALSE,""
JAVELIN,7563,MAL;MZB1;IGFBP6;NPHS1;PTGDR,0.992641438545266,,0.943045598318184,TRUE,""
JAVELIN,7564,MYH14;CLMP;ADCY4;CCL13;STEAP2,1.07073618963727,,0.527107200609872,FALSE,""
JAVELIN,7565,TBX3;SNORD114-13;SNORD4B;BAAT;AK7,1.23473637756985,,0.0483737974122174,FALSE,""
JAVELIN,7566,CX3CR1;GYLTL1B;IL2RB;TREM1;C19orf83,1.18668931772774,,0.0978956876082859,FALSE,""
JAVELIN,7567,VTRNA2-1;GZMB;CRISPLD2;CCL11;ADAMTS15,1.1401614516339,,0.228007982940211,FALSE,""
JAVELIN,7568,ANLN;MIR1249;MIR938;SLC35F3;CYP2S1,0.920982407952873,,0.468609694872716,TRUE,""
JAVELIN,7569,C1orf106;MAP7D2;GPC4;MIR4798;MIR1284,1.21269725673815,,0.0718518256823184,FALSE,""
JAVELIN,7570,MIR27A;CDHR1;MMP11;SLC52A3;WNT2B,1.25125027515505,,0.0402722062167731,FALSE,""
JAVELIN,7571,SMIM24;PCDHGA5;PTTG1;MIR127;FIBIN,1.14163239484825,,0.222369779887607,FALSE,""
JAVELIN,7572,SCNN1A;MIR185;FPR1;TRPA1;FCN1,0.988360998172971,,0.912952803665632,TRUE,""
JAVELIN,7573,F2RL1;TMEM139;DMD;MIR4533;CNTN4,1.33784885122381,,0.00805106475180004,FALSE,""
JAVELIN,7574,NEB;SMTNL2;MS4A4E;PPP2R2C;TMC4,1.0151349085499,,0.888619076355092,FALSE,""
JAVELIN,7575,GZMA;DNASE1L3;LDLR;AQP4;SIX1,0.968564579139284,,0.762951143225014,TRUE,""
JAVELIN,7576,CX3CR1;SDS;TMEM132A;ST6GAL2;TTC22,1.23286913889874,,0.0602842827993228,FALSE,""
JAVELIN,7577,SLC7A9;ZNF711;SNORD4B;ATG9B;LRRC37A4P,1.25146853150752,,0.0398130689044116,FALSE,""
JAVELIN,7578,SNCG;TRIM55;PTTG1;FCRL3;DAPP1,0.951430966700893,,0.642926522676073,TRUE,""
JAVELIN,7579,RASD1;MIR4731;IGFBP6;SLC12A3;CHST1,1.07627125005022,,0.494917030948066,FALSE,""
JAVELIN,7580,MIR4652;FGA;ID1;MIR4280;PCDHB16,1.14376285164001,,0.222597027616764,FALSE,""
JAVELIN,7581,MIR378I;GLIS1;HIST1H4L;MIR548AS;RGS4,1.21715989069782,,0.0786233121423505,FALSE,""
JAVELIN,7582,NMB;MIRLET7E;TOP2A;B3GAT1;MIR627,1.03238431977105,,0.774882810566405,FALSE,""
JAVELIN,7583,JPH2;PCDH10;MS4A4E;AP3B2;CDC20,1.06947712500031,,0.537325569752503,FALSE,""
JAVELIN,7584,NOX4;MIR589;SNORD33;PCDHB2;MIR3682,1.32638534735376,,0.00961836264266882,FALSE,""
JAVELIN,7585,TMEM45A;EGR3;MIR3125;CRB2;PPP1R3G,1.32925911405474,,0.0094119169096207,FALSE,""
JAVELIN,7586,FRAS1;EPPK1;S1PR3;PRSS3;AMY2B,1.3570043325411,,0.00701132848874161,FALSE,""
JAVELIN,7587,MIR27B;SLC23A3;PTK7;BAAT;WNT2B,1.29070769986738,,0.0186526708395016,FALSE,""
JAVELIN,7588,STC1;TESC;PBX1;MIR5091;LURAP1,1.19195623601398,,0.108223365020873,FALSE,""
JAVELIN,7589,NR4A3;CDH23;MECOM;CRP;TP73,1.12480603930396,,0.277053714053513,FALSE,""
JAVELIN,7590,ANO9;ZFY;GAMT;CNTFR;MIR4771-2,1.01384542619048,,0.894734785639194,FALSE,""
JAVELIN,7591,PSAT1;MLLT11;PBX1;OR2T35;MIR151A,1.03065825847532,,0.777565668673805,FALSE,""
JAVELIN,7592,STEAP4;PCDHGA4;SNORA48;SYT8;P2RY6,1.09955176403138,,0.387575540339159,FALSE,""
JAVELIN,7593,GPER1;CMYA5;SNORD116-8;SNORD115-21;CTRL,1.20230685397936,,0.0869297752063771,FALSE,""
JAVELIN,7594,MT1G;IRF4;MTCL1;MIR4797;MIR3135A,0.909478819516745,,0.383097500747219,TRUE,""
JAVELIN,7595,SPAG17;LOC101928757;CACNA1C;ESPNP;MIR765,1.35178814217796,,0.00709309188505092,FALSE,""
JAVELIN,7596,NR4A2;ADAMTS14;GAMT;C1orf168;SNORD60,1.20514421592713,,0.0826690880118572,FALSE,""
JAVELIN,7597,FAM46C;APOLD1;NT5E;NCAM2;POLQ,0.93070463552406,,0.516171714828363,TRUE,""
JAVELIN,7598,CXCL1;MIR4676;EMP1;OMD;HIST2H3C,1.04204664111219,,0.713358348368163,FALSE,""
JAVELIN,7599,MIR3117;HSH2D;MIR3975;TNIP3;APOBEC3H,0.932504798490841,,0.508236967942263,TRUE,""
JAVELIN,7600,BCMO1;DNAH5;ARL4C;ST6GAL2;PANK1,1.26423256713689,,0.0326575010887942,FALSE,""
JAVELIN,7601,NXPH4;EGR3;ID4;CERKL;SIX1,1.27491415348305,,0.0247152253836276,FALSE,""
JAVELIN,7602,S100A8;PRODH2;LY96;SULT2B1;SIT1,0.996135528930432,,0.969931866392296,TRUE,""
JAVELIN,7603,MIR3117;CDCP1;LDB2;KLHL4;SNORD103B,1.1671764517169,,0.164276605009307,FALSE,""
JAVELIN,7604,SORBS2;NAGS;PTK7;HRCT1;DNAJC22,1.29344980923594,,0.0146401980617348,FALSE,""
JAVELIN,7605,BBOX1;MIR200B;ECM2;S100P;HMMR,1.37798143836488,,0.00431777981798597,FALSE,""
JAVELIN,7606,C14orf105;MAPK15;MMP11;G6PC;DBNDD1,1.37945731477409,,0.00336472466088579,FALSE,""
JAVELIN,7607,TRABD2B;MIRLET7E;ID4;UMOD;WSCD1,1.27751123572213,,0.0253986412254801,FALSE,""
JAVELIN,7608,MIA2;SPEG;PTER;TDRD9;CH25H,1.20409392180062,,0.0922654929210984,FALSE,""
JAVELIN,7609,RAP1GAP;PTPRD;ID4;IRX1;LOC101927941,1.43242173845424,,0.001493453804465,FALSE,""
JAVELIN,7610,F2RL1;OLFM2;SEMA4G;SNORD116-5;SNORA78,1.05812079772241,,0.604393199540214,FALSE,""
JAVELIN,7611,MIR4730;PCDHGA4;CRISPLD2;FOXF2;ST6GALNAC3,1.27954025452055,,0.0232890664591295,FALSE,""
JAVELIN,7612,PPAP2C;MIR1203;HIST1H2AL;APCDD1L;EXO1,0.740205845679864,,0.00832020960999497,TRUE,""
JAVELIN,7613,MIR4652;SNORD110;CACNA1C;OR2T11;RASL12,1.40363909107191,,0.00179697548744973,FALSE,""
JAVELIN,7614,SNORD14C;CXCR3;MTCL1;WNT10A;NEK10,0.932964166902785,,0.520521415098706,TRUE,""
JAVELIN,7615,NPR3;B3GNT3;ITGA11;LOC101929578;GMPR,1.19523418690149,,0.10759202813989,FALSE,""
JAVELIN,7616,ZDHHC11B;FLRT3;IGFBP6;SLC5A2;SLC39A4,1.09347049164381,,0.413806463341013,FALSE,""
JAVELIN,7617,CYP2E1;MIR23B;MECOM;PTGES;PAQR6,1.22549440732709,,0.0520668947921778,FALSE,""
JAVELIN,7618,NTM;ANXA13;SLC2A9;ZNF676;LRRC17,1.6103275696043,,2.20410825868117e-05,FALSE,""
JAVELIN,7619,UBD;CCL28;EFNA1;THPO;MIR627,1.45381074505371,,0.000793464786532651,FALSE,""
JAVELIN,7620,HOXC10;MIR378A;TMEM132A;CYP11A1;SNORD116-10,0.991269298036774,,0.93517342784145,TRUE,""
JAVELIN,7621,TSPAN13;CD22;SNORD116-8;MIR592;LOC100294362,1.20958313844069,,0.086843430636012,FALSE,""
JAVELIN,7622,PRSS8;SFN;HMCN1;KCNH2;LOC100128242,1.00475402457554,,0.964338653182352,FALSE,""
JAVELIN,7623,FXYD2;SLC7A8;LDB2;MIR3188;ALMS1P,1.4887653113817,,0.000365930198515943,FALSE,""
JAVELIN,7624,ADAMTSL2;SLC6A10P;ADAMTSL3;ASGR2;PGM5,1.31615628142677,,0.00842133151800135,FALSE,""
JAVELIN,7625,REG1A;ST6GALNAC2;MIR4714;MIR1538;MYCT1,1.35924094375962,,0.00432190334460709,FALSE,""
JAVELIN,7626,MIR4652;CHI3L2;DLL4;EYA4;TRIM6,1.46943770023122,,0.000418766086633002,FALSE,""
JAVELIN,7627,UBD;SNORD114-10;MIR4784;MIR106B;LOC101928749,1.15474304349934,,0.184838942267105,FALSE,""
JAVELIN,7628,GBP5;HOXD11;2020-03-02 00:00:00;SLITRK2;PPP2R2B,1.11317996399045,,0.319909005094911,FALSE,""
JAVELIN,7629,ALDH1L1;CRYM;SNORD116-28;OR2T2;PAPPA-AS1,1.44866074199922,,0.00116269345879966,FALSE,""
JAVELIN,7630,NMB;CPXM2;ALDOC;ARHGAP40;TSPYL5,1.01935525849317,,0.857504100606881,FALSE,""
JAVELIN,7631,FOSB;LOC391322;HIST1H2BM;TJP3;CDC42BPG,1.0571214314253,,0.613915366578608,FALSE,""
JAVELIN,7632,DCDC2;GLYATL1;FZD8;SLC35F3;RNF157,1.40196408057992,,0.0029990672059344,FALSE,""
JAVELIN,7633,F8;LDHD;GEM;PITX2;KIF26A,1.47689960090149,,0.000340737816700117,FALSE,""
JAVELIN,7634,PDLIM4;C2;MYO1G;TUBA3D;PCDHB16,0.97045290950294,,0.78665185841533,TRUE,""
JAVELIN,7635,UGT2A3;MIR378H;ALDH1A3;MIR410;SCUBE2,1.15145990537228,,0.194535680515766,FALSE,""
JAVELIN,7636,AOC1;KCNJ3;FKBP9P1;PPBP;POLQ,1.24315317071688,,0.0470283290838941,FALSE,""
JAVELIN,7637,C8orf4;KLHDC7A;EMP1;STAC2;TNFRSF11A,1.21109238570166,,0.0778027970443683,FALSE,""
JAVELIN,7638,CCL18;NPY6R;DLL4;MIR578;AGAP11,1.55529679675741,,5.38836930262307e-05,FALSE,""
JAVELIN,7639,SRPX;HOXD11;HMCN1;SCGB3A2;SNORA70D,1.17917098193909,,0.110403571406891,FALSE,""
JAVELIN,7640,FMO3;GLYATL1;MIR544B;CYP4F2;PCDHGA6,1.39363279660683,,0.00236615866109969,FALSE,""
JAVELIN,7641,MFSD2A;TRPC6;MYO5B;KCNH3;NTNG2,0.939635566751246,,0.566014117853924,TRUE,""
JAVELIN,7642,IL17RB;INHBB;ID1;CR2;SNORD19,1.14908714804291,,0.203059958040581,FALSE,""
JAVELIN,7643,TACSTD2;CYP24A1;MIR4784;GRIK4;IL17RD,1.11548852816195,,0.320363828040098,FALSE,""
JAVELIN,7644,MIR4292;COL7A1;SNORD29;TRIM54;MIR4779,0.790225647577704,,0.0367894224513769,TRUE,""
JAVELIN,7645,CNN1;GFRA1;PDLIM3;MIR4489;KIAA1755,1.12279676792587,,0.287159017571131,FALSE,""
JAVELIN,7646,MIR3117;GLIS1;CKS2;SNORD114-2;CACNA2D4,1.07371339240347,,0.524116317135465,FALSE,""
JAVELIN,7647,QPCT;MIR185;ROBO4;SNORD115-1;ACOT1,1.28417883238957,,0.0195276518092327,FALSE,""
JAVELIN,7648,PYCR1;ABCA12;DCBLD2;C9orf66;FBXO27,1.06118911178243,,0.573775990244956,FALSE,""
JAVELIN,7649,CCL19;COL11A1;SNORD29;BAAT;RNF152,1.15301598325956,,0.187272165269673,FALSE,""
JAVELIN,7650,RAP1GAP;MAPK15;NT5E;MIR3178;BATF,1.0763568226249,,0.498387923178331,FALSE,""
JAVELIN,7651,C14orf105;KLF15;ACSF2;C4BPA;CCR6,1.2177852043407,,0.0728368014426742,FALSE,""
JAVELIN,7652,UGT2A3;MOXD1;SLC1A1;SCN7A;LOC283278,1.23040005103845,,0.0561704170078346,FALSE,""
JAVELIN,7653,PTH1R;KLF15;HIST1H4L;MIR758;CCR4,1.08516167165477,,0.449340503256442,FALSE,""
JAVELIN,7654,C14orf105;MIR4731;MIR4635;TFCP2L1;PARP15,1.20838464375887,,0.071311496975707,FALSE,""
JAVELIN,7655,FXYD2;DSCAML1;IFI44L;OGN;GRAP2,1.21278198747615,,0.0518148753986343,FALSE,""
JAVELIN,7656,MIR378I;GYLTL1B;HOXD9;CRHBP;TMOD1,1.16029417774432,,0.180839969877166,FALSE,""
JAVELIN,7657,HOGA1;AR;SNORD29;IRX1;PMAIP1,1.10255042224866,,0.36713419970562,FALSE,""
JAVELIN,7658,NLGN1;KIF26B;PLEKHA7;CRB2;POLQ,1.23551221229188,,0.056694979913607,FALSE,""
JAVELIN,7659,MIR548AR;F5;FOLR2;MFAP5;RLTPR,0.86063896356933,,0.162653015800924,TRUE,""
JAVELIN,7660,MIR4292;NEBL;MIR631;ARHGEF38;RSAD2,1.0462280337601,,0.668817865267071,FALSE,""
JAVELIN,7661,ACKR1;MIR4519;DPYSL3;MIR345;POU5F1B,1.27593058090929,,0.0243062615083392,FALSE,""
JAVELIN,7662,SPOCK1;KIF26B;PDLIM3;TCAP;KIF26A,1.07626280725318,,0.496649374466227,FALSE,""
JAVELIN,7663,IDO1;PLA2G2A;EFNA1;OR2T34;PCDHGA6,1.14411215345283,,0.214567373926592,FALSE,""
JAVELIN,7664,OLFML2A;PALM3;TOP2A;TCN1;TAL1,1.19367993815584,,0.118406295207576,FALSE,""
JAVELIN,7665,SHROOM3;PCDH10;CKS2;DEFB134;MIR3978,1.07882743236186,,0.489574929036824,FALSE,""
JAVELIN,7666,TSPAN7;MIR4482;ARHGEF15;KCNK9;ST6GALNAC3,1.28951735913643,,0.0146439481385444,FALSE,""
JAVELIN,7667,MIR3117;KLHDC7A;BMP2;C16orf89;TDRD10,1.34000894694999,,0.00637151486902238,FALSE,""
JAVELIN,7668,MYOM3;PRAP1;ALDOC;SNORD113-9;MIR1284,1.35140342312584,,0.00488678568943826,FALSE,""
JAVELIN,7669,C1orf106;MIR554;SNORA77;STRIP2;ANKRD29,0.91746248388026,,0.417471400995982,TRUE,""
JAVELIN,7670,CD27;CMYA5;CDH13;MIR592;DOC2B,1.1223883666136,,0.276948037210392,FALSE,""
JAVELIN,7671,SLC17A1;MLLT11;COX7A1;PXDNL;PANK1,1.32698083913603,,0.00936096079436587,FALSE,""
JAVELIN,7672,MYH14;AQP7;MST1;BCHE;PADI2,1.25133290221915,,0.0415908771998282,FALSE,""
JAVELIN,7673,MIR126;CCDC183;FPR1;MIR425;ARRDC5,1.02979279241361,,0.78352714509268,FALSE,""
JAVELIN,7674,ESM1;EFHD1;DMD;CDO1;GRHL1,1.28544030719597,,0.0212812076705003,FALSE,""
JAVELIN,7675,MIR25;CYP4F11;ITGA11;MIR181B2;SNCAIP,1.14281193686354,,0.219148659161239,FALSE,""
JAVELIN,7676,TMEM27;GLDC;GPC4;TUBB1;CCDC3,1.1976986862615,,0.101074852628588,FALSE,""
JAVELIN,7677,SLC17A1;SLC2A2;ALDOC;SNORD115-12;NAV3,1.1378718700935,,0.240701678602831,FALSE,""
JAVELIN,7678,COMP;CYP24A1;FAM20A;ADRB1;CTRL,1.01730950001062,,0.868194471999341,FALSE,""
JAVELIN,7679,FRAS1;RYR2;LDB2;CDH15;MIR4774,1.39379562786218,,0.00161066547309126,FALSE,""
JAVELIN,7680,BBOX1;PCDHGA5;HIST1H4L;KCNJ10;PPFIA3,1.25053568795964,,0.043855320654556,FALSE,""
JAVELIN,7681,C8orf4;ZNF711;SNORD33;MIR4530;CYP27B1,1.23986502447785,,0.0487555238528257,FALSE,""
JAVELIN,7682,MIR4317;MIR378A;SNAI2;MIR378D2;STEAP2,1.29342108905994,,0.0197691128537121,FALSE,""
JAVELIN,7683,GZMA;PCDHGA4;MIR628;FAM153B;SYNC,1.23440447757964,,0.0548867015523034,FALSE,""
JAVELIN,7684,HABP2;MIR589;SELENBP1;ST6GAL2;KIF20A,1.23674788541834,,0.0544544395655163,FALSE,""
JAVELIN,7685,OLR1;FLRT3;LDB2;ADRB1;DSEL,1.30242013253979,,0.0133769040187157,FALSE,""
JAVELIN,7686,IRX5;PTGS2;FOLR2;FAM3B;RAB6B,1.09260163854183,,0.420264227825514,FALSE,""
JAVELIN,7687,PTHLH;MLXIPL;FPR1;SNTG2;NEK10,1.03194152828633,,0.780148937693083,FALSE,""
JAVELIN,7688,NXPH4;LOC391322;APCDD1;WFDC5;ATP1B2,1.0880273424416,,0.433910865281327,FALSE,""
JAVELIN,7689,PCDHGB2;PRAP1;SNORD74;PPP1R14D;GRTP1,1.22635111240562,,0.0592266415488475,FALSE,""
JAVELIN,7690,NPR3;MMP24;LDB2;FXYD4;KBTBD11,1.42327841615808,,0.00124814182344709,FALSE,""
JAVELIN,7691,PTH1R;GPC3;SNAI2;FBXO2;CD80,0.958702909967882,,0.694052594839121,TRUE,""
JAVELIN,7692,PSAT1;NLGN4Y;CACNA2D1;IP6K3;TNFRSF18,1.02468662091559,,0.81946940041314,FALSE,""
JAVELIN,7693,QPCT;CPXM1;APCDD1;SCGB3A2;KCNN3,1.13671502085771,,0.222685297215551,FALSE,""
JAVELIN,7694,CXCL1;CXCL8;CSF3R;HAS1;EMP2,0.96966860456351,,0.776517069980891,TRUE,""
JAVELIN,7695,CYP2E1;ALDOB;TSKU;KRT15;KCNN3,1.27879882529208,,0.0174639579674297,FALSE,""
JAVELIN,7696,NEB;GFRA1;RGL3;OGN;DNALI1,1.28084135255509,,0.0194152438552319,FALSE,""
JAVELIN,7697,OLR1;MIR429;FZD8;S100P;LOC101927941,1.2687820763379,,0.0287591533221297,FALSE,""
JAVELIN,7698,HIF1A-AS2;GREM1;RHOBTB3;FLG;LTB,0.95797056143832,,0.689147332150072,TRUE,""
JAVELIN,7699,GATA3;TTN;PTER;KLK1;CLDN9,0.903995493381654,,0.362202886194206,TRUE,""
JAVELIN,7700,FAM46C;CPXM1;MIR3975;PLG;ABCG2,1.11976185761665,,0.299497876493649,FALSE,""
JAVELIN,7701,NXPH4;MIR4796;TSKU;TDO2;WNT2B,1.14698697912172,,0.205864945754467,FALSE,""
JAVELIN,7702,S100A8;AIF1L;HOXD9;MIR618;DAPK2,1.20099654181169,,0.0823096944694705,FALSE,""
JAVELIN,7703,SLIT2;LOC100288152;MYO5B;FCER2;MIR626,1.04904850620913,,0.661571179040958,FALSE,""
JAVELIN,7704,CYP2E1;NDNF;GEM;PADI1;MIR3674,1.16786468264291,,0.150172510134144,FALSE,""
JAVELIN,7705,PLAC9;KIT;MIR4635;CLDN16;LOC101927236,1.51758379575352,,0.000123888369301409,FALSE,""
JAVELIN,7706,HHLA2;COL7A1;SNORD59A;MAPK8IP2;LOC100506518,0.981485053151386,,0.863260473401919,TRUE,""
JAVELIN,7707,ZDHHC11B;ADRA2C;MIR197;CIDEC;NTNG2,1.20227074614666,,0.0883127671006439,FALSE,""
JAVELIN,7708,FXYD2;CLMP;PIEZO2;SNORD114-14;HOXB5,1.19403796370047,,0.107615413603528,FALSE,""
JAVELIN,7709,MIR4499;MIR3918;HIST1H2BO;PAEP;PDGFD,1.3215832815913,,0.0110849456438101,FALSE,""
JAVELIN,7710,SLIT2;CHI3L2;PLAT;PTGES;SYNC,0.965463883510922,,0.742721952455451,TRUE,""
JAVELIN,7711,ABCA6;MIR548AA2;MIR628;FBXL16;MIR4774,1.19409244881646,,0.0865120143800712,FALSE,""
JAVELIN,7712,MIA2;MMP19;FPR1;COL25A1;DYNLRB2,1.3201369880029,,0.0100640164468823,FALSE,""
JAVELIN,7713,RAB42;INHBB;PLEKHA7;HSD17B6;C6orf132,1.02543502900688,,0.813059281073115,FALSE,""
JAVELIN,7714,ABCC6;ADRA2C;LZTS1;SLITRK2;DCDC1,1.52097755946289,,0.000139120320257087,FALSE,""
JAVELIN,7715,FGB;FOSL1;S1PR3;RP1;GJC2,1.09623159870696,,0.397506151599565,FALSE,""
JAVELIN,7716,TSPAN13;HLF;EVI2B;DDX43;C22orf34,0.976556876942593,,0.821542997255988,TRUE,""
JAVELIN,7717,ANO9;MIR3918;ALDOC;CYP4F2;MYCT1,1.43547446793124,,0.0007841289610223,FALSE,""
JAVELIN,7718,MIR4292;MIR4731;EFNA1;DDX43;MIR583,1.32531429195134,,0.00905696603423527,FALSE,""
JAVELIN,7719,MIR23C;CYP4F12;BMP2;MIR4685;HIST2H3C,1.03883427719369,,0.730412014230709,FALSE,""
JAVELIN,7720,MACC1;EMX1;CRISPLD2;HECW1;TMC4,1.13879682921554,,0.226952172059811,FALSE,""
JAVELIN,7721,QPCT;MIR1303;HIST1H2BM;CCL13;FAM110C,1.04040133254807,,0.723077961480685,FALSE,""
JAVELIN,7722,F8;SNORD110;PBX1;ACOXL;VN1R1,1.26614790152204,,0.0268254154466016,FALSE,""
JAVELIN,7723,IKZF3;VEPH1;PLEKHA7;PLA2G2D;GSTT2,1.10125189350494,,0.357051828336724,FALSE,""
JAVELIN,7724,HNF1A;PPP1R1A;PIEZO2;KCNH6;HOXA10-AS,1.37551687904772,,0.00474287035762267,FALSE,""
JAVELIN,7725,FGG;MIR646;EMP1;MIR585;PYGO1,1.22182538262694,,0.0644177399385528,FALSE,""
JAVELIN,7726,NPNT;GABRD;SNAI2;SMPD3;CETP,1.26825752076394,,0.0252298636965418,FALSE,""
JAVELIN,7727,MIR4730;VANGL2;DCBLD2;TFR2;GMPR,0.8913807114728,,0.287786444351272,TRUE,""
JAVELIN,7728,MYOM3;IRF4;SNORA48;SNORD115-37;TDRD10,1.18475315723399,,0.111689069657905,FALSE,""
JAVELIN,7729,HABP2;C2;SLC2A9;PDPN;SNORD58C,1.04936883345037,,0.65900438443615,FALSE,""
JAVELIN,7730,MIR1180;SMTNL2;TSKU;TENM2;FAM110C,1.28309459689693,,0.0320196632579665,FALSE,""
JAVELIN,7731,MIA2;BAI1;SLC44A3;DDIT4L;WISP1,1.57520444403835,,8.90511962976645e-05,FALSE,""
JAVELIN,7732,HOXC10;PRAP1;MYRF;GRHL2;PCDHGC5,1.19735276495715,,0.0991574253821053,FALSE,""
JAVELIN,7733,SRPX;SYBU;MAP4K1;NRK;IL17RD,1.08305016737077,,0.442060618812666,FALSE,""
JAVELIN,7734,FABP4;RGN;SNORD29;TMEM45B;IER3,1.07274664235932,,0.5133549806418,FALSE,""
JAVELIN,7735,HOGA1;ALDOB;RASGRP1;VSTM2L;RGS4,1.02829992224466,,0.797656598519391,FALSE,""
JAVELIN,7736,TACSTD2;TMEM171;IGFBP6;CRB2;AK7,1.17829332580233,,0.139885392124812,FALSE,""
JAVELIN,7737,PIGR;DSCAML1;SNORA77;MIR452;GRHL1,1.34643349615739,,0.0085324662999345,FALSE,""
JAVELIN,7738,KCP;MIOX;IGFBP6;KCNJ1;SNORD45B,1.18363737060196,,0.112081700091617,FALSE,""
JAVELIN,7739,AOC1;CXCL13;RASGRP1;LPPR5;MIR3135A,1.04750921493194,,0.659451151232635,FALSE,""
JAVELIN,7740,PYCR1;AZGP1;HIST1H2BM;HCAR2;MIR579,1.09117582836547,,0.417800776358068,FALSE,""
JAVELIN,7741,LPL;SMTNL2;MIR637;TNNC2;GSTO2,1.31885930535555,,0.011576123280067,FALSE,""
JAVELIN,7742,S100A8;NLGN4Y;ADCY4;TMEM45B;PSD3,0.938054361734005,,0.550134644637301,TRUE,""
JAVELIN,7743,UGT8;UBASH3A;EMP1;CLGN;C8orf88,1.12703846253915,,0.259122465913016,FALSE,""
JAVELIN,7744,MIR378I;MIR185;MMP11;CSDC2;ROPN1L,1.14528355255515,,0.207164920424182,FALSE,""
JAVELIN,7745,HIF1A-AS2;TRIM55;MIR631;TFAP2B;CCDC144CP,1.41246981608916,,0.0017134793245575,FALSE,""
JAVELIN,7746,GLYAT;KIF26B;SNORD33;MIR544A;SLAMF1,1.13476534838033,,0.240797824492848,FALSE,""
JAVELIN,7747,MIR645;FCGBP;ADAMTSL3;SLC4A1;PDE3B,1.11267034752235,,0.337362443626218,FALSE,""
JAVELIN,7748,MYO3A;ST6GALNAC2;EVI2B;FMN2;WISP1,1.11655566290039,,0.307424114018627,FALSE,""
JAVELIN,7749,SPOCK1;BTNL9;MS4A4E;SEMA3D;GNAO1,1.08358153817562,,0.467042624928698,FALSE,""
JAVELIN,7750,GATA3;SMTNL2;LDB2;CXorf30;STEAP2,1.34102160772951,,0.00400115407809761,FALSE,""
JAVELIN,7751,PRSS8;IL2RA;ARHGEF15;MIR4645;RNF157,1.02702092343775,,0.802254055027364,FALSE,""
JAVELIN,7752,MIA2;BAI1;SNORD12B;CSDC2;ICOS,1.03763351913519,,0.724081099930416,FALSE,""
JAVELIN,7753,MIA2;THBS4;RGL3;MIR4798;NLRC3,1.2958435223491,,0.0126013351232545,FALSE,""
JAVELIN,7754,FRAS1;MYO7B;MS4A4E;IBSP;C19orf83,1.30860474294664,,0.0144988463228464,FALSE,""
JAVELIN,7755,BBOX1;LRG1;SNORD74;WNT2;CCDC74B,1.28478997545062,,0.0187349891639809,FALSE,""
JAVELIN,7756,IDO1;STK32B;ALDH6A1;SNORD115-25;CDC20,1.35520620281404,,0.00605466350879573,FALSE,""
JAVELIN,7757,MIR3189;MIR4655;ADCY4;KLB;MIR1183,1.36767753174988,,0.00473699914331404,FALSE,""
JAVELIN,7758,UBD;LOC100288152;SELENBP1;FCAMR;CLEC12A,1.22754459105234,,0.0446954449187982,FALSE,""
JAVELIN,7759,MIR548AR;ARG2;FZD8;DDIT4L;TG,1.37751740218952,,0.00249347808536547,FALSE,""
JAVELIN,7760,IKZF3;GRB14;MMP11;CLIC5;CACNB2,1.36581039274292,,0.00507284303720412,FALSE,""
JAVELIN,7761,AOC1;CPXM2;SNORD4B;C2orf70;C14orf64,1.17345906013186,,0.123088561968058,FALSE,""
JAVELIN,7762,TINAG;MIRLET7F1;SNORD6;CCL13;MAP6,1.26295807358357,,0.0327544011402596,FALSE,""
JAVELIN,7763,ABCA6;KCNJ3;IL2RB;DMRT2;HOXD3,1.43199784455274,,0.000912724939747488,FALSE,""
JAVELIN,7764,SLIT2;MOXD1;IGFBP6;ATP6V0D2;MIR581,1.09657276953353,,0.387234512735855,FALSE,""
JAVELIN,7765,MYOM3;NPY1R;TMEM204;MIR3196;FAM184A,1.31586540549649,,0.0109498343792771,FALSE,""
JAVELIN,7766,BBOX1;CLMP;SNORD116-8;VTN;MIR1273F,1.33250555061186,,0.00812814481734014,FALSE,""
JAVELIN,7767,TENM1;LIPC;SNORD6;TRPA1;PLAC8,1.22768126252408,,0.0517118475290406,FALSE,""
JAVELIN,7768,MGAT3;C5orf46;MIR631;VTN;LOXL4,1.52224957850628,,0.000156658349271203,FALSE,""
JAVELIN,7769,QPCT;GREM1;MIR544B;SST;AMY2B,1.22458340837754,,0.0665022949038816,FALSE,""
JAVELIN,7770,PCOLCE2;FABP7;PLAUR;CRP;GSTT2,1.37194039591343,,0.00611785876335427,FALSE,""
JAVELIN,7771,HIF1A-AS2;NPY6R;MAP4K1;CASR;LOC100128242,1.10888725741318,,0.322245841545742,FALSE,""
JAVELIN,7772,MIR142;MT1M;FPR1;CAPN8;MIR579,1.02832532330057,,0.794784688044529,FALSE,""
JAVELIN,7773,MIR4317;LOC101928757;BMP2;FAM3B;PLAC8,0.886701836762028,,0.270285414049311,TRUE,""
JAVELIN,7774,EMX2;TMEM139;MIR4435-2;CTSG;ACTA2-AS1,1.3020985135465,,0.0112878178637425,FALSE,""
JAVELIN,7775,MIR4526;ROR2;TREM2;HRG;PDCD1LG2,1.19088577987947,,0.0951915228026915,FALSE,""
JAVELIN,7776,CXCL1;ACHE;MS4A4A;IL13RA2;KCNN4,0.828471403826801,,0.0848712106779733,TRUE,""
JAVELIN,7777,HOXC10;TF;HMCN1;VTN;PPP1R3G,1.38092652496124,,0.00193965662582227,FALSE,""
JAVELIN,7778,IL17RB;SPINK1;MS4A4A;ST8SIA6;SNORD19,1.22262517666992,,0.0667488634279652,FALSE,""
JAVELIN,7779,MIR27B;TMEM171;MS4A4E;FPR2;PRKAR2B,0.990450532607416,,0.929672623314263,TRUE,""
JAVELIN,7780,LOC101927834;CDH23;SNORA26;UGT2B4;DAPP1,1.14534732611301,,0.190078898312964,FALSE,""
JAVELIN,7781,CPZ;KIT;SNORD4B;MIR4274;MIR1288,1.18824044566574,,0.103399096399248,FALSE,""
JAVELIN,7782,SLC34A2;CYP4F3;GEM;MIR1290;MIR640,1.06060906701469,,0.581186856594945,FALSE,""
JAVELIN,7783,FABP4;REEP6;MIR1537;CACNA2D2;MFAP3L,1.03509092364623,,0.748646017229812,FALSE,""
JAVELIN,7784,GATA3;CLDN10;CACNA2D1;LHX1;SNORD103B,1.12162956444859,,0.294404254481762,FALSE,""
JAVELIN,7785,FABP4;SNORD114-13;NT5E;TNNI3;CLDN9,0.968341572427929,,0.770602229405654,TRUE,""
JAVELIN,7786,LAMC3;C4B;SNORD4B;PITX1;LOC283278,0.954258030470294,,0.669681685561409,TRUE,""
JAVELIN,7787,NXPH4;MIR4655;RHOBTB3;IBSP;MIR3135A,1.11791696458469,,0.317507302091067,FALSE,""
JAVELIN,7788,MIR27A;KCNIP4;MIR938;HTR6;FLT3,1.24211490090402,,0.0464713568383384,FALSE,""
JAVELIN,7789,SCNN1A;COBL;MXRA8;SLC26A7;FIGNL2,1.28667931658607,,0.023992696904933,FALSE,""
JAVELIN,7790,ZDHHC11B;EXPH5;CSF3R;HOXB13;FOXD1,1.1208842804533,,0.305787734043672,FALSE,""
JAVELIN,7791,C1orf106;SNORD110;MIR3125;TM6SF2;MIR3177,1.44959941342457,,0.000767557006698145,FALSE,""
JAVELIN,7792,LAMC3;MIR616;PDLIM3;CFTR;ZNF667-AS1,1.0513540285403,,0.651233128603571,FALSE,""
JAVELIN,7793,FOLH1;MAL2;ARL4C;PDE4C;LOXL4,1.27822181499079,,0.0247244570034399,FALSE,""
JAVELIN,7794,CYP2E1;C4B;TOP2A;RAB25;UHRF1,0.987674011534973,,0.908560566653084,TRUE,""
JAVELIN,7795,RERG;EFHD1;FZD8;ALX1;CD28,1.26946018825567,,0.0321270751192653,FALSE,""
JAVELIN,7796,TSPAN7;PALM3;LDLR;KRT15;RGS16,0.995607191191458,,0.968072313234568,TRUE,""
JAVELIN,7797,SORBS2;SNORD77;SLC1A1;INHBE;SNORD96B,1.26137832858172,,0.0256044387677825,FALSE,""
JAVELIN,7798,MIR3646;SNORA69;GAMT;NKAIN4;FBXO27,1.18179168930578,,0.125469569683923,FALSE,""
JAVELIN,7799,MIR29B2;MIR646;TMEM132A;LMO1;TNFRSF11A,0.985329290800408,,0.894603743779931,TRUE,""
JAVELIN,7800,MAL;MIR548AU;RASGRP1;OR2T35;PAQR6,1.15690954360849,,0.182868291297446,FALSE,""
JAVELIN,7801,MIR378I;SERPINA6;ECM2;SLC13A3;RPL23AP32,1.29510390767727,,0.0189162129479695,FALSE,""
JAVELIN,7802,TSPAN7;SNORD67;MYO5B;MIR3617;RPS6KL1,1.17593524550865,,0.131851658071507,FALSE,""
JAVELIN,7803,IKZF3;LTF;MIR1537;MIRLET7G;FAM132A,0.947355443524978,,0.610678049701746,TRUE,""
JAVELIN,7804,SLC17A1;STEAP1;HOXD4;LGALS12;E2F8,1.35583509560591,,0.00338949338217276,FALSE,""
JAVELIN,7805,MIR126;MAP7;MYO1G;CCL17;MIR4706,1.20834065846095,,0.0751033193134099,FALSE,""
JAVELIN,7806,ABO;CHST13;CDH13;CCBE1;TMEM178A,1.33184856271206,,0.00870647961089767,FALSE,""
JAVELIN,7807,FMO2;ARG2;DCBLD2;DIO1;PCP2,1.27170952047101,,0.0271361594948849,FALSE,""
JAVELIN,7808,SLC17A1;PTGS2;RGL3;SLC13A3;LOC101928871,1.37712466835185,,0.00532524843294478,FALSE,""
JAVELIN,7809,PTH1R;ZFY;PDLIM3;ELFN2;BMP6,0.998577553194897,,0.989474566998014,TRUE,""
JAVELIN,7810,PCDHGB2;ADRA2A;GAMT;CIDEC;RAB40AL,0.966725277535944,,0.754858258365635,TRUE,""
JAVELIN,7811,NR4A3;MIR339;PLEKHA7;DMBT1;POLQ,1.16513893508868,,0.170517677783624,FALSE,""
JAVELIN,7812,C1orf186;CLDN10;FPR1;CST6;HUNK,1.14740555683461,,0.187562588545565,FALSE,""
JAVELIN,7813,DDC;WDR66;MIR1207;APLP1;CEP55,1.00173869038303,,0.987412201881371,FALSE,""
JAVELIN,7814,SRPX;SYBU;SNORD12B;TPSG1;CDC45,0.894836569550316,,0.318405901901243,TRUE,""
JAVELIN,7815,FOSB;GSTM1;RGL3;PVALB;C9orf106,1.27138116897142,,0.035022263769334,FALSE,""
JAVELIN,7816,LAMC3;CES3;CKS2;NUGGC;MIR4774,1.11924855298523,,0.299096274703724,FALSE,""
JAVELIN,7817,IL6;MMP24;DLL4;LHX8;GNAL,1.30777073825214,,0.0137544322558496,FALSE,""
JAVELIN,7818,HABP2;SLC23A1;CSF3R;GPR37;WNT3,0.947083702813541,,0.604338769547698,TRUE,""
JAVELIN,7819,HIF1A-AS2;C4A;ID1;SCGB3A1;DEPDC1B,1.1920273038808,,0.100308545875682,FALSE,""
JAVELIN,7820,ARHGEF16;ZNF727P;MS4A4E;MIR578;GPRIN1,1.05526964091217,,0.614561778802848,FALSE,""
JAVELIN,7821,MIR126;PAH;HIST1H2BO;AQP2;LOC400043,1.1904988478132,,0.115180314749586,FALSE,""
JAVELIN,7822,SLC17A1;ATP1A2;SLC1A1;C1orf116;FIGNL2,1.31395370038906,,0.0123094741794454,FALSE,""
JAVELIN,7823,FAM46C;UTY;GAMT;GPR98;EPHB1,0.885537540545146,,0.278425028791356,TRUE,""
JAVELIN,7824,MACC1;SNORD110;MIR197;C4BPA;RNF157,1.23706974545559,,0.0593326814907501,FALSE,""
JAVELIN,7825,ESM1;PCDH10;ITGA11;MIR218-2;FCRL6,1.29886588468555,,0.0153801866308541,FALSE,""
JAVELIN,7826,TBX3;SLC7A8;LZTS1;OR4F15;AGAP11,1.41151784480898,,0.00231334622086411,FALSE,""
JAVELIN,7827,MIR23C;MIRLET7E;HIST1H2BO;PODNL1;GNMT,1.05140073056551,,0.649226545493779,FALSE,""
JAVELIN,7828,PCDHGB2;PRODH2;APCDD1;MIR93;RGS16,1.13817480552238,,0.239875887048481,FALSE,""
JAVELIN,7829,MIR4526;GPC3;IGFBP6;SLC38A4;PPP2R2B,1.11815025488105,,0.300049147187795,FALSE,""
JAVELIN,7830,STEAP4;SNORA75;ALDOC;UGT3A1;SMG1P5,1.31140481895706,,0.0142285443196084,FALSE,""
JAVELIN,7831,OLR1;COL11A1;FOLR2;NMU;MMP17,0.999054643176802,,0.993171750363414,TRUE,""
JAVELIN,7832,MIR27A;MZB1;ALDH1A3;GPR98;PCDHGA6,0.978898515290143,,0.835288933714895,TRUE,""
JAVELIN,7833,HOXD10;PTPRD;SELENBP1;HRG;LIPE,1.33837392775754,,0.00844817219687455,FALSE,""
JAVELIN,7834,WDR72;HSH2D;MIR628;AKR1B10;MAATS1,1.22717811761384,,0.0700443704819399,FALSE,""
JAVELIN,7835,MIR4526;PAH;MIR1207;ERBB4;BATF,1.15388353889066,,0.182380817443139,FALSE,""
JAVELIN,7836,OGDHL;CD22;RASGRP1;MIR4439;MIR4771-2,0.964910147913008,,0.739588239892456,TRUE,""
JAVELIN,7837,TSPAN7;PTPRD;LDLR;C5orf27;SYCE1L,1.06247519714651,,0.574678887311217,FALSE,""
JAVELIN,7838,REG1A;C4B;PC;FOXI1;CCDC144CP,1.34304780464054,,0.00733993156757944,FALSE,""
JAVELIN,7839,PGF;IGF1;ACSF2;SLC22A7;UNC5C,1.29757652281436,,0.0140888730593051,FALSE,""
JAVELIN,7840,SNORD14C;FXYD1;SNORD74;GCGR;SMG1P5,1.23722664371285,,0.0511594626790314,FALSE,""
JAVELIN,7841,MIR3189;WDR66;APCDD1;ZNF812;SMN2,1.26911673010876,,0.0284428546957288,FALSE,""
JAVELIN,7842,UBD;DUSP2;PBX1;FCRL5;TSPAN2,0.978746031608261,,0.837934918606316,TRUE,""
JAVELIN,7843,NR4A3;MIRLET7F1;HIST1H2AL;GCKR;KIAA1755,0.980720209891893,,0.857528777807772,TRUE,""
JAVELIN,7844,ADAM12;FOXF1;MIR197;ATP6V0A4;EPHA1,1.10371638962916,,0.362693530945962,FALSE,""
JAVELIN,7845,MIR4652;RARRES1;SNORD12B;GRIN2B;KCNMB4,0.940533778069317,,0.562595733038912,TRUE,""
JAVELIN,7846,SORBS2;HPGD;CDH13;MYRFL;GRHL1,1.45783922840801,,0.000593122733259365,FALSE,""
JAVELIN,7847,MFSD2A;PALM3;TIE1;SOX11;LOC101927236,1.37498494470393,,0.00302142199488053,FALSE,""
JAVELIN,7848,ADAMTSL2;FAM65C;CALCRL;ANGPTL3;BATF,1.31663826893866,,0.00828804437240694,FALSE,""
JAVELIN,7849,JPH2;UBASH3A;DPYSL3;HAO2;LOC101928749,1.35602548685899,,0.00386047195695566,FALSE,""
JAVELIN,7850,NEB;PCDH10;MIR1207;FBXL16;RNF133,1.3615690386943,,0.00579684857011842,FALSE,""
JAVELIN,7851,TBX3;TTN;FZD8;ACOXL;SNORA78,1.01284186092132,,0.906401573068626,FALSE,""
JAVELIN,7852,PROM1;KIF26B;MIR3125;GPR37;POU5F1B,1.38864561435958,,0.00265853703761547,FALSE,""
JAVELIN,7853,NR4A3;FOXP2;MIR631;S100P;HOXA10-AS,1.27465337464607,,0.0290327774522665,FALSE,""
JAVELIN,7854,HOXC10;HLF;TEK;OR2T11;THEMIS,1.23947449136176,,0.0424123447220358,FALSE,""
JAVELIN,7855,GATA3;GFRA1;FPR1;MIR346;SLAMF1,0.816583056126325,,0.0441398454041151,TRUE,""
JAVELIN,7856,OLR1;LTF;HIST1H2BM;MIR4251;MIR579,1.19960344211476,,0.0906322762161668,FALSE,""
JAVELIN,7857,ANLN;CRYM;S1PR3;KCNAB1;MIR1284,1.46554435461853,,0.00118533032326335,FALSE,""
JAVELIN,7858,MT1G;NEBL;PTTG1;MIR33A;MIR4681,1.1103978247353,,0.347079374112228,FALSE,""
JAVELIN,7859,MIR126;MIR3918;IFI44L;KCNS1;MIR1273F,1.31476872955253,,0.0126630239854688,FALSE,""
JAVELIN,7860,MIR25;KISS1R;FOLR2;CAPN8;CDS1,1.41213292452897,,0.00198411964565114,FALSE,""
JAVELIN,7861,MIR29B2;THBS4;PC;PTX3;DNALI1,1.22724063719298,,0.0590573907102305,FALSE,""
JAVELIN,7862,IDO1;CYP24A1;PLAT;KRT13;GNAO1,1.0029257757916,,0.978720958155788,FALSE,""
JAVELIN,7863,MYH14;CXCL8;SNORD33;HAPLN1;BIRC5,0.960527490136016,,0.705225949100645,TRUE,""
JAVELIN,7864,NPR3;CYP4F11;CDH13;FBXO2;MIR765,1.15192608615094,,0.187316755364766,FALSE,""
JAVELIN,7865,FNDC1;FTCD;MIR3975;MIR379;CD200R1,1.20607891640517,,0.0856977729131714,FALSE,""
JAVELIN,7866,ITGB6;VANGL2;SNAI2;GPR98;FAM69B,1.07285852826832,,0.507041735649135,FALSE,""
JAVELIN,7867,HIF1A-AS2;ALDOB;PDLIM3;MIR134;APOBEC3B,1.1953663751156,,0.107263238689915,FALSE,""
JAVELIN,7868,SLCO4C1;MIR4796;MIR628;VNN3;C14orf183,1.46928627608206,,0.00060599464374424,FALSE,""
JAVELIN,7869,OGDHL;TMEM139;HIST1H2AL;TEX15;KIF26A,1.39503739536716,,0.00222191738243632,FALSE,""
JAVELIN,7870,MIR1180;ADAMTS14;PLAT;FOXA2;ARHGAP28,1.18310093780104,,0.133840491350863,FALSE,""
JAVELIN,7871,CPZ;MIR548AU;HIST1H2BO;MIR452;SNORA70D,1.00022025475403,,0.998379044304355,FALSE,""
JAVELIN,7872,ALDH1L1;SLC5A10;ACSF2;C8orf34;FIGNL2,1.45820527567395,,0.00112447368871644,FALSE,""
JAVELIN,7873,NOX4;MT1A;ADCY4;CCBE1;MIR3942,1.33712033670673,,0.00789221519530003,FALSE,""
JAVELIN,7874,FOLH1;SLC22A3;LY96;CACNA2D2;LOC101928003,1.15073487578263,,0.183762916475736,FALSE,""
JAVELIN,7875,HIF1A-AS2;MIR1203;ITGA11;GCKR;RNF133,1.12879116391289,,0.266528390482981,FALSE,""
JAVELIN,7876,ANK3;HRH2;TMEM204;FERMT1;MIR4771-2,1.31763640608136,,0.0133374865624809,FALSE,""
JAVELIN,7877,FRAS1;SNORD67;RNF128;PROC;LOXL4,1.37065556502871,,0.00338308058938126,FALSE,""
JAVELIN,7878,NTM;MIR548AU;COX7A1;PSCA;PNMAL1,1.39343757889997,,0.0042132971687787,FALSE,""
JAVELIN,7879,STC2;SLC22A3;2020-03-02 00:00:00;GPR15;LINC00299,1.35679099120036,,0.00513988580535921,FALSE,""
JAVELIN,7880,NPR3;FLRT3;ID4;UMOD;CATSPERG,1.33056454882625,,0.0105469123283723,FALSE,""
JAVELIN,7881,F8;LOC391322;CKS2;PCDHB5;DEPDC1B,1.11588806501968,,0.3222713634806,FALSE,""
JAVELIN,7882,MIR4317;SPEG;ALDOC;MIR4280;MIR1288,1.13995596738939,,0.212621798359396,FALSE,""
JAVELIN,7883,MIR3117;STK32B;BMP2;MYBPC2;SNORA78,1.28599407619254,,0.0179363804487359,FALSE,""
JAVELIN,7884,MIR378I;CHRDL1;MXRA8;RAB25;GSTO2,0.96949360520227,,0.773408061619986,TRUE,""
JAVELIN,7885,CCL20;MIR646;MST1;TMEM45B;MIR583,1.3707305649757,,0.00570855378865371,FALSE,""
JAVELIN,7886,FGB;GABRD;MIR1537;CCBE1;SNORD116-23,1.19194967045879,,0.107078388906396,FALSE,""
JAVELIN,7887,NPNT;SLC2A2;MIR637;GCKR;LILRA6,1.12030009728974,,0.278235191187553,FALSE,""
JAVELIN,7888,FOSB;ETNK2;TMEM204;PCDHGA3;HOXB5,1.22565635088417,,0.0646080111456298,FALSE,""
JAVELIN,7889,BAIAP2L2;SNAP25;TMEM132A;SYT8;DEPDC7,1.17817376592966,,0.131920231090837,FALSE,""
JAVELIN,7890,PROM1;ST6GALNAC2;MYRF;SPESP1;THRB,1.30318233891896,,0.0154346316615921,FALSE,""
JAVELIN,7891,TBX3;FOSL1;ARL4C;SNORD115-37;PDE8B,0.901905583711503,,0.361635794917059,TRUE,""
JAVELIN,7892,CXCL1;LYVE1;ALDH1A3;EHF;MIR4779,0.802254485073807,,0.0432154082488232,TRUE,""
JAVELIN,7893,CX3CR1;LOC647859;SNORA48;A1CF;TIAM2,1.40517304503975,,0.00092313547096042,FALSE,""
JAVELIN,7894,ANLN;GLDC;MIR544B;VIPR1;TTK,1.01436726039241,,0.896953942192604,FALSE,""
JAVELIN,7895,REG1A;DUSP2;TOP2A;SLC13A1;SCUBE2,1.10416591351935,,0.349568401871032,FALSE,""
JAVELIN,7896,MYBL2;ACHE;PBX1;KCNH6;LOC100128242,0.995381093417219,,0.965509765448018,TRUE,""
JAVELIN,7897,C1orf106;LAMC2;PLEKHA7;SLC35F3;CNTN4,1.16164324684193,,0.172670292847881,FALSE,""
JAVELIN,7898,RERG;CYP4F12;PDLIM3;TUBA3D;CCDC144CP,1.25827596309559,,0.0335189420588963,FALSE,""
JAVELIN,7899,CNN1;CD22;MIR1537;MIR665;PARP15,0.93338010105456,,0.514796575604652,TRUE,""
JAVELIN,7900,PROM1;VNN1;MS4A4E;ROBO2;CLEC10A,1.08483062443736,,0.443288367156694,FALSE,""
JAVELIN,7901,MYH14;TRPC6;LDB2;MIR4531;LRRC17,1.47525714697761,,0.000300334184321776,FALSE,""
JAVELIN,7902,SCNN1A;C10orf113;DLL4;C1orf168;MIR626,1.34949516748835,,0.00665044201608756,FALSE,""
JAVELIN,7903,TSPAN7;B3GNT3;RGL3;MIR4685;ZSWIM5,1.33567870752974,,0.00774992413639549,FALSE,""
JAVELIN,7904,IGF2BP2;SNORA75;ACSF2;KCNB1;MIR1256,0.984153777796808,,0.881710084026982,TRUE,""
JAVELIN,7905,SCN9A;MIR4519;RIPK4;C19orf67;MIR765,1.41864498173204,,0.00110015556608081,FALSE,""
JAVELIN,7906,GPER1;PTGS2;MS4A4E;PCP4;MIR626,1.17745249120497,,0.136167365910771,FALSE,""
JAVELIN,7907,IRX5;COL11A1;RHOBTB3;CA8;PDE3B,1.02782620132035,,0.790012222276968,FALSE,""
JAVELIN,7908,HABP2;GDA;SNORD29;CIDEC;MIR643,1.00875869371929,,0.935587842521969,FALSE,""
JAVELIN,7909,KRT7;NPY1R;MIR1207;OVCH2;ZNF471,1.11986335446228,,0.316272241581027,FALSE,""
JAVELIN,7910,SNCG;C2;DMD;IL1RL1;STEAP1B,1.11779480735393,,0.304651417368603,FALSE,""
JAVELIN,7911,AGMO;NLGN4Y;MIR1207;OVCH2;DYNLRB2,1.36853666332988,,0.00339105307884021,FALSE,""
JAVELIN,7912,ITGB6;MMP19;DCBLD2;MIR3193;RNF133,1.0287672675683,,0.793841546812152,FALSE,""
JAVELIN,7913,MYOM3;C5orf46;IFI44L;GDF6;GCAT,1.34725828410728,,0.00464059998274998,FALSE,""
JAVELIN,7914,UPB1;CXCL13;MCF2L;KHDRBS2;ADAMTS12,1.31884778421882,,0.0096548165993322,FALSE,""
JAVELIN,7915,NXPH4;MIR1249;CCL4;TOX3;MIR4681,1.05649789274961,,0.618088321518435,FALSE,""
JAVELIN,7916,CHDH;MYO7B;PLEKHA7;FLG;KBTBD11,1.21967599224053,,0.0712442419335879,FALSE,""
JAVELIN,7917,ADAM12;HAMP;MS4A4E;PEG3;TRIM6,1.10847972842694,,0.341723438984468,FALSE,""
JAVELIN,7918,PROM1;MMP19;TSKU;ENAM;ZSWIM5,1.35911609870382,,0.00375756068378945,FALSE,""
JAVELIN,7919,CTSW;ALDOB;LDB2;SHOX2;ADORA2B,1.12405539781451,,0.293610840669563,FALSE,""
JAVELIN,7920,KRT7;ABCA8;ID4;SFTPA1;RPL23AP32,1.10405422124943,,0.358440641606512,FALSE,""
JAVELIN,7921,IRX5;MIR4731;TSKU;SLC6A19;CITED4,1.31983744480969,,0.0109953642013731,FALSE,""
JAVELIN,7922,NXPH4;MIRLET7E;ARHGEF15;KCNA5;MIR98,1.31479563497127,,0.00886662674501427,FALSE,""
JAVELIN,7923,FGG;PCDHGA5;GAMT;APOC3;MIR581,1.22075063306523,,0.0790700313739564,FALSE,""
JAVELIN,7924,WDR72;SLC27A2;MXRA8;FAM153C;MMP25,1.32208385431938,,0.00981981630113318,FALSE,""
JAVELIN,7925,MFSD2A;KMO;EVI2B;ITPKA;CHST1,0.827841981802854,,0.0917363385169186,TRUE,""
JAVELIN,7926,IKZF3;FTCD;MMP11;PKD1L2;DEPDC1B,1.11581746886586,,0.3247401318267,FALSE,""
JAVELIN,7927,GPT;SNORD65;ARL4C;NKAIN4;MIR3973,1.01948113148566,,0.86014937201674,FALSE,""
JAVELIN,7928,MIA2;LOC101928757;MIR628;PCDHB6;C5AR2,1.34615507436058,,0.00687045624053364,FALSE,""
JAVELIN,7929,HOGA1;SYBU;MYO1G;MIR1305;LILRB4,0.916596947271278,,0.412657060360849,TRUE,""
JAVELIN,7930,PLAC9;SLC22A3;CKS2;LHX1;REM1,1.07680742113795,,0.507808699717274,FALSE,""
JAVELIN,7931,C1orf186;RARRES1;MS4A4E;GCGR;RGS4,1.13429133104372,,0.245117556208875,FALSE,""
JAVELIN,7932,VTRNA2-1;NDNF;PC;MIR617;HOXB5,1.75385984256418,,4.0367130484851e-07,FALSE,""
JAVELIN,7933,MIR1180;TRPC6;SNORD116-28;SNORD115-35;RNF157,1.32945637488459,,0.00926558560689719,FALSE,""
JAVELIN,7934,IL17RB;MT1A;NT5E;PWRN1;LILRB4,1.04557893883444,,0.676019165430809,FALSE,""
JAVELIN,7935,COMP;TTN;FAM20A;LOC100505635;TMEM246,1.23929746466531,,0.0434660290258328,FALSE,""
JAVELIN,7936,TMEM45A;TNXB;IL2RB;MIR4786;PDGFD,1.16939381178621,,0.123021549999702,FALSE,""
JAVELIN,7937,STC2;NPY1R;IGFBP6;SULT2B1;UNC5C,1.20488819778196,,0.0913901856850011,FALSE,""
JAVELIN,7938,SLC17A1;SFN;SLC2A9;MIR592;GMPR,1.13353640180873,,0.257694997584182,FALSE,""
JAVELIN,7939,NTM;PCDHGA4;SNORD4B;FST;MIR4771-2,1.16915130988956,,0.155590721561274,FALSE,""
JAVELIN,7940,MFSD2A;SLC23A3;IGFBP6;SNORD115-37;MIR627,1.04699076072532,,0.678737002473766,FALSE,""
JAVELIN,7941,RBP4;ATP1A2;MIR628;SNORD115-25;PRRT3-AS1,1.35796125572688,,0.00675061680095124,FALSE,""
JAVELIN,7942,TMEM27;IGFBP1;IFI44L;AMBP;SIT1,1.0266010888859,,0.803715799337506,FALSE,""
JAVELIN,7943,NR4A3;ELOVL7;ACSF2;LOC101929578;LOC100128242,1.13163307808749,,0.261981535114042,FALSE,""
JAVELIN,7944,PYCR1;SLC27A2;MIR631;LOC101926988;PARP15,1.17417366712477,,0.136667012632487,FALSE,""
JAVELIN,7945,STC2;MIR4804;PLEKHA7;KRT13;LRRC17,1.2621041875502,,0.0338289524730962,FALSE,""
JAVELIN,7946,FNDC1;MIR3918;EFNA1;PRSS12;SPNS3,1.25815490272282,,0.0367084099298461,FALSE,""
JAVELIN,7947,ACSM5;MT1A;MST1;SHISA9;NLGN4X,1.44619902612672,,0.000882066169329865,FALSE,""
JAVELIN,7948,STC2;MIRLET7F1;MIR197;SBSN;LURAP1,1.24707621595801,,0.0411085608953452,FALSE,""
JAVELIN,7949,FXYD2;EMX1;LY96;LRRN2;HOXA10-AS,1.36265147669625,,0.00529723901289277,FALSE,""
JAVELIN,7950,FMO2;CHRDL1;MIR4635;GRIN2B;FAXDC2,1.20235835604457,,0.0762380200333608,FALSE,""
JAVELIN,7951,SBSPON;MIR646;RHOBTB3;HIST1H2AA;KIF4A,1.24009255785205,,0.0486792499927746,FALSE,""
JAVELIN,7952,BCMO1;GABRD;SEMA4G;MIR4531;PLCH1,1.55459046155127,,7.65132416907122e-05,FALSE,""
JAVELIN,7953,GBP5;AIF1L;EVI2B;MIR134;CD244,0.845152392078979,,0.105311819569573,TRUE,""
JAVELIN,7954,IL17RB;AZGP1;SARDH;SNORD114-2;RAB6B,1.21874413390949,,0.0750311885451917,FALSE,""
JAVELIN,7955,HOGA1;MIRLET7D;MIR4714;MIR3126;MIR4753,1.40355352028797,,0.000924023758320505,FALSE,""
JAVELIN,7956,MIR27A;SIGLEC14;CDH13;SCARA5;EFS,1.10582922248819,,0.334756858587305,FALSE,""
JAVELIN,7957,MIR23C;CXCL8;GEM;ADH6;MYCT1,1.32057616049686,,0.0129570838743085,FALSE,""
JAVELIN,7958,BCMO1;KLF15;FAM20A;VWDE;JAKMIP1,1.13483675199034,,0.259176366684042,FALSE,""
JAVELIN,7959,NR4A2;GZMB;MXRA8;MIR5584;MIR3134,0.976816120572086,,0.828754929774141,TRUE,""
JAVELIN,7960,HNF1A;OLFM2;TEK;FCER2;PCDHB15,1.25580305648875,,0.0311452050991296,FALSE,""
JAVELIN,7961,ACY3;CRYM;FKBP9P1;GRIK4;PIFO,1.38270887715675,,0.0030093125118583,FALSE,""
JAVELIN,7962,ACKR1;FUT6;SNORD6;LOC101926988;SNORD60,1.36245609726696,,0.00311680093184312,FALSE,""
JAVELIN,7963,NMB;PLIN4;APCDD1;MIR574;ZSCAN31,1.32481238808642,,0.00954588565197102,FALSE,""
JAVELIN,7964,RAP1GAP;CPXM2;SLC2A9;SBSN;MDFI,1.21513868629219,,0.0726378268072807,FALSE,""
JAVELIN,7965,OGDHL;AZGP1;CSF3R;TNNI3;MIR4681,1.10626036565707,,0.36593773563902,FALSE,""
JAVELIN,7966,HHLA2;PCDHGA5;COL5A3;HCN2;BIRC5,0.984303844072288,,0.881535751584911,TRUE,""
JAVELIN,7967,SPOCK1;ALDH8A1;ROBO4;CXCR2;PLEKHN1,0.990459504878932,,0.929789367557944,TRUE,""
JAVELIN,7968,ANK3;EMX1;SNORD6;ANGPTL3;CCDC3,1.42054758808802,,0.00164414547777342,FALSE,""
JAVELIN,7969,MAL;MIRLET7F1;IL2RB;KCNH6;EPHA1,1.13615728829952,,0.232107687211965,FALSE,""
JAVELIN,7970,SPOCK1;IGFBP1;DCBLD2;TFF3;BIRC5,0.79628682107101,,0.0344865723420819,TRUE,""
JAVELIN,7971,MT1G;VANGL2;ADCY4;C12orf36;MIR4779,0.961358668212499,,0.711053067673643,TRUE,""
JAVELIN,7972,TMEM27;DSCAML1;SNORD74;FLJ22184;PNMAL1,1.32347313812831,,0.011696110808151,FALSE,""
JAVELIN,7973,CTSW;HYDIN;ARL4C;HHIP;TSPAN2,1.03063938986212,,0.782466295707526,FALSE,""
JAVELIN,7974,NR4A2;ADAMTS14;ROBO4;MIR345;MIR5094,1.12107432312948,,0.287658950463734,FALSE,""
JAVELIN,7975,BBOX1;HP;ROBO4;SNORD113-9;LOC100128242,1.27416951419805,,0.0210152215631921,FALSE,""
JAVELIN,7976,PIGR;INHBB;FPR1;CLDN16;SPNS3,0.953592221268034,,0.66376765855118,TRUE,""
JAVELIN,7977,VTRNA2-1;LAG3;PTTG1;SP5;SNORA38,1.03358561051297,,0.766175110006359,FALSE,""
JAVELIN,7978,SULT1C4;MT1A;APCDD1;ATG9B;SPIRE2,1.16278556607085,,0.16549686325721,FALSE,""
JAVELIN,7979,MIR23C;UTY;RGL3;MIR3178;ROPN1L,1.16310799121485,,0.154887401110451,FALSE,""
JAVELIN,7980,IL6;SOX6;RGL3;ERBB4;DEPDC1B,1.31781084022222,,0.0145418127342191,FALSE,""
JAVELIN,7981,MIR3189;TESC;HIST1H4L;FCER2;RPL23AP32,0.998642747969459,,0.990225185163163,TRUE,""
JAVELIN,7982,OLR1;VANGL2;MYRF;HHIP;LOC643339,1.17470704442205,,0.132445516169426,FALSE,""
JAVELIN,7983,HHLA2;SNORD114-13;SNORD29;THPO;THRB,1.4745984491929,,0.000457291467683986,FALSE,""
JAVELIN,7984,NXPH4;CHST13;MIR3125;JSRP1;FAM43A,1.19255811272752,,0.108872031267616,FALSE,""
JAVELIN,7985,C8orf4;LOC100288152;MIR4784;MIR4705;MIR1273F,1.37103642658219,,0.00336022841311906,FALSE,""
JAVELIN,7986,MIR645;NPY6R;MS4A4E;MIR1267;HIST2H3A,1.13092198915738,,0.253448269267446,FALSE,""
JAVELIN,7987,LOC101927834;AGMAT;MYO5B;SNTG2;UBE2T,1.28793818838823,,0.0232515267569387,FALSE,""
JAVELIN,7988,OGDHL;HYDIN;HOXD9;KRT13;FAXDC2,1.40170897886161,,0.00362406346804881,FALSE,""
JAVELIN,7989,ABCA6;PPARGC1A;APCDD1;MIR4643;POLQ,1.23745151378126,,0.061873743607107,FALSE,""
JAVELIN,7990,MIR4730;PLCH2;CRISPLD2;MIR4654;CHST1,1.13671480718944,,0.26091916447444,FALSE,""
JAVELIN,7991,MIR27A;MGAM;MS4A4E;PRSS12;MELK,1.22568495405101,,0.0598956582972105,FALSE,""
JAVELIN,7992,BCL2A1;MIR3145;FZD8;FAM3B;HOXA10-AS,1.23617139226142,,0.0521533194756631,FALSE,""
JAVELIN,7993,SPAG17;TRPC6;ECM2;WBSCR17;C19orf83,1.35011433712943,,0.0055679208560611,FALSE,""
JAVELIN,7994,MIR142;NAPSA;DMD;PTX3;MIR3674,1.04241024336992,,0.698404113359444,FALSE,""
JAVELIN,7995,NOX4;CYP4F11;IGFBP6;SNORD115-13;MIR5094,1.06837910493784,,0.528935930521665,FALSE,""
JAVELIN,7996,MIR27B;ABCA8;RGL3;GPR37;MIR597,1.42424110888279,,0.00109532139628929,FALSE,""
JAVELIN,7997,MUC3A;MIR185;SNORD116-8;KCNJ10;LZTS3,1.10143539771769,,0.398253677370647,FALSE,""
JAVELIN,7998,MIR126;CLCNKA;SNORD74;SLC9A3;HUNK,1.4906452942181,,0.000504395010323057,FALSE,""
JAVELIN,7999,CRB3;ZFHX4;DMD;SNORA11D;FAM69B,1.13733440640826,,0.23688956394261,FALSE,""
JAVELIN,8000,IL6;CPXM1;MIR628;EBF3;SIX1,1.07852706337831,,0.496214854723766,FALSE,""
JAVELIN,8001,MYBL2;WNK4;SNORD74;MIR3187;MIR4779,0.842955344596094,,0.120474729911026,TRUE,""
JAVELIN,8002,OLFML2A;MT1M;SNORD33;FOXA1;CCR6,1.1993861820406,,0.0864620951102212,FALSE,""
JAVELIN,8003,AGMO;TMEM171;TREM2;FAM166B;GRID1,1.48564965639641,,0.000236856531139193,FALSE,""
JAVELIN,8004,NMB;GPRC5A;DCBLD2;MIR4521;TMOD1,0.918649333260615,,0.431076521603614,TRUE,""
JAVELIN,8005,PPAP2C;SORCS2;CKS2;TMEM100;P2RY10,0.734904070359238,,0.00397805937219592,TRUE,""
JAVELIN,8006,FGG;MIR378A;TEK;CALCR;MIR4771-2,1.51201095458518,,0.000102179600967876,FALSE,""
JAVELIN,8007,ACY3;AIF1L;TEK;C19orf80;CACNA2D4,1.3153896647559,,0.00853167197640514,FALSE,""
JAVELIN,8008,GATA3;MIRLET7I;ROBO4;IHH;LOC100506518,1.20884251459771,,0.0724990413942437,FALSE,""
JAVELIN,8009,PTHLH;CES3;SNORD33;RHOV;MIR3674,1.24995653810241,,0.0330246953982221,FALSE,""
JAVELIN,8010,HABP2;CXCR3;SNORD6;FGF9;MIR1273F,1.2030625181683,,0.087200235379014,FALSE,""
JAVELIN,8011,PCDHGB2;PAH;CRISPLD2;MIR3187;UNC5C,1.0807202330963,,0.459004514812742,FALSE,""
JAVELIN,8012,ADAMTSL2;CXCR3;DLL4;SLC34A3;SNCA,1.37543225200648,,0.00280559512738148,FALSE,""
JAVELIN,8013,STC1;ARG2;MIR1207;ASGR2;LOC100133669,1.32940446327843,,0.0116612399549166,FALSE,""
JAVELIN,8014,BBOX1;CXCL8;SNORD116-8;MUC13;PPIAP30,1.35905637920585,,0.00768923870950779,FALSE,""
JAVELIN,8015,MYOM3;ABCB4;CACNA1C;TREM1;PDCD1LG2,1.15587538730687,,0.175205841315439,FALSE,""
JAVELIN,8016,HOGA1;KCNIP4;MKI67;FAM151A;RASGEF1A,1.08539556515474,,0.43173391492692,FALSE,""
JAVELIN,8017,MIR3117;MIR378A;EMP1;HAO2;GLT8D2,1.5016829859724,,0.000153668696335315,FALSE,""
JAVELIN,8018,GPR126;ABCB4;SNORD59A;LINC00671;PLEKHN1,1.22241025711477,,0.0560213388798801,FALSE,""
JAVELIN,8019,CXCL1;SLC23A1;DMD;RERGL;ANKRD29,1.1364209490528,,0.235994719052468,FALSE,""
JAVELIN,8020,MIR142;WNK4;PDLIM3;ADIPOQ;ZNF667-AS1,1.03241312734209,,0.769013680134574,FALSE,""
JAVELIN,8021,NR4A3;CXCR3;SNORD6;ATRNL1;DLG2,1.0356357724919,,0.739318016954962,FALSE,""
JAVELIN,8022,MIR378I;ADORA1;SEMA4G;GRIA4;SLC27A5,1.11533737675154,,0.322820734471677,FALSE,""
JAVELIN,8023,EMX2;COBL;SNORD74;KLHL4;DPY19L2P2,1.37485525618035,,0.00223928200022166,FALSE,""
JAVELIN,8024,CCL20;ITGBL1;DPYSL3;CRYAA;FAM212A,1.17467885461033,,0.129176147749888,FALSE,""
JAVELIN,8025,MIR30A;SPINK1;HRSP12;TJP3;HMMR,1.06355577612438,,0.567243233043783,FALSE,""
JAVELIN,8026,ACSM5;APOLD1;MIR544B;MIR874;CYP2D7P,1.67148558777751,,1.55930474960215e-06,FALSE,""
JAVELIN,8027,COL4A3;KMO;PLEKHA7;SALL4;HUNK,1.35284260842931,,0.00504264510269338,FALSE,""
JAVELIN,8028,CXCL1;FAM65C;MIR1537;HTR6;DCDC1,1.49230385299681,,0.000330608208878458,FALSE,""
JAVELIN,8029,CHDH;CD69;SNORD116-28;MIR3188;OSR1,1.20375376979097,,0.0793703659888831,FALSE,""
JAVELIN,8030,UGT2A3;MIRLET7I;ADCY4;CAPN6;LOC400043,1.38206466596833,,0.00293993987118154,FALSE,""
JAVELIN,8031,GPER1;SLC6A10P;MIR631;MTTP;C14orf183,1.29883619835191,,0.0197705488304598,FALSE,""
JAVELIN,8032,PIGR;PPARGC1A;NT5E;C1orf116;MIR571,1.20595136722231,,0.0848260946255298,FALSE,""
JAVELIN,8033,PCDHGB2;LAMC2;SNORD29;THPO;THSD4,0.939840265206338,,0.58051154583018,TRUE,""
JAVELIN,8034,F8;GFRA1;GEM;ATOH8;ALMS1P,1.3443193114621,,0.00372089624805978,FALSE,""
JAVELIN,8035,EMX2;SNORD114-13;DPYSL3;A1CF;CDC20,1.24843213455439,,0.0489685630712646,FALSE,""
JAVELIN,8036,GLYAT;MIR378H;MTCL1;KCNK9;FAM110C,1.28194024617999,,0.0213850210627725,FALSE,""
JAVELIN,8037,ITGA8;ASRGL1;MIR544B;MIR4636;PAPPA-AS1,1.58345720959111,,2.76582667590292e-05,FALSE,""
JAVELIN,8038,OGDHL;CXCR3;HRSP12;PODNL1;ROPN1L,1.27767749560982,,0.0230147661588628,FALSE,""
JAVELIN,8039,GZMK;CD69;LZTS1;MYRFL;ADCY1,1.1963900957457,,0.100098441820889,FALSE,""
JAVELIN,8040,ANK3;HOXD11;CRISPLD2;LGALS12;CYYR1,1.38821162019268,,0.00231479455383121,FALSE,""
JAVELIN,8041,SORBS2;FOSL1;MAP4K1;WNK2;GRAP2,0.917667851210701,,0.422834133442119,TRUE,""
JAVELIN,8042,EXOC3L4;CDH23;PPL;UGT2B4;AK7,1.3183042009429,,0.00768158219484206,FALSE,""
JAVELIN,8043,F8;MIR4676;HRSP12;APCDD1L;SNORD96B,1.28933496935583,,0.0185422467506708,FALSE,""
JAVELIN,8044,ITGB6;FLRT3;SNORA48;NTNG1;MIR3973,1.0648138601301,,0.558103921764223,FALSE,""
JAVELIN,8045,IDO1;STK32B;MCF2L;BMPER;SNORD60,1.41102581878082,,0.00105062023780505,FALSE,""
JAVELIN,8046,SEC14L6;FOSL1;MTCL1;KLHL41;CYP26B1,0.995365488513316,,0.966485146296248,TRUE,""
JAVELIN,8047,SRPX;VSIG2;DPYSL3;MUC5B;MIR221,1.02555823988369,,0.812784425980336,FALSE,""
JAVELIN,8048,FOSB;EPPK1;ALDH1A3;CYP17A1;CYP4X1,1.05857297316214,,0.601676823541799,FALSE,""
JAVELIN,8049,CD38;FLRT3;PBX1;LGALS12;WNT9A,1.10051877339041,,0.360316466367539,FALSE,""
JAVELIN,8050,MYO3A;PDGFRL;S1PR3;CAPN8;MIR593,1.29409052181094,,0.0198039844612185,FALSE,""
JAVELIN,8051,RAB42;KMO;TMEM132A;C19orf80;TIAM2,0.89342786502489,,0.299379355641559,TRUE,""
JAVELIN,8052,FMO2;PCK1;SNORD4B;MOGAT3;SNORD24,1.51938070204978,,5.32780036487946e-05,FALSE,""
JAVELIN,8053,ARHGEF16;GDA;SNORA26;CCL13;ASPRV1,1.24414693711905,,0.0475006558580672,FALSE,""
JAVELIN,8054,MUC3A;ELOVL7;CKS2;MIR4530;CDC20,0.966369489206377,,0.736859725566191,TRUE,""
JAVELIN,8055,HOXC10;IL2RA;DMD;SAA2;FLT3,0.921630323627471,,0.450315889590369,TRUE,""
JAVELIN,8056,SCNN1A;DUSP2;MIR628;BDH1;CLDN9,1.0470394739591,,0.677344751309234,FALSE,""
JAVELIN,8057,TMEM27;SLC27A2;TOP2A;LRRC7;GPR68,1.46706224027502,,0.000769850173816111,FALSE,""
JAVELIN,8058,DCDC2;TMEM171;HIST1H2BO;AMBP;TAL1,1.14098588354171,,0.227710792875024,FALSE,""
JAVELIN,8059,NR4A3;FTCD;FZD8;CR2;STEAP2,1.31214574706299,,0.0123416986891093,FALSE,""
JAVELIN,8060,NME5;TNFSF14;MIR637;VPREB3;TTC22,1.0168085279656,,0.876854529112615,FALSE,""
JAVELIN,8061,COL4A3;CDH23;TMEM132A;WNT11;JAM2,1.03405448427757,,0.748958239024214,FALSE,""
JAVELIN,8062,NMB;MIR186;MIR544B;C5orf27;MIR4295,1.5519393274317,,8.55429104944038e-05,FALSE,""
JAVELIN,8063,ANO9;SLC2A2;ALDH6A1;CA8;KCNMB4,1.28433275090518,,0.0239305084232753,FALSE,""
JAVELIN,8064,C14orf105;MIR569;RHOBTB3;CST1;ALDH1L2,1.12600011172252,,0.26773755502278,FALSE,""
JAVELIN,8065,CD38;C4B;EFNA1;C8orf34;C5AR2,1.02400164519403,,0.819932428745041,FALSE,""
JAVELIN,8066,SMIM24;C4B;SNORA48;APOBEC3A;RBPMS2,1.3185299499234,,0.0113193231948643,FALSE,""
JAVELIN,8067,STC1;IGFBP1;EMP1;CTSG;LCN12,1.10804197255601,,0.348352792765277,FALSE,""
JAVELIN,8068,SMIM24;SNORD110;LDB2;CASR;CATSPERG,1.4703138601284,,0.000455796724831786,FALSE,""
JAVELIN,8069,SBSPON;LOC391322;CYTIP;CPA6;FAM162B,1.1510587398917,,0.19862576018079,FALSE,""
JAVELIN,8070,NMB;CDHR1;COL5A3;MIR3193;LOC643339,1.71603673099463,,1.73189781931037e-06,FALSE,""
JAVELIN,8071,CST7;CXCL13;HIST1H2BO;MIR578;KIF18B,0.756562109920862,,0.0114431727737632,TRUE,""
JAVELIN,8072,PYCR1;KISS1R;DCBLD2;TNNC2;NRXN3,1.03806724340613,,0.728481737249394,FALSE,""
JAVELIN,8073,BCMO1;LIPC;IL2RB;MIR1267;SNORD20,1.17055421614019,,0.132649269717527,FALSE,""
JAVELIN,8074,CXCL1;KCNJ3;SNORD116-28;FAM151A;RGS16,1.42676314988548,,0.00148969646541139,FALSE,""
JAVELIN,8075,MIA2;MIR589;SNORD33;SMOC1;CD300LF,1.16970932266416,,0.159055454515355,FALSE,""
JAVELIN,8076,NEB;MIR4676;TIE1;ACTC1;ZNF667-AS1,1.18036344075408,,0.143354098366664,FALSE,""
JAVELIN,8077,GZMK;MIRLET7I;SNORD4B;PDPN;PPIAP30,0.957368868230379,,0.679788926767455,TRUE,""
JAVELIN,8078,MIR23C;KMO;MXRA8;KCNK9;DNAH6,1.33519939750642,,0.00904150362093911,FALSE,""
JAVELIN,8079,ACKR1;PAQR5;CACNA2D1;CSDC2;TDRD10,1.27262885769414,,0.0217543383705218,FALSE,""
JAVELIN,8080,NEB;BTNL9;CALCRL;MIR4786;RAB6B,1.37522638295612,,0.00283709196966222,FALSE,""
JAVELIN,8081,LAMC3;GPC3;MECOM;C1orf116;RSAD2,0.982958856035611,,0.869014822974733,TRUE,""
JAVELIN,8082,MFSD2A;PAH;RGL3;NOG;PGM5,1.18419964782891,,0.121169609564944,FALSE,""
JAVELIN,8083,UPB1;COL7A1;CKS2;MIR106B;MIR5094,1.02824510231367,,0.797558545197053,FALSE,""
JAVELIN,8084,TENM1;ELOVL7;MAP4K1;MMP12;ADORA2B,1.08130983799433,,0.488631001126546,FALSE,""
JAVELIN,8085,PYCR1;CDH23;TMEM204;WBSCR17;CYP4X1,1.23615362836447,,0.0487082272980233,FALSE,""
JAVELIN,8086,PEG10;LRG1;MST1;MIR298;DAPK2,0.954851553642478,,0.665383496561797,TRUE,""
JAVELIN,8087,FOLH1;MAP7D2;EMP1;P4HA3;APOBEC3H,1.10753643871124,,0.34389338333606,FALSE,""
JAVELIN,8088,CTSW;ASPHD1;GEM;MIR578;HAS3,0.904757986563689,,0.362841231179846,TRUE,""
JAVELIN,8089,MIR3646;STEAP1;CRISPLD2;SNORD114-19;FCN1,1.05661813274285,,0.617600554070648,FALSE,""
JAVELIN,8090,OGDHL;SORCS2;EFNA1;P4HA3;SYCE1L,1.01959999014832,,0.858485871955636,FALSE,""
JAVELIN,8091,SLPI;MIR548AU;CDH13;MIR410;FOXD1,1.11094059128859,,0.352617627716677,FALSE,""
JAVELIN,8092,IL17RB;GPRC5A;HIST1H4L;MTTP;EPHA1,1.04338827584423,,0.695921385135531,FALSE,""
JAVELIN,8093,COX4I2;MLLT11;MIR197;MMP12;FOXD1,0.990649386470863,,0.929049784694461,TRUE,""
JAVELIN,8094,GZMK;CCDC148;SNORA26;SLC4A1;ZNF667-AS1,1.06702116420797,,0.555739606881604,FALSE,""
JAVELIN,8095,MIR378I;SFN;MIR631;WNK2;MIR593,0.963766731565599,,0.737270330415752,TRUE,""
JAVELIN,8096,SORBS2;HYDIN;CCL4;CCDC78;HUNK,1.18182552690483,,0.122081127650074,FALSE,""
JAVELIN,8097,AGMO;CYP24A1;HOXD9;CHIT1;CYP2S1,1.52378588597296,,8.98849158949222e-05,FALSE,""
JAVELIN,8098,PYCR1;MIR1249;MECOM;CILP2;MIR4681,1.09339637602983,,0.410110700360943,FALSE,""
JAVELIN,8099,TTC39A;LBP;FKBP9P1;ZMAT4;USHBP1,1.31918344394458,,0.0123839580602889,FALSE,""
JAVELIN,8100,LPL;EXPH5;HIST1H2AL;SLC4A1;CCDC85A,1.43215801897141,,0.000907683443988069,FALSE,""
JAVELIN,8101,ADAMTSL2;SPINK1;RASGRP1;SNORD113-5;MIR3135A,1.11893605752486,,0.3080892752386,FALSE,""
JAVELIN,8102,C1orf106;LAG3;MKI67;THPO;TBX21,0.924379083973796,,0.477734081721816,TRUE,""
JAVELIN,8103,ITGB6;SIGLEC14;SLC2A9;IRX1;HMMR,1.0557417219722,,0.608645286015802,FALSE,""
JAVELIN,8104,NME5;UTY;PLEKHA7;SYT9;EMR4P,1.23888053292402,,0.0491875506401646,FALSE,""
JAVELIN,8105,UGT8;HOXD11;MS4A4E;TMEM174;RNF157,1.3751068632952,,0.00370502936075374,FALSE,""
JAVELIN,8106,MIR27B;RARRES1;CACNA2D1;UPK1B;COL21A1,1.31231332363729,,0.01107791822683,FALSE,""
JAVELIN,8107,ACSM5;PPARGC1A;CDH13;FLG;MMP17,1.39104901471421,,0.00143701293178853,FALSE,""
JAVELIN,8108,IKZF3;DSCAML1;SNORA48;CFTR;FCRL6,1.10729022123146,,0.344721218579702,FALSE,""
JAVELIN,8109,JPH2;MIR569;DENND2A;SLC6A19;LOC101927970,1.30975393243767,,0.0131892160220911,FALSE,""
JAVELIN,8110,AGMO;MAL2;TMEM204;MFAP5;LRRC17,1.44141824675313,,0.000970148624830132,FALSE,""
JAVELIN,8111,STC2;AQP7;SLC44A3;DUOX1;RGS11,1.32385216444671,,0.00953285901871823,FALSE,""
JAVELIN,8112,BCL2A1;FOXF1;RHOBTB3;HSD17B2;MMP25,1.04184226653876,,0.702797395172889,FALSE,""
JAVELIN,8113,BCMO1;F5;SEMA4G;DUOX2;SNORD24,1.22152941108965,,0.0716658528365616,FALSE,""
JAVELIN,8114,ZDHHC11B;APOLD1;TIE1;ADH1C;CCDC154,1.24014340212889,,0.0433034074928045,FALSE,""
JAVELIN,8115,MIR4317;MIR4326;CKS2;WFDC5;CCDC74B,0.8816861647105,,0.238850577291523,TRUE,""
JAVELIN,8116,MIR27A;COL7A1;TIE1;WFDC10B;ST6GALNAC3,1.05195607939151,,0.644911782864431,FALSE,""
JAVELIN,8117,SLC16A12;AQP7;RNF128;G6PC;SNORD91A,1.30733911016307,,0.0131509711306639,FALSE,""
JAVELIN,8118,SLC7A9;MIR4482;RNF128;MIR4735;RPL39L,1.20642596311878,,0.0797563284917564,FALSE,""
JAVELIN,8119,NPR3;ADRA2A;TOP2A;FLG;DNALI1,1.10451680434832,,0.350925523845816,FALSE,""
JAVELIN,8120,FGB;COL7A1;PPL;IRX2;MIR593,0.984874268884182,,0.885189444490678,TRUE,""
JAVELIN,8121,COMP;ASPHD1;MIR4635;MYBPC2;SNORD20,1.09061153619402,,0.426772989550961,FALSE,""
JAVELIN,8122,BAIAP2L2;CGREF1;TIE1;MIR452;VN1R1,1.32839631085105,,0.00795657197211376,FALSE,""
JAVELIN,8123,SLC16A12;RARRES1;MIR938;RP1;GTSE1,0.980092888288367,,0.85182089813167,TRUE,""
JAVELIN,8124,LOC101927834;VNN1;MMP11;SFTPC;RASL12,1.37987597549384,,0.003105311782428,FALSE,""
JAVELIN,8125,PROM1;SLAMF7;MKI67;CILP2;E2F8,0.855839402405019,,0.150394430614463,TRUE,""
JAVELIN,8126,HOGA1;ELOVL7;HIST1H4L;PRSS22;EGFLAM,1.30329158944641,,0.010570055645829,FALSE,""
JAVELIN,8127,CCL18;CPXM2;LZTS1;BAAT;CTRL,1.14447987977081,,0.196476721382162,FALSE,""
JAVELIN,8128,CCL19;SLC16A9;PBX1;MEGF11;FAM212A,1.20460834497652,,0.0938983601202373,FALSE,""
JAVELIN,8129,HOXC10;HPD;IGFBP6;GCGR;CACNB2,1.42188795002493,,0.00160681599766546,FALSE,""
JAVELIN,8130,FMO3;MIR3918;RHOBTB3;HPX;CYP27B1,1.17101205560587,,0.13568975226729,FALSE,""
JAVELIN,8131,NME5;FLRT3;MS4A4A;GRIK4;THSD4,1.02650713282337,,0.800841442405607,FALSE,""
JAVELIN,8132,PDLIM4;PAQR5;TREM2;DLK2;SOGA3,1.17792992105865,,0.122951961408218,FALSE,""
JAVELIN,8133,QPCT;LAMC2;DPYSL3;AQP4;CLEC1A,1.03606303330766,,0.733967630787759,FALSE,""
JAVELIN,8134,RBP4;KCNIP4;LDLR;MIR3196;MIR571,1.19373678467763,,0.11210924505381,FALSE,""
JAVELIN,8135,MIR25;IL2RA;DCBLD2;OCA2;LOC401317,0.837966250868487,,0.109683413732194,TRUE,""
JAVELIN,8136,TMEM27;DNAH5;CYTIP;MIR4486;VN1R1,0.97899807333514,,0.84696960725359,TRUE,""
JAVELIN,8137,ANK3;KIF26B;SLC2A9;KCNH3;HSD17B3,1.24480414303889,,0.0459053421163531,FALSE,""
JAVELIN,8138,F8;PPP1R1A;PBX1;MIR4533;ADORA2B,1.20104951840585,,0.0900169064697059,FALSE,""
JAVELIN,8139,REG1A;TENM3;TIE1;CLGN;FAM162B,1.20668416927487,,0.0876999082521802,FALSE,""
JAVELIN,8140,ALPK3;SLC12A8;MECOM;TDO2;PANK1,1.20017679336432,,0.0915122100071355,FALSE,""
JAVELIN,8141,FER1L4;ADRA2C;CACNA1C;TRNP1;PPFIA3,1.13151769341384,,0.277055886448413,FALSE,""
JAVELIN,8142,NXPH4;SLC7A8;HIST1H2BM;CYP11A1;CYP27B1,0.910237474698117,,0.365130902730033,TRUE,""
JAVELIN,8143,AGMO;NPY6R;HOXD9;ATRNL1;HOXB5,1.57866250598352,,4.99990614005131e-05,FALSE,""
JAVELIN,8144,ACADL;MGAM;FOLR2;CA3;LTB,1.19922615614624,,0.0830398384707735,FALSE,""
JAVELIN,8145,TSPAN13;KLHDC7A;IGFBP6;SLC9A3;CORO2B,1.02717256847863,,0.804388246239159,FALSE,""
JAVELIN,8146,MIR29B2;REEP6;MIR4635;SNORD114-4;PADI2,1.14286044808041,,0.214187906531357,FALSE,""
JAVELIN,8147,SNCG;FAP;MIR631;KCNH2;HOXA10-AS,1.19461866441783,,0.0959584584672481,FALSE,""
JAVELIN,8148,ACE2;SPTBN2;FPR1;TJP3;ABCG2,1.01256527300702,,0.908014855759426,FALSE,""
JAVELIN,8149,SPAG17;ADAMTS14;IFI44L;CFHR1;JAM2,1.17603942412279,,0.138731252453896,FALSE,""
JAVELIN,8150,ANLN;NPY6R;SNORD33;SNORD114-24;PGM5,1.06507844678153,,0.558318158780664,FALSE,""
JAVELIN,8151,PYCR1;MIR1303;MIR1207;SLC13A3;CLEC12A,1.0797674645751,,0.490834407487657,FALSE,""
JAVELIN,8152,PLAC9;SDS;MYO1G;MGARP;ATP1B2,1.30419116316314,,0.0086322252981493,FALSE,""
JAVELIN,8153,TSPAN13;SNAP25;PPL;KCNAB1;NAV3,1.13792228492596,,0.227270376755353,FALSE,""
JAVELIN,8154,EMX2;PLIN4;FOLR2;OVCH2;TDRD10,1.17738317210318,,0.133678606153444,FALSE,""
JAVELIN,8155,C8orf4;SNORD114-13;CRISPLD2;ALX1;PTTG2,1.08884563920567,,0.443721126738334,FALSE,""
JAVELIN,8156,JPH2;HSH2D;MYO5B;ADCY2;PAPPA-AS1,1.176091567091,,0.127657522027049,FALSE,""
JAVELIN,8157,UBD;MAL2;LDLR;BMP5;ADCY1,0.945722054026785,,0.60539094689737,TRUE,""
JAVELIN,8158,ACSM5;MAPK15;RASGRP1;SNORD113-9;MIR1288,1.33826467469423,,0.00478155908851476,FALSE,""
JAVELIN,8159,FER1L4;CXCL13;MIR4784;SLC52A3;PCP2,0.99280063478212,,0.946157341866139,TRUE,""
JAVELIN,8160,IRX5;KISS1R;PTK7;PRIMA1;LOC101927970,1.25230578402322,,0.0368399742057604,FALSE,""
JAVELIN,8161,SPAG17;MAL2;MYRF;EPO;TMEM246,1.17574250526154,,0.143219147090386,FALSE,""
JAVELIN,8162,DDC;GLYATL1;SNORD59A;TFR2;MIR3605,1.51241546063338,,0.000104016148015041,FALSE,""
JAVELIN,8163,CD27;MT1A;GEM;ALAS2;MIR3973,0.961135129116497,,0.704983098868368,TRUE,""
JAVELIN,8164,NR4A3;SPEG;ID4;LRRC7;SNORD126,1.20718125678335,,0.086058902466272,FALSE,""
JAVELIN,8165,SRPX;COL11A1;ADAMTS2;APOA1;C9orf106,1.07205879558317,,0.51421449795881,FALSE,""
JAVELIN,8166,FGG;HPD;HRSP12;MIR4735;KIAA1324L,1.38512300919891,,0.00288079135006831,FALSE,""
JAVELIN,8167,SLC34A2;PCK1;PIEZO2;FERMT1;GRAMD1B,1.16089216176428,,0.170095711239445,FALSE,""
JAVELIN,8168,COL4A3;MIR4655;FKBP9P1;SNORD115-25;NLRC3,1.14886423899264,,0.202016435846461,FALSE,""
JAVELIN,8169,GBA3;PCDHGA5;NT5E;CRHBP;SERTAD4-AS1,1.29230018734934,,0.0192577964140726,FALSE,""
JAVELIN,8170,NPR3;CCDC64;COL5A3;MIR3126;SCUBE2,1.35288090408017,,0.00381223588421087,FALSE,""
JAVELIN,8171,MIA2;HP;PLEKHA7;C5orf38;POU5F1P3,1.41607005455705,,0.00137422807610878,FALSE,""
JAVELIN,8172,MIR4499;FXYD1;MKI67;MIR218-1;FLT3,1.27125791983202,,0.0282696880532834,FALSE,""
JAVELIN,8173,VTRNA2-1;CCDC148;TEK;OR2T35;KIF4A,1.54171974711533,,4.5286298133119e-05,FALSE,""
JAVELIN,8174,MIR4652;PPP1R1A;MIR4635;APLP1;TMEM178A,1.09308199074487,,0.425509410057105,FALSE,""
JAVELIN,8175,PDLIM4;SLC26A1;PLAT;ASPG;GZMM,1.17940465511732,,0.122088731706626,FALSE,""
JAVELIN,8176,PTHLH;GYLTL1B;NT5E;UGT3A1;GSTT2,1.3602934345691,,0.00588293428062699,FALSE,""
JAVELIN,8177,IL6;DNASE1L3;SNORA48;WFDC5;CETP,1.01311326958678,,0.903579196294453,FALSE,""
JAVELIN,8178,FNDC1;NPY6R;RASGRP1;MIR1305;ADM2,1.19857565322238,,0.0868967927441404,FALSE,""
JAVELIN,8179,ALPK3;C5orf46;ALDH6A1;ADCY8;SLC16A10,1.52661440810602,,0.000142831543792669,FALSE,""
JAVELIN,8180,FOLH1;VANGL2;PTTG1;ALOX15B;PDCD1LG2,0.921126794404273,,0.452587388683421,TRUE,""
JAVELIN,8181,ADAMTSL2;MMP24;TOP2A;MIR4251;TBX21,1.15797218522492,,0.178748304127001,FALSE,""
JAVELIN,8182,SNCG;MIR429;SNORD74;FOXI1;GSTO2,1.2955467912793,,0.0216988539501876,FALSE,""
JAVELIN,8183,IKZF3;GYLTL1B;MKI67;MAT1A;NLRC3,0.882946558634486,,0.25434809465164,TRUE,""
JAVELIN,8184,BBOX1;MLXIPL;PTER;MIR2052;WISP1,1.20423382190592,,0.0780294733981727,FALSE,""
JAVELIN,8185,CPZ;F10;MIR1537;FCRL5;NLRC3,0.874392810990198,,0.205314271336979,TRUE,""
JAVELIN,8186,DCDC2;GSTM1;CACNA2D1;PADI1;CDC42BPG,1.22390372693013,,0.0615428065337075,FALSE,""
JAVELIN,8187,GBA3;MIOX;CACNA1C;FOXJ1;RBM20,1.50583691900994,,0.000256300152147706,FALSE,""
JAVELIN,8188,NXPH4;MIR185;RGL3;C8orf22;PLAC8,1.15391872214268,,0.168590422145353,FALSE,""
JAVELIN,8189,TINAG;SLC23A1;SLC2A9;VTN;CCDC74B,1.24157762119233,,0.048102659759546,FALSE,""
JAVELIN,8190,TMEM27;NPY1R;PLAUR;TJP3;LNX1,1.31813616465386,,0.0137022576677068,FALSE,""
JAVELIN,8191,MIR142;SNORD114-13;ADCY4;MOGAT3;PDE3B,1.12000744486425,,0.270765924669766,FALSE,""
JAVELIN,8192,GPR126;FTCD;ALDOC;MIR193A;CCDC74B,1.19062853502556,,0.0956933577478577,FALSE,""
JAVELIN,8193,FCN3;OLFM2;RGL3;MIR4479;CYP4X1,1.26987603501228,,0.0212040192667961,FALSE,""
JAVELIN,8194,MYOM3;ZFY;RGL3;MIR1305;CEP55,0.949631135452026,,0.636719763560824,TRUE,""
JAVELIN,8195,TTC39A;PCDHGA4;HIST1H2AL;NPHS1;PMAIP1,0.926932289960883,,0.492929795483068,TRUE,""
JAVELIN,8196,FRAS1;CDCP1;ROBO4;ORM1;GPRIN1,1.05413678604092,,0.644314422572941,FALSE,""
JAVELIN,8197,SLC17A1;SPEG;DPYSL3;MUC5B;MMP25,0.940690981666841,,0.580198610824552,TRUE,""
JAVELIN,8198,SMIM24;STK32B;MIR1207;SLC22A8;ALMS1P,1.47382777752818,,0.000547004864457622,FALSE,""
JAVELIN,8199,BCMO1;MAP7;PLEKHA7;TNFRSF17;CACNB2,1.38775953592477,,0.00309751588213141,FALSE,""
JAVELIN,8200,TSPAN13;SNORA75;ALDOC;DUOX2;BMP6,1.1434496186317,,0.219056438762558,FALSE,""
JAVELIN,8201,BCL2A1;AIF1L;PLAT;KCNN1;KIF4A,0.948308349476142,,0.636125503443343,TRUE,""
JAVELIN,8202,SEC14L6;CPXM1;CKS2;FAM83F;MIR1284,1.21287549207128,,0.0863356735680839,FALSE,""
JAVELIN,8203,BBOX1;PCDHGA5;MIR637;ATP13A4;PPP1R3G,1.36093933148932,,0.00387708002542044,FALSE,""
JAVELIN,8204,FMO2;GREM1;MIR4435-2;ERBB4;CXCR6,1.1538871346232,,0.167329985982683,FALSE,""
JAVELIN,8205,MIR23C;IRF4;FAM20A;TRPV3;SMG1P5,0.939356802337887,,0.559640802027205,TRUE,""
JAVELIN,8206,PPAP2C;MIR4482;DENND2A;LOC100505635;USHBP1,1.11052889110955,,0.322517170755364,FALSE,""
JAVELIN,8207,SNORD14C;LIPC;GPC4;MS4A2;MIR1183,1.25788973500723,,0.034426106606614,FALSE,""
JAVELIN,8208,C14orf105;SLAMF7;ITGA11;MIR4705;SERTAD4-AS1,1.41683031101455,,0.000822208105731803,FALSE,""
JAVELIN,8209,RAB42;HYDIN;LZTS1;THPO;RASL12,1.36501825440151,,0.00406944069503546,FALSE,""
JAVELIN,8210,TMEM27;NPY1R;PTTG1;OR2T10;SMN2,1.30292600895637,,0.0134445943170015,FALSE,""
JAVELIN,8211,MIR4499;C10orf113;MIR1537;SLC35F3;RNF157,1.3382289624159,,0.00928010461483667,FALSE,""
JAVELIN,8212,FMO3;KCNJ3;MMP11;ATP13A4;KCNIP3,1.39344499304761,,0.00260453679273984,FALSE,""
JAVELIN,8213,MIR4499;DPEP1;GAMT;SLC38A4;THSD4,1.17504366298973,,0.141330717227375,FALSE,""
JAVELIN,8214,MFSD2A;KIT;CKS2;SIM1;IER3,1.0514609127272,,0.651181027687183,FALSE,""
JAVELIN,8215,TRABD2B;MGAM;MST1;MIR4735;E2F8,1.28219213653988,,0.0229602599009388,FALSE,""
JAVELIN,8216,LOC101927834;HRH2;BMP2;FXYD4;SLC27A5,1.41258539699782,,0.00277013488079212,FALSE,""
JAVELIN,8217,CD38;EPPK1;MIR4635;MIR3188;PLAC8,0.981916981196502,,0.859993478622099,TRUE,""
JAVELIN,8218,SLC34A2;KLHDC7A;ADAMTSL3;SNORD114-19;LOC101927941,1.2634541378894,,0.0285021151132985,FALSE,""
JAVELIN,8219,FGB;RASAL1;MIR1537;NCAM2;SLC16A10,1.18494760857752,,0.125193951569216,FALSE,""
JAVELIN,8220,NOX4;HOXD11;HIST1H2BM;CILP2;ZNF90,1.09155993980224,,0.436126881981263,FALSE,""
JAVELIN,8221,FOSB;TMEM139;BMP2;MIR1267;ACTA2-AS1,1.2270562250717,,0.0509204778258852,FALSE,""
JAVELIN,8222,MIR4292;B3GNT4;ALDH1A3;MYRFL;BMP6,1.06134457230793,,0.576495944912747,FALSE,""
JAVELIN,8223,IL6;EGR3;FPR1;SLC44A5;CD28,0.913667888453531,,0.401254258560835,TRUE,""
JAVELIN,8224,MIR3646;MIRLET7F1;HIST1H2BM;KHDRBS2;DAPP1,1.05227028810646,,0.631499267282808,FALSE,""
JAVELIN,8225,SRPX;SPINK1;SNORD4B;FOXF2;CCDC74B,1.00577332658033,,0.957837421568888,FALSE,""
JAVELIN,8226,CCL18;CYP24A1;RGL3;CYP21A1P;LRRC17,1.31339758193732,,0.00923804749246289,FALSE,""
JAVELIN,8227,HOXD10;LIPC;MS4A4E;KRT5;SP140,1.07180257412722,,0.510902399596494,FALSE,""
JAVELIN,8228,SNCG;SLC22A3;SNORA48;FCAMR;FAM162B,1.37737238369591,,0.00252983042402955,FALSE,""
JAVELIN,8229,PLAC9;FOSL1;PLAUR;ZNF812;MTCP1,1.04026814754922,,0.719085550292949,FALSE,""
JAVELIN,8230,COL4A3;ZNF727P;PTER;MIR1302-5;ETV1,1.25156113987149,,0.0327606671772466,FALSE,""
JAVELIN,8231,ACADL;RGS9;ALDOC;CCL17;CYP2S1,1.23865860609122,,0.0518351374429985,FALSE,""
JAVELIN,8232,SBSPON;MMP19;CACNA1C;MIR1290;CYP4X1,1.35411481712784,,0.00450221158917277,FALSE,""
JAVELIN,8233,COX4I2;UTY;ADAMTSL3;MIR493;MIR1284,1.31741178234852,,0.00670698855510463,FALSE,""
JAVELIN,8234,TFPI2;MT1A;SNORA48;MIR618;LOC553103,1.52884142841458,,0.000141222547429047,FALSE,""
JAVELIN,8235,CHDH;CYP24A1;EMP1;FOXJ1;PDGFD,1.51243017817684,,0.000207951231787834,FALSE,""
JAVELIN,8236,SMIM24;SNORD77;FOLR2;CST6;RAB6B,0.986151760445547,,0.897332263812678,TRUE,""
JAVELIN,8237,OGDHL;SLC26A1;PDLIM3;GC;CYP26B1,1.31983603655817,,0.0109631189703315,FALSE,""
JAVELIN,8238,STC2;INMT;SLC44A3;NRK;LOC101928383,1.36889832675556,,0.00304634280482095,FALSE,""
JAVELIN,8239,GZMK;C2;ANGPT2;MIR345;RLTPR,0.98657162069544,,0.902844131584919,TRUE,""
JAVELIN,8240,ACKR1;AZGP1;ID4;APOBEC3A;SNORD116-23,1.19984053575101,,0.0809475900376974,FALSE,""
JAVELIN,8241,SLIT2;PCDH10;COL5A3;SCTR;HOXD3,1.4583486232843,,0.000716100197194724,FALSE,""
JAVELIN,8242,PPAP2C;PLA2G2A;DMD;GCKR;TRIM6,0.912887709265457,,0.40305804955307,TRUE,""
JAVELIN,8243,TSPAN7;CCDC183;MIR938;SLC38A4;ST6GALNAC3,1.28033471245171,,0.0293689763900493,FALSE,""
JAVELIN,8244,HOXC10;MIR1972-1;MMP11;FGF9;BATF,1.37428562734025,,0.0032924091791343,FALSE,""
JAVELIN,8245,MT1G;ADORA1;ADAMTS2;MOGAT3;ZSCAN31,1.29337380947722,,0.0196547684645841,FALSE,""
JAVELIN,8246,SCIN;IGFBP1;SNORA77;SIM1;LTB,1.12748991921707,,0.271797738188789,FALSE,""
JAVELIN,8247,SLC34A2;COL7A1;SNORD29;FOXA2;MYCT1,1.00105360166126,,0.992274568613916,FALSE,""
JAVELIN,8248,ADAMTSL2;SLC7A8;RHOBTB3;ANKRD1;P2RY6,1.02035478129424,,0.850816789372294,FALSE,""
JAVELIN,8249,SBSPON;ST6GALNAC2;MCF2L;TFR2;SNORA70D,1.34028339143419,,0.00583293420802766,FALSE,""
JAVELIN,8250,COL4A4;RGS9;FAM20A;KCNH6;OR52N4,1.24898900576006,,0.0394253849047097,FALSE,""
JAVELIN,8251,FXYD2;RASAL1;SNORA26;LOC389602;RNF148,1.3973380210418,,0.00186332743362569,FALSE,""
JAVELIN,8252,HOXC10;MIR429;SNORD116-28;STRIP2;CYYR1,1.30812725486382,,0.0121622944365579,FALSE,""
JAVELIN,8253,GATA3;GPC3;SNORA77;TCAP;DLG2,0.979331949130632,,0.842167807320138,TRUE,""
JAVELIN,8254,MIR30A;MIR4326;SEMA4G;BDH1;MIR4706,1.17011797626867,,0.160024601487955,FALSE,""
JAVELIN,8255,NTM;NEBL;MYO1G;HAO2;MIR4440,1.41328027754033,,0.00102155949005398,FALSE,""
JAVELIN,8256,PPAP2C;SNORD77;CACNA1C;MYBPC2;ADAMTS15,0.933602039932577,,0.536673233245858,TRUE,""
JAVELIN,8257,MIR126;WDR66;SNORD6;TSPAN10;NTNG2,1.30263398823047,,0.0108280768265037,FALSE,""
JAVELIN,8258,MYH14;SNORD67;PC;AMZ1;MMP17,1.03407231614875,,0.760287788609503,FALSE,""
JAVELIN,8259,FAM46C;MIR148B;GPC4;SNORD114-19;GRAP2,0.953432334186862,,0.652363207842334,TRUE,""
JAVELIN,8260,NMB;ITGBL1;MIR197;DIO1;SNORD24,1.3084152787131,,0.0139702970331612,FALSE,""
JAVELIN,8261,NTM;BTNL9;CKS2;LOC389602;EGFLAM,1.44881020203874,,0.000711226685156446,FALSE,""
JAVELIN,8262,MIR29B2;KIT;GAMT;BDH1;MIR571,1.38233963123474,,0.00329862210354653,FALSE,""
JAVELIN,8263,F8;MIRLET7I;PDLIM3;ALX1;FAM184A,1.38965570863573,,0.00250745368299372,FALSE,""
JAVELIN,8264,QPCT;SFRP1;SNORA77;OVOS;WBSCR27,1.10716424154076,,0.347901250551016,FALSE,""
JAVELIN,8265,LOC101927960;KLHDC7A;CACNA1C;CASR;PHYHD1,1.37191823254465,,0.0061852461066466,FALSE,""
JAVELIN,8266,MIR3189;TNXB;MIR628;SLC47A2;EXO1,1.06720026805426,,0.556555685761829,FALSE,""
JAVELIN,8267,MIA2;AGMAT;MS4A4E;TUBA3D;CYP27B1,1.23734235168169,,0.0591319010568541,FALSE,""
JAVELIN,8268,PSAT1;SORCS2;MIR4784;APCDD1L;LOC101927236,0.94056463642003,,0.587175636000899,TRUE,""
JAVELIN,8269,MIR548AR;SYBU;SNORD59A;SLC26A7;FAM69B,1.31653962749538,,0.0105865241163507,FALSE,""
JAVELIN,8270,COL4A3;PTGS2;MECOM;BMPR1B;SNORD19,1.24924791076232,,0.0428879793998498,FALSE,""
JAVELIN,8271,ACKR1;CDH23;GEM;FXYD4;TIAM2,1.09862857973352,,0.383994761037516,FALSE,""
JAVELIN,8272,BBOX1;MIR4804;TSKU;SLC30A2;C8orf88,1.04572082594891,,0.672799596263189,FALSE,""
JAVELIN,8273,IRX5;C2;ADCY4;CR1L;USHBP1,1.24223504036527,,0.0402351872650914,FALSE,""
JAVELIN,8274,PROM1;EFHD1;IGFBP6;SLITRK2;KBTBD11,1.12900804940975,,0.252368625313355,FALSE,""
JAVELIN,8275,CD38;PALM3;DCBLD2;DIO1;CCDC17,0.886080731116328,,0.284902374175763,TRUE,""
JAVELIN,8276,MIR3189;FXYD1;CCL4;MIR365A;GPR68,0.969783105683251,,0.784404430876575,TRUE,""
JAVELIN,8277,MIR25;MMP19;CRISPLD2;SNORD114-15;MIR3674,0.991121813554398,,0.933601258920288,TRUE,""
JAVELIN,8278,SNORD14C;REEP6;FPR1;FXYD4;ATP1B2,0.947558137671481,,0.619400768512969,TRUE,""
JAVELIN,8279,CTSW;MIR4482;TMEM132A;MIR4643;CDC20,0.852586043429837,,0.14579141858673,TRUE,""
JAVELIN,8280,TBX3;GRM8;ADAMTSL3;HOXA13;PDE1C,1.41517697686233,,0.00122778330495556,FALSE,""
JAVELIN,8281,TMEM27;IL2RA;CALCRL;APCDD1L;MIR3682,1.20507376122047,,0.098262356164725,FALSE,""
JAVELIN,8282,FOLH1;MIRLET7F1;EVI2B;ELFN2;LOC101928871,1.11408443750208,,0.313196493094535,FALSE,""
JAVELIN,8283,BBOX1;IL1B;SNORD74;MUC12;LOC283278,1.22810856882809,,0.0598861365533919,FALSE,""
JAVELIN,8284,SNCG;MOXD1;TMEM204;SEMA3D;KIF20A,1.09650729082094,,0.427149173256713,FALSE,""
JAVELIN,8285,SNCG;PDGFRL;SARDH;SCN4A;LNX1,1.47453608795367,,0.000241519900685853,FALSE,""
JAVELIN,8286,RAP1GAP;EXPH5;HIST1H2BO;C2orf70;PTTG2,1.04786041617313,,0.675668814332803,FALSE,""
JAVELIN,8287,UPB1;TCF21;CALCRL;C16orf89;MIR4706,1.51526643019182,,0.000126902032879595,FALSE,""
JAVELIN,8288,SPOCK1;SNORA75;MYRF;CR1L;MIR579,1.09407432483967,,0.409778637825666,FALSE,""
JAVELIN,8289,MT1G;CYP2C9;SEMA4G;PAEP;DCDC1,1.14353017805464,,0.214478110285051,FALSE,""
JAVELIN,8290,IGF2BP2;SLC26A1;FPR1;PAPPA2;MIR4771-2,0.785240398478518,,0.0215049729120295,TRUE,""
JAVELIN,8291,UGT2A3;PCDH10;CYTIP;CYP11A1;MIR3177,1.1308733393008,,0.247405278877218,FALSE,""
JAVELIN,8292,MIR30A;SNORD87;EMP1;GGT3P;HOXD3,1.40600729405146,,0.00164033478698108,FALSE,""
JAVELIN,8293,BAMBI;MIR4676;TREM2;FGF9;DLGAP5,1.24369633553823,,0.0486786662908052,FALSE,""
JAVELIN,8294,F8;PALM3;HIST1H2BO;FAM3B;ZDHHC11,1.15472673097737,,0.176614052339683,FALSE,""
JAVELIN,8295,ACY3;FAM65C;ADCY4;ST8SIA5;MIR3978,1.28171573386495,,0.0221748061594024,FALSE,""
JAVELIN,8296,TFPI2;MIR185;FKBP9P1;SNORD114-24;GRID1,1.05970797208958,,0.600439735258355,FALSE,""
JAVELIN,8297,IGF2BP2;SNORA75;FOLR2;MIR298;MIR3978,0.719642465090609,,0.00289405016269554,TRUE,""
JAVELIN,8298,BCMO1;SLC7A8;SELENBP1;FLG;CLEC12A,1.21635772560486,,0.0802605505632375,FALSE,""
JAVELIN,8299,FMO2;ELOVL7;CACNA1C;KCNAB1;LOC100506518,1.55508103112588,,5.90955687485406e-05,FALSE,""
JAVELIN,8300,PCOLCE2;IGF1;RGL3;TMEM132E;CACNB2,1.54798598767553,,0.000102711134658187,FALSE,""
JAVELIN,8301,CD38;EXPH5;SNORD29;KLHDC7B;RASGEF1A,0.936601990822813,,0.543316681102395,TRUE,""
JAVELIN,8302,TFPI2;TTN;MYO7A;MIR4521;DAPP1,1.05593586228923,,0.617796285962388,FALSE,""
JAVELIN,8303,PRSS8;GCNT3;FAM20A;MIR4251;FAM43A,1.17228399097049,,0.154054768900789,FALSE,""
JAVELIN,8304,SBSPON;PCDH10;EVI2B;NOG;TBX21,1.14820120212831,,0.191852913349303,FALSE,""
JAVELIN,8305,MYOM3;PTGS2;TIE1;C5orf38;MAP6,1.41014829865691,,0.00186870909741916,FALSE,""
JAVELIN,8306,SCIN;FCGBP;PBX1;CRHBP;MIR548S,1.28315156428883,,0.0216545010624553,FALSE,""
JAVELIN,8307,MACC1;KIF26B;DPYSL3;TBX5;KIF2C,0.989026453938234,,0.916902077950656,TRUE,""
JAVELIN,8308,TINAG;CYP24A1;SNORA77;UGT2B4;LOC101927941,1.28478662162225,,0.02414009661664,FALSE,""
JAVELIN,8309,CRB3;KIT;SNORD33;MIR548AS;LRRC17,1.42295625288869,,0.0012746891987763,FALSE,""
JAVELIN,8310,SVEP1;LRG1;S1PR3;TCN1;WIPF3,1.08972549831863,,0.447618380138997,FALSE,""
JAVELIN,8311,MIR3646;NPY6R;DPYSL3;NAT8L;RBM20,1.41573740354871,,0.00150660808122701,FALSE,""
JAVELIN,8312,ZDHHC11B;KLF15;EVI2B;SNORD115-37;PCDHGC5,1.04047761024584,,0.706850640834337,FALSE,""
JAVELIN,8313,NOX4;SLC7A8;CACNA2D1;B4GALNT2;RGS11,1.30913035829788,,0.0131416702527871,FALSE,""
JAVELIN,8314,GPER1;PCDHGA4;PTTG1;TCN1;JAM2,1.12423236728681,,0.311137969875766,FALSE,""
JAVELIN,8315,AKR7A3;MIR548AA2;CRISPLD2;LGALS12;TAL1,1.28817511826407,,0.0211492045662724,FALSE,""
JAVELIN,8316,LPL;LAMC2;CKS2;SCARA5;EPHA1,0.905347144057732,,0.35286458635472,TRUE,""
JAVELIN,8317,SULT1C4;AQP7;SNORD4B;VSTM2L;JAKMIP1,1.03683607969961,,0.734804502467955,FALSE,""
JAVELIN,8318,MIR23C;B3GNT3;LZTS1;CCL8;KCNQ4,1.1452331827533,,0.214239393344613,FALSE,""
JAVELIN,8319,SLC16A12;SLC16A9;FZD8;IRX2;TDRD10,1.43088301354574,,0.00103445394465519,FALSE,""
JAVELIN,8320,CHDH;MIR339;SNORD116-16;MYOT;TMEM119,1.44886920165197,,0.000703796431578095,FALSE,""
JAVELIN,8321,PRSS8;GCNT3;ID4;GGT3P;MIR4681,1.25044597673695,,0.0390759927171153,FALSE,""
JAVELIN,8322,CCL18;CDA;MYO1G;MIR2052;ZNF90,0.955714964807282,,0.666976897770798,TRUE,""
JAVELIN,8323,UGT2A3;FXYD1;MIR938;ZIC2;MIR4753,1.21534803363055,,0.0887564547340499,FALSE,""
JAVELIN,8324,SORBS2;GRM8;CACNA1C;ZIC2;ABCG2,1.35373036393023,,0.00761700601754075,FALSE,""
JAVELIN,8325,MIR645;FAM65C;MST1;SLC5A2;LRRC17,1.34877850044835,,0.00821688712978954,FALSE,""
JAVELIN,8326,PPAP2C;TRPC6;PIEZO2;FBXL16;PCDHB4,1.21752144260024,,0.0655131159157013,FALSE,""
JAVELIN,8327,SNCG;MAP7;MIR3975;FOXA1;LIPE,1.20356310727411,,0.0955863972473628,FALSE,""
JAVELIN,8328,FER1L4;MYO7B;DPYSL3;LEFTY1;CDC42BPG,1.13241254505563,,0.25987362044788,FALSE,""
JAVELIN,8329,ARHGEF16;CYP2C9;DCBLD2;CRP;MIR765,0.996454578802494,,0.973863092872651,TRUE,""
JAVELIN,8330,NME5;ATP1A2;DCBLD2;LPPR5;TIAM2,1.0029096134299,,0.978694464031154,FALSE,""
JAVELIN,8331,MYH14;PTPRD;MYO1G;ADRB1;EPHA1,1.02522060747375,,0.815869399507431,FALSE,""
JAVELIN,8332,ACSM5;MIR1203;BMP2;DUSP15;CEP55,1.22481315830017,,0.069020975069941,FALSE,""
JAVELIN,8333,GZMA;MIR563;ECM2;ALX1;TP73,1.13170454587415,,0.256626700102385,FALSE,""
JAVELIN,8334,GBA3;CDA;DPYSL3;SLC44A5;GSTO2,1.26554554065484,,0.0283596769891975,FALSE,""
JAVELIN,8335,NOX4;COL11A1;TSKU;CTSG;MIR4681,1.08050818779146,,0.483748145499979,FALSE,""
JAVELIN,8336,FMO3;MIR378H;MIR631;SNORD114-17;DNALI1,1.15819624089245,,0.169215009170088,FALSE,""
JAVELIN,8337,PROM1;MGAM;GEM;SHOX2;CCDC74B,1.21140515246291,,0.0797943163500897,FALSE,""
JAVELIN,8338,MYH14;UBASH3A;HOXD9;DUOX1;KIF4A,0.972209016082475,,0.784940145838974,TRUE,""
JAVELIN,8339,MIA2;MIR616;PBX1;CR2;MIR3973,1.22684371353834,,0.0724572063408937,FALSE,""
JAVELIN,8340,FCN3;ZNF711;CALCRL;FOXI1;SNCA,1.42401209776692,,0.00100811355254145,FALSE,""
JAVELIN,8341,TBX3;MIRLET7D;COL5A3;SLC30A2;EPHA1,1.16746625241571,,0.151933299971622,FALSE,""
JAVELIN,8342,MIR3646;CCDC64;SNORD12B;TMEM252;GRAMD1B,1.04764379322191,,0.656439086516094,FALSE,""
JAVELIN,8343,SHROOM3;SLC26A1;HRSP12;TMEM174;DAPK2,1.3255606589401,,0.0152688044667534,FALSE,""
JAVELIN,8344,GPR126;FAP;MIR1207;MIR1305;LOC101928749,1.16474456472283,,0.199120312578903,FALSE,""
JAVELIN,8345,ITGB6;UBASH3A;S1PR3;MIR4685;GALNT16,0.916676553590495,,0.425984387728538,TRUE,""
JAVELIN,8346,MIR548AR;TESC;COL5A3;SLC34A3;USHBP1,1.33947145718696,,0.00648179373029907,FALSE,""
JAVELIN,8347,ACKR1;RGN;IL2RB;MIR4530;TSPAN32,1.0433626810495,,0.671209867459032,FALSE,""
JAVELIN,8348,BBOX1;VNN1;ALDH1A3;KLB;MIR3135A,1.31975150187647,,0.0104987578751857,FALSE,""
JAVELIN,8349,ABCA6;GLDC;LZTS1;ZIC2;DPY19L2P2,1.16884333192408,,0.182172320484802,FALSE,""
JAVELIN,8350,FABP4;MIR200B;ALDOC;MUC5B;HSD17B3,1.24297593200746,,0.0439100664485308,FALSE,""
JAVELIN,8351,CHDH;CD22;HOXD9;HAS1;HIST1H1A,1.21064124333814,,0.086606603103914,FALSE,""
JAVELIN,8352,DCDC2;SLAMF7;SNORD33;FCER2;WBSCR27,0.965796290941154,,0.742657877909337,TRUE,""
JAVELIN,8353,ACSM5;LBP;LDB2;WNK2;CETP,1.44398935345927,,0.000513773652492266,FALSE,""
JAVELIN,8354,ASPN;WDR66;PLAUR;LCN2;MAATS1,1.18010881856901,,0.118047479130679,FALSE,""
JAVELIN,8355,TACSTD2;SPX;PTER;TFAP2B;CHST1,1.10527352009574,,0.361517140056481,FALSE,""
JAVELIN,8356,TINAG;MIR378H;ANGPT2;SPINK5;TMOD1,1.24549119469427,,0.0486132270137115,FALSE,""
JAVELIN,8357,PTHLH;PPARGC1A;ADCY4;SLC6A19;CCDC154,1.37619610172415,,0.00341161393300425,FALSE,""
JAVELIN,8358,HIF1A-AS2;EMX1;MS4A4A;SP5;SERTAD4,1.45867954050612,,0.000224318195402646,FALSE,""
JAVELIN,8359,ALDH1L1;PCDH10;HRSP12;SLC44A5;CETP,1.5114006067104,,0.000167866826061204,FALSE,""
JAVELIN,8360,HHLA2;ST6GALNAC2;HIST1H4L;CACNA2D2;LOC101927970,1.16053230453233,,0.167344363717463,FALSE,""
JAVELIN,8361,NEB;UTY;MECOM;KLHL4;ADCY1,1.23010425967378,,0.0538978718609742,FALSE,""
JAVELIN,8362,MIA2;IRF4;LY96;PTPRQ;C19orf83,1.16495742268531,,0.162440846039458,FALSE,""
JAVELIN,8363,TENM1;SLC23A1;GEM;GRIK4;MIR1284,1.35417041246537,,0.00661480414278864,FALSE,""
JAVELIN,8364,UGT2A3;PLA2G2A;MS4A4A;MIR4506;CDS1,1.21430011957955,,0.0655715983600299,FALSE,""
JAVELIN,8365,FXYD2;SNORA69;PLAT;CILP2;APOBEC3H,1.20900357786647,,0.067131187660161,FALSE,""
JAVELIN,8366,ACSM5;CXCL13;MKI67;MIR3131;RGS11,1.02259468668503,,0.836965090333054,FALSE,""
JAVELIN,8367,KRT7;SLC27A2;COL5A3;STAC2;SNORD91A,1.29833278736822,,0.0169767217217164,FALSE,""
JAVELIN,8368,S100A8;HAMP;LY96;SLC26A9;KCNQ4,0.978434845765057,,0.840223251616359,TRUE,""
JAVELIN,8369,ACY3;UBASH3A;HMCN1;MAT1A;LOC100128242,1.1797142064223,,0.103803754797943,FALSE,""
JAVELIN,8370,MIR378I;HOXD11;MAP4K1;ASPG;CDC20,0.932765503160683,,0.520616623627011,TRUE,""
JAVELIN,8371,SCIN;EPPK1;PTTG1;VNN3;CCDC74B,0.989581590369832,,0.922449644575841,TRUE,""
JAVELIN,8372,CST7;AZGP1;CALCRL;CDO1;SNORD19,1.171526859191,,0.11757140166983,FALSE,""
JAVELIN,8373,MYOM3;TRIM55;MIR197;CPA6;CCDC74B,1.24043693031829,,0.046028688137526,FALSE,""
JAVELIN,8374,SLIT2;CCDC183;CCL4;FST;FAM212A,1.2049312210157,,0.0855799455922131,FALSE,""
JAVELIN,8375,C1orf186;DPEP1;RASGRP1;MIR4439;LOC400043,1.05058265941963,,0.633118486579747,FALSE,""
JAVELIN,8376,NPR3;CDH23;MIR1537;EYA1;MIR593,1.30816993794024,,0.0119618545316362,FALSE,""
JAVELIN,8377,MIR4499;ABCB4;EFNA1;HSD3B2;MIR3157,1.41858667236881,,0.00127001295585945,FALSE,""
JAVELIN,8378,NME5;MIOX;MS4A4E;HS3ST3A1;PPP2R2B,1.09548691445006,,0.388353462319511,FALSE,""
JAVELIN,8379,FNDC1;SDS;SELENBP1;CACNA2D2;PCDHB4,1.40824488010279,,0.00139945572451896,FALSE,""
JAVELIN,8380,MIR4652;IGF1;ALDOC;SPINK5;AK7,1.35487504145241,,0.00481870515289897,FALSE,""
JAVELIN,8381,JPH2;IRF4;FKBP9P1;SLC6A19;ETV7,1.09241678783523,,0.411132522621419,FALSE,""
JAVELIN,8382,ZDHHC11B;PCDHGA4;ARL4C;SLC22A24;LCN12,1.37577759000306,,0.00423606291967658,FALSE,""
JAVELIN,8383,C1orf106;CCDC64;CRISPLD2;MIR544A;WNT2B,1.07312758274053,,0.510948915548884,FALSE,""
JAVELIN,8384,LOC101927960;AIF1L;PBX1;EHF;SNORA78,1.13720634684603,,0.253684437111298,FALSE,""
JAVELIN,8385,FMO3;PCDH10;CKS2;HS3ST3A1;KIF2C,0.833084705305752,,0.0990116536496275,TRUE,""
JAVELIN,8386,PGF;INHBB;CYTIP;FCAMR;LOC101927941,1.2115941446004,,0.075707608067691,FALSE,""
JAVELIN,8387,ARHGEF16;SLC26A1;ARL4C;SEMA3D;MIR4440,1.18548488176888,,0.124162106507083,FALSE,""
JAVELIN,8388,ABCC6;ABCA8;MIR544B;MIR758;LTB,1.14773283642162,,0.192141928856773,FALSE,""
JAVELIN,8389,EMX2;VEPH1;SNORA26;PTPRN;ZNF831,1.16919403438353,,0.141640007533317,FALSE,""
JAVELIN,8390,DDC;MZB1;PBX1;PTX3;SYCE1L,1.0251531745755,,0.818181652714243,FALSE,""
JAVELIN,8391,ALDH1L1;CRYM;RHOBTB3;CST6;CCDC3,1.29130568752515,,0.0236239445560672,FALSE,""
JAVELIN,8392,C1orf106;GRB14;SNORD74;SLC12A3;SNORD60,1.24443148430136,,0.0438988618391026,FALSE,""
JAVELIN,8393,MIR4730;ST6GALNAC2;MIR1207;CYP21A1P;PSD3,1.11596791361346,,0.316326078217182,FALSE,""
JAVELIN,8394,F2RL1;WDR66;PPL;SMPD3;P2RY10,1.0392697597619,,0.722180804264793,FALSE,""
JAVELIN,8395,GPT;GRM8;MIR631;CYP4F2;ZNF334,1.40534589915106,,0.00199707786443734,FALSE,""
JAVELIN,8396,BAMBI;MAPK15;ID4;TCAP;PPIAP30,1.19842175322706,,0.0930792393765348,FALSE,""
JAVELIN,8397,MIR3189;GPC3;SNORD29;CLDN16;FAXDC2,1.01761130924941,,0.878617095655931,FALSE,""
JAVELIN,8398,SCN9A;IGF1;ALDH1A3;ASGR2;PIFO,1.24167285651316,,0.0437279735574978,FALSE,""
JAVELIN,8399,SBSPON;PPARGC1A;SNORD33;HCN2;CASZ1,1.12123023173646,,0.32309766363031,FALSE,""
JAVELIN,8400,MIR4652;ESPN;LZTS1;MUC12;SLAMF8,1.15870886725045,,0.184512258834051,FALSE,""
JAVELIN,8401,LOC101927960;MLXIPL;EFNA1;OR2T34;RBPMS2,1.33619324963364,,0.00872428820687377,FALSE,""
JAVELIN,8402,RASD1;SLAMF7;ALDH6A1;SERPINA5;TNFRSF11A,1.04817282262437,,0.658929703079392,FALSE,""
JAVELIN,8403,FGB;CDA;BMP2;FBXO2;GPRIN1,0.86367632206306,,0.179653793912555,TRUE,""
JAVELIN,8404,REG1A;ASPHD1;CCL4;ASGR2;FAM132A,0.976891212655873,,0.827023658574625,TRUE,""
JAVELIN,8405,PYCR1;MIR554;MIR628;GRIK3;POU5F1P4,1.23030737570122,,0.0625056568445444,FALSE,""
JAVELIN,8406,TMEM45A;HPGD;DMD;SPINK5;ILDR1,1.32353222231014,,0.0086308487290426,FALSE,""
JAVELIN,8407,FMO3;FAP;PTK7;MUC12;NOVA1,1.05590363777454,,0.613858271223415,FALSE,""
JAVELIN,8408,ALPK3;MIR429;LY96;TNNI3;LOC101928871,1.15141146642901,,0.191677476336881,FALSE,""
JAVELIN,8409,RAB42;SNORD87;EVI2B;TMEM252;ALMS1P,1.09235606244201,,0.399177720663775,FALSE,""
JAVELIN,8410,CHDH;MMP24;EMP1;SLC6A20;TNFRSF18,1.21608628706402,,0.0724014965924961,FALSE,""
JAVELIN,8411,FMO3;SFN;MECOM;LRRC7;LOC101928383,1.29306175515497,,0.0198993669931283,FALSE,""
JAVELIN,8412,MIR3117;SNORD87;MIR1207;SNORD115-42;TDRD10,1.08894635293431,,0.428217534065919,FALSE,""
JAVELIN,8413,TSPAN7;TF;SNORD116-16;MIR1267;ADAMTS15,1.36375401013521,,0.00408378236241852,FALSE,""
JAVELIN,8414,LAMC3;PLIN4;TIE1;CCDC78;PAMR1,1.04643833341165,,0.676521743368687,FALSE,""
JAVELIN,8415,PPAP2C;HYDIN;TOP2A;GRIA3;HIST2H3A,0.814695294365907,,0.0585626351321516,TRUE,""
JAVELIN,8416,CPZ;TNXB;GEM;MIR617;KIAA1755,1.11913123330568,,0.292711128604006,FALSE,""
JAVELIN,8417,GZMA;SLC6A10P;RNF128;TRIM54;GMPR,0.931794816745451,,0.513619262328494,TRUE,""
JAVELIN,8418,AKR7A3;MIR339;HOXD4;OVCH2;APOL4,1.41123366749376,,0.00186444543934362,FALSE,""
JAVELIN,8419,BAIAP2L2;PLA2G2A;MIR3975;PCDHB6;COL21A1,1.41191978066703,,0.00187781155457972,FALSE,""
JAVELIN,8420,CST7;ESRP2;ID1;ZNF812;FLRT2,1.0475706819588,,0.653939635197643,FALSE,""
JAVELIN,8421,TINAG;ROR2;ECM2;OVCH2;TDRD10,1.32730245660093,,0.00745104929054917,FALSE,""
JAVELIN,8422,OGDHL;LAG3;ID1;MIR578;C22orf34,1.00795272633315,,0.939559058184964,FALSE,""
JAVELIN,8423,FRAS1;FUT6;HOXD9;COCH;SIT1,1.3093467895137,,0.0116265783552557,FALSE,""
JAVELIN,8424,TINAG;ARG2;MKI67;JSRP1;RNF152,1.21207234185382,,0.0833189866860272,FALSE,""
JAVELIN,8425,SCIN;HP;ACSF2;MIR218-1;WBSCR27,1.45486829819765,,0.000651182208650867,FALSE,""
JAVELIN,8426,CCL19;NLGN4Y;ITGA11;MIR3193;APOBEC3H,1.02118813270932,,0.841592457480511,FALSE,""
JAVELIN,8427,ALDH1L1;MIR4731;MAP4K1;FERMT1;MIR4771-2,1.12716370470342,,0.266168462314646,FALSE,""
JAVELIN,8428,AOC1;CLDN10;CACNA1C;MIR10A;CDC45,1.60589041929832,,1.41024600032032e-05,FALSE,""
JAVELIN,8429,BAMBI;MIR429;DMD;MIR3617;ACTA2-AS1,1.16846687888727,,0.147078882325991,FALSE,""
JAVELIN,8430,FNDC1;CLMP;MIR637;ACOXL;CETP,1.04563409055009,,0.676221358503655,FALSE,""
JAVELIN,8431,CCL18;AR;MIR628;DNER;ST6GALNAC3,1.1167932513142,,0.307241376335479,FALSE,""
JAVELIN,8432,GLYAT;MT1M;TOP2A;CST1;LOC101927236,1.4099147155696,,0.00181330237683279,FALSE,""
JAVELIN,8433,SEC14L6;LTF;TOP2A;PDPN;GPR174,0.947505944009657,,0.62635650723325,TRUE,""
JAVELIN,8434,MIR4499;SYBU;MIR4784;GSTM5;MIR4295,1.24589007445168,,0.0476405861967919,FALSE,""
JAVELIN,8435,GLYAT;SPTBN2;MS4A4E;HSD17B6;POU5F1P3,1.2065550363084,,0.0771555963600648,FALSE,""
JAVELIN,8436,COL4A4;LOC391322;CYTIP;ATP13A4;MIR98,1.07290189869949,,0.511364650242209,FALSE,""
JAVELIN,8437,ACY3;MIR646;MIR938;MIR181B2;GCAT,1.52082679011807,,0.000133927653083788,FALSE,""
JAVELIN,8438,SCIN;GRB14;NT5E;MIR346;MAP6,1.23325261938863,,0.0597639990154629,FALSE,""
JAVELIN,8439,NOX4;LAG3;ID1;GPR15;ROPN1L,1.15196564797699,,0.172490383352105,FALSE,""
JAVELIN,8440,TENM1;CMYA5;SNORD33;SCN2A;LRP8,1.05854422868695,,0.605681462924744,FALSE,""
JAVELIN,8441,SLC7A9;SYBU;LDLR;GUCY1B2;DAPP1,1.09322673015895,,0.394952099664706,FALSE,""
JAVELIN,8442,ABCA6;BTNL9;MIR4714;MIR4797;GPR174,1.09982137725146,,0.365710465179586,FALSE,""
JAVELIN,8443,CX3CR1;KLHDC7A;MYRF;C19orf67;LOC283278,1.22675827359479,,0.0523122576231708,FALSE,""
JAVELIN,8444,TENM1;ABCA8;ARHGEF15;AQP2;SLAMF8,1.23880976526423,,0.0411434619123095,FALSE,""
JAVELIN,8445,SLC7A9;PPARGC1A;MIR544B;OR4F15;KIF4A,1.26570221423185,,0.0286079641549556,FALSE,""
JAVELIN,8446,HOGA1;NDNF;MYO1G;TUBB1;ILDR1,1.17605343692904,,0.146723202403471,FALSE,""
JAVELIN,8447,MFSD2A;EGR3;ITGA11;HCAR2;TP73,0.90930319312527,,0.360136545045898,TRUE,""
JAVELIN,8448,ALDH1L1;MIR3918;MYRF;MIR548AS;PHYHD1,1.40924512374416,,0.00240861523596784,FALSE,""
JAVELIN,8449,RBP4;SYBU;MYO7A;PRR15L;JAM2,1.14778682119414,,0.197974711447046,FALSE,""
JAVELIN,8450,CHDH;ACHE;PTTG1;PWRN1;MIR583,1.10732577240264,,0.357274423229124,FALSE,""
JAVELIN,8451,ITGB6;GCNT3;SLC1A1;SLC51A;RAB6B,1.13622827380307,,0.238072377133075,FALSE,""
JAVELIN,8452,LPL;AQP7;ROBO4;STAC2;CDS1,1.4172062056521,,0.00194272891271931,FALSE,""
JAVELIN,8453,NXPH4;SPX;PBX1;ESPNP;DAPK2,1.27287776527027,,0.0283725545391255,FALSE,""
JAVELIN,8454,LOC101927834;PAH;TMEM132A;ORM1;ABCG2,1.16972281870803,,0.151818865940063,FALSE,""
JAVELIN,8455,AKR7A3;MIR646;SNORD29;KCNK9;SCUBE2,1.25781564931743,,0.0375572526366258,FALSE,""
JAVELIN,8456,FXYD2;TRIM55;MXRA8;SLC18A3;SNORA78,1.29125063729671,,0.0222598502939393,FALSE,""
JAVELIN,8457,MIR3117;CRYM;FOLR2;RHBG;ZNF471,1.23025223634497,,0.0577141995121858,FALSE,""
JAVELIN,8458,PEG10;SOX6;GAMT;MIR4469;CYP27B1,1.18333685509657,,0.119574262981595,FALSE,""
JAVELIN,8459,MIR645;MIR548AA2;MIR637;CACNA2D2;PPFIA3,1.22355507291359,,0.0623336351905759,FALSE,""
JAVELIN,8460,CCL18;LAMC2;MIR197;IL1RL1;FAM132A,0.985897408351689,,0.89474214022608,TRUE,""
JAVELIN,8461,EMX2;NPY1R;GEM;SNORD114-17;GSTO2,1.20119008923673,,0.0837263001909193,FALSE,""
JAVELIN,8462,SLC34A2;MIR339;RNF128;CST1;EFS,1.13123395582898,,0.261814760477237,FALSE,""
JAVELIN,8463,OGDHL;GPRC5A;HIST1H2BO;LRRN2;COL9A2,0.903300237797547,,0.359551389280991,TRUE,""
JAVELIN,8464,MYH14;MIR3941;IGFBP6;PPBP;SERTAD4,1.14943569906916,,0.191409524584454,FALSE,""
JAVELIN,8465,NPR3;GLYATL1;PPL;MIR4654;IL1RL2,1.3781805999502,,0.00272034971578534,FALSE,""
JAVELIN,8466,CTSW;SLC12A8;2020-03-02 00:00:00;CILP2;CD244,0.920039558219787,,0.436749893474823,TRUE,""
JAVELIN,8467,COX4I2;CPXM2;SNAI2;NEFM;RLTPR,1.10942063334436,,0.324598878695929,FALSE,""
JAVELIN,8468,C14orf105;TESC;IFI44L;LRRC3;GRID1,1.10655743954418,,0.34816777542008,FALSE,""
JAVELIN,8469,MIR1180;SIGLEC14;CDH13;MIR4489;ETV7,1.14480290386741,,0.202217419163682,FALSE,""
JAVELIN,8470,PPAP2C;CCDC64;ALDOC;CNTN6;HIST2H3C,0.781933672046186,,0.0202430873691637,TRUE,""
JAVELIN,8471,MYH14;PLIN4;SNORD74;SST;LOC101928749,1.15533846421316,,0.195701029934305,FALSE,""
JAVELIN,8472,SCN9A;PPARGC1A;MIR628;TTR;GNAO1,1.22302026714202,,0.0611320261214036,FALSE,""
JAVELIN,8473,NPR3;INMT;ACSF2;C8orf34;P2RY6,1.0457568488807,,0.664171984328247,FALSE,""
JAVELIN,8474,RBP4;GPD1;ALDH1A3;MUC5B;SLC27A5,1.13492267353119,,0.246295640190835,FALSE,""
JAVELIN,8475,DCDC2;FAP;MECOM;BAAT;EPHB1,1.24390698286784,,0.0506940723916314,FALSE,""
JAVELIN,8476,SCNN1A;FOSL1;PTTG1;IRX6;CTRL,0.829788395569609,,0.0783751069308266,TRUE,""
JAVELIN,8477,GPR126;CYP4F12;MIR3975;IGF2BP3;SP140,0.957790192497737,,0.692011705084184,TRUE,""
JAVELIN,8478,ITGB6;GFRA1;FZD8;SLC26A7;COL21A1,1.30011332874707,,0.0184936035458157,FALSE,""
JAVELIN,8479,FCN3;F5;DLL4;TRPA1;RASGEF1A,1.19891136237635,,0.100253545770855,FALSE,""
JAVELIN,8480,RAP1GAP;ABCA8;PLAT;LOC101926988;RGS4,1.27500537099215,,0.0273748192184779,FALSE,""
JAVELIN,8481,CCL19;REEP6;LDLR;BAALC;RNF148,0.842871517401555,,0.105785263519245,TRUE,""
JAVELIN,8482,PSAT1;PRAP1;TMEM204;HAPLN1;GLT8D2,1.31842410825287,,0.00877223349875311,FALSE,""
JAVELIN,8483,SLC34A2;SLC12A8;MIR637;ATP6V0A4;MIR4706,1.07981737468021,,0.481716044392946,FALSE,""
JAVELIN,8484,MIR29B2;CYP4F11;PLEKHA7;PERM1;FOXD1,1.18421330936549,,0.119935815221764,FALSE,""
JAVELIN,8485,MIR29B2;CCL28;RIPK4;NMU;PCDHGA6,1.44031103142338,,0.000624396728389378,FALSE,""
JAVELIN,8486,VTRNA2-1;KCNJ3;CDH13;CHAT;ARL4D,1.60862289806834,,1.17487786783017e-05,FALSE,""
JAVELIN,8487,MIR548AR;ZNF727P;HOXD4;TEX15;HOXA10-AS,1.39967921034292,,0.00154916758729453,FALSE,""
JAVELIN,8488,SPOCK1;C2;FKBP9P1;ALAS2;KCNA3,0.826732726375864,,0.0842849844102795,TRUE,""
JAVELIN,8489,SCN9A;HAMP;TSKU;SLC51A;ZSWIM5,1.45031045548808,,0.000579560834453576,FALSE,""
JAVELIN,8490,C8orf4;AQP7;MST1;PPP1R14D;RBPMS2,1.56735564897601,,6.02751869395031e-05,FALSE,""
JAVELIN,8491,CRB3;INHBB;TMEM132A;ATOH8;KLHL13,1.15573676130257,,0.184813066335835,FALSE,""
JAVELIN,8492,PROM1;ADRA2A;TREM2;CRB2;MIR4706,1.15413365306913,,0.190847980394281,FALSE,""
JAVELIN,8493,FNDC1;SNORD87;TEK;BMPER;DGKI,1.33203249002079,,0.00941750395475431,FALSE,""
JAVELIN,8494,SLPI;BTNL9;LDLR;KLB;DAPP1,0.939710204794886,,0.574813283055264,TRUE,""
JAVELIN,8495,RASD1;CD79A;FOLR2;MIR100;SNCA,1.08466212776193,,0.431357538676311,FALSE,""
JAVELIN,8496,MYOM3;MIR548AA2;CDH13;MIR582;CATSPERG,1.38396848552673,,0.00231471917856098,FALSE,""
JAVELIN,8497,PCOLCE2;KCNIP4;HOXD4;KCNH6;COL21A1,1.46915861903037,,0.00029307228207457,FALSE,""
JAVELIN,8498,GPT;GLIS1;MIR4435-2;SALL4;POU5F1P4,1.40533009052138,,0.00145959265736688,FALSE,""
JAVELIN,8499,REG1A;SIGLEC14;MIR1207;SLITRK2;WISP1,1.05210097337435,,0.646720904338026,FALSE,""
JAVELIN,8500,LPL;FOSL1;DMD;GAS2;PGM5,1.18159220416966,,0.125803801753524,FALSE,""
JAVELIN,8501,ZDHHC11B;ZNF711;MECOM;TNFRSF17;STEAP1B,1.23681136416221,,0.05652707300404,FALSE,""
JAVELIN,8502,TMEM27;MIRLET7F1;ALDOC;DPYSL4;GZMM,1.2542092944131,,0.0435788052975709,FALSE,""
JAVELIN,8503,NPNT;FLRT3;SNAI2;CILP2;MIR3942,1.25629637251398,,0.0362380436484125,FALSE,""
JAVELIN,8504,F8;REEP6;TMEM204;SLC17A2;MIR3942,1.38417250873653,,0.00304977487987088,FALSE,""
JAVELIN,8505,ZDHHC11B;MIR3145;MCF2L;FOXA2;VN1R1,1.26866724083802,,0.023759953185825,FALSE,""
JAVELIN,8506,ACSM5;NAGS;ALDH1A3;TMEM252;NAV3,1.13200036059256,,0.242845420224874,FALSE,""
JAVELIN,8507,COX4I2;NPY1R;DMD;SNORD114-25;TMOD1,1.10226831948829,,0.369230129181305,FALSE,""
JAVELIN,8508,TENM1;ETNK2;SNORA26;NOG;GRAP2,1.20505491624507,,0.0899950371952841,FALSE,""
JAVELIN,8509,SHROOM3;PPP1R1A;ARHGEF15;CASR;IL17RE,1.33363288785001,,0.0124267265815312,FALSE,""
JAVELIN,8510,GATA3;KIT;ARL4C;SLC26A7;E2F8,0.951049247579606,,0.633748410035734,TRUE,""
JAVELIN,8511,C1orf186;EXPH5;MS4A4A;VWDE;AGAP11,1.57363217852458,,2.272967162531e-05,FALSE,""
JAVELIN,8512,ACSM5;GFRA1;DCBLD2;CFTR;KLHL13,1.32099975881299,,0.0125095569100393,FALSE,""
JAVELIN,8513,RAP1GAP;GPRC5A;MIR4435-2;NAT8L;ZNF334,1.09563096463848,,0.406704478389926,FALSE,""
JAVELIN,8514,GZMA;EPPK1;ID1;KLHL4;RNF148,1.09407627460414,,0.382050963811598,FALSE,""
JAVELIN,8515,MIR3117;ANXA13;PTER;DUSP9;ZNF831,1.07871127270849,,0.489018805151966,FALSE,""
JAVELIN,8516,PDLIM4;GRB14;ACSF2;NCAM2;COL21A1,1.17472201154014,,0.125967838471163,FALSE,""
JAVELIN,8517,CD27;PLA2G2A;MIR3975;MIR346;EPHB3,1.02165653156907,,0.842928383803258,FALSE,""
JAVELIN,8518,TFPI2;ROR2;PPL;MIR4274;TMEM232,1.25204925010544,,0.0347412171041372,FALSE,""
JAVELIN,8519,TACSTD2;MAPK15;PIEZO2;TRPA1;NEIL3,1.23634783707809,,0.0482727122683725,FALSE,""
JAVELIN,8520,ADAM12;GDA;MIR1537;CPA4;RGS11,0.890251309977835,,0.278445290316695,TRUE,""
JAVELIN,8521,PIGR;SNORD67;DPYSL3;SLC10A2;EXO1,1.16763551213526,,0.159866572413051,FALSE,""
JAVELIN,8522,ALPK3;BEX2;CACNA2D1;STAC2;KBTBD11,1.29220807904111,,0.01970668920894,FALSE,""
JAVELIN,8523,FXYD2;ABCB4;DENND2A;ADIPOQ;FBXO27,1.28861134831601,,0.0204742119851877,FALSE,""
JAVELIN,8524,TMEM27;PDGFRL;ID1;MIR3187;LRRC17,1.4105964257656,,0.00162465940605796,FALSE,""
JAVELIN,8525,MYO3A;SNORD77;MXRA8;MIR548AS;GRID1,1.20766809174297,,0.0840815400321426,FALSE,""
JAVELIN,8526,PYCR1;TRIM55;PLEKHA7;MIR380;SNORD58C,1.26753284334219,,0.0279218974584897,FALSE,""
JAVELIN,8527,OLFML2A;TNFSF14;HIST1H2BM;MIR95;ABCG2,1.21848350140255,,0.0804736085390259,FALSE,""
JAVELIN,8528,RAB17;MOXD1;COL5A3;ICAM5;FCRL6,1.05463505115897,,0.617521696826229,FALSE,""
JAVELIN,8529,NXPH4;CXCR3;DLL4;DLK2;MELK,1.03676225355878,,0.747855371449517,FALSE,""
JAVELIN,8530,FNDC1;DUSP2;MST1;TFR2;PPP1R3G,1.02382834921324,,0.830580408960709,FALSE,""
JAVELIN,8531,SNORD14C;MIR554;ID4;MIRLET7G;LOC101928003,1.05710007686745,,0.600891623559682,FALSE,""
JAVELIN,8532,CTSW;C2;HRSP12;TRPA1;MTCP1,1.22752959085762,,0.0626729784687037,FALSE,""
JAVELIN,8533,HABP2;GLIS1;SNORA48;STRIP2;JAM2,1.19767605088582,,0.0868502937443654,FALSE,""
JAVELIN,8534,LOC101927834;NAGS;S1PR3;CXCR1;MIR643,1.17240797849517,,0.140563316178579,FALSE,""
JAVELIN,8535,BCMO1;HPGD;MIR4784;ATP13A4;DNAH6,1.35264321995364,,0.00695965487106138,FALSE,""
JAVELIN,8536,OLR1;PPP1R1A;LDLR;CA3;POLQ,0.856738727357277,,0.159384109681565,TRUE,""
JAVELIN,8537,FXYD2;TESC;PPL;MUC5B;LOC283278,1.19458154169692,,0.100287042378098,FALSE,""
JAVELIN,8538,MIA2;MIR554;CRISPLD2;CRB2;MIR581,1.20410345590105,,0.101649748969882,FALSE,""
JAVELIN,8539,TENM1;ADRA2C;TMEM204;ADRA1A;SYNC,1.34898352779844,,0.00515133573957225,FALSE,""
JAVELIN,8540,MUC3A;BTNL9;SNORD12B;SLITRK2;LOC553103,1.19269444505652,,0.0984984868011979,FALSE,""
JAVELIN,8541,AGMO;HAMP;HOXD9;PTGES;MIR1284,1.40946904106384,,0.00142093650134101,FALSE,""
JAVELIN,8542,SORBS2;COLEC12;MIR938;GLRB;RNF157,1.14074161951555,,0.231739900639417,FALSE,""
JAVELIN,8543,OLR1;CCDC64;ITGA11;GYG2;CCR6,1.14400926350682,,0.19919788941535,FALSE,""
JAVELIN,8544,RASD1;PCK1;ID1;PTPRQ;LTB,1.18008814820872,,0.139357183941003,FALSE,""
JAVELIN,8545,STEAP4;CLDN3;EMP1;MFAP5;LOC441402,1.30434416457361,,0.0199514900978754,FALSE,""
JAVELIN,8546,NPNT;TTN;IL2RB;C9;AK7,1.22852777976752,,0.0533844350137005,FALSE,""
JAVELIN,8547,UGT8;HRH2;SNORA26;AMZ1;IL17RD,1.3382187546409,,0.00630751051436542,FALSE,""
JAVELIN,8548,AKR7A3;PTGER3;SNORD116-28;APOH;C14orf64,1.44617857201991,,0.00134489994643009,FALSE,""
JAVELIN,8549,WDR72;CDH23;PPL;BMP5;LRP8,1.07850943116107,,0.488205405873099,FALSE,""
JAVELIN,8550,DDC;ELOVL7;PC;ITPKA;FAM69B,1.40043936853147,,0.00299252882388228,FALSE,""
JAVELIN,8551,MIR548AR;ESRP2;PLEKHA7;FXYD4;CCR6,1.24951866704736,,0.0438407211638466,FALSE,""
JAVELIN,8552,ACE2;ADAMTS14;HOXD9;VNN3;DPY19L2P2,1.32124656329707,,0.0107121948519442,FALSE,""
JAVELIN,8553,DDC;VANGL2;PTTG1;FOXB2;SERTAD4-AS1,1.32305258144717,,0.00920955161691006,FALSE,""
JAVELIN,8554,NEB;CHST13;PLAUR;MIR93;GPRIN1,0.837479425323677,,0.118200470579282,TRUE,""
JAVELIN,8555,SEC14L6;ZFHX4;ADAMTS2;MIR4486;EPHB3,1.05638489701816,,0.622835101690385,FALSE,""
JAVELIN,8556,NPNT;GYLTL1B;NT5E;SNORD115-12;COLCA2,1.44685647547314,,0.00111328403733875,FALSE,""
JAVELIN,8557,MIR4317;AQP7;MIR4784;SNORD114-25;CCDC3,1.12635408333517,,0.255905037571752,FALSE,""
JAVELIN,8558,ACADL;MIR3918;MIR4784;SMPD3;CORO2B,1.2255780581394,,0.0588656166157708,FALSE,""
JAVELIN,8559,MYH14;WNK4;CCL4;CAMK2B;DBH-AS1,0.969795148652865,,0.779934015484657,TRUE,""
JAVELIN,8560,FGG;APOLD1;TSKU;MIR574;LOC101928494,1.19502304551837,,0.112914817623952,FALSE,""
JAVELIN,8561,MIR4526;ADAMTS14;PDLIM3;SLC36A2;AGBL3,1.31652826791835,,0.0111265850488143,FALSE,""
JAVELIN,8562,SPAG17;MIR3941;ITGA11;DIO1;LOC400043,1.36858595711892,,0.00469724994887814,FALSE,""
JAVELIN,8563,MIR30A;MAP7D2;APCDD1;DDX43;LOC441402,1.22216204710968,,0.0566208112360417,FALSE,""
JAVELIN,8564,SRPX;FABP7;CCL4;ETV4;GPRIN1,0.866754763704543,,0.201723359446198,TRUE,""
JAVELIN,8565,FGG;NAPSA;ADAMTSL3;C19orf80;MIR1288,1.45882092582791,,0.00055459689922132,FALSE,""
JAVELIN,8566,GZMA;CLDN3;SNORD116-8;SNORD114-2;MIR3674,1.20927077095597,,0.0721122146551704,FALSE,""
JAVELIN,8567,DCDC2;MYO7B;RNF128;DUSP9;ILDR1,1.21546702487207,,0.0763506720033428,FALSE,""
JAVELIN,8568,SULT1C4;SLC2A2;MIR544B;ROS1;FLT3,1.2749424401374,,0.0244274737760446,FALSE,""
JAVELIN,8569,MIR30A;FUT6;PPL;SAA2;TRIM6,1.12839701127294,,0.251454660284849,FALSE,""
JAVELIN,8570,MIR142;PCDHGA5;EFNA1;DUSP15;MFAP3L,1.27728346873335,,0.0214435563960254,FALSE,""
JAVELIN,8571,MIR548AR;NLGN4Y;TMEM132A;MIR1271;MIR765,0.86562010513186,,0.175057504387753,TRUE,""
JAVELIN,8572,AOC1;EGR3;PLEKHA7;AMBP;MDH1B,1.38758793666945,,0.00269949017439576,FALSE,""
JAVELIN,8573,COL4A3;CCDC64;PPL;CACNA2D2;PADI2,1.08900136691419,,0.430174203951901,FALSE,""
JAVELIN,8574,FRAS1;SOX6;DENND2A;IRX6;CCDC36,1.58101208038264,,2.33821909090638e-05,FALSE,""
JAVELIN,8575,QPCT;SIGLEC14;MECOM;UNC93A;LOC401317,1.10425468152105,,0.369306274793014,FALSE,""
JAVELIN,8576,HOGA1;CDH23;HRSP12;HLA-G;CADM4,1.16456748188632,,0.160066220355888,FALSE,""
JAVELIN,8577,SLC34A2;KISS1R;HOXD9;NAT8L;MPP7,1.46920992394752,,0.000543290735796105,FALSE,""
JAVELIN,8578,AOC1;VEPH1;MS4A4A;DUSP9;MYCT1,1.46814024004,,0.000405484903448709,FALSE,""
JAVELIN,8579,ANO9;SYBU;SNORA26;PKP3;MIR4295,0.942026186792121,,0.577927601309692,TRUE,""
JAVELIN,8580,IL17RB;SMTNL2;SLC2A9;SCUBE1;RBPMS2,1.40225877160432,,0.00244843264271618,FALSE,""
JAVELIN,8581,ANK3;RGN;FOLR2;PITX2;CASZ1,1.15560634854925,,0.173827887155069,FALSE,""
JAVELIN,8582,RERG;SLC22A3;HIST1H2BO;PITX2;MIR627,1.04722636510427,,0.67260086906387,FALSE,""
JAVELIN,8583,SLC34A2;SLC23A3;ALDH1A3;IGF2BP3;CATSPERG,0.989701410149578,,0.922589265749815,TRUE,""
JAVELIN,8584,TENM1;HOXD11;FZD8;KCNJ1;SIX1,1.28658645382438,,0.0243021158629547,FALSE,""
JAVELIN,8585,UPB1;SLC5A10;ECM2;AP3B2;ARHGAP28,1.54670220829082,,4.86090653420039e-05,FALSE,""
JAVELIN,8586,NPNT;SMTNL2;MIR4435-2;SYT8;FAXDC2,1.27147550182389,,0.0217111036005896,FALSE,""
JAVELIN,8587,PRSS8;GJB1;MECOM;MYOT;MIR4771-2,1.30716006746134,,0.0121106803529366,FALSE,""
JAVELIN,8588,EXOC3L4;SPEG;LDLR;CYP4A22;CXCR6,0.958826092526552,,0.694261679869168,TRUE,""
JAVELIN,8589,REG1A;CCDC183;PPL;FAM153C;RASL12,1.36359829586929,,0.00458306686893471,FALSE,""
JAVELIN,8590,SLCO4C1;MIR378H;MIR544B;TFF3;GPR160,1.46734127026738,,0.000309940895500206,FALSE,""
JAVELIN,8591,FABP4;CD3G;ARHGEF15;CILP2;IL17RD,1.12407594457283,,0.25918028406501,FALSE,""
JAVELIN,8592,ADAMTSL2;LTF;ID1;MIR10A;MIR548J,1.29142172090981,,0.0178546854378482,FALSE,""
JAVELIN,8593,MIR4526;CPA3;MAP4K1;CTSE;CLEC10A,1.04006031099223,,0.703345863685049,FALSE,""
JAVELIN,8594,SLIT2;COL7A1;NT5E;SCUBE1;EFS,0.941166672091729,,0.578628069350876,TRUE,""
JAVELIN,8595,AOC1;CXCL8;SELENBP1;CNTFR;TSPAN32,1.22924728151059,,0.0547668723039668,FALSE,""
JAVELIN,8596,TACSTD2;MAPK15;ALDH1A3;HCN2;SNORD103B,0.97518059368449,,0.812504210653002,TRUE,""
JAVELIN,8597,OLR1;CDCP1;LY96;CST2;GNAO1,0.971612501359764,,0.793398297555311,TRUE,""
JAVELIN,8598,CD38;ANXA13;CACNA1C;C9orf66;CACNA2D4,1.31203725063229,,0.0121841077495321,FALSE,""
JAVELIN,8599,MIR645;ELOVL7;SNORD59A;MIR758;MIR593,1.16736759722999,,0.134022150493894,FALSE,""
JAVELIN,8600,MIR548AR;SLAMF7;SNORD33;SBSN;LOC101928749,1.08744580429527,,0.429244331891027,FALSE,""
JAVELIN,8601,MFSD2A;STK32B;PTTG1;PCDHGA3;ICOS,0.921628396091114,,0.443747192315656,TRUE,""
JAVELIN,8602,SMIM24;LOC101928757;HMCN1;CYP4F2;AGAP11,1.41107021434466,,0.000994047948590632,FALSE,""
JAVELIN,8603,NR4A3;MIR548AA2;DMD;SNORD114-14;POLQ,0.989156308020103,,0.921153998824817,TRUE,""
JAVELIN,8604,GZMK;SLC2A2;MECOM;PCDHB2;PDCD1LG2,1.1272642422513,,0.259113470620855,FALSE,""
JAVELIN,8605,FOLH1;ANKRD18A;TMEM204;C5orf38;KIAA1755,1.37833605463457,,0.00340991389323772,FALSE,""
JAVELIN,8606,ABCA6;MIRLET7A2;SNORD59A;SFTPA2;CD40LG,1.13971044822061,,0.223549261054981,FALSE,""
JAVELIN,8607,PLAC9;CHRDL1;ROBO4;TOX3;TNFRSF18,1.21209502613975,,0.0760998692764481,FALSE,""
JAVELIN,8608,CXCL1;FUT6;ARL4C;LINC00671;LOC553103,1.27551263975533,,0.0267610486529455,FALSE,""
JAVELIN,8609,LOC101927960;IGFBP1;S1PR3;S100P;S1PR4,0.986606698717375,,0.901210406014018,TRUE,""
JAVELIN,8610,NLGN1;CHI3L2;DLL4;CABP1;EMR4P,1.57979693916329,,2.64249070785138e-05,FALSE,""
JAVELIN,8611,TACSTD2;RARRES1;MIR3975;IL1RL1;GSTO2,1.06298168270047,,0.576208992316042,FALSE,""
JAVELIN,8612,ACSM5;TMEM171;TMEM204;MIR3178;FAM162B,1.50921586983426,,0.000240907402959033,FALSE,""
JAVELIN,8613,C1orf186;F5;SNORD29;RHCG;FAM184A,1.08960513959097,,0.434552294235553,FALSE,""
JAVELIN,8614,MIR23C;MIR4326;HRSP12;RANBP3L;BIRC5,1.26322569498702,,0.0314982087636254,FALSE,""
JAVELIN,8615,GLYAT;ETNK2;EMP1;MIR4685;SPTBN5,1.37075392043296,,0.00348707534771682,FALSE,""
JAVELIN,8616,CD27;CYP2C9;MYO5B;LOC101929578;MIR3135A,1.04121079913099,,0.707010342296777,FALSE,""
JAVELIN,8617,GBP5;SERPINA6;COL5A3;CYP4B1;TMOD1,1.08266164445013,,0.454438974314639,FALSE,""
JAVELIN,8618,NLGN1;SLC27A2;PDLIM3;DMBT1;CYP2D7P,1.60121248990769,,1.70512702006239e-05,FALSE,""
JAVELIN,8619,RAP1GAP;MIR616;MIR1207;SERPINA5;THSD4,0.987996346933041,,0.913001354141894,TRUE,""
JAVELIN,8620,AOC1;HPD;EFNA1;FAM153B;RNF133,1.596640988363,,2.27316410866605e-05,FALSE,""
JAVELIN,8621,IGF2BP2;FGA;CACNA2D1;PRND;SNORD45B,0.947855675171899,,0.616440151530944,TRUE,""
JAVELIN,8622,SBSPON;MIRLET7E;MIR1537;LINC00671;FAM110C,1.49353411903026,,0.000252291676981874,FALSE,""
JAVELIN,8623,FGB;CES3;SNORD33;DDX43;ADORA2B,1.20317045284751,,0.0739411102961478,FALSE,""
JAVELIN,8624,OGDHL;HYDIN;TEK;SCARA5;PHYHD1,1.27192379483462,,0.0320788105312736,FALSE,""
JAVELIN,8625,TSPAN7;ZFHX4;ROBO4;C1orf116;FLT3,1.03698820252344,,0.7301489319501,FALSE,""
JAVELIN,8626,PDLIM4;OLFM2;RASGRP1;KCNA5;GRTP1,1.12861205101083,,0.266516050384135,FALSE,""
JAVELIN,8627,IL17RB;SIGLEC14;SNORD59A;PCDHB2;COL9A2,1.19441901789694,,0.10208111314483,FALSE,""
JAVELIN,8628,RAB17;FOXF1;NT5E;TNIP3;SNCA,1.21916076817254,,0.0613563705922674,FALSE,""
JAVELIN,8629,MYBL2;MIR378A;RASGRP1;KLHL4;PCDHB16,1.0358575688992,,0.752415397327413,FALSE,""
JAVELIN,8630,COMP;CPXM2;EMP1;HBG2;OSR1,1.08336538371516,,0.44385598106643,FALSE,""
JAVELIN,8631,C1orf186;MAL2;PDLIM3;MIR592;PAPPA-AS1,1.25739700138487,,0.0310502775720475,FALSE,""
JAVELIN,8632,TMEM27;SYBU;TMEM132A;OR2T3;WNT9A,0.973285010128423,,0.803798984487635,TRUE,""
JAVELIN,8633,GLYAT;LOC101928757;MIR4435-2;IRX6;PCDHB15,1.41755165290795,,0.00188919985519489,FALSE,""
JAVELIN,8634,AGMO;MOXD1;PTTG1;FGF14;NOVA1,1.36976695634062,,0.0043128417888699,FALSE,""
JAVELIN,8635,FXYD2;KISS1R;MIR1537;SFTPA1;GLT8D2,1.45300185867748,,0.000279252088198919,FALSE,""
JAVELIN,8636,ARHGEF16;SLC4A3;LY96;CFTR;PABPC4L,1.25120457037774,,0.0428923573769355,FALSE,""
JAVELIN,8637,SULT1C4;MIR616;CRISPLD2;CACNA1E;TBX21,1.14698264234454,,0.189042224120433,FALSE,""
JAVELIN,8638,EMX2;HPGD;DPYSL3;PERM1;MELK,1.16009666935668,,0.163391830464525,FALSE,""
JAVELIN,8639,VTRNA2-1;HRH2;COL5A3;CRYAA;MYCT1,1.61585412879675,,9.9624468455407e-06,FALSE,""
JAVELIN,8640,MIR645;SPEG;HOXD4;NMU;EGFLAM,1.14502119572519,,0.211134702320466,FALSE,""
JAVELIN,8641,ADAMTSL2;TNXB;PTER;MIR100;MIR3135A,1.2294793215175,,0.0443722783765601,FALSE,""
JAVELIN,8642,MIR4292;GRB14;COX7A1;PRIMA1;FRMD3,1.39218068410178,,0.00263614038215986,FALSE,""
JAVELIN,8643,C8orf4;CMYA5;RHOBTB3;MIR431;HOXD3,1.2459691839575,,0.0463006118617049,FALSE,""
JAVELIN,8644,MIR548AR;GABRD;TEK;MIR539;C14orf64,1.4211619756221,,0.000535176025517343,FALSE,""
JAVELIN,8645,AKR7A3;MIR4676;MIR3975;FAM153B;RNF133,1.49950726284749,,0.000157481401860547,FALSE,""
JAVELIN,8646,PLA2G7;MAP7;MIR938;LRRC7;ANKRD29,1.27098180541974,,0.033339269072549,FALSE,""
JAVELIN,8647,IKZF3;SNORD114-10;RIPK4;SCN2A;TG,1.13690435573753,,0.246076214240203,FALSE,""
JAVELIN,8648,STEAP4;MIR4804;MYO5B;CCL8;ZNF667-AS1,0.877633030364467,,0.223192351094025,TRUE,""
JAVELIN,8649,SNORD14C;C4A;SLC2A9;SLITRK2;CADM4,1.1800598506162,,0.126888051321474,FALSE,""
JAVELIN,8650,MUC3A;GABRD;TSKU;PPP1R14D;SNCA,1.18280025352613,,0.115086817007186,FALSE,""
JAVELIN,8651,CCL18;MT1A;PTTG1;MYRFL;MMP25,0.897918837839585,,0.32145326919733,TRUE,""
JAVELIN,8652,PEG10;CDA;MST1;SLC52A3;NCAPG,1.04754047139369,,0.674096598488972,FALSE,""
JAVELIN,8653,SORBS2;NLGN4Y;HMCN1;CYP21A2;LOC101927236,1.34918647809846,,0.0048622459181061,FALSE,""
JAVELIN,8654,C8orf4;GPC3;ADAMTSL3;SLC22A24;THEMIS,1.2903350588385,,0.015182551827038,FALSE,""
JAVELIN,8655,MIR3189;SNORD67;TREM2;PTX3;GRAP2,0.996441525401671,,0.974125077248581,TRUE,""
JAVELIN,8656,TSPAN7;MIR3941;SNORD12B;SLC26A9;DBNDD1,1.06300480586439,,0.548256202637573,FALSE,""
JAVELIN,8657,BCL2A1;C2;SLC1A1;HSD17B6;TNFRSF18,1.04576221810122,,0.673321404267561,FALSE,""
JAVELIN,8658,MIR3117;ABCA8;RGL3;HSD17B6;GPR68,1.22351983906423,,0.0544760701720684,FALSE,""
JAVELIN,8659,TSPAN7;NLGN4Y;ACSF2;ALX1;SNORA70D,1.07451583496856,,0.506640977184076,FALSE,""
JAVELIN,8660,MAL;EXPH5;SNORD59A;TNNC2;MIR579,1.3324933176337,,0.0105999433037654,FALSE,""
JAVELIN,8661,SLC16A12;MIR23B;SNORD6;NPHS1;ZNF471,1.37542887100937,,0.00426176607952854,FALSE,""
JAVELIN,8662,SLC16A12;TMEM171;FPR1;PAPPA2;PLAC8,0.962838782179694,,0.722466140703536,TRUE,""
JAVELIN,8663,FMO3;FAP;HIST1H2AL;LPPR5;LRRC4,1.04088713309297,,0.710088411602006,FALSE,""
JAVELIN,8664,S100A8;CCDC64;GPC4;CXorf30;PRRT3-AS1,1.03000561371664,,0.777236847472398,FALSE,""
JAVELIN,8665,ASPN;CDH23;TIE1;TNIP3;CLEC10A,1.07178400050056,,0.504477095694176,FALSE,""
JAVELIN,8666,UGT2A3;IGFBP1;PLAT;MIR585;ACTA2-AS1,1.13247738324373,,0.244119870949991,FALSE,""
JAVELIN,8667,BCMO1;NPY6R;PBX1;A1CF;MIR3942,1.59503189942697,,3.44886207192952e-05,FALSE,""
JAVELIN,8668,TTC39A;SNORD115-5;ANGPT2;DNAH9;WNT3,1.25836160317751,,0.036852479546547,FALSE,""
JAVELIN,8669,MIA2;MIRLET7E;SNORD12B;CYP21A1P;FLRT2,1.29795258879134,,0.0208623508088707,FALSE,""
JAVELIN,8670,GLYAT;CD79A;LZTS1;MAMDC2;SNORA70D,1.25599344474447,,0.0302326296986342,FALSE,""
JAVELIN,8671,EXOC3L4;GRM8;FAM20A;SLC6A19;DYNLRB2,1.44567245047619,,0.000840022142472464,FALSE,""
JAVELIN,8672,HIF1A-AS2;SFN;ALDH1A3;OCA2;LOC553103,1.17145463511211,,0.135249838438064,FALSE,""
JAVELIN,8673,TSPAN13;MIRLET7D;TMEM132A;WFDC5;ZNF471,0.932587814481372,,0.523961772428713,TRUE,""
JAVELIN,8674,TSPAN13;MIR148B;PIEZO2;CYP4A22;HOXA7,1.53966944034934,,9.50960226241736e-05,FALSE,""
JAVELIN,8675,BCMO1;GRB14;SNORD116-16;MIR3193;EPHB1,1.49850966661683,,0.000181723809628162,FALSE,""
JAVELIN,8676,SNCG;SMTNL2;DCBLD2;SOX11;ETV1,1.16553948596561,,0.17594346332832,FALSE,""
JAVELIN,8677,MACC1;STEAP1;MIR3125;SALL4;ZSCAN31,1.44831586900354,,0.000700853383123846,FALSE,""
JAVELIN,8678,MIA2;ARG2;RASGRP1;XCR1;MIR3157,1.31397908610635,,0.010908587174738,FALSE,""
JAVELIN,8679,MFSD2A;MIR3941;SNORD116-28;MTTP;SNCA,1.12977730110822,,0.261339221285063,FALSE,""
JAVELIN,8680,PLAC9;EGR3;MYO7A;GSTM5;EMR4P,1.2470845942343,,0.0346834466550809,FALSE,""
JAVELIN,8681,UGT2A3;SIGLEC14;MS4A4A;CNFN;TIAM2,1.00540353434005,,0.958544381868511,FALSE,""
JAVELIN,8682,TMEM27;MMP19;SNAI2;TNNI3;GRHL1,1.21168269809333,,0.0788103439907472,FALSE,""
JAVELIN,8683,MYOM3;MIR548AA2;MIR628;DMBT1;LOC441402,1.41739227053401,,0.000940533586641426,FALSE,""
JAVELIN,8684,COL4A4;PTGER3;SLC1A1;KCNJ10;BIRC5,1.23575050639657,,0.0591834425976197,FALSE,""
JAVELIN,8685,MIR23C;FAP;SNORD116-28;B3GAT1;OSR1,1.08285204747719,,0.459423325722721,FALSE,""
JAVELIN,8686,HOXC10;CLDN3;TIE1;CFTR;MIR4706,1.50015496222158,,0.000249862567645568,FALSE,""
JAVELIN,8687,ABO;UBASH3A;SLC2A9;CTSG;AGBL3,1.28904648012725,,0.0131657892915108,FALSE,""
JAVELIN,8688,MIR3117;CDH23;TREM2;ESRP1;EMP2,1.21512004135017,,0.0654197001098054,FALSE,""
JAVELIN,8689,UBD;EMX1;PBX1;FOXA2;ZNF831,1.10189365863564,,0.365258153714057,FALSE,""
JAVELIN,8690,UGT2A3;STK32B;SNORD74;BMPER;FIBIN,1.4610407393657,,0.000289719021080201,FALSE,""
JAVELIN,8691,PLA2G7;MIR1303;MIR628;OGN;RBM20,1.39335425715817,,0.00206439440399458,FALSE,""
JAVELIN,8692,PCOLCE2;PTGER3;PDLIM3;FAM3B;THRB,1.3795990595155,,0.00291499679082549,FALSE,""
JAVELIN,8693,SEC14L6;MIR4731;SLC2A9;SLC6A18;ACTA2-AS1,1.49578577925066,,0.000159890419856903,FALSE,""
JAVELIN,8694,QPCT;PTGS2;HIST1H4L;CYP11A1;MIR98,0.963983207240251,,0.730152613516376,TRUE,""
JAVELIN,8695,MIR30A;SLC5A10;CSF3R;HCN2;SNORD103B,1.0389761127315,,0.722039414473334,FALSE,""
JAVELIN,8696,SMIM24;ABCA8;SNORD74;ELFN2;OSR1,1.12510137006411,,0.274732661198374,FALSE,""
JAVELIN,8697,MGAT3;FCGBP;MYO7A;UGT2B4;ATP1B2,1.52504393149572,,0.000139706389931613,FALSE,""
JAVELIN,8698,NOX4;SOX6;GEM;TMEM252;TMEM246,1.42654160462735,,0.00106566403617255,FALSE,""
JAVELIN,8699,KRT7;HP;MAP4K1;ZBTB7C;SNORD19B,0.891439733381665,,0.282066464559527,TRUE,""
JAVELIN,8700,SLPI;DPEP1;ITGA11;MYOT;MIR548J,1.13775082558609,,0.225968378973755,FALSE,""
JAVELIN,8701,MYH14;KMO;SNORA26;KCNN1;CD200R1,1.07329845544523,,0.516328293531709,FALSE,""
JAVELIN,8702,GBP5;ESPN;LZTS1;MUC12;MIR4779,1.00841957973476,,0.940156618708609,FALSE,""
JAVELIN,8703,CCL20;LAG3;HIST1H2BO;MIR379;CD28,0.862453600789663,,0.177300803557185,TRUE,""
JAVELIN,8704,TBX3;AIF1L;MIR1207;FCER1A;ACTA2-AS1,1.1773132887864,,0.11715423687338,FALSE,""
JAVELIN,8705,C1orf106;FAP;EFNA1;FERMT1;CACNA2D4,1.09480396890927,,0.417625644868081,FALSE,""
JAVELIN,8706,SCN9A;HRH2;CACNA1C;ASXL3;CCR6,1.53601878724447,,3.9126515618417e-05,FALSE,""
JAVELIN,8707,MIR3117;COL7A1;MYRF;PPBP;ABCG2,0.985191377081001,,0.892196469465207,TRUE,""
JAVELIN,8708,CD38;SNORD65;CALCRL;CYP4A22;PARP15,1.11012984376265,,0.309680910919822,FALSE,""
JAVELIN,8709,RAB17;GLYATL1;MS4A4E;FAM83F;DLGAP5,1.45863348198858,,0.000421553099275338,FALSE,""
JAVELIN,8710,BBOX1;SORCS2;EFNA1;CNDP1;CYP2D7P,1.42777645665091,,0.000809001355262776,FALSE,""
JAVELIN,8711,MFSD2A;SORCS2;PDLIM3;ATOH8;SNORD45B,1.00824085553023,,0.937967259952204,FALSE,""
JAVELIN,8712,LAMC3;CMYA5;DMD;SP5;MIR3664,1.11113245707371,,0.32737874419124,FALSE,""
JAVELIN,8713,PSAT1;MAL2;FKBP9P1;MIR1271;SYCE1L,0.871440847793384,,0.205967670938366,TRUE,""
JAVELIN,8714,MIR4317;CES3;FOLR2;ASPG;SERTAD4,1.49629802569763,,0.000154430922335375,FALSE,""
JAVELIN,8715,WDR72;CDH23;DLL4;SLC26A7;SMG1P5,1.50724839433361,,0.000202714152461257,FALSE,""
JAVELIN,8716,PCDHGB2;MIR3918;MECOM;IBSP;DPY19L2P2,1.45596445695995,,0.000633838727046581,FALSE,""
JAVELIN,8717,GATA3;LTF;S1PR3;A1CF;RNF148,1.20616541616779,,0.0936269928559373,FALSE,""
JAVELIN,8718,BBOX1;F5;TOP2A;MIR127;MIR4706,1.07540048855331,,0.50026206526329,FALSE,""
JAVELIN,8719,MIR4652;MAP7D2;SEMA4G;PCDHB2;EMP2,1.2757143798674,,0.0240370987176298,FALSE,""
JAVELIN,8720,UGT8;ESPN;SNORD59A;MIR3193;KCNMB4,1.45222747424618,,0.000620875767189036,FALSE,""
JAVELIN,8721,FMO3;ITGBL1;COX7A1;WFDC10B;GRAP2,0.993344455386115,,0.949418800934241,TRUE,""
JAVELIN,8722,HIF1A-AS2;NEBL;MST1;TEX11;RASSF6,1.32110668999841,,0.00957402476394389,FALSE,""
JAVELIN,8723,UGT8;CCL28;MYO7A;FGF14;MEFV,1.39461026628035,,0.00159996146896172,FALSE,""
JAVELIN,8724,JPH2;MIR186;CALCRL;PLA2G1B;DLG2,1.43518733668911,,0.000420393764212904,FALSE,""
JAVELIN,8725,ADAM12;MIR1203;MIR637;MIR548A1;LY9,0.923237941803414,,0.46053052642274,TRUE,""
JAVELIN,8726,SLC17A1;LRG1;MYO1G;GRIK4;THSD4,1.03308341636683,,0.753665110217747,FALSE,""
JAVELIN,8727,IL6;GDA;IGFBP6;SNORD114-7;CKAP2L,0.900449876125491,,0.336385219392835,TRUE,""
JAVELIN,8728,SEC14L6;MZB1;CCL4;PCDHB6;CYP2D7P,1.20826583302771,,0.0845849433402765,FALSE,""
JAVELIN,8729,SBSPON;MIR3145;CACNA1C;ENAM;KIF26A,1.58198496002441,,1.5582937458468e-05,FALSE,""
JAVELIN,8730,TTC39A;CDCP1;PDLIM3;GDF6;LOXL4,1.24761775997609,,0.0501759363001182,FALSE,""
JAVELIN,8731,MUC3A;MIR148B;SNORD29;FGF14;C14orf37,1.23505116147067,,0.0498586243878271,FALSE,""
JAVELIN,8732,UBD;ASPHD1;TREM2;STRIP2;SNORD60,0.92093550045118,,0.458178749398403,TRUE,""
JAVELIN,8733,STEAP4;PAH;ANGPT2;MIR1208;GPR160,1.31966317970594,,0.0133535047427991,FALSE,""
JAVELIN,8734,MIR548AR;MIRLET7A2;DMD;CAMK2B;KIF2C,1.20798844899267,,0.0828750520267508,FALSE,""
JAVELIN,8735,LOC101927834;CDHR1;SNORA26;MIR425;GSTO2,1.24610866932194,,0.0475181459370657,FALSE,""
JAVELIN,8736,ARHGEF16;ESRP2;SNORD12B;COL25A1;KCNQ4,1.21110006151178,,0.0722209003296568,FALSE,""
JAVELIN,8737,MIA2;PLIN4;MECOM;MIR320A;RBPMS2,1.51788971590161,,0.000302773735225918,FALSE,""
JAVELIN,8738,NXPH4;FLRT3;FKBP9P1;LOC101929335;EPHB1,1.2554213444856,,0.0321221694246832,FALSE,""
JAVELIN,8739,HOGA1;LOC101928757;HIST1H4L;MIR3178;C22orf34,0.972546001325368,,0.799694494977752,TRUE,""
JAVELIN,8740,SLC34A2;CLDN3;HRSP12;TTR;GPR160,1.28973516860429,,0.0169381569154852,FALSE,""
JAVELIN,8741,CNN1;CPA3;SNAI2;NAT8L;FOXD1,1.1366636793033,,0.243311730971532,FALSE,""
JAVELIN,8742,ASPN;IGF1;CACNA1C;SNORD114-15;DNAJC22,1.26183696295697,,0.0355133523529155,FALSE,""
JAVELIN,8743,ARHGEF16;CDCP1;MIR1207;HRCT1;ADAMTS15,1.09795172889077,,0.370275014472543,FALSE,""
JAVELIN,8744,SMIM24;MIR4519;HIST1H2BO;MNX1;KCNJ5,1.03402461926998,,0.752545816946459,FALSE,""
JAVELIN,8745,COX4I2;STK32B;SLC1A1;TDRD9;KCNN4,1.39337364369334,,0.00185977851670265,FALSE,""
JAVELIN,8746,NPNT;FTCD;MYO1G;FAM151A;PCDHB15,1.40981316859538,,0.00142093301480074,FALSE,""
JAVELIN,8747,ABO;ABCA8;SNORA48;APOA1;EMR4P,1.30834414149139,,0.0123527099960384,FALSE,""
JAVELIN,8748,SCN9A;F10;MIR544B;C5orf38;LRRC4,1.40740086962018,,0.00169665728066544,FALSE,""
JAVELIN,8749,VTRNA2-1;HSH2D;HOXD4;PLA2G12B;MIR579,1.44944139843777,,0.000539013247654362,FALSE,""
JAVELIN,8750,NPR3;MIR548AU;MIR628;CTSG;NEIL3,1.23635807229785,,0.0454988658116134,FALSE,""
JAVELIN,8751,NOX4;STEAP1;LZTS1;SERPINA5;NTNG2,1.49144568475646,,0.000427382863322259,FALSE,""
JAVELIN,8752,RERG;B3GNT3;FZD8;OR2T35;RPL39L,1.29468729344259,,0.0153095315545046,FALSE,""
JAVELIN,8753,FNDC1;RGS9;MKI67;CALCR;KIAA1324L,1.21420673544631,,0.074521534164026,FALSE,""
JAVELIN,8754,MIR4730;ADRA2C;ARHGEF15;FOXI1;LTB,1.32609115856883,,0.0120964830690023,FALSE,""
JAVELIN,8755,IL6;CCDC148;EFNA1;FAM3B;EPHB1,1.16153600391516,,0.186989164100089,FALSE,""
JAVELIN,8756,CST7;MMP19;ALDH1A3;SHISA9;ZSCAN31,1.06511271405045,,0.551515884445623,FALSE,""
JAVELIN,8757,OLR1;CPXM2;SNORD12B;PPBP;DEPDC7,1.12672361140852,,0.259102133225827,FALSE,""
JAVELIN,8758,OGDHL;THBS4;SNORA77;C12orf36;LRRC4,1.16455156670799,,0.17163679367093,FALSE,""
JAVELIN,8759,MUC3A;ADORA1;GPC4;ZNF812;AGAP11,1.34809035414908,,0.00448390917722473,FALSE,""
JAVELIN,8760,AKR7A3;PRODH2;COX7A1;NCAM2;DCDC1,1.41223733839352,,0.00112862143974817,FALSE,""
JAVELIN,8761,F2RL1;GLIS1;COL5A3;APOC3;MIR627,1.54856673714542,,0.000148686205021737,FALSE,""
JAVELIN,8762,HOGA1;WDR66;CALCRL;MROH2A;PNMAL1,1.36872893212354,,0.00357348774529762,FALSE,""
JAVELIN,8763,OLR1;CLMP;ROBO4;MIR3131;SMN2,1.24142912076671,,0.043397375572631,FALSE,""
JAVELIN,8764,TACSTD2;MIRLET7F1;IL2RB;DLK2;KBTBD11,1.31103008558031,,0.014681866204905,FALSE,""
JAVELIN,8765,MACC1;COL11A1;DCBLD2;ANO4;HSD17B3,1.00883754972601,,0.935362176360766,FALSE,""
JAVELIN,8766,HOXD10;KCNIP4;MIR197;NPC1L1;C8orf88,1.14517087233668,,0.210703571032482,FALSE,""
JAVELIN,8767,FGB;CDCP1;MYRF;HRCT1;UHRF1,0.885575528611561,,0.272239899686538,TRUE,""
JAVELIN,8768,NR4A2;MYO7B;MIR3975;SLC38A4;RAB6B,1.13429781869264,,0.249687158337487,FALSE,""
JAVELIN,8769,HIF1A-AS2;ADORA1;PBX1;F11;MIR5094,1.20520662862099,,0.0969235106132824,FALSE,""
JAVELIN,8770,CCL18;FOXF1;TMEM204;AP3B2;TNFRSF18,1.11662901627023,,0.30211928470033,FALSE,""
JAVELIN,8771,CNN1;NLGN4Y;TOP2A;B3GAT1;POU5F1B,0.963655119597773,,0.741888567545608,TRUE,""
JAVELIN,8772,SLIT2;NAPSA;MIR4635;EYA4;SP140,1.22743192698527,,0.0456669095696774,FALSE,""
JAVELIN,8773,ABO;PTGER3;ALDOC;MFAP5;APOBEC3H,1.32964220171154,,0.00578067636836534,FALSE,""
JAVELIN,8774,RAP1GAP;EXPH5;SNORD59A;MAT1A;GSTO2,1.37129214226017,,0.00464782944485449,FALSE,""
JAVELIN,8775,F2RL1;SLC7A8;IL2RB;ST8SIA5;MIR4706,1.08308585132301,,0.474415452412949,FALSE,""
JAVELIN,8776,PLAC9;ELOVL7;PLAUR;MIR3124;GNAO1,1.30168506029757,,0.0168277628536661,FALSE,""
JAVELIN,8777,COMP;ALDH8A1;FKBP9P1;HSD3B2;TTK,1.07618577416483,,0.505822316007483,FALSE,""
JAVELIN,8778,PLAC9;MIR378H;SNORD4B;OMD;LY9,1.08417997997703,,0.440880735988189,FALSE,""
JAVELIN,8779,ACE2;VEPH1;MIR3975;HCAR2;FAM69B,1.35165741315392,,0.00539243495489281,FALSE,""
JAVELIN,8780,SLC34A2;FUT6;CDH13;PKP3;KCNMB4,1.31083843562507,,0.010493578098276,FALSE,""
JAVELIN,8781,RAB42;KLHDC7A;MS4A4E;SULT2B1;LOC100294362,1.28199388016169,,0.0185901295633086,FALSE,""
JAVELIN,8782,SMIM24;ZFHX4;SNORD116-8;SEMA3D;EMR4P,1.19063775569789,,0.0992502677740941,FALSE,""
JAVELIN,8783,IDO1;ADORA1;MIR4635;AMPD1;MELK,0.928283293740397,,0.489967709397231,TRUE,""
JAVELIN,8784,MIR23C;ATP1A2;SEMA4G;PWRN1;SNCA,1.24694779733971,,0.0432423638256251,FALSE,""
JAVELIN,8785,SMIM24;KCNIP4;TEK;KCNJ1;POU5F1B,1.50079302744229,,0.000432735355472578,FALSE,""
JAVELIN,8786,NPNT;SNORD67;SNAI2;SCN4A;EXO1,1.22915048823709,,0.0645772286782887,FALSE,""
JAVELIN,8787,PSAT1;PCDH10;FAM20A;TMC5;CCR6,1.1250534716769,,0.278580048577819,FALSE,""
JAVELIN,8788,BBOX1;MFAP2;SLC44A3;MIR4645;GSTT2,1.4262570308124,,0.00124237169805084,FALSE,""
JAVELIN,8789,STEAP4;CD3G;FZD8;SNORD114-17;NOVA1,1.0915866092091,,0.432193461751186,FALSE,""
JAVELIN,8790,NXPH4;SOX6;HOXD9;CYP4A22;SNORD116-23,1.48559202004525,,0.000182076701921216,FALSE,""
JAVELIN,8791,MFSD2A;MIR200B;GPC4;PRSS3;LRRC37A4P,0.904681601316156,,0.351315157382485,TRUE,""
JAVELIN,8792,SRPX;ASPHD1;HIST1H2BO;PTGES;UBE2T,0.742601574711515,,0.00882213498703952,TRUE,""
JAVELIN,8793,IL17RB;ABCA12;CYTIP;MIR1193;EMP2,1.16475709768746,,0.143919205702314,FALSE,""
JAVELIN,8794,NPR3;ASPHD1;RASGRP1;HMGA2;MIR765,0.874180550658324,,0.201895579589527,TRUE,""
JAVELIN,8795,SLPI;GPD1;FPR1;KLB;ZNF471,0.971583243041138,,0.796548452319592,TRUE,""
JAVELIN,8796,CRB3;MIR616;SNORA77;MIR3131;TMEM178A,1.25034493707903,,0.0469539156804212,FALSE,""
JAVELIN,8797,PGF;GRM8;SNORA48;GPR115;TDRD10,1.25820099846472,,0.0350558154581807,FALSE,""
JAVELIN,8798,MIR1180;C5orf46;MIR938;ST6GAL2;TMOD1,1.27143424616112,,0.0333970704919081,FALSE,""
JAVELIN,8799,FOLH1;FOXP2;PTER;TUBA3E;GRAMD1B,1.02373009948702,,0.827762242160986,FALSE,""
JAVELIN,8800,ALPK3;CPA3;PLAT;SNORD115-25;ZNF831,1.19141436066413,,0.10671559507458,FALSE,""
JAVELIN,8801,FCN3;MIR339;ARHGEF15;MTTP;FOXD1,1.44714302180176,,0.000874203241150381,FALSE,""
JAVELIN,8802,HOGA1;THBS4;BMP2;SLC22A8;NEK10,1.22029628351932,,0.0764054773103345,FALSE,""
JAVELIN,8803,SEC14L6;ABCA8;MMP11;PCDHB5;PANK1,1.59708587644957,,2.53925272818746e-05,FALSE,""
JAVELIN,8804,GZMK;B3GNT3;LDB2;SLC12A3;DGKI,1.27426884477811,,0.0249415530815951,FALSE,""
JAVELIN,8805,NR4A2;EMX1;MST1;LOC101929578;GPRIN1,1.15880851541568,,0.180127647690395,FALSE,""
JAVELIN,8806,ITGA8;KMO;FAM20A;PCDHB6;GNAL,1.34512670457965,,0.00744907019286776,FALSE,""
JAVELIN,8807,MUC3A;MIR1972-1;NT5E;SNORD114-15;LOC400043,1.06006630121438,,0.596686233289324,FALSE,""
JAVELIN,8808,FER1L4;CD3G;TOP2A;VSTM2L;HOXA10-AS,0.815838518534204,,0.0654945398217874,TRUE,""
JAVELIN,8809,CCL20;GJB1;MYRF;HMGA2;SNORD58C,0.973101067893277,,0.8085560936507,TRUE,""
JAVELIN,8810,SVEP1;NDNF;PDLIM3;TRPV3;MIR643,1.06188590626977,,0.571184894454071,FALSE,""
JAVELIN,8811,EMX2;GPRC5A;APCDD1;TEX11;C14orf183,1.17084802550246,,0.129236673192021,FALSE,""
JAVELIN,8812,UBD;RARRES1;TSKU;MYOZ1;THSD4,0.866211602287403,,0.1676887447764,TRUE,""
JAVELIN,8813,SLCO4C1;ACHE;DENND2A;CXorf30;NCAPG,1.1906933955676,,0.104199429085974,FALSE,""
JAVELIN,8814,ABO;FOSL1;ITGA11;CABP1;ACTA2-AS1,1.2714320362632,,0.0254810836276229,FALSE,""
JAVELIN,8815,CCL19;SNORD77;ADCY4;APLP1;NBEAP1,1.00213749273087,,0.984356351346738,FALSE,""
JAVELIN,8816,SLC34A2;VEPH1;HOXD4;SNORD115-35;PDE8B,1.35981203706363,,0.00324081943759575,FALSE,""
JAVELIN,8817,SCN9A;ESRP2;SLC1A1;MYOZ1;SP140,1.13546566224877,,0.238653192483201,FALSE,""
JAVELIN,8818,ACSM5;TMEM139;SNAI2;GPR37;SH2D3A,1.43081823315913,,0.00104177929114956,FALSE,""
JAVELIN,8819,PRSS8;ASPHD1;MST1;PCP4;HIST2H3C,0.98295649790567,,0.874433501597104,TRUE,""
JAVELIN,8820,DCDC2;SLC12A8;HIST1H4L;KIAA0319;ASPRV1,0.994181930631959,,0.957539817815102,TRUE,""
JAVELIN,8821,CNN1;CCDC64;TSKU;AGXT;KCNIP3,1.04465881097727,,0.690880884003513,FALSE,""
JAVELIN,8822,TENM1;ELOVL7;ARL4C;MTTP;CASZ1,1.33978056274421,,0.00806527513398208,FALSE,""
JAVELIN,8823,FAM46C;OLFM2;EVI2B;ATP13A4;WISP1,0.967466317999489,,0.758259734760298,TRUE,""
JAVELIN,8824,TBX3;SPTBN2;CACNA2D1;FAM153C;RASD2,1.17457441610116,,0.139857742225025,FALSE,""
JAVELIN,8825,NMB;MIR23B;LDB2;MIR582;GRTP1,1.46158354080459,,0.00050612069053134,FALSE,""
JAVELIN,8826,MAL;SNORD110;ALDH1A3;BEX1;MIR1284,1.09417715698659,,0.410507331374295,FALSE,""
JAVELIN,8827,ANO9;STEAP1;MKI67;KIAA0319;KIF20A,0.858603556546867,,0.167577868349519,TRUE,""
JAVELIN,8828,OLFML2A;CD69;MIR4784;APOA1;LOC101928749,1.25552754501671,,0.047881558600488,FALSE,""
JAVELIN,8829,ABO;CPXM2;IL2RB;SAA2;TRIM6,1.15615723980454,,0.177035028492547,FALSE,""
JAVELIN,8830,MACC1;MST1P2;SNORD12B;CXorf30;TNFRSF11A,1.04296953502841,,0.694591343654406,FALSE,""
JAVELIN,8831,GPR126;ROR2;GPC4;PTGES;EMP2,1.10706776860215,,0.326848088489021,FALSE,""
JAVELIN,8832,MIR645;SYBU;ID4;CPA6;FIGNL2,1.25929820252654,,0.0375307659740929,FALSE,""
JAVELIN,8833,C1orf186;CMYA5;RASGRP1;BCHE;THSD4,1.03194031089303,,0.774868947199386,FALSE,""
JAVELIN,8834,PIGR;MMP24;SNORD116-8;SNORD114-15;DLGAP5,1.10894746176147,,0.348462754275932,FALSE,""
JAVELIN,8835,PSAT1;MIR646;COX7A1;CCL17;RHBDL1,1.1423150689017,,0.232430876131269,FALSE,""
JAVELIN,8836,BAIAP2L2;GCNT3;ADCY4;IP6K3;PNMAL1,1.21365422634023,,0.086722975008773,FALSE,""
JAVELIN,8837,PIGR;ASPHD1;SLC2A9;ALOX15B;SNCA,1.12813311380282,,0.25502061025506,FALSE,""
JAVELIN,8838,MIR4317;RARRES1;MIR4435-2;DNAI1;PPFIA3,1.14630572388843,,0.212856430945532,FALSE,""
JAVELIN,8839,NPNT;MAPK15;LY96;MIR379;HSD17B3,1.32608544511763,,0.00792267765711099,FALSE,""
JAVELIN,8840,PSAT1;UBASH3A;S1PR3;LAMP5;CDC20,0.897754803728564,,0.325782023202849,TRUE,""
JAVELIN,8841,PYCR1;C4A;MYRF;S100B;PRRT3-AS1,0.919156313569468,,0.438666038866047,TRUE,""
JAVELIN,8842,SLCO4C1;PCDHGA4;MAP4K1;SNORD114-24;SNORD103B,1.15784078350626,,0.162573476821274,FALSE,""
JAVELIN,8843,MIR4526;ADRA2C;PTK7;SLC35F3;AGBL3,1.32428960524958,,0.00901498662323611,FALSE,""
JAVELIN,8844,TMEM27;MIR4796;PLAT;MIR4500;MIR28,1.39321096421898,,0.00289914235767925,FALSE,""
JAVELIN,8845,SPOCK1;GRM8;PTER;PCDHGA3;SMN2,1.07929073452681,,0.487192147771487,FALSE,""
JAVELIN,8846,CRB3;SLC12A8;DMD;HMGA2;SIT1,0.783269220084094,,0.0269780557316426,TRUE,""
JAVELIN,8847,MYO3A;ASPHD1;TEK;TREM1;FLRT2,1.18810401629158,,0.103853013274151,FALSE,""
JAVELIN,8848,MIR4292;ADRA2A;SNORD12B;KLHL4;PCDHB4,1.06040445540418,,0.59430166590815,FALSE,""
JAVELIN,8849,MT1G;CLMP;2020-03-02 00:00:00;MIR4489;LRRC37A4P,1.08395416316076,,0.448659885885814,FALSE,""
JAVELIN,8850,UPB1;DNAH5;MIR544B;LPPR5;GSTT2,1.37772992301916,,0.00253405856081421,FALSE,""
JAVELIN,8851,C1orf106;CHI3L2;SLC2A9;PPP1R14D;SCUBE2,1.24564712121839,,0.0343299067144252,FALSE,""
JAVELIN,8852,NEB;AR;LDLR;DNAH9;MIR640,1.00871093586225,,0.93710958371899,FALSE,""
JAVELIN,8853,EMX2;STEAP1;ADAMTS2;GABRB3;MIR3978,1.34617998270779,,0.00716321732956158,FALSE,""
JAVELIN,8854,CRB3;ESPN;FAM20A;KCNH6;CYP2D7P,1.42552759191691,,0.0017032477118024,FALSE,""
JAVELIN,8855,GZMA;RYR2;ALDOC;NPHS1;P2RY10,1.02519367314445,,0.813658096410576,FALSE,""
JAVELIN,8856,MACC1;GZMB;RASGRP1;FBXO2;C2orf82,0.867100610223208,,0.188916777175307,TRUE,""
JAVELIN,8857,MYOM3;BAI1;MYO1G;MIR296;PYGO1,1.0379162944674,,0.732436886257397,FALSE,""
JAVELIN,8858,MYBL2;CXCL8;ID1;SLC30A2;PNMAL1,0.926830965986586,,0.471376826988377,TRUE,""
JAVELIN,8859,HOXC10;GFRA1;HIST1H2BO;SLC6A19;SLC39A4,1.1991047593503,,0.089650974691344,FALSE,""
JAVELIN,8860,ITGA8;SNORD87;RNF128;SLC6A18;DPY19L2P2,1.43561500273477,,0.00106373299887579,FALSE,""
JAVELIN,8861,MIR126;BEX2;DMD;G6PC;AK7,1.42194276953811,,0.00210316063819447,FALSE,""
JAVELIN,8862,MIR3189;ZFHX4;MIR1207;HOXA13;FAM110C,1.0441663441834,,0.695310486086779,FALSE,""
JAVELIN,8863,AGMO;PAH;RNF128;VTN;ACOT1,1.25336196670783,,0.0314300681879204,FALSE,""
JAVELIN,8864,TMEM27;CCDC64;SNORD116-16;CNTN6;DGKI,1.48110585918149,,0.000391395543021354,FALSE,""
JAVELIN,8865,LPL;HPGD;ID4;TMEM132E;SERTAD4,1.46591387736121,,0.000382747775178987,FALSE,""
JAVELIN,8866,SULT1C4;FLRT3;SNORA26;ADH1C;P2RY12,1.23101711949482,,0.060412097479909,FALSE,""
JAVELIN,8867,MIA2;COLEC12;PTTG1;TENM2;HIST2H3C,0.832902573424449,,0.108453143069522,TRUE,""
JAVELIN,8868,SCIN;MIR569;PTTG1;FAM83F;CDC42BPG,1.28348734693156,,0.0268281447778153,FALSE,""
JAVELIN,8869,STC1;TMEM139;SLC1A1;PRIMA1;XCL2,1.16761944377708,,0.136723934749956,FALSE,""
JAVELIN,8870,RASD1;CDA;EVI2B;NPC1L1;THRB,1.04292974506431,,0.687892918878798,FALSE,""
JAVELIN,8871,C8orf4;INMT;PTER;PITX2;WSCD1,1.07785808333986,,0.475473066439284,FALSE,""
JAVELIN,8872,CCL20;GRM8;CSF3R;ANKRD1;MIR4771-2,0.957159940445322,,0.677540039892546,TRUE,""
JAVELIN,8873,SLC7A9;ANKRD18A;CYTIP;SLC4A1;SNORD50A,1.13227596867432,,0.2479229898656,FALSE,""
JAVELIN,8874,SLC17A1;MIR4519;FAM20A;OR4F15;LOC553103,1.30892372718916,,0.014937733751925,FALSE,""
JAVELIN,8875,HHLA2;LAMC2;LY96;CHGB;MIR1256,1.11947341311916,,0.294509470321309,FALSE,""
JAVELIN,8876,MIR27B;MIRLET7F1;SELENBP1;KHDRBS2;ZNF471,1.38092231282145,,0.00326051936511828,FALSE,""
JAVELIN,8877,MIR27A;MFI2;GPC4;KNG1;TSPYL5,1.01196796440935,,0.911897394856727,FALSE,""
JAVELIN,8878,GBP5;SOX6;HIST1H4L;RSPO4;CCDC141,1.05274573699692,,0.641210406560376,FALSE,""
JAVELIN,8879,NLGN1;MST1P2;SNAI2;PRSS12;TSPYL5,1.23710574477128,,0.0416236333082586,FALSE,""
JAVELIN,8880,REG1A;HSH2D;FKBP9P1;ADRB1;LOC101927970,0.975929110262854,,0.81723698651112,TRUE,""
JAVELIN,8881,SLC16A12;MAPK15;MIR4784;MIR320A;PPFIA3,1.18773760231108,,0.109937380221936,FALSE,""
JAVELIN,8882,CCL19;SNORA69;LDLR;UGT3A1;SERTAD4-AS1,1.10651670875196,,0.353853440158132,FALSE,""
JAVELIN,8883,SLPI;SLC27A2;SLC2A9;SCARA5;ALDH1L2,1.0490526808096,,0.651845568112918,FALSE,""
JAVELIN,8884,PROM1;MIR4731;CACNA2D1;CCDC158;MTCP1,1.44207982626016,,0.000485882022370813,FALSE,""
JAVELIN,8885,ASPN;LTF;PDLIM3;MIR4685;TTK,1.05200328448883,,0.654774285614284,FALSE,""
JAVELIN,8886,RASD1;HSH2D;ID4;HRCT1;GLT8D2,1.09421889871236,,0.381380314772231,FALSE,""
JAVELIN,8887,CHDH;MAP7;DCBLD2;IRX6;HOXD3,1.27789289869827,,0.0268717305693011,FALSE,""
JAVELIN,8888,HOXC10;MAP7D2;ARL4C;FBXL16;DEPDC1B,1.08121519785357,,0.467571472204029,FALSE,""
JAVELIN,8889,MFSD2A;CDHR1;IGFBP6;PVALB;MTRNR2L10,0.929682536166056,,0.492475391570195,TRUE,""
JAVELIN,8890,IRX5;SPEG;TREM2;HCN2;PAMR1,0.991860317827594,,0.938649902370267,TRUE,""
JAVELIN,8891,COL4A4;CXCL13;DPYSL3;OR4F15;PIFO,1.0496225618057,,0.653557733561857,FALSE,""
JAVELIN,8892,NR4A2;ALDOB;MIR197;MIR190A;MIR1183,1.34316231970513,,0.00618997671639954,FALSE,""
JAVELIN,8893,BAIAP2L2;MT1A;FAM20A;TDRD9;TSPAN2,1.28423260530269,,0.0203155798392871,FALSE,""
JAVELIN,8894,GZMA;GFRA1;TEK;GABRP;ICOS,1.0367944650169,,0.728702326120904,FALSE,""
JAVELIN,8895,TSPAN7;MIR3145;DMD;HAS1;JAKMIP1,1.06203146611084,,0.563186377548881,FALSE,""
JAVELIN,8896,SORBS2;NEBL;SNORD116-16;MIR618;PCDHGC4,1.45928059670897,,0.000364999047955984,FALSE,""
JAVELIN,8897,MUC3A;MIR4326;RGL3;MIR5584;MIR3157,1.40271576871297,,0.00161415581882824,FALSE,""
JAVELIN,8898,CHDH;CPA3;SNORD116-8;CNTN6;MIR3157,1.41710254920244,,0.00182270724380499,FALSE,""
JAVELIN,8899,HHLA2;SERPINA6;SNORD59A;CAMK2B;CLDN9,1.35130194967335,,0.0063236535217037,FALSE,""
JAVELIN,8900,COMP;LYVE1;PTK7;FOXA2;KCNQ4,0.999338702893063,,0.995087423351203,TRUE,""
JAVELIN,8901,ABCA6;ADAMTS14;APCDD1;APOBEC3A;PIFO,1.01340465516623,,0.901912543170432,FALSE,""
JAVELIN,8902,BCMO1;MIR1972-1;HIST1H2AL;SULT2B1;ABCG2,1.3965672591615,,0.00157257339764375,FALSE,""
JAVELIN,8903,TENM1;BAI1;APCDD1;FOXI1;WNT9A,1.1113918245588,,0.340728799439905,FALSE,""
JAVELIN,8904,UPB1;MAPK15;TIE1;HLA-G;PCDHGC5,1.31074729583642,,0.00894415833903269,FALSE,""
JAVELIN,8905,AKR7A3;FOXQ1;FOLR2;LMO1;MIR5094,1.11002744962422,,0.351600636168432,FALSE,""
JAVELIN,8906,MIR3117;HOXD11;SNORA48;SNORD113-5;ZSWIM5,1.27938481570156,,0.021763649664189,FALSE,""
JAVELIN,8907,HABP2;CD22;SLC2A9;DIO1;FCRL6,0.98804908274042,,0.913835065447502,TRUE,""
JAVELIN,8908,MIR1180;GPC3;SNORD29;MIR592;NLGN4X,1.11707112773221,,0.330159882030695,FALSE,""
JAVELIN,8909,TSPAN13;BTNL9;APCDD1;ATRNL1;RPL39L,1.11674103179406,,0.310224029174318,FALSE,""
JAVELIN,8910,COMP;RASAL1;IGFBP6;PVRL4;GJC2,1.12403982924855,,0.280532875414646,FALSE,""
JAVELIN,8911,C8orf4;HYDIN;2020-03-02 00:00:00;IRX1;C19orf83,1.54172368069223,,0.000155360625179904,FALSE,""
JAVELIN,8912,FGG;TESC;DLL4;NCAM2;ALDH1L2,1.12140631205562,,0.284449975391729,FALSE,""
JAVELIN,8913,CXCL1;SNORD114-13;CDH13;TFF3;KCNN3,1.44698931199849,,0.00108202985815008,FALSE,""
JAVELIN,8914,RAB17;ESPN;NT5E;ZIC2;LOC283278,1.08732658889337,,0.432076507659751,FALSE,""
JAVELIN,8915,FNDC1;IL1B;DLL4;PCDHB6;GJA5,1.38749345355189,,0.00333731388598976,FALSE,""
JAVELIN,8916,MIR1180;MIOX;SARDH;TRNP1;LCN12,1.17106315253021,,0.172667546992734,FALSE,""
JAVELIN,8917,HOXD10;OLFM2;LDB2;MIR1193;SERTAD4-AS1,1.29072222129044,,0.0125815812806716,FALSE,""
JAVELIN,8918,SPOCK1;NLGN4Y;MECOM;SNORD114-7;EME1,0.939937078238844,,0.568436971215655,TRUE,""
JAVELIN,8919,WDR72;MIR589;ADAMTSL3;CHAT;ST6GALNAC3,1.52138169066679,,0.000166623694694638,FALSE,""
JAVELIN,8920,ANLN;ABCA12;LDB2;MIR665;MIR4779,0.997765029452641,,0.983826492345032,TRUE,""
JAVELIN,8921,CD38;PRAP1;TIE1;MOGAT3;LOC101928749,1.31485114784006,,0.00937943495108035,FALSE,""
JAVELIN,8922,NEB;LOC100288152;PC;TNNI3;ZSCAN31,1.43677060017299,,0.00199015152721566,FALSE,""
JAVELIN,8923,MIR4499;MIR3941;MIR628;GLRB;AGAP11,1.56069385032109,,3.805474783914e-05,FALSE,""
JAVELIN,8924,TRABD2B;SLC6A10P;CSF3R;MIR4786;NBEAP1,1.05346231727018,,0.623115990614491,FALSE,""
JAVELIN,8925,SLC39A5;C4A;SLC1A1;MIR1245A;HIST2H3C,1.16390206450568,,0.150398008514092,FALSE,""
JAVELIN,8926,PTHLH;BAI1;HIST1H4L;SNORD115-1;KIF2C,1.0110715954348,,0.922926607209089,FALSE,""
JAVELIN,8927,CHDH;ITGBL1;SEMA4G;DNAI1;FAM110C,1.35926441570944,,0.00471729592795069,FALSE,""
JAVELIN,8928,MIR1180;HOXD11;TSKU;MIR10A;MIR98,1.22918804091718,,0.0623158656711615,FALSE,""
JAVELIN,8929,RERG;NDNF;MCF2L;BRE-AS1;CDC45,1.37239381166242,,0.00468243774340453,FALSE,""
JAVELIN,8930,SLC7A9;VEPH1;MYO5B;TFCP2L1;GALNT16,1.160767724,,0.199484539332692,FALSE,""
JAVELIN,8931,FRAS1;CHRDL1;MIR1207;TMPRSS4;PCDHB16,1.15996450764215,,0.172335697472445,FALSE,""
JAVELIN,8932,TSPAN7;PCK1;ANGPT2;SNORD113-5;DEPDC1B,1.32412196648706,,0.011667853188141,FALSE,""
JAVELIN,8933,SBSPON;ESRP2;PLEKHA7;DNAH9;ARRDC5,1.15585394600739,,0.184668463014644,FALSE,""
JAVELIN,8934,GPT;MIRLET7A2;CACNA1C;FBXL16;KIF18B,1.48591181784509,,0.000338134284714287,FALSE,""
JAVELIN,8935,UGT2A3;ARG2;HOXD4;LPPR5;EME1,1.32117296073189,,0.00864721071326689,FALSE,""
JAVELIN,8936,PEG10;GSTM1;LZTS1;ZNF114;GRIP1,1.18829008043464,,0.125780609048455,FALSE,""
JAVELIN,8937,TINAG;ADRA2C;APCDD1;SCG5;FCRL6,1.09035328098776,,0.445086421970229,FALSE,""
JAVELIN,8938,MIA2;GPRC5A;TEK;MIR4251;DBNDD1,1.28288912386657,,0.0271701862346019,FALSE,""
JAVELIN,8939,AOC1;KMO;ALDH6A1;NECAB2;SERTAD4-AS1,1.52214332450182,,0.000122555708675598,FALSE,""
JAVELIN,8940,TFPI2;PLIN4;PBX1;SLC22A7;MIR1288,1.36803487193814,,0.00442837657371716,FALSE,""
JAVELIN,8941,COL4A3;CLDN10;SNORA77;LRRN2;LOC644086,1.22666080567636,,0.0593741378394948,FALSE,""
JAVELIN,8942,PIGR;HP;SNORD29;SULT2B1;LY9,1.01949372491589,,0.854764473649471,FALSE,""
JAVELIN,8943,SMIM24;BTNL9;RNF128;TNNI3;LCN12,1.37155017708589,,0.00495706982510888,FALSE,""
JAVELIN,8944,MUC3A;GLIS1;FKBP9P1;APCDD1L;LOC100128242,1.06082637466214,,0.599842200821659,FALSE,""
JAVELIN,8945,KRT7;ASRGL1;SNORA48;MIR452;LOC401317,1.26639832896485,,0.0285418412650083,FALSE,""
JAVELIN,8946,GLYAT;MIR3145;MYO5B;PTPRQ;EXO1,1.28839509640896,,0.0186270511484375,FALSE,""
JAVELIN,8947,TINAG;EGR3;SNORA77;BTLA;MIR1183,1.0795689041575,,0.46531476172064,FALSE,""
JAVELIN,8948,NPNT;PLA2G2A;HMCN1;WFDC10B;CD80,1.08928649247164,,0.422579228228578,FALSE,""
JAVELIN,8949,AKR7A3;CDHR1;PTK7;TRNP1;KCNQ4,0.975750373331361,,0.811072474360005,TRUE,""
JAVELIN,8950,SORBS2;GSTM1;PLAT;SCN2A;SNORD50A,1.24613083159051,,0.0414722461729358,FALSE,""
JAVELIN,8951,FER1L4;NRG1;MIR4714;SCGB1D2;CYP2D7P,1.34095733371612,,0.00752233759169063,FALSE,""
JAVELIN,8952,ABCA6;UBASH3A;MAP4K1;FCAMR;RBM20,1.05874039148555,,0.58011354990879,FALSE,""
JAVELIN,8953,GPT;CCDC148;DCBLD2;MIR4705;P2RY10,1.24005831324587,,0.0466612677624534,FALSE,""
JAVELIN,8954,ASPN;PLCH2;ACSF2;GPR115;GJA5,1.04198378959756,,0.70500507126565,FALSE,""
JAVELIN,8955,CD38;SNORA75;MAP4K1;GCKR;PDE1C,0.96949484917318,,0.771274989569283,TRUE,""
JAVELIN,8956,STC1;MIR339;SNORD29;TRNP1;CCDC85A,1.11305790483945,,0.338133727510299,FALSE,""
JAVELIN,8957,ANLN;LOC100288152;TIE1;PLA2G12B;C8orf88,1.17436112058856,,0.141407830971812,FALSE,""
JAVELIN,8958,ACSM5;GLDC;MST1;ALAS2;C6orf132,1.21792874334092,,0.0769924118400966,FALSE,""
JAVELIN,8959,ARHGEF16;HLF;MIR628;PRPH;SNORD20,1.40898356087699,,0.00154640650682118,FALSE,""
JAVELIN,8960,TTC39A;MOXD1;ARHGEF15;SLC22A7;CD200R1,1.25794115025554,,0.0324424378358208,FALSE,""
JAVELIN,8961,MT1G;MIR4326;DCBLD2;MIR545;IL1RL2,1.03854608078194,,0.7310863469116,FALSE,""
JAVELIN,8962,MIR27A;AIF1L;SEMA4G;TREM1;PPFIA3,1.23226795565429,,0.0571822225066122,FALSE,""
JAVELIN,8963,MIR645;MIR378A;SEMA4G;ATRNL1;GRID1,1.14254338323426,,0.228085982138024,FALSE,""
JAVELIN,8964,COL4A3;AZGP1;BMP2;MIR3196;LOC643339,1.45623050211282,,0.000744266399749568,FALSE,""
JAVELIN,8965,MIR30A;CXCL8;EMP1;FAM153C;TDRD10,1.25893251947275,,0.0354117209438239,FALSE,""
JAVELIN,8966,UGT8;EXPH5;HOXD9;SULT2B1;MIR640,1.61632610541303,,1.42675947346765e-05,FALSE,""
JAVELIN,8967,MIR25;CYP4F3;FAM20A;TMEM45B;SNCAIP,1.01273359384701,,0.906644024453494,FALSE,""
JAVELIN,8968,JPH2;AZGP1;MXRA8;TFF3;LOC441402,1.50573013223501,,0.000226895801330801,FALSE,""
JAVELIN,8969,COX4I2;ADORA1;ADAMTSL3;SLC4A1;PYGO1,1.28924089503259,,0.0213759534048663,FALSE,""
JAVELIN,8970,UPB1;LBP;EMP1;RHCG;HOXB5,1.52781986121782,,0.000131638441182888,FALSE,""
JAVELIN,8971,GBP5;GJB1;HRSP12;SLC18A3;MPP7,1.08462966011924,,0.457647819169502,FALSE,""
JAVELIN,8972,SCN9A;ROR2;TREM2;ANKRD2;NBEAP1,1.17713612247249,,0.132384745797066,FALSE,""
JAVELIN,8973,NLGN1;MIR4326;ID1;ALOX15B;SNORD24,1.27262676444204,,0.0220692933909933,FALSE,""
JAVELIN,8974,GPER1;VSIG2;SNORD116-8;FOXF2;DGKI,1.43736665684044,,0.000959234818969744,FALSE,""
JAVELIN,8975,SVEP1;CPXM2;CSF3R;KCNJ10;PDCD1LG2,0.913612937205559,,0.379291943797483,TRUE,""
JAVELIN,8976,SLIT2;SLC27A2;FAM20A;ADH1C;HAS3,1.16680481022918,,0.136478166523075,FALSE,""
JAVELIN,8977,HIF1A-AS2;PAQR5;ADCY4;TFR2;LOC101927236,1.50165235810692,,0.000178399829161715,FALSE,""
JAVELIN,8978,IKZF3;COBL;SNORD12B;TEX15;CDC45,0.910453825435463,,0.39022295779957,TRUE,""
JAVELIN,8979,MGAT3;SMTNL2;TSKU;MIR30D;TRIM6,1.53309892442557,,7.09694072351401e-05,FALSE,""
JAVELIN,8980,NR4A2;GREM1;MIR938;CA8;IL1RL2,1.1434645876749,,0.223075637596699,FALSE,""
JAVELIN,8981,OGDHL;SLC6A10P;PTTG1;TM6SF2;MIR151A,1.16347578190616,,0.148716251350927,FALSE,""
JAVELIN,8982,SLCO4C1;LOC647859;FAM20A;PCP4;GPR68,1.24967609078515,,0.0427277604185567,FALSE,""
JAVELIN,8983,SCN9A;LAG3;IGFBP6;MIR218-2;CD40LG,1.01972718497395,,0.851832260647943,FALSE,""
JAVELIN,8984,TTC39A;MLXIPL;CALCRL;INHBE;NRXN3,1.61241072765272,,1.93076382817064e-05,FALSE,""
JAVELIN,8985,LOC101927834;CDH23;SLC1A1;ARHGAP40;SNORD126,1.26189518001883,,0.038275293753929,FALSE,""
JAVELIN,8986,HNF1A;MIR4676;MYRF;LOC101929578;UNC5C,1.30839029280499,,0.0143873827608296,FALSE,""
JAVELIN,8987,IL6;TTN;COX7A1;C19orf67;LNX1,1.27574624658335,,0.0240693255559084,FALSE,""
JAVELIN,8988,IKZF3;CD79A;SNORD116-28;HMGA2;C8orf88,0.820176022283597,,0.0646485169664537,TRUE,""
JAVELIN,8989,CCL18;CDH23;HIST1H4L;WFDC10B;CD80,0.936693599058999,,0.552266756049344,TRUE,""
JAVELIN,8990,TTC39A;SLC26A1;IL2RB;TDRD9;MIR4779,1.08196995865202,,0.460926278512377,FALSE,""
JAVELIN,8991,SLC17A1;FTCD;TSKU;SLC52A3;PPFIA3,1.20918187508003,,0.0883097851945082,FALSE,""
JAVELIN,8992,MIR4526;RYR2;HOXD4;TDRD9;RBPMS2,1.4937260763454,,0.000129715085685731,FALSE,""
JAVELIN,8993,SLC17A1;VNN1;MCF2L;C10orf62;PDGFD,1.46678706397963,,0.000613244024619538,FALSE,""
JAVELIN,8994,TSPAN13;LBP;DMD;ANO4;MIR3135A,1.09728132845737,,0.403770942462599,FALSE,""
JAVELIN,8995,ACADL;MIR148B;FKBP9P1;SLC13A1;C22orf34,1.3182456961643,,0.00889999339739235,FALSE,""
JAVELIN,8996,CX3CR1;FOXP2;NT5E;CA3;ADM2,1.32565851307245,,0.00860996090271652,FALSE,""
JAVELIN,8997,FAM46C;IL2RA;ARHGEF15;LOC101928281;GSTT2,1.15195718105648,,0.185271679870526,FALSE,""
JAVELIN,8998,PLAC9;BTNL9;MAP4K1;SLC13A3;LY9,1.11958309979333,,0.267389526917104,FALSE,""
JAVELIN,8999,NMB;CDHR1;LDB2;TNIP3;MIR98,1.27300505893587,,0.0241992746718925,FALSE,""
JAVELIN,9000,NR4A3;MIRLET7I;MYRF;APLP1;GPRIN1,0.852425615996751,,0.127216234771447,TRUE,""
JAVELIN,9001,RAP1GAP;RGS9;SNORD74;MEGF11;FAXDC2,1.16229750174566,,0.172637075782209,FALSE,""
JAVELIN,9002,CCL19;EPPK1;PTTG1;MIR320A;RSAD2,0.780897283944184,,0.0233027888246161,TRUE,""
JAVELIN,9003,MIR548AR;SNORD114-10;SNORD33;KCNH3;ZNF831,0.865830021486777,,0.161773618941002,TRUE,""
JAVELIN,9004,FNDC1;ST6GALNAC2;ARHGEF15;MIR3187;ALMS1P,1.32141238488356,,0.00806854889664651,FALSE,""
JAVELIN,9005,IL17RB;CD79A;DCBLD2;CAMK2B;FAM132A,0.904448803180525,,0.371371897257021,TRUE,""
JAVELIN,9006,JPH2;CPXM1;CKS2;MIR431;CTRL,0.956229310484359,,0.681595197468047,TRUE,""
JAVELIN,9007,MIR4499;NDNF;CYTIP;LOC101928281;MTRNR2L10,1.31005586813731,,0.0128611834428659,FALSE,""
JAVELIN,9008,FABP4;FOXQ1;LDLR;OVCH2;MIR626,0.956625044688849,,0.677474734537916,TRUE,""
JAVELIN,9009,SEC14L6;ADRA2A;HMCN1;HS3ST3A1;LOC100506518,1.10334861169155,,0.368361348923767,FALSE,""
JAVELIN,9010,RAB42;AIF1L;IL2RB;PRR15L;CNTN4,1.04712435907968,,0.660969422212565,FALSE,""
JAVELIN,9011,MFSD2A;CCDC148;TMEM204;MIR1245A;LRRC17,1.33618999963942,,0.00666308460284887,FALSE,""
JAVELIN,9012,NR4A2;IL1B;ITGA11;DNAI1;TTC22,1.23819957520973,,0.0390727911782359,FALSE,""
JAVELIN,9013,ZDHHC11B;SNORD67;HRSP12;MIR431;PMAIP1,1.1201070547906,,0.291357507060048,FALSE,""
JAVELIN,9014,ALPK3;SLC16A9;IL2RB;DLK2;GPR68,1.30401723872353,,0.0133991053793705,FALSE,""
JAVELIN,9015,NEB;NAGS;PLAT;MIR924;P2RY6,1.04207339961945,,0.711427434380513,FALSE,""
JAVELIN,9016,MIR3646;CD22;PC;FCAMR;ADAMTS12,1.19034176836663,,0.102707577768276,FALSE,""
JAVELIN,9017,OLFML2A;SPINK1;MAP4K1;PVALB;CADM4,1.1083968276971,,0.354183159219481,FALSE,""
JAVELIN,9018,GPT;EGR3;MXRA8;MIR585;FBXO27,1.26954469289113,,0.0274393577632244,FALSE,""
JAVELIN,9019,BCL2A1;KCNIP4;LZTS1;MIR545;HMMR,1.12047290466537,,0.292554149528004,FALSE,""
JAVELIN,9020,NPNT;ADAMTS14;ADAMTS2;IBSP;CKAP2L,0.967641251153719,,0.765273483980055,TRUE,""
JAVELIN,9021,SBSPON;NLGN4Y;MIR4784;FCER2;CADM4,0.95320497927787,,0.665092386104018,TRUE,""
JAVELIN,9022,PRSS8;CXCR3;SNORD59A;UGT2B4;CYP26B1,1.20059320522574,,0.0869078324098041,FALSE,""
JAVELIN,9023,TMEM27;SFRP1;MIR197;SIGLEC12;PLAC8,0.895017245898059,,0.325412562194311,TRUE,""
JAVELIN,9024,PCDHGB2;CXCL8;ARHGEF15;MIR493;MIR3973,1.12687675064812,,0.270748615385026,FALSE,""
JAVELIN,9025,UGT2A3;KCNJ3;LDLR;SNORD114-31;DBH-AS1,1.26211177088346,,0.0318607408775957,FALSE,""
JAVELIN,9026,PIGR;SPX;TMEM132A;TMEM82;HIST2H3C,0.934891903092765,,0.54042260432519,TRUE,""
JAVELIN,9027,SORBS2;CCDC148;RIPK4;MIR4280;VN1R1,1.28464764865427,,0.0200981192485817,FALSE,""
JAVELIN,9028,PIGR;PAH;PDLIM3;SBSN;NEIL3,1.02562717421209,,0.815488487794958,FALSE,""
JAVELIN,9029,MIR4730;ALDOB;MIR4714;MAMDC2;MEFV,1.25846247023921,,0.0339635151562218,FALSE,""
JAVELIN,9030,PPAP2C;C10orf113;BMP2;FGF14;SYNC,1.04771088536474,,0.659956305304819,FALSE,""
JAVELIN,9031,NR4A2;OLFM2;HIST1H4L;SLC13A3;C14orf64,1.17462818407583,,0.139264117961735,FALSE,""
JAVELIN,9032,OLFML2A;CGREF1;EVI2B;ACOXL;SNCAIP,1.13146241765424,,0.227880725671472,FALSE,""
JAVELIN,9033,RERG;PALM3;APCDD1;FERMT1;DLGAP5,1.11029334866596,,0.318108811208183,FALSE,""
JAVELIN,9034,RAP1GAP;CCDC64;GAMT;RERGL;RASSF6,1.21656377518689,,0.0818581496795232,FALSE,""
JAVELIN,9035,SPOCK1;SORCS2;LDLR;MIR4533;RPL39L,0.890417564733409,,0.296643519718495,TRUE,""
JAVELIN,9036,GLYAT;C5orf46;HMCN1;MROH2A;SNORD91A,1.5641424422625,,2.67243144701555e-05,FALSE,""
JAVELIN,9037,GLYAT;LOC101928757;SNORD74;MIR106B;DLGAP5,1.10474752114671,,0.36668676012657,FALSE,""
JAVELIN,9038,UGT2A3;CDH23;S1PR3;MOGAT3;ATP1B2,1.36491528567058,,0.00377039300894154,FALSE,""
JAVELIN,9039,TINAG;SNORD110;MS4A4A;DNAAF1;CRYBB2,1.47328135791361,,0.000314591513675191,FALSE,""
JAVELIN,9040,COX4I2;APOLD1;SNORD116-8;MTTP;JAM2,1.43886262339405,,0.000715868281510179,FALSE,""
JAVELIN,9041,FOLH1;RYR2;SNORD59A;PLA2G2D;TMOD1,1.03066370578644,,0.772749275765008,FALSE,""
JAVELIN,9042,NMB;GLDC;CRISPLD2;MIR33A;C5AR2,1.14761269858702,,0.222562030284109,FALSE,""
JAVELIN,9043,SRPX;CCDC148;MIR197;MIR4489;SIX1,1.10863476448041,,0.350653165115493,FALSE,""
JAVELIN,9044,BCL2A1;REEP6;CALCRL;PERM1;PRRT3-AS1,1.16834345824566,,0.149203522341242,FALSE,""
JAVELIN,9045,LOC101927834;FOSL1;RASGRP1;NPC1L1;MYCT1,1.0397296955805,,0.718615492146025,FALSE,""
JAVELIN,9046,MIR3189;F5;FPR1;MIR4654;PCDHGC5,0.910850656972276,,0.397134597778969,TRUE,""
JAVELIN,9047,DDC;IRF4;RGL3;CRYAA;IL17RE,1.45418017273352,,0.000558618205279164,FALSE,""
JAVELIN,9048,UGT2A3;IGF1;CRISPLD2;SLC22A8;FIBIN,1.26884301301195,,0.0282106488111103,FALSE,""
JAVELIN,9049,TINAG;MT1A;MYO1G;MIR100;SNORD58C,1.35623613292162,,0.00477842608035926,FALSE,""
JAVELIN,9050,AGMO;MT1M;MIR3975;WFDC5;JAM2,1.32178088973491,,0.0111368680717298,FALSE,""
JAVELIN,9051,RAP1GAP;CCDC183;MCF2L;PLA2G12B;KIF26A,1.45469842132579,,0.000723868050204084,FALSE,""
JAVELIN,9052,DCDC2;CYP2C9;CKS2;MIR4486;ABCG2,1.04015010086919,,0.70884622232132,FALSE,""
JAVELIN,9053,MIR27B;PPARGC1A;LDB2;STAC2;SYNC,1.36093649504491,,0.00512050558559431,FALSE,""
JAVELIN,9054,MIR3117;MMP24;RIPK4;FGF14;DEPDC7,1.45067542581638,,0.000455575209408706,FALSE,""
JAVELIN,9055,HIF1A-AS2;CCDC64;MS4A4A;KHDRBS2;EFS,1.07606727522818,,0.467262570029326,FALSE,""
JAVELIN,9056,MIR3189;EFHD1;SNORD6;KCNJ10;EPHB1,1.14311595611345,,0.222428211190261,FALSE,""
JAVELIN,9057,GATA3;CCDC148;MS4A4E;MFSD4;ATP1B2,1.20682598577348,,0.0930908752628619,FALSE,""
JAVELIN,9058,GPT;FUT6;ID1;KCNK9;POU5F1P3,1.37621794034922,,0.00298952852025811,FALSE,""
JAVELIN,9059,HOGA1;DPEP1;ALDH1A3;PROC;PRKAR2B,0.980429003754232,,0.856226905295075,TRUE,""
JAVELIN,9060,FER1L4;CPXM2;GEM;AP3B2;SPNS3,1.02153744852458,,0.84694031246666,FALSE,""
JAVELIN,9061,MIR4730;SNORD115-5;PTK7;RP1;LRP8,1.00126567968997,,0.99058569055014,FALSE,""
JAVELIN,9062,OLFML2A;PPARGC1A;MIR544B;ACOXL;WIPF3,1.50913770610584,,0.000171936959169079,FALSE,""
JAVELIN,9063,TRABD2B;VANGL2;FAM20A;MIR3187;MTRNR2L10,0.942762322477618,,0.590527432337863,TRUE,""
JAVELIN,9064,STC2;MIR548AU;DPYSL3;MIR5091;LOC101928494,1.08436626088684,,0.461585793949377,FALSE,""
JAVELIN,9065,TNFAIP6;RARRES1;PLAUR;PDPN;C19orf83,0.966144179089396,,0.745504316531528,TRUE,""
JAVELIN,9066,ANK3;ATP1A2;TSKU;GPR37;SP140,1.08045356470945,,0.471773606114707,FALSE,""
JAVELIN,9067,TACSTD2;COBL;SNORA26;SOX11;SNORD116-10,1.14774002541038,,0.220210665768854,FALSE,""
JAVELIN,9068,PTH1R;ZNF711;RIPK4;PCDHB2;GRTP1,1.36096349408175,,0.00483603163848579,FALSE,""
JAVELIN,9069,SORBS2;MLLT11;PDLIM3;TFAP2B;PCDHGC5,1.23675008616872,,0.0545821974042188,FALSE,""
JAVELIN,9070,WDR72;WDR66;DMD;MIR1251;MIR640,1.3515911557004,,0.00600697624748057,FALSE,""
JAVELIN,9071,COL4A4;MIR646;TSKU;APLP1;PDE3B,0.954599549523068,,0.671836359152708,TRUE,""
JAVELIN,9072,UPB1;SPX;SNORA77;SNORD115-42;NEIL3,1.16373924303451,,0.168684613088638,FALSE,""
JAVELIN,9073,CCL19;SLC4A3;HIST1H2BM;LEFTY1;CHST1,0.826468962580154,,0.0837903814021833,TRUE,""
JAVELIN,9074,FOSB;LAMC2;RNF128;ICAM5;LOC101927236,1.00819513359974,,0.938057323160344,FALSE,""
JAVELIN,9075,PCOLCE2;CDH23;CDH13;SALL4;GPR160,1.49759183162055,,0.000136573351958247,FALSE,""
JAVELIN,9076,DCDC2;PLA2G2A;MIR1207;MIR4489;TBX21,0.941283473064792,,0.580903459493678,TRUE,""
JAVELIN,9077,FRAS1;CD69;SNORD74;SLITRK2;RASD2,1.16420214286654,,0.183309098763542,FALSE,""
JAVELIN,9078,MIR23C;MZB1;ANGPT2;PROC;EMP2,1.28885528188669,,0.0158343565044169,FALSE,""
JAVELIN,9079,REG1A;ABCB4;CYTIP;CNTFR;FAM132A,1.12091484267047,,0.271697254839189,FALSE,""
JAVELIN,9080,IGF2BP2;ADORA1;MYRF;SST;PAMR1,0.752349118232013,,0.00942049403749822,TRUE,""
JAVELIN,9081,NME5;C5orf46;MXRA8;MIR4251;ADM2,1.38213198651687,,0.00206582517388847,FALSE,""
JAVELIN,9082,LOC101927960;ABCA8;CACNA2D1;S100B;THSD4,1.06410153694411,,0.55382699749319,FALSE,""
JAVELIN,9083,SMIM24;ARG2;MYRF;MIR544A;APOBEC3H,1.15654083826668,,0.180977612905702,FALSE,""
JAVELIN,9084,SULT1C4;PCDHGA4;CYTIP;SNORD114-2;RAB40AL,1.09016244575356,,0.408370517565411,FALSE,""
JAVELIN,9085,FAM46C;ZNF727P;MIR637;MIRLET7G;CD200R1,1.07305607569804,,0.507375514711522,FALSE,""
JAVELIN,9086,ITGB6;SLC27A2;ADCY4;PADI1;CCDC154,1.1321257347686,,0.261430044148552,FALSE,""
JAVELIN,9087,FGB;VEPH1;MIR4435-2;CRP;HIST2H3C,1.14070841351634,,0.228422400903779,FALSE,""
JAVELIN,9088,OGDHL;RARRES1;CRISPLD2;SCN4A;RPS6KL1,1.20168938220533,,0.0935661758617775,FALSE,""
JAVELIN,9089,CCL20;SFRP1;SELENBP1;OVOS;PSD3,1.15677496801196,,0.17585996064074,FALSE,""
JAVELIN,9090,GPR126;ABCB4;SNORD6;MIR127;CXCR6,1.06045382163073,,0.586989017286863,FALSE,""
JAVELIN,9091,OGDHL;GLYATL1;SNORD12B;MIR1271;SNORD58C,1.24398479139809,,0.0350877895067952,FALSE,""
JAVELIN,9092,MIR27B;CD69;SNORD116-16;SPESP1;EME1,1.48362667915724,,0.000489173415210833,FALSE,""
JAVELIN,9093,SNORD14C;MIR569;TOP2A;IRX2;TBX21,0.949349270345181,,0.624961713085481,TRUE,""
JAVELIN,9094,MIR23C;SDS;MIR637;TENM2;NRXN3,1.21613670465003,,0.0836345384191329,FALSE,""
JAVELIN,9095,PCDHGB2;MST1P2;HIST1H2AL;SNORD116-5;MIR151A,1.04741399059122,,0.659689049663897,FALSE,""
JAVELIN,9096,CHDH;C4A;FOLR2;MIR380;PLAC8,1.03997113931162,,0.710546076946843,FALSE,""
JAVELIN,9097,BCL2A1;MAL2;HRSP12;SNORD115-42;SNORD116-10,0.971772434308525,,0.793658348259258,TRUE,""
JAVELIN,9098,NME5;HAMP;TOP2A;MIR1290;PCDHB16,1.14040404624921,,0.237616638249782,FALSE,""
JAVELIN,9099,STC1;RGS9;RASGRP1;NPHS1;PCDHGA6,1.14173313963493,,0.202883122477378,FALSE,""
JAVELIN,9100,UPB1;CD22;SNORD4B;CNTNAP5;GRAP2,1.08707408321001,,0.437582874516057,FALSE,""
JAVELIN,9101,TTC39A;SNORD65;APCDD1;PTK6;MIR571,1.15121504404263,,0.199037379463939,FALSE,""
JAVELIN,9102,HABP2;GLIS1;MAP4K1;SNORD114-17;MIR4779,0.950423791735249,,0.638836075144598,TRUE,""
JAVELIN,9103,SPOCK1;DNASE1L3;ALDOC;CNTFR;DACT3,1.21020420077742,,0.0918501941949619,FALSE,""
JAVELIN,9104,C1orf106;HP;HMCN1;HTR6;CH25H,1.37174638177024,,0.00363334483080912,FALSE,""
JAVELIN,9105,FOSB;MIR4655;MAP4K1;MIR4439;PRRT3-AS1,0.929707099448225,,0.487999374628318,TRUE,""
JAVELIN,9106,RBP4;SLC23A1;HOXD9;VNN3;UBE2T,1.14557710827425,,0.197960919730957,FALSE,""
JAVELIN,9107,TMEM27;IL1B;FKBP9P1;MIR1302-5;KCNN4,1.16948147565678,,0.147416506905689,FALSE,""
JAVELIN,9108,REG1A;MIR4676;PBX1;CCL8;PARP15,1.09643439608553,,0.391592615679914,FALSE,""
JAVELIN,9109,WDR72;MIR4731;ITGA11;DUOX2;EGFLAM,1.40434126443715,,0.00178899975351701,FALSE,""
JAVELIN,9110,TMEM45A;MIR4655;PTER;SLC18A3;KCNQ4,1.08246245313176,,0.473510484245362,FALSE,""
JAVELIN,9111,LOC101927960;CDH23;TIE1;MIR3193;EPHA1,1.29771897444214,,0.0121637361364411,FALSE,""
JAVELIN,9112,ABCA6;CHRDL1;MIR628;IRX2;SNORD50A,1.08445397839073,,0.447752647726286,FALSE,""
JAVELIN,9113,MIR29B2;LOC100288152;BMP2;OR2T11;PARP15,1.27220871037612,,0.0267454463371087,FALSE,""
JAVELIN,9114,GPT;CLDN3;SNORD116-16;SPINK5;LOC101928003,1.38809061003418,,0.00315409376643137,FALSE,""
JAVELIN,9115,FAM46C;ANXA13;CDH13;CPA4;KIF4A,0.825755109081824,,0.0825886827534146,TRUE,""
JAVELIN,9116,MGAT3;MIR589;HIST1H2AL;KCNAB1;PLAC8,1.17117104719352,,0.148307658939532,FALSE,""
JAVELIN,9117,C14orf105;ADAMTS14;MTCL1;ACOXL;MDFI,0.988366880833098,,0.910659897634038,TRUE,""
JAVELIN,9118,MIR4499;SPEG;MST1;TBX5;LOC401317,1.27743514408684,,0.0256406277833749,FALSE,""
JAVELIN,9119,PIGR;STEAP1;S1PR3;ERBB4;LOC283278,1.35724572808887,,0.00600777276945988,FALSE,""
JAVELIN,9120,MIR3189;FOXF1;SNORA26;CYP2D6;MIR3973,1.21594841936836,,0.0778884782360763,FALSE,""
JAVELIN,9121,MIR25;CXCR3;RIPK4;HECW1;PCDHB16,1.24133412125478,,0.0471053784301376,FALSE,""
JAVELIN,9122,PTHLH;MIR339;MIR628;DAO;P2RY6,1.43996105632214,,0.000652793732518968,FALSE,""
JAVELIN,9123,UGT8;SNORD67;RGL3;WFDC5;EME1,1.1992380086298,,0.098382058446752,FALSE,""
JAVELIN,9124,HIF1A-AS2;GABRD;SNAI2;CTSG;MIR4720,1.42819043115391,,0.00119650476605167,FALSE,""
JAVELIN,9125,PCOLCE2;MIR563;PTTG1;LEFTY1;APOBEC3H,1.08897699132457,,0.443791386253147,FALSE,""
JAVELIN,9126,STC2;C4B;MIR544B;MIR4798;LOC100128242,1.17184640648033,,0.149715704590466,FALSE,""
JAVELIN,9127,FAM46C;FCGBP;PIEZO2;CYP21A2;FAM162B,1.12572871047214,,0.281271412814415,FALSE,""
JAVELIN,9128,NXPH4;ACHE;EMP1;SCGB3A2;AK7,1.2389907315226,,0.0428520588044434,FALSE,""
JAVELIN,9129,SVEP1;NPY6R;ITGA11;HRG;GRAMD1B,1.19269594926587,,0.103717179932827,FALSE,""
JAVELIN,9130,C8orf4;ASPHD1;LZTS1;MIR3197;MIR5697,1.23851122295537,,0.0520367588265465,FALSE,""
JAVELIN,9131,FOSB;SNORD114-13;TMEM132A;ADH1C;LZTS3,0.90286224826727,,0.343512181131793,TRUE,""
JAVELIN,9132,DDC;CCDC148;SNORA48;PTGES;KIAA1755,1.31926181387521,,0.00971520614220007,FALSE,""
JAVELIN,9133,HHLA2;MMP19;FKBP9P1;AGXT;GRAMD1B,1.08649196304129,,0.440190211466399,FALSE,""
JAVELIN,9134,QPCT;MIR563;CDH13;IBSP;KLHL13,1.43228805810991,,0.00196056940555251,FALSE,""
JAVELIN,9135,DDC;SLC16A9;LY96;EPO;RASL12,1.55039876549644,,3.18632234236613e-05,FALSE,""
JAVELIN,9136,HHLA2;PNMA2;SNORD116-28;MIR4533;FCRL6,1.21909304785658,,0.0527228349469043,FALSE,""
JAVELIN,9137,MIR4499;NRG1;CDH13;CYP17A1;GNAL,1.35256861469412,,0.00608760884023583,FALSE,""
JAVELIN,9138,FABP4;ABCA12;HRSP12;MIR1302-5;COL9A2,1.2453693360669,,0.0484067833868651,FALSE,""
JAVELIN,9139,MIR4730;CLCNKA;ARL4C;KCNK9;CH25H,1.21384793523458,,0.080305882471378,FALSE,""
JAVELIN,9140,HNF1A;MIOX;MAP4K1;MIR3193;PTGDR,1.25137597094494,,0.0261175781416586,FALSE,""
JAVELIN,9141,IL17RB;CXCR3;HIST1H2BO;TUBB1;EPHB1,0.875986371252953,,0.231273777954602,TRUE,""
JAVELIN,9142,DDC;HAMP;SNORD29;MIR4469;MIR4753,1.18743523704423,,0.116584852377322,FALSE,""
JAVELIN,9143,MIR29B2;MZB1;MS4A4E;HOXB13;ZSCAN31,1.2154908941086,,0.0770454955567005,FALSE,""
JAVELIN,9144,UGT8;GRM8;SNORA48;EPS8L3;RGS4,1.33058171283009,,0.00834802314792872,FALSE,""
JAVELIN,9145,GPR126;ACHE;PIEZO2;DIRAS2;DNAJC22,1.34043998711366,,0.00770475088361028,FALSE,""
JAVELIN,9146,MIR30A;ANXA13;MST1;MIR545;LILRA6,1.12614873771407,,0.272956178294538,FALSE,""
JAVELIN,9147,UGT2A3;MIR548AU;RASGRP1;SCARA5;NEK10,1.13989548579208,,0.20494275318531,FALSE,""
JAVELIN,9148,NPR3;LYVE1;SELENBP1;APOA1;NAV3,1.11219303289455,,0.302698794750529,FALSE,""
JAVELIN,9149,MIR30A;MIR186;MIR4635;MROH2A;SPTBN5,1.30182530382824,,0.0136936295704111,FALSE,""
JAVELIN,9150,ITGA8;MAL2;COL5A3;CRB2;CCR4,1.07847723820328,,0.494045512293679,FALSE,""
JAVELIN,9151,CCL19;ST6GALNAC2;PTER;ASXL3;GZMM,1.00658448349792,,0.950304312159761,FALSE,""
JAVELIN,9152,UGT8;GPC3;SELENBP1;SFTPA2;DEPDC7,1.37913311838883,,0.00307145440030435,FALSE,""
JAVELIN,9153,ABCA6;HYDIN;ARL4C;MIR95;EPHA1,1.01062654579026,,0.922036917000876,FALSE,""
JAVELIN,9154,FRAS1;MIR1972-1;LY96;IL1RL1;TMC4,1.28849371789071,,0.0181738793040624,FALSE,""
JAVELIN,9155,PLA2G7;SPEG;MTCL1;MIR493;KCNN4,0.850239555515388,,0.148024182777689,TRUE,""
JAVELIN,9156,SCNN1A;TMEM139;MYO7A;MYOT;RASL12,1.30605148671207,,0.0139062112004933,FALSE,""
JAVELIN,9157,FMO3;ZNF711;CKS2;DNAAF1;CACNB2,1.40646753090772,,0.00205693046095325,FALSE,""
JAVELIN,9158,AOC1;PCDH10;BMP2;TUBA3D;KCNIP3,1.21918992787242,,0.0655081645937202,FALSE,""
JAVELIN,9159,SVEP1;MAPK15;EMP1;CFTR;DEPDC1B,1.2086606181779,,0.0907238209056839,FALSE,""
JAVELIN,9160,OLR1;IL1B;SNORD116-8;MIR4439;TTK,1.04257764558857,,0.702522303894739,FALSE,""
JAVELIN,9161,CRB3;IGF1;TEK;MIR30D;CITED4,1.52722005716274,,0.000102289081158804,FALSE,""
JAVELIN,9162,NMB;GPC3;MYO1G;NKAIN4;MIR3973,1.00081846347623,,0.994058132425341,FALSE,""
JAVELIN,9163,MIR4317;CD3G;RGL3;MIR4685;PIFO,1.21441890485833,,0.0678032586646192,FALSE,""
JAVELIN,9164,MIR27A;CDH23;FOLR2;XCR1;GNAO1,0.954268755598153,,0.652288786419752,TRUE,""
JAVELIN,9165,SLC39A5;KMO;COX7A1;HOXB13;PLAC8,1.18603527345069,,0.123906293047922,FALSE,""
JAVELIN,9166,MIA2;COL7A1;MIR4784;NAT8L;MIR98,1.01275334363754,,0.9075282747026,FALSE,""
JAVELIN,9167,CX3CR1;SPINK1;PDLIM3;SNORD114-24;TP73,1.09727032893345,,0.375735771341823,FALSE,""
JAVELIN,9168,SLIT2;MIR4655;RIPK4;PODNL1;ICOS,1.20390406473767,,0.0772883949384629,FALSE,""
JAVELIN,9169,SLCO4C1;PDGFRL;CSF3R;GRHL2;MIR3134,1.04282030184607,,0.697054403823042,FALSE,""
JAVELIN,9170,TSPAN7;SFN;PBX1;FAM153A;VN1R1,1.15585581927311,,0.179756676281566,FALSE,""
JAVELIN,9171,TSPAN7;SLC22A3;ITGA11;OMD;MIR3674,1.13946893506387,,0.219379485802473,FALSE,""
JAVELIN,9172,HIF1A-AS2;ATP1A2;MYO7A;MIR4530;ZNF831,1.13822623072829,,0.203115658529472,FALSE,""
JAVELIN,9173,S100A8;HAMP;DPYSL3;LRRC7;MIR548S,1.02197709821873,,0.839430982090197,FALSE,""
JAVELIN,9174,ABCA6;PTGS2;PDLIM3;FAM153C;MMP25,1.09016855802299,,0.41792748049511,FALSE,""
JAVELIN,9175,PLA2G7;CHRDL1;SARDH;MAPK8IP2;SNORD58C,0.95133697009788,,0.656500522597376,TRUE,""
JAVELIN,9176,HOGA1;LOC100288152;PTK7;HS3ST3A1;CACNA2D4,0.964994729692411,,0.745675196741508,TRUE,""
JAVELIN,9177,ACY3;GPRC5A;CDH13;MIR3617;ZNF667-AS1,1.16162265306323,,0.16318933651447,FALSE,""
JAVELIN,9178,MYH14;STEAP1;CALCRL;PXDNL;DPY19L2P2,1.46218045811846,,0.000314016551418811,FALSE,""
JAVELIN,9179,F2RL1;MYO7B;ROBO4;F11;GNAL,1.35831366544078,,0.00623961263418185,FALSE,""
JAVELIN,9180,LOC101927960;CCDC183;ECM2;GABRP;ALMS1P,1.48755440993179,,0.000494535653473808,FALSE,""
JAVELIN,9181,TACSTD2;SLC23A3;MST1;PPBP;LOC729970,1.34558148277916,,0.00879395636522832,FALSE,""
JAVELIN,9182,PGF;GREM1;ID4;EHF;MIR1273F,1.31159027414704,,0.0111499878954525,FALSE,""
JAVELIN,9183,CXCL1;EMX1;PDLIM3;ADCY8;AK7,1.45329569065222,,0.000565498941146545,FALSE,""
JAVELIN,9184,TRABD2B;VANGL2;HIST1H4L;UGT3A1;DEPDC7,1.24065695646562,,0.0439184329471664,FALSE,""
JAVELIN,9185,ADAM12;SPX;PLEKHA7;HMGA2;FAIM3,0.812610590962943,,0.0540761702774474,TRUE,""
JAVELIN,9186,MIR30A;FOSL1;MYRF;RP1;GPRIN1,0.778312023437425,,0.0249291111268302,TRUE,""
JAVELIN,9187,PGF;UBASH3A;ADAMTSL3;CRYAA;KCNQ4,1.33951604499087,,0.00526667604060013,FALSE,""
JAVELIN,9188,SNORD14C;GJB1;TIE1;GRIK3;MIR4779,1.21406999632912,,0.078509866931622,FALSE,""
JAVELIN,9189,SCN9A;ROR2;APCDD1;AQP2;NEK10,1.16989594801544,,0.144412967204559,FALSE,""
JAVELIN,9190,SRPX;ST6GALNAC2;MIR637;CYP17A1;MIR3674,1.06017775830413,,0.581960611615659,FALSE,""
JAVELIN,9191,ANO9;TESC;MS4A4A;LOC101928281;FIGNL2,1.18088060143575,,0.123036122581306,FALSE,""
JAVELIN,9192,MIR142;CLDN3;MXRA8;MIR874;PDE8B,1.3073120026373,,0.0120829781331245,FALSE,""
JAVELIN,9193,ALPK3;SNORD67;PLAT;APOBEC3A;NAV3,0.997285270370553,,0.980101896858392,TRUE,""
JAVELIN,9194,MIR4526;TTN;ADAMTSL3;TRNP1;MIR3177,1.17306048168554,,0.139991317677756,FALSE,""
JAVELIN,9195,ACADL;MT1M;MIR1207;MIR134;CCDC85A,1.29689369340336,,0.0152986225104664,FALSE,""
JAVELIN,9196,PPAP2C;WDR66;MYO7A;DUOX2;CYP27B1,0.980643833872524,,0.856739712721322,TRUE,""
JAVELIN,9197,MYO3A;EMX1;CCL4;MAPK8IP2;ZSWIM5,1.2445026907537,,0.0382902110556774,FALSE,""
JAVELIN,9198,FMO2;GLIS1;NT5E;HTR6;SYNC,1.39843266651497,,0.00218825912462588,FALSE,""
JAVELIN,9199,JPH2;FOSL1;MYRF;MIR4705;MIR5697,1.1559512703517,,0.18828085195898,FALSE,""
JAVELIN,9200,MIR30A;ELOVL7;ANGPT2;SPESP1;LOC283278,1.40537712557544,,0.00158896159208669,FALSE,""
JAVELIN,9201,FRAS1;FXYD1;MIR1207;MIR4500;NLGN4X,1.35412393033634,,0.0112891335707734,FALSE,""
JAVELIN,9202,SCNN1A;F10;APCDD1;CDH15;CORO2B,1.05582227343719,,0.610493383731334,FALSE,""
JAVELIN,9203,GLYAT;MIRLET7I;MIR628;FST;MDFI,1.38003273378365,,0.00379699869057077,FALSE,""
JAVELIN,9204,FAM46C;MIRLET7E;PTTG1;SNORD115-13;CYP4X1,1.05592394096385,,0.619143336068723,FALSE,""
JAVELIN,9205,NEB;FXYD1;MIR631;MIR4274;DNAJC22,1.32752576805651,,0.0094427695031124,FALSE,""
JAVELIN,9206,COMP;MIR1303;SNORD116-8;TBX5;LOC283278,1.42848493246422,,0.00102192015064274,FALSE,""
JAVELIN,9207,GBP5;GDA;MIR3125;PRIMA1;RPL39L,1.1958346711719,,0.0924477321365583,FALSE,""
JAVELIN,9208,F8;CGREF1;HIST1H2BM;MIR4469;MIR579,1.27909266173048,,0.0231381181294909,FALSE,""
JAVELIN,9209,STEAP4;MAPK15;MYO5B;SPINK5;WDR96,1.1664990550459,,0.170846230026814,FALSE,""
JAVELIN,9210,TSPAN13;ADAMTS14;RIPK4;CR2;MIR3978,0.944702744186215,,0.601504700340282,TRUE,""
JAVELIN,9211,IDO1;FXYD1;MYRF;CYP2C18;ARHGAP28,1.10221012281134,,0.369899706604371,FALSE,""
JAVELIN,9212,MIR4317;SLC16A9;APCDD1;TUBB1;LNX1,1.23431723435641,,0.0481634953404975,FALSE,""
JAVELIN,9213,GZMA;MFAP2;FKBP9P1;EML6;NOVA1,1.09779378872046,,0.387923694678897,FALSE,""
JAVELIN,9214,RAP1GAP;SOX6;MIR4714;LGALS12;KCNMB4,1.48362294500992,,0.000209528726200204,FALSE,""
JAVELIN,9215,HOGA1;KLF15;CYTIP;MOGAT3;MIR3177,1.1546743054897,,0.177903280242948,FALSE,""
JAVELIN,9216,CST7;KCNJ3;APCDD1;KCNN1;ADAMTS12,1.21234585129866,,0.0781191972778267,FALSE,""
JAVELIN,9217,PYCR1;MMP19;HMCN1;CLGN;MIR4295,1.30357335059973,,0.0178365205310286,FALSE,""
JAVELIN,9218,GZMK;SNORD77;MIR1537;IBSP;FAM132A,0.95605691206138,,0.6761528769159,TRUE,""
JAVELIN,9219,MIR27A;SLC27A2;COL5A3;MIR618;PTTG2,1.37404640102619,,0.00297933854217812,FALSE,""
JAVELIN,9220,ABCA6;GLDC;DCBLD2;GPM6A;PABPC4L,1.07721213211304,,0.508257616389614,FALSE,""
JAVELIN,9221,PLAC9;ASPHD1;CALCRL;MIR1290;LZTS3,1.32665169958238,,0.0068029426626057,FALSE,""
JAVELIN,9222,SNORD14C;SNORD114-13;LDB2;LRRC7;MTCP1,1.4364741546795,,0.00090006499291769,FALSE,""
JAVELIN,9223,CCL19;GFRA1;SELENBP1;SHOX2;BIRC5,0.985465682112824,,0.894291589990802,TRUE,""
JAVELIN,9224,F8;APOLD1;RHOBTB3;NTNG1;FAM162B,1.23197314314289,,0.0601395940661802,FALSE,""
JAVELIN,9225,BCL2A1;UBASH3A;CSF3R;SNORD114-17;GNAO1,0.814685895175381,,0.049661744458619,TRUE,""
JAVELIN,9226,MIR4730;LRG1;HIST1H2AL;CNDP1;BATF,1.06255719329079,,0.563535488064625,FALSE,""
JAVELIN,9227,SCNN1A;SNORD114-13;IFI44L;MIR193A;WISP1,1.14876925891356,,0.20334561492521,FALSE,""
JAVELIN,9228,ANO9;COBL;SELENBP1;PCDHB5;SIT1,1.16139479892866,,0.151022963378233,FALSE,""
JAVELIN,9229,SCN9A;NAPSA;SEMA4G;CABP1;GMPR,1.42793973944755,,0.00124046416089348,FALSE,""
JAVELIN,9230,PRSS8;FCGBP;ANGPT2;SLC13A3;PCDHB15,1.490731002654,,0.000424804591382868,FALSE,""
JAVELIN,9231,MIR3646;PRODH2;MIR4714;MIR1251;P2RY10,1.29902028759144,,0.0172614781037332,FALSE,""
JAVELIN,9232,MACC1;MIR339;MIR3975;MIR452;ADORA2B,1.25404425817015,,0.0414068617676925,FALSE,""
JAVELIN,9233,RERG;VEPH1;TSKU;BMPR1B;CD28,1.25068156361583,,0.0386477262427848,FALSE,""
JAVELIN,9234,ANK3;TF;FZD8;KCNS1;SPNS3,1.27246469190707,,0.0305143398062844,FALSE,""
JAVELIN,9235,RAB42;CDH23;ID1;DUSP9;ACOT1,1.25912622201556,,0.0395975958681505,FALSE,""
JAVELIN,9236,MIR27B;LDHD;MMP11;ADRB1;FAIM3,1.37855496376365,,0.00397770419660214,FALSE,""
JAVELIN,9237,HOXD10;SNORD114-10;TSKU;MIR4636;SNCA,1.16730763248343,,0.144182954262777,FALSE,""
JAVELIN,9238,DCDC2;DSCAML1;ROBO4;MIR3124;MIR1256,1.4850870499662,,0.000269737331756131,FALSE,""
JAVELIN,9239,MIR4499;BAI1;TIE1;SLC52A3;MIR3942,1.4134783441958,,0.00168477080866341,FALSE,""
JAVELIN,9240,TRABD2B;C10orf113;MIR4714;CAPN6;DAPP1,1.11806819059777,,0.295127361599164,FALSE,""
JAVELIN,9241,ESM1;CYP2C9;HRSP12;SNORD115-20;WSCD1,1.26351445077285,,0.031854029423092,FALSE,""
JAVELIN,9242,ALDH1L1;ABCB4;LDLR;CERKL;KIF4A,1.15241607359041,,0.190212408467956,FALSE,""
JAVELIN,9243,IDO1;F10;EFNA1;MIR4531;SNORD116-23,1.29991259118138,,0.0141729495887662,FALSE,""
JAVELIN,9244,SLC34A2;CYP24A1;RIPK4;CRHBP;PLEKHN1,1.11719673344734,,0.321230844606917,FALSE,""
JAVELIN,9245,NOX4;ADAMTS14;LZTS1;MIR218-1;C14orf37,1.3366920231074,,0.00889164832326862,FALSE,""
JAVELIN,9246,NPR3;MIR563;IFI44L;ADCY8;SLAMF1,1.29848690406812,,0.0128199082526487,FALSE,""
JAVELIN,9247,PDLIM4;SNORA75;SARDH;RERGL;FCN1,1.14735048260806,,0.200457669164098,FALSE,""
JAVELIN,9248,ADAMTSL2;ZFHX4;MIR3125;B3GAT1;MIR626,1.04430145316443,,0.688980852173323,FALSE,""
JAVELIN,9249,BAMBI;MLLT11;NT5E;LEFTY1;SPTBN5,1.03541393637675,,0.743071561221443,FALSE,""
JAVELIN,9250,PCOLCE2;TTN;ID1;CYP4F2;CYP2S1,1.2031831691578,,0.0837990565210991,FALSE,""
JAVELIN,9251,EMX2;CMYA5;HMCN1;GCKR;LOC100506518,1.22656105311919,,0.0545834901268375,FALSE,""
JAVELIN,9252,ALPK3;CD3G;SNORD74;KLB;SLAMF8,1.02062927993511,,0.855845033938062,FALSE,""
JAVELIN,9253,MUC3A;MAP7;MXRA8;KCNA5;PMAIP1,1.17059686585546,,0.147947859564497,FALSE,""
JAVELIN,9254,MIR126;MIR563;RGL3;PKP3;PTGDR,1.35658066820145,,0.00476127285347752,FALSE,""
JAVELIN,9255,SLC17A1;EXPH5;SNORD116-28;CALCR;SNORD19B,1.51262896751055,,0.000196459358224502,FALSE,""
JAVELIN,9256,NXPH4;PAQR5;NT5E;VPREB3;CCDC36,1.13242162757836,,0.245485501216358,FALSE,""
JAVELIN,9257,SRPX;GRB14;DLL4;MFAP5;MTCP1,1.34942981978034,,0.00814873163916878,FALSE,""
JAVELIN,9258,GLYAT;AZGP1;MIR4714;PRR15L;CADM4,1.25931841715217,,0.0414458990271088,FALSE,""
JAVELIN,9259,FCN3;ETNK2;MIR4435-2;AP3B2;ZDHHC11,1.23555705419826,,0.0496361452940346,FALSE,""
JAVELIN,9260,CX3CR1;SPX;CDH13;SLC10A2;C22orf34,1.42026588535729,,0.00103802615625098,FALSE,""
JAVELIN,9261,ACSM5;FOXF1;HIST1H4L;MIR874;TTK,1.31404321946775,,0.0102948638384268,FALSE,""
JAVELIN,9262,FGB;NPY6R;HOXD4;PPBP;RGS16,1.29132610815555,,0.0182316479440103,FALSE,""
JAVELIN,9263,ACSM5;AIF1L;BMP2;DMRT2;CCR4,1.22204586178059,,0.0735148735796342,FALSE,""
JAVELIN,9264,KRT7;MIR4655;HIST1H2BO;EYA1;MIR3973,0.995376944941372,,0.967295620706887,TRUE,""
JAVELIN,9265,SHROOM3;MIR4804;FZD8;TMPRSS4;TMEM232,1.25837763751042,,0.0401667249957939,FALSE,""
JAVELIN,9266,GPER1;VEPH1;ALDH1A3;OPCML;THRB,1.46254777519606,,0.000402960767788315,FALSE,""
JAVELIN,9267,CX3CR1;ESRP2;ITGA11;CR1L;NLGN4X,1.27827682358521,,0.0240516476753512,FALSE,""
JAVELIN,9268,SLC17A1;MIR3145;APCDD1;C8orf34;FAXDC2,1.15587703033964,,0.16743274847794,FALSE,""
JAVELIN,9269,TMEM27;GLIS1;HIST1H2BO;NPHS2;RNF148,1.22775860080121,,0.0611230837180878,FALSE,""
JAVELIN,9270,ADAMTSL2;MIR3941;ACSF2;CXCR2P1;KCNN3,1.19952114727323,,0.0755133263709691,FALSE,""
JAVELIN,9271,MFSD2A;MZB1;MIR544B;SLC26A9;SNORD116-23,1.01175703136456,,0.912332028421069,FALSE,""
JAVELIN,9272,SEC14L6;GLYATL1;MS4A4A;ARHGAP40;TSPAN32,1.12943101334668,,0.25721058696536,FALSE,""
JAVELIN,9273,TRABD2B;GLIS1;SLC1A1;MIR585;MIR3682,1.32862870994244,,0.00826757157925504,FALSE,""
JAVELIN,9274,GBP5;ANXA13;SNORD33;FCER2;SLAMF1,0.844434630784982,,0.111470751532251,TRUE,""
JAVELIN,9275,SLC16A12;MYO7B;PTK7;ATOH8;GPR160,1.29096639151455,,0.01633207821273,FALSE,""
JAVELIN,9276,SLPI;MIR23B;ROBO4;SFTPA2;TMEM38A,1.18445792642663,,0.135935836662117,FALSE,""
JAVELIN,9277,SORBS2;SLC23A3;MYO1G;SFTPC;MIR643,1.2457342362973,,0.0384967922788902,FALSE,""
JAVELIN,9278,PDLIM4;AQP7;SNORD12B;MIR3187;LOC101928003,0.98163081823527,,0.85963015185895,TRUE,""
JAVELIN,9279,LPL;LOC100288152;EFNA1;SNORD115-37;CD200R1,1.29809440150836,,0.0178619594826231,FALSE,""
JAVELIN,9280,SMIM24;CHRDL1;MIR3975;MIR452;PADI2,1.13257553213931,,0.239986456693599,FALSE,""
JAVELIN,9281,TINAG;ROR2;SNORD4B;CNTFR;SLAMF8,1.09186107476823,,0.413693384033323,FALSE,""
JAVELIN,9282,GPR126;SLC2A2;ACSF2;APOC3;FAM43A,1.20498047413348,,0.091124976254213,FALSE,""
JAVELIN,9283,ACKR1;ESPN;TMEM204;SMOC1;HSD17B3,1.30703071235291,,0.0118029456328729,FALSE,""
JAVELIN,9284,CD27;LTF;EFNA1;CTSE;XCL2,0.965341113058195,,0.747558779522052,TRUE,""
JAVELIN,9285,PTH1R;CD69;SLC44A3;TMEM100;ZNF90,1.20242658958095,,0.0834927969566086,FALSE,""
JAVELIN,9286,IL6;AR;TSKU;C5orf38;OSR1,1.16453968810974,,0.15554189980592,FALSE,""
JAVELIN,9287,FOSB;GLIS1;S1PR3;SNORD115-13;IL33,1.20739852488005,,0.0893775664429728,FALSE,""
JAVELIN,9288,TNFAIP6;VANGL2;SLC1A1;SCGB1D2;HIST2H3C,1.16076341283322,,0.163893578688104,FALSE,""
JAVELIN,9289,OLR1;MMP24;SNORD6;TCN1;MIR3978,1.02983772463785,,0.788349477833594,FALSE,""
JAVELIN,9290,CRB3;PLA2G2A;ADAMTS2;ACOXL;SERTAD4,1.29731061556124,,0.0185391515788411,FALSE,""
JAVELIN,9291,MIR4526;MGAM;SARDH;MIR218-2;CCDC141,1.4456117114278,,0.000346349989802374,FALSE,""
JAVELIN,9292,SLCO4C1;MIOX;GPC4;CLDN16;GMPR,1.20364777612419,,0.0954561071509008,FALSE,""
JAVELIN,9293,MYO3A;CYP4F3;MIR628;NMU;GTSE1,1.17534652473685,,0.143636674442713,FALSE,""
JAVELIN,9294,CCL20;SNORA69;MIR4635;CCBE1;TDRD10,1.18924040621874,,0.09675271180248,FALSE,""
JAVELIN,9295,BAIAP2L2;DPEP1;SNAI2;MIR4439;KCNJ5,1.14563296385199,,0.183392239832072,FALSE,""
JAVELIN,9296,GLYAT;MIR378H;HIST1H4L;TNFRSF17;MIR3682,1.23635342225962,,0.0509705917026354,FALSE,""
JAVELIN,9297,MIR4652;GABRD;PPL;S100B;LNX1,1.27292131110022,,0.0245007359079151,FALSE,""
JAVELIN,9298,F2RL1;HAMP;IFI44L;SLC5A8;MIR3664,1.27322034275734,,0.0193612512704903,FALSE,""
JAVELIN,9299,GLYAT;WNK4;MCF2L;SLC44A5;ALMS1P,1.52510275128974,,0.000143297985708424,FALSE,""
JAVELIN,9300,C8orf4;TENM3;MIR3125;ST6GAL2;MIR1288,1.36701945950114,,0.00499575567070505,FALSE,""
JAVELIN,9301,ITGA8;LYVE1;RHOBTB3;ATOH8;PLEKHN1,1.06379540171667,,0.564993824340745,FALSE,""
JAVELIN,9302,MIR4652;ELOVL7;TMEM204;DIRAS2;SYNC,1.36367194461165,,0.00473387467235088,FALSE,""
JAVELIN,9303,RAB42;MIR646;TREM2;COCH;SMG1P5,1.07781139245649,,0.493183053009962,FALSE,""
JAVELIN,9304,MIA2;MIR4655;PLAUR;DDIT4L;DAPP1,1.14292991046183,,0.229829005923473,FALSE,""
JAVELIN,9305,SCN9A;HRH2;SNORD4B;SAA2;MIR640,1.09303640922634,,0.425949548903591,FALSE,""
JAVELIN,9306,TMEM27;C4B;SNORD12B;PTK6;MTRNR2L10,1.08629950685571,,0.438769700219999,FALSE,""
JAVELIN,9307,S100A8;SLC16A9;FPR1;BDH1;GLT8D2,0.993029843216059,,0.947090308962421,TRUE,""
JAVELIN,9308,SPAG17;SNAP25;SNORD59A;ZIC2;RASGEF1A,1.11531658250727,,0.323292399465408,FALSE,""
JAVELIN,9309,FGB;ZFHX4;2020-03-02 00:00:00;TMEM252;RASL12,1.27099543792412,,0.0246232985689314,FALSE,""
JAVELIN,9310,PYCR1;CHI3L2;2020-03-02 00:00:00;LCN2;CCDC3,1.20928462990345,,0.0898918137935034,FALSE,""
JAVELIN,9311,C8orf4;ABCA12;MIR197;MIR874;MMP17,1.12625507524106,,0.261843067860044,FALSE,""
JAVELIN,9312,MIR645;BEX2;MIR938;OR2T3;STEAP1B,1.13619501546914,,0.255220700299845,FALSE,""
JAVELIN,9313,BAIAP2L2;PRODH2;S1PR3;PSCA;LCN12,1.3067902277819,,0.0185981742630963,FALSE,""
JAVELIN,9314,OLFML2A;PAQR5;MIR1207;HOXB13;RPL39L,1.30121019065617,,0.0178099635065826,FALSE,""
JAVELIN,9315,PLAC9;IGF1;LZTS1;KCNH3;SCUBE2,1.2133584007703,,0.0850636129166681,FALSE,""
JAVELIN,9316,MIA2;MIR548AA2;CDH13;MIR4251;LOC101928383,1.58459683839906,,1.52705798007305e-05,FALSE,""
JAVELIN,9317,SRPX;THBS4;SNORA77;KCNH3;NCAPG,0.847889999433004,,0.147248273987894,TRUE,""
JAVELIN,9318,OLR1;ESRP2;PTER;LOC101929335;TMEM119,1.15045779252015,,0.177290836030316,FALSE,""
JAVELIN,9319,PPAP2C;CD69;SNORD4B;IL1RL1;ETV1,0.869462480466588,,0.189694337176527,TRUE,""
JAVELIN,9320,AKR7A3;TNXB;FOLR2;SCUBE1;PCDHB15,1.09562893758423,,0.383372727388918,FALSE,""
JAVELIN,9321,PROM1;CCDC148;ID4;FBXO2;LOC101928494,1.17508081223926,,0.141732274761015,FALSE,""
JAVELIN,9322,IL17RB;HPGD;FOLR2;ROS1;ASPRV1,1.2875893840487,,0.0222925924374732,FALSE,""
JAVELIN,9323,TNFAIP6;DUSP2;MYRF;RHOV;PCDHB16,1.11534844869804,,0.305596920699847,FALSE,""
JAVELIN,9324,ANO9;KMO;SNORD116-16;ANKRD1;MIR1273F,1.22562280142777,,0.0640610479160412,FALSE,""
JAVELIN,9325,ITGB6;KCNJ3;MIR544B;HOXA13;ADCY1,1.44596127240521,,0.000597551161183167,FALSE,""
JAVELIN,9326,ACE2;CCDC148;ALDH1A3;MIR1251;DLG2,1.38179990133842,,0.00311862784458064,FALSE,""
JAVELIN,9327,FXYD2;TRIM55;ITGA11;ACTC1;TMEM119,1.2737826446006,,0.0255843779131559,FALSE,""
JAVELIN,9328,RERG;INMT;HIST1H2AL;KLB;TMEM38A,1.18979786018828,,0.111217573102887,FALSE,""
JAVELIN,9329,HABP2;CCL28;EVI2B;MIR4506;PLCH1,1.24522503450961,,0.0401708836852346,FALSE,""
JAVELIN,9330,SEC14L6;MAPK15;MMP11;C1orf116;FAM132A,1.2916875314819,,0.0176451103523058,FALSE,""
JAVELIN,9331,GBA3;IL2RA;MIR544B;TNNI3;KCNJ5,1.15841991894717,,0.172064683130347,FALSE,""
JAVELIN,9332,CX3CR1;MIR589;MTCL1;SNORD115-25;UBE2T,1.19734082721269,,0.0910778278350266,FALSE,""
JAVELIN,9333,UBD;ATP1A2;CACNA2D1;ADRB1;HIST1H1A,1.15735771458374,,0.162621718559801,FALSE,""
JAVELIN,9334,RAP1GAP;MT1M;PTER;DIRAS2;PDGFD,1.4318002178684,,0.000899409098403273,FALSE,""
JAVELIN,9335,FER1L4;EPPK1;EVI2B;SCN2A;MIR1288,1.13261408510123,,0.234704607986909,FALSE,""
JAVELIN,9336,RAB42;GYLTL1B;COL5A3;SNORD114-2;LOC101927970,1.16269576887855,,0.16852574155143,FALSE,""
JAVELIN,9337,ABCC6;MST1P2;RHOBTB3;JSRP1;TNFRSF18,1.08969095401942,,0.435781139820312,FALSE,""
JAVELIN,9338,MIA2;ATP1A2;MIR3125;SLC35F3;GNAL,1.4426262738599,,0.000710499954344819,FALSE,""
JAVELIN,9339,MIR1180;PAH;SEMA4G;SHISA9;FAM132A,1.17227553183975,,0.154023692424247,FALSE,""
JAVELIN,9340,GBA3;NPY1R;MIR631;JSRP1;CITED4,1.15887771872407,,0.1784018716888,FALSE,""
JAVELIN,9341,NR4A3;MFI2;SLC44A3;BMPER;CYYR1,1.20196828050591,,0.107219520210109,FALSE,""
JAVELIN,9342,FGG;INMT;MIR4635;SLC18A3;C22orf34,1.05132608643003,,0.651740104756272,FALSE,""
JAVELIN,9343,HNF1A;KLF15;ALDH1A3;ASXL3;PDE8B,1.37975781791713,,0.00347778737805733,FALSE,""
JAVELIN,9344,SBSPON;TMEM171;DLL4;PRSS12;SNORD60,1.44952174668644,,0.000503538877868903,FALSE,""
JAVELIN,9345,FABP4;MIR200B;IGFBP6;MIR544A;GJC2,1.10185851651878,,0.353733200903002,FALSE,""
JAVELIN,9346,GZMK;FAM65C;IL2RB;PPP1R14D;ZNF471,1.09223940242332,,0.40117860680731,FALSE,""
JAVELIN,9347,CYP2E1;CCDC183;MIR197;TPSG1;APOL4,1.21720982150748,,0.0638698011313356,FALSE,""
JAVELIN,9348,MYO3A;CYP24A1;ALDOC;SNTG2;MIR548AM,1.33024210855938,,0.00863436430294578,FALSE,""
JAVELIN,9349,SCNN1A;PLA2G2A;HOXD4;S100P;CD244,1.08119104973988,,0.480667844777758,FALSE,""
JAVELIN,9350,MYBL2;IL1B;TMEM204;DUOX2;SNORA70D,1.05206486284462,,0.643720505497446,FALSE,""
JAVELIN,9351,UGT8;PRAP1;2020-03-02 00:00:00;LOC101929335;RASGEF1A,1.42028735847385,,0.000897867951733399,FALSE,""
JAVELIN,9352,MIR4730;SNORD67;FZD8;CYP2C19;CCDC144CP,1.22214717929255,,0.0804520466596989,FALSE,""
JAVELIN,9353,C8orf4;NAPSA;CALCRL;CHIT1;TNFRSF11A,1.2793700354407,,0.0196145450256839,FALSE,""
JAVELIN,9354,COMP;HPD;ID1;ANKRD1;FAXDC2,1.1183706417788,,0.304826018081849,FALSE,""
JAVELIN,9355,COX4I2;MIR186;IL2RB;ROS1;WNT3,1.15049737067378,,0.191506173658232,FALSE,""
JAVELIN,9356,BAMBI;VNN1;RIPK4;ZNF812;DNALI1,1.29796333620214,,0.016980780312967,FALSE,""
JAVELIN,9357,MIR4292;PCDHGA5;EFNA1;MIR95;ALDH1L2,1.11739951073094,,0.302241734145756,FALSE,""
JAVELIN,9358,PYCR1;ZNF711;DPYSL3;XDH;WNT3,0.978931457708487,,0.843050579278017,TRUE,""
JAVELIN,9359,PCDHGB2;GRM8;LDLR;CNTFR;RNF152,1.25758843904217,,0.0404484692254434,FALSE,""
JAVELIN,9360,RAB17;CES3;MECOM;IRX2;ADAMTS15,1.48457840206864,,0.00039170153556369,FALSE,""
JAVELIN,9361,SLCO4C1;CLDN10;SLC44A3;MIR4735;TNFRSF11A,1.47875804786192,,0.000415499118793924,FALSE,""
JAVELIN,9362,MIR3117;LAMC2;IL2RB;VPREB3;BIRC5,0.851891855098601,,0.144004132557735,TRUE,""
JAVELIN,9363,MIR25;NDNF;HIST1H4L;TRPV3;RGS4,1.07043341488839,,0.538473472125072,FALSE,""
JAVELIN,9364,MIR378I;IL2RA;MMP11;CNTNAP5;XCL2,0.879183310320105,,0.237488593257767,TRUE,""
JAVELIN,9365,ABCA6;SNORD65;DLL4;EYA1;DACT3,1.36065834744971,,0.00600648978212543,FALSE,""
JAVELIN,9366,SPOCK1;PAH;CRISPLD2;SNORD115-4;PCDHGC4,1.00279182640148,,0.980060140860535,FALSE,""
JAVELIN,9367,PLA2G7;FABP7;GPC4;CLIC6;UNC5C,1.30973661862281,,0.0126265449859473,FALSE,""
JAVELIN,9368,LPL;SNORD114-13;DPYSL3;C1orf116;ROPN1L,1.11244634523948,,0.31497365942944,FALSE,""
JAVELIN,9369,MYOM3;ADORA1;TMEM204;HCAR2;UHRF1,0.991770711314045,,0.939820440728191,TRUE,""
JAVELIN,9370,SBSPON;SLC4A3;MYO5B;PITX1;MIR5191,0.830853493630462,,0.0884907491300588,TRUE,""
JAVELIN,9371,MIR27B;ABCA8;DPYSL3;CST1;CNTN4,1.2728850513404,,0.0249947439815848,FALSE,""
JAVELIN,9372,PGF;ROR2;MTCL1;PEG3;ZDHHC11,1.2192452121427,,0.0618117294518884,FALSE,""
JAVELIN,9373,PCDHGB2;ALDH8A1;DPYSL3;SNORD114-7;MIR4706,1.05673657249176,,0.615033961905924,FALSE,""
JAVELIN,9374,NMB;CXCR3;PLEKHA7;SLC22A24;ABCG2,1.43023816171308,,0.00112595437866089,FALSE,""
JAVELIN,9375,FOLH1;DPEP1;SNORD4B;PKLR;TMOD1,1.27935959657891,,0.0234382464680521,FALSE,""
JAVELIN,9376,UGT8;LOC647859;HIST1H2AL;SBSN;ZNF90,1.11531315975235,,0.319416603137832,FALSE,""
JAVELIN,9377,GPR126;GLDC;TOP2A;GPR37;TTC22,1.07940037659532,,0.477053666741651,FALSE,""
JAVELIN,9378,SVEP1;CES3;MAP4K1;SERPINA5;PCDHB15,1.26764136833944,,0.0249615027249178,FALSE,""
JAVELIN,9379,MYO3A;ATP1A2;TEK;MIR345;RASD2,1.43663790076282,,0.000986365688833836,FALSE,""
JAVELIN,9380,RAB42;SNORD65;RIPK4;LOC101929335;LZTS3,1.22697687912257,,0.0495228409686948,FALSE,""
JAVELIN,9381,CHDH;SNORD67;ADCY4;NUGGC;HAS3,1.24177208933058,,0.0482201399958311,FALSE,""
JAVELIN,9382,MIR4652;ABCA8;DENND2A;TFCP2L1;MIR571,1.16280039200479,,0.163052742309144,FALSE,""
JAVELIN,9383,RASD1;SLC23A3;CRISPLD2;SCN4A;KCNQ4,1.20955902901657,,0.0820506628426062,FALSE,""
JAVELIN,9384,MYH14;ASRGL1;MMP11;SNORD114-6;DNALI1,1.30793474701347,,0.0150068865345192,FALSE,""
JAVELIN,9385,GBA3;MIR4731;ARL4C;COL25A1;CEP55,1.12328032949208,,0.306499792914254,FALSE,""
JAVELIN,9386,RAB17;MIR548AA2;IGFBP6;FAM83F;KIF2C,1.17425917778339,,0.134109520214695,FALSE,""
JAVELIN,9387,ITGB6;ELOVL7;LY96;LHX1;FLRT2,0.991750827938433,,0.937309530736895,TRUE,""
JAVELIN,9388,PROM1;F10;SNORD6;GRIK4;DNALI1,1.21876376377086,,0.0655706652973359,FALSE,""
JAVELIN,9389,MIR27A;CYP24A1;SEMA4G;TM6SF2;TDRD10,1.2934908107853,,0.0167488439630589,FALSE,""
JAVELIN,9390,UBD;GABRD;SNORD59A;UMOD;TMOD1,1.24737144784589,,0.0378822440625372,FALSE,""
JAVELIN,9391,SLC17A1;MIR1249;DENND2A;GAS2;DBNDD1,1.38439153795751,,0.00409103307986531,FALSE,""
JAVELIN,9392,CTSW;AGMAT;SARDH;CTSG;PDE8B,1.20203357457563,,0.077813832613311,FALSE,""
JAVELIN,9393,MIR548AR;CHI3L2;FZD8;MIR4479;GNAO1,1.02702771765864,,0.803761907864554,FALSE,""
JAVELIN,9394,S100A8;HSH2D;PLAUR;LOC101929578;LRRC17,0.952135872280182,,0.64019859557175,TRUE,""
JAVELIN,9395,HOXD10;EPPK1;SNORD74;MIR545;CDC45,1.05607864952168,,0.613577139593117,FALSE,""
JAVELIN,9396,SPOCK1;PAQR5;MIR1207;ENAM;DGKI,1.3859013202341,,0.00225588855729254,FALSE,""
JAVELIN,9397,SEC14L6;KLHDC7A;MIR628;IGSF10;CD40LG,1.19400366038374,,0.0879058365234528,FALSE,""
JAVELIN,9398,LAMC3;TNXB;MS4A4E;TM6SF2;SLC39A4,1.10978541014291,,0.33172287504003,FALSE,""
JAVELIN,9399,SLPI;BAI1;ACSF2;EGFL6;CDC45,0.914430925345927,,0.398501988077107,TRUE,""
JAVELIN,9400,PRSS8;BAI1;LDB2;ICAM5;MIR3135A,1.1804055740335,,0.121892403136128,FALSE,""
JAVELIN,9401,OLR1;ESPN;MYRF;NAT8L;HAS3,1.07730178388849,,0.499173184728969,FALSE,""
JAVELIN,9402,NXPH4;TESC;ALDH1A3;TFR2;KCNN3,1.10514925960444,,0.376968981201708,FALSE,""
JAVELIN,9403,SPOCK1;KIF26B;ADAMTSL3;CCL11;LOC101927970,1.12543594446018,,0.270796984228131,FALSE,""
JAVELIN,9404,PTHLH;GFRA1;ID1;ESRP1;ETV1,1.14375711108328,,0.210351171856917,FALSE,""
JAVELIN,9405,DDC;CD79A;HOXD9;HSD3B2;CTRL,1.32262214979426,,0.00626817689527511,FALSE,""
JAVELIN,9406,PTH1R;TTN;ALDH1A3;MNX1;DAPK2,0.879532110971102,,0.227436249388345,TRUE,""
JAVELIN,9407,STC2;MIR4519;SNORD116-28;TNNT2;MIR640,1.24829413351918,,0.0511915118350796,FALSE,""
JAVELIN,9408,CD38;EMX1;DPYSL3;SPINK5;MIR3134,0.898768098384619,,0.320443656620319,TRUE,""
JAVELIN,9409,OLR1;CHRDL1;TMEM132A;RP1;TMEM178A,0.949630371711521,,0.615801687181386,TRUE,""
JAVELIN,9410,QPCT;GSTM1;DPYSL3;NEFM;LOC400043,1.02141686027301,,0.843793324089562,FALSE,""
JAVELIN,9411,MT1G;C4B;ALDH1A3;UNC93A;CTRL,1.0184226611239,,0.864103971885171,FALSE,""
JAVELIN,9412,MIR126;LOC101928757;SNORA26;CABP1;KCNIP3,1.23462316646683,,0.0523282830674622,FALSE,""
JAVELIN,9413,MIR4317;IL1B;APCDD1;EPS8L3;MDFI,0.962023056174192,,0.718573329935606,TRUE,""
JAVELIN,9414,SLCO4C1;CLMP;LDLR;C16orf89;MIR4295,1.20821610317864,,0.0788707735035709,FALSE,""
JAVELIN,9415,TSPAN7;MIR1203;SNORD6;TMC5;HOXA7,1.27180878668277,,0.0253948334462193,FALSE,""
JAVELIN,9416,SCIN;EPPK1;ALDH1A3;LAMP3;SNORD126,1.06427735765769,,0.550685237382631,FALSE,""
JAVELIN,9417,GPER1;DPEP1;FPR1;ZNF812;CYP4X1,1.12417825206816,,0.279297888481583,FALSE,""
JAVELIN,9418,ACY3;GFRA1;RGL3;TEX11;DOC2B,1.29251230488586,,0.0149125816582506,FALSE,""
JAVELIN,9419,IKZF3;SPX;MYO7A;TPSG1;LOC101928383,1.23043400920755,,0.0473372597443596,FALSE,""
JAVELIN,9420,MYO3A;MIR339;SNORA48;SFTPA1;PDE3B,1.30217600163782,,0.0191626174416644,FALSE,""
JAVELIN,9421,SLC17A1;THBS4;MYRF;SLC10A2;ASPRV1,1.28611478821442,,0.0189292940261358,FALSE,""
JAVELIN,9422,LPL;GLDC;MS4A4A;KCNH3;SP140,0.911870277653684,,0.384512758489709,TRUE,""
JAVELIN,9423,CST7;AQP7;PLAT;MIR3617;PDCD1LG2,1.01183498881204,,0.911642713765247,FALSE,""
JAVELIN,9424,RAP1GAP;MIR23B;LDLR;WBSCR17;NEIL3,1.02616028752653,,0.817960411187254,FALSE,""
JAVELIN,9425,STEAP4;WDR66;SLC1A1;ADH6;APOBEC3B,1.11402460062453,,0.318897903627965,FALSE,""
JAVELIN,9426,IRX5;RARRES1;ALDOC;MIR1251;KIF2C,1.10104918047105,,0.37903870070011,FALSE,""
JAVELIN,9427,ABCC6;EFHD1;FOLR2;ADCY8;THEMIS,1.20543673171951,,0.0703809426669348,FALSE,""
JAVELIN,9428,QPCT;PCDH10;MCF2L;TNNC2;MIR98,1.24867041269756,,0.04184069021975,FALSE,""
JAVELIN,9429,STC1;SLC22A3;DLL4;TDO2;CCDC144CP,1.24366826777428,,0.0510498121020608,FALSE,""
JAVELIN,9430,HOXC10;AGMAT;ACSF2;TMEM174;C14orf64,1.44948820296122,,0.00113399625879081,FALSE,""
JAVELIN,9431,GBA3;EFHD1;SNORD12B;AQP4;WDR96,1.38402863612725,,0.00261580958820373,FALSE,""
JAVELIN,9432,SMIM24;BTNL9;CKS2;MIR4735;MIR3134,1.20054991850231,,0.0926161428167016,FALSE,""
JAVELIN,9433,NME5;MFI2;CALCRL;UPK1B;NLRC3,1.04337894302278,,0.687200134232517,FALSE,""
JAVELIN,9434,AGMO;MIR1203;HIST1H2BO;ZNF812;NBEAP1,1.14675042993425,,0.207012227632113,FALSE,""
JAVELIN,9435,C1orf186;TTN;ALDH6A1;MIR346;HIST1H1A,1.18029494068254,,0.129766239788629,FALSE,""
JAVELIN,9436,JPH2;MIRLET7A2;RHOBTB3;SNORD115-13;LZTS3,1.27205325972798,,0.0288958543506744,FALSE,""
JAVELIN,9437,ACKR1;LDHD;ITGA11;MIR592;MIR643,1.30503304887134,,0.0142774231108856,FALSE,""
JAVELIN,9438,RAP1GAP;FXYD1;IGFBP6;BAALC;HUNK,1.15450219079663,,0.19215329010041,FALSE,""
JAVELIN,9439,CD27;MIRLET7D;PTTG1;ZIC2;GNMT,0.860908748814354,,0.174930622558066,TRUE,""
JAVELIN,9440,DDC;C4B;FKBP9P1;SMOC1;TBX21,1.09307054166601,,0.405194976039429,FALSE,""
JAVELIN,9441,MIR23C;MLLT11;SNORD59A;SNORD115-21;WBSCR27,1.15329994633461,,0.173234400002253,FALSE,""
JAVELIN,9442,ITGA8;CGREF1;MAP4K1;CXCR2;KCNJ5,1.15280188506575,,0.161720168430605,FALSE,""
JAVELIN,9443,PLA2G7;MIRLET7F1;RIPK4;CCL17;TMEM178A,1.3532690852796,,0.00565193386797131,FALSE,""
JAVELIN,9444,FER1L4;COL11A1;COX7A1;MIR3617;PLCH1,1.15397618377204,,0.190005922275269,FALSE,""
JAVELIN,9445,EMX2;MIR1972-1;MECOM;SEMA3D;LOC101927236,1.49590701502553,,0.000164349762702554,FALSE,""
JAVELIN,9446,ANLN;ANKRD18A;HIST1H4L;MIR592;PYGO1,0.976000273936535,,0.827177636633159,TRUE,""
JAVELIN,9447,CCL19;SERPINA6;IL2RB;PCP4;C5AR2,1.08549664477565,,0.453092487454559,FALSE,""
JAVELIN,9448,LOC101927834;ADRA2C;RNF128;AQP2;C22orf34,1.24476089981611,,0.051840906770216,FALSE,""
JAVELIN,9449,IKZF3;LAG3;ADAMTS2;SNTG2;TNFRSF18,0.890052858822318,,0.27854043691313,TRUE,""
JAVELIN,9450,MIR1180;ROR2;FPR1;SCARA5;PPM1H,0.887507755762929,,0.273535700337321,TRUE,""
JAVELIN,9451,TFPI2;COL7A1;SARDH;WBSCR17;CD300LF,0.944680588584814,,0.618057373243459,TRUE,""
JAVELIN,9452,MIR645;FAM65C;PIEZO2;BMPER;LOC553103,1.33030612674585,,0.0093071658824567,FALSE,""
JAVELIN,9453,ACSM5;LYVE1;MIR1537;CNTN6;MIR4720,1.35140335590177,,0.00713313103872803,FALSE,""
JAVELIN,9454,PTHLH;SPEG;ADAMTS2;KRT15;C6orf132,0.912623178994334,,0.402164392451985,TRUE,""
JAVELIN,9455,HOXC10;NAPSA;LDLR;IRX6;AGAP11,1.39046444757997,,0.00221438154627838,FALSE,""
JAVELIN,9456,GLYAT;RASAL1;SNORA77;GC;SNORA78,1.295148121331,,0.016881568593299,FALSE,""
JAVELIN,9457,CX3CR1;MIR548AU;SNORD116-8;MIR3617;NEK10,1.33379641025469,,0.00704244292207054,FALSE,""
JAVELIN,9458,COX4I2;HAMP;SNORD74;GCKR;PI4KAP1,1.11524647421976,,0.301599395184093,FALSE,""
JAVELIN,9459,OGDHL;MT1M;MIR3125;F11;EME1,1.31855586569333,,0.00955455684736497,FALSE,""
JAVELIN,9460,FCN3;FOXP2;MIR3125;MIR4439;DGKI,1.3543524552959,,0.00531335825465334,FALSE,""
JAVELIN,9461,NMB;EXPH5;CACNA1C;PCDHB6;CYP27B1,1.61224774320707,,3.53431990318112e-05,FALSE,""
JAVELIN,9462,FMO3;PNMA2;SELENBP1;LEFTY1;LOC100133669,1.38403385690165,,0.00248200671788711,FALSE,""
JAVELIN,9463,MIR3189;MIRLET7A2;SNORD74;LAMP5;SNORD19B,1.27207115165242,,0.0330134338580258,FALSE,""
JAVELIN,9464,ANO9;SYBU;MS4A4E;IL1RL1;EMR4P,1.0410564321837,,0.696637928067013,FALSE,""
JAVELIN,9465,HIF1A-AS2;SNORD114-10;HOXD4;EPS8L3;CNTN4,1.29195962378049,,0.0154000254523602,FALSE,""
JAVELIN,9466,SEC14L6;C10orf113;FAM20A;CLGN;SNORD60,1.29853768275227,,0.0154274870103426,FALSE,""
JAVELIN,9467,NLGN1;COL11A1;MECOM;KLHL41;S1PR4,1.2480079026523,,0.0366508220278663,FALSE,""
JAVELIN,9468,NTM;REEP6;GPC4;PVALB;MIR3674,1.16690150159643,,0.167261442098292,FALSE,""
JAVELIN,9469,MIR645;CYP24A1;SNORD74;MIR33A;MIR4681,1.04479027349733,,0.686571457176615,FALSE,""
JAVELIN,9470,NPNT;THBS4;MTCL1;MIR4251;GMPR,1.13840286434652,,0.24156709178861,FALSE,""
JAVELIN,9471,ALPK3;ANKRD18A;ID4;BRE-AS1;ZSWIM5,1.30869480998075,,0.0158522448163241,FALSE,""
JAVELIN,9472,SLCO4C1;CXCR3;GPC4;ARHGAP40;LINC00299,1.10374807161842,,0.336415691444881,FALSE,""
JAVELIN,9473,REG1A;COL7A1;DMD;CRB2;ADAMTS15,1.05012179991118,,0.657186105339221,FALSE,""
JAVELIN,9474,WDR72;MT1M;EVI2B;PRND;TMOD1,1.10795794196692,,0.3479809910288,FALSE,""
JAVELIN,9475,SHROOM3;SNORD65;FOLR2;MIR4786;CCR6,1.09259165457693,,0.402287546276101,FALSE,""
JAVELIN,9476,CPZ;EPPK1;SNORA77;GCKR;MIR627,0.988009197093817,,0.912555315736214,TRUE,""
JAVELIN,9477,AOC1;MIR589;MMP11;FAM153B;CPNE5,1.46876486366679,,0.00040226381996968,FALSE,""
JAVELIN,9478,MIR25;MGAM;SNORD59A;PKP3;DGKI,1.37724363789872,,0.00292745276155598,FALSE,""
JAVELIN,9479,NR4A3;CYP4F11;MIR631;CRYAA;IL17RD,1.34129963144582,,0.0106175241182357,FALSE,""
JAVELIN,9480,MIR4292;PLIN4;ADAMTS2;KLB;NTNG2,1.18248214323875,,0.12093748863611,FALSE,""
JAVELIN,9481,LAMC3;GLIS1;MIR544B;INHBE;FAM212A,1.52295912091008,,0.000161315159635642,FALSE,""
JAVELIN,9482,GPR126;MIR378A;HIST1H2AL;MIR3197;PDE8B,1.2547470816991,,0.0394642462257844,FALSE,""
JAVELIN,9483,IL6;DUSP2;ROBO4;CCDC158;CPNE5,1.12933499815528,,0.260442486097655,FALSE,""
JAVELIN,9484,TINAG;CLDN10;PC;WNK2;CD244,1.31430394412809,,0.0125981062161176,FALSE,""
JAVELIN,9485,PCOLCE2;MFAP2;SNORA26;FPR2;SYCE1L,0.836174975686754,,0.107985755649211,TRUE,""
JAVELIN,9486,TTC39A;SLC23A3;ECM2;MIR592;PLEKHN1,1.33722584465679,,0.00630331449605072,FALSE,""
JAVELIN,9487,SRPX;LIPC;MMP11;MIR3197;GCAT,1.25309397645134,,0.0431834260308493,FALSE,""
JAVELIN,9488,PRSS8;MIR1972-1;ADAMTSL3;BRE-AS1;APOBEC3B,1.20636257229375,,0.0879493720797089,FALSE,""
JAVELIN,9489,MIR23C;RARRES1;SELENBP1;RHCG;SLC39A4,1.20347553348181,,0.0837107408637042,FALSE,""
JAVELIN,9490,FRAS1;SORCS2;MIR4784;SMOC1;CCDC141,1.03140197737523,,0.768219037835984,FALSE,""
JAVELIN,9491,CD38;CXCL8;EMP1;SLC26A7;ANKRD29,0.985784501635143,,0.892115490907288,TRUE,""
JAVELIN,9492,ESM1;AGMAT;SNORD116-16;CXCR2;THEMIS,1.26081406312796,,0.0267712539306474,FALSE,""
JAVELIN,9493,FOSB;CDCP1;DMD;ZNF365;KCNA3,0.882686069633982,,0.232277253154553,TRUE,""
JAVELIN,9494,NOX4;F10;CKS2;PRIMA1;PLAC8,0.933558513664825,,0.52711485937196,TRUE,""
JAVELIN,9495,ESM1;PPP1R1A;TIE1;ARHGEF38;MIR3674,1.2935763072104,,0.0183896756109485,FALSE,""
JAVELIN,9496,ACADL;MIR4804;FAM20A;MIR4685;UNC5C,1.11316371016971,,0.309747765378102,FALSE,""
JAVELIN,9497,FGB;REEP6;PDLIM3;TMEM132E;ILDR1,1.17049884841487,,0.155469928370344,FALSE,""
JAVELIN,9498,MYO3A;LTF;LY96;CERKL;PYGO1,1.24798658687626,,0.0405346941664576,FALSE,""
JAVELIN,9499,TSPAN13;MIR554;HIST1H2BM;STAC2;EPHA1,0.915628452951104,,0.420790354543166,TRUE,""
JAVELIN,9500,FRAS1;FOXQ1;HOXD4;PLA2G2D;LRRC37A4P,1.14027913427434,,0.204617511198321,FALSE,""
JAVELIN,9501,NXPH4;CDCP1;ID4;AQP4;MDFI,1.11772235030236,,0.291370929279343,FALSE,""
JAVELIN,9502,OLFML2A;BAI1;PPL;ST8SIA5;LOC729970,1.21764356498989,,0.0614075890673411,FALSE,""
JAVELIN,9503,PGF;PCK1;NT5E;ROBO2;DNALI1,1.50258871557362,,0.000163549188008358,FALSE,""
JAVELIN,9504,TTC39A;IGFBP1;SNORD12B;HCN2;MIR3942,0.914878696063132,,0.437805998527989,TRUE,""
JAVELIN,9505,FOLH1;F10;EVI2B;KCNB1;PAPPA-AS1,1.18711653745428,,0.102094455577268,FALSE,""
JAVELIN,9506,CTSW;TTN;PPL;EBF3;ADAMTS15,1.02735233731194,,0.798471667261489,FALSE,""
JAVELIN,9507,RAP1GAP;PCK1;MS4A4A;CYP2C18;RGS11,1.18037440452125,,0.117258229023283,FALSE,""
JAVELIN,9508,MIR27B;HPD;LY96;AGXT;RHBDL1,1.41490428914213,,0.00134687328475737,FALSE,""
JAVELIN,9509,CYP2E1;IRF4;RNF128;SLC22A7;TMEM119,1.01092012373337,,0.917754986130273,FALSE,""
JAVELIN,9510,MIR27B;MIR616;LZTS1;MIR3617;CCDC3,1.31112351732295,,0.0127236774284766,FALSE,""
JAVELIN,9511,AOC1;PPARGC1A;ALDH1A3;ESRP1;SIX1,1.134583413372,,0.243771092074337,FALSE,""
JAVELIN,9512,DDC;CHST13;ADAMTS2;MIR452;VN1R1,1.26962311608432,,0.0266320733925189,FALSE,""
JAVELIN,9513,CHDH;LBP;TIE1;PRSS12;SNORD45B,1.20427684246649,,0.0814528165654071,FALSE,""
JAVELIN,9514,MIR378I;CMYA5;CSF3R;FCER1A;CLDN9,1.00389189034196,,0.971094914737856,FALSE,""
JAVELIN,9515,PCOLCE2;MIR3918;RGL3;RHBG;PANK1,1.55944082344524,,0.000133970630375014,FALSE,""
JAVELIN,9516,GZMA;MIR554;SNAI2;GAS2;MIR3605,1.18958964292352,,0.11372376763717,FALSE,""
JAVELIN,9517,TENM1;MOXD1;COL5A3;EPS8L3;CRYBB2,1.2870734577679,,0.0222441834252845,FALSE,""
JAVELIN,9518,NOX4;IGFBP1;PIEZO2;IP6K3;MIR4774,1.16433528323945,,0.16163437998503,FALSE,""
JAVELIN,9519,ACKR1;SNORD115-5;ECM2;IGF2BP3;SYNC,1.04337935953396,,0.696973851937824,FALSE,""
JAVELIN,9520,FGB;CDHR1;MYO7A;RANBP3L;SPIRE2,1.19539066666883,,0.0945837147282261,FALSE,""
JAVELIN,9521,BCL2A1;MGAM;ACSF2;IRX1;IL17RD,1.42931394826496,,0.00141150852940212,FALSE,""
JAVELIN,9522,FXYD2;LOC391322;CALCRL;DDX43;RASL12,1.42291782354049,,0.000660803736577229,FALSE,""
JAVELIN,9523,IGF2BP2;MST1P2;ECM2;SNORD115-13;SNORD91A,1.10081149703004,,0.368141909312098,FALSE,""
JAVELIN,9524,TSPAN7;ADRA2A;FAM20A;UGT2B4;EMR4P,1.12419939887772,,0.260079301461956,FALSE,""
JAVELIN,9525,PROM1;PTPRD;ADAMTS2;COX6A2;ADAMTS15,1.18448681382794,,0.131397511936694,FALSE,""
JAVELIN,9526,MIA2;CHI3L2;DMD;MIR106B;MIR627,1.31894085326919,,0.0118004125617587,FALSE,""
JAVELIN,9527,CRB3;BAI1;TREM2;DNAAF1;EGFLAM,1.39503939927366,,0.00165685290918397,FALSE,""
JAVELIN,9528,CXCL1;COLEC12;MIR197;CCDC158;PANK1,1.29126716075212,,0.0191139410922639,FALSE,""
JAVELIN,9529,SCN9A;CD3G;CKS2;P4HA3;SMG1P5,0.905163210780493,,0.365240212784182,TRUE,""
JAVELIN,9530,BCL2A1;FGA;PC;GPR98;E2F8,0.984322592105057,,0.882357517182901,TRUE,""
JAVELIN,9531,LOC101927834;PAH;SNORA48;NKAIN4;TAL1,1.29968042977404,,0.0162681172658762,FALSE,""
JAVELIN,9532,KCP;GPRC5A;MTCL1;ATP13A4;GSTT2,1.13667092459919,,0.218588369660056,FALSE,""
JAVELIN,9533,MYBL2;HPD;HOXD9;C10orf62;HIST2H3C,1.05970930135155,,0.585764754889621,FALSE,""
JAVELIN,9534,PEG10;PDGFRL;SNORD29;CNTN3;PDCD1LG2,0.98858353933787,,0.916710953054799,TRUE,""
JAVELIN,9535,CCL19;NAGS;SNORD74;CNTN6;GRTP1,1.05159308944761,,0.642507936670861,FALSE,""
JAVELIN,9536,MIR3646;MIR4326;TEK;C8orf22;PPM1H,1.29086656918572,,0.0153840927851739,FALSE,""
JAVELIN,9537,EXOC3L4;SYBU;MIR631;ELFN2;SPNS3,1.03289233601238,,0.770512707307263,FALSE,""
JAVELIN,9538,FOSB;AQP7;PDLIM3;PDPN;GPRIN1,1.00823404656633,,0.94105343854692,FALSE,""
JAVELIN,9539,HABP2;MIR1203;TSKU;GPR98;KCNQ4,1.00709517771734,,0.947504399945208,FALSE,""
JAVELIN,9540,FMO3;AR;RGL3;CNTFR;SNORD103B,1.28381764925953,,0.0172641844384047,FALSE,""
JAVELIN,9541,SEC14L6;GABRD;MKI67;NAT8L;TAL1,1.26326655779583,,0.0360035332524156,FALSE,""
JAVELIN,9542,CST7;MIR1972-1;CRISPLD2;LAMP3;C19orf83,0.96944323363606,,0.761856177903886,TRUE,""
JAVELIN,9543,GZMA;ASRGL1;CDH13;KNG1;CLEC10A,1.19263922379093,,0.103301008585968,FALSE,""
JAVELIN,9544,PEG10;ATP1A2;MYO5B;MIR4479;CYP26B1,1.16115701786933,,0.170273670530118,FALSE,""
JAVELIN,9545,REG1A;REEP6;MCF2L;S100B;CYP2S1,1.1089273102202,,0.34982190963668,FALSE,""
JAVELIN,9546,CST7;SFN;MIR3125;HSD17B6;MDFI,1.01587592692847,,0.884384414509842,FALSE,""
JAVELIN,9547,SLC39A5;ADRA2A;IFI44L;ADRA1A;MIR4440,1.15796296878372,,0.143594693391043,FALSE,""
JAVELIN,9548,SPOCK1;FAP;PLEKHA7;TMPRSS4;KCNJ5,1.02879501416436,,0.792841034453953,FALSE,""
JAVELIN,9549,NTM;GPC3;SNORA48;SNORD114-7;TSPAN32,1.09103635424734,,0.406826484279852,FALSE,""
JAVELIN,9550,CYP2E1;CCDC64;GPC4;MIR1538;MIR3674,1.15522871823325,,0.189016343019156,FALSE,""
JAVELIN,9551,FAM46C;PCDH10;ALDH6A1;NTNG1;MAATS1,1.28835900014477,,0.0256732747960731,FALSE,""
JAVELIN,9552,EXOC3L4;CCDC64;SNORD116-16;PERM1;ADORA2B,1.30333761257422,,0.0135747822615239,FALSE,""
JAVELIN,9553,SBSPON;NPY1R;RASGRP1;AMPD1;NLRC3,1.03595546466192,,0.734818586233958,FALSE,""
JAVELIN,9554,HOXC10;SNORD114-10;DCBLD2;TRNP1;ROPN1L,0.904793522633767,,0.36501579351981,TRUE,""
JAVELIN,9555,TENM1;KCNJ3;FKBP9P1;GLRB;MIR4681,1.38306643456602,,0.00376837971936023,FALSE,""
JAVELIN,9556,MAL;EPPK1;SNORA48;CLIC6;DOC2B,1.14913192165588,,0.200332503826402,FALSE,""
JAVELIN,9557,MIR27A;FOXQ1;SNAI2;OR2T3;RASD2,1.32084539770851,,0.0120601125942129,FALSE,""
JAVELIN,9558,MIR378I;TENM3;RGL3;KIAA0319;ALDH1L2,0.924720083498412,,0.483231028753202,TRUE,""
JAVELIN,9559,PTH1R;GREM1;MS4A4A;RP1;EGFLAM,1.13742510906991,,0.216720219202629,FALSE,""
JAVELIN,9560,COL4A4;SLC2A2;RASGRP1;CDR1;MIR581,1.1546624428414,,0.176785489825093,FALSE,""
JAVELIN,9561,PPAP2C;PTPRD;MYO5B;MIR3197;BIRC5,0.861213821351555,,0.166853577973958,TRUE,""
JAVELIN,9562,DCDC2;MIR378H;MYRF;CXCR1;MIR4779,0.883362758457391,,0.256815744223985,TRUE,""
JAVELIN,9563,TACSTD2;LDHD;MIR4435-2;PRSS3;CDC42BPG,1.28823417907139,,0.0274724350995049,FALSE,""
JAVELIN,9564,CYP2E1;MIR200B;HOXD9;HPX;PNMAL1,1.43605232786958,,0.000881976265632742,FALSE,""
JAVELIN,9565,MIR645;INMT;SLC1A1;MIRLET7G;AK7,1.16871528451927,,0.160667537263279,FALSE,""
JAVELIN,9566,PIGR;CXCL8;DPYSL3;TOX3;POU5F1B,1.19286103850793,,0.11616898572133,FALSE,""
JAVELIN,9567,IGF2BP2;FOXF1;ADAMTSL3;TREM1;GMPR,1.01922222717813,,0.848985771531127,FALSE,""
JAVELIN,9568,CPZ;ZNF727P;SNORD29;PCDHGA3;ZNF90,1.02783855815783,,0.80126270398184,FALSE,""
JAVELIN,9569,MIR4317;ITGBL1;MST1;SCN3A;LOC100128242,1.12602552850885,,0.268795360710667,FALSE,""
JAVELIN,9570,ANO9;SLAMF7;ANGPT2;WNT10A;CYYR1,1.08200345596712,,0.44282327517703,FALSE,""
JAVELIN,9571,CXCL1;SLC23A1;CSF3R;SNORD115-1;PPP2R2B,1.04298543787549,,0.698289600183191,FALSE,""
JAVELIN,9572,MT1G;DPEP1;PLAUR;CALB1;GPR174,1.01989770505928,,0.854302234361556,FALSE,""
JAVELIN,9573,GBA3;CXCR3;MS4A4E;RHCG;MIR5697,1.1406249744937,,0.224553918687189,FALSE,""
JAVELIN,9574,S100A8;ANXA13;MIR3125;CRYAA;HIST2H3A,1.09462954579177,,0.396763976970129,FALSE,""
JAVELIN,9575,SLCO4C1;PRAP1;TMEM204;IP6K3;LOC101928871,1.40089255628587,,0.00176543536573506,FALSE,""
JAVELIN,9576,PTH1R;CD79A;TSKU;CTSG;FAM69B,1.06829155107264,,0.548216649019937,FALSE,""
JAVELIN,9577,SLIT2;CLCNKA;MIR3125;WNT11;TMOD1,1.21370898401097,,0.0672662819485347,FALSE,""
JAVELIN,9578,ASPN;ABCA8;GPC4;SFTPA1;ZNF471,1.19206621283017,,0.102222375985832,FALSE,""
JAVELIN,9579,MIR25;FXYD1;MYO7A;IBSP;ST6GALNAC3,1.35230347023507,,0.00775043295541564,FALSE,""
JAVELIN,9580,MYO3A;B3GNT4;CDH13;ENAM;FIGNL2,1.54003945990645,,3.90228642186277e-05,FALSE,""
JAVELIN,9581,MUC3A;LDHD;TEK;C9orf66;FAM184A,1.59761658140668,,3.38503349294317e-05,FALSE,""
JAVELIN,9582,TMEM45A;RARRES1;SNORA77;FAM151A;LY9,1.03732248677826,,0.730192980910345,FALSE,""
JAVELIN,9583,ITGA8;EMX1;LZTS1;LHX8;FAM162B,1.49850985943658,,0.000251835433381988,FALSE,""
JAVELIN,9584,FGG;FUT6;MIR3125;COCH;MIR581,1.34613065310667,,0.00706603095164171,FALSE,""
JAVELIN,9585,PDLIM4;SNORD114-10;HIST1H2AL;OR2T10;MIR3177,1.05574528333148,,0.613877337522481,FALSE,""
JAVELIN,9586,GPT;MIR4655;FKBP9P1;THPO;ARRDC5,1.26588769085925,,0.0322132541345597,FALSE,""
JAVELIN,9587,SBSPON;SOX6;MIR631;FGF14;ADORA2B,1.5306287520316,,0.000103564269940933,FALSE,""
JAVELIN,9588,PEG10;AGMAT;CACNA2D1;MIR4636;ANKRD29,1.28499708430243,,0.0162095015365877,FALSE,""
JAVELIN,9589,ANO9;GDA;GEM;ST6GAL2;SNORD103B,1.20682780864899,,0.0821933414149824,FALSE,""
JAVELIN,9590,NPR3;LBP;MIR1537;APOC3;SLAMF6,1.01751566024622,,0.874026233069625,FALSE,""
JAVELIN,9591,F8;TRIM55;SNORA26;FOXB2;HOXA7,1.56130494700309,,2.15939948755997e-05,FALSE,""
JAVELIN,9592,COMP;NLGN4Y;MMP11;DNAH9;HOXB5,1.16181941492239,,0.166990073644155,FALSE,""
JAVELIN,9593,LOC101927960;MIR429;ACSF2;MIR410;PNMAL1,1.16869863080779,,0.158654797368957,FALSE,""
JAVELIN,9594,ACKR1;CPA3;MIR544B;AGXT;MIR28,1.39115692014857,,0.00234886278796452,FALSE,""
JAVELIN,9595,LAMC3;MIR4676;ANGPT2;IGF2BP3;MIR1273F,1.25108948361752,,0.0416387913772333,FALSE,""
JAVELIN,9596,NLGN1;MMP19;MIR4435-2;PTPRQ;SNORD103B,1.36735756742176,,0.00378449542220727,FALSE,""
JAVELIN,9597,MYO3A;SFN;DPYSL3;SLC22A8;MIR221,0.99350084160912,,0.951574558125555,TRUE,""
JAVELIN,9598,ACY3;NRG1;SNORD29;CAMK2B;CYP26B1,1.23319859833443,,0.05818127486584,FALSE,""
JAVELIN,9599,ADAM12;FAM65C;SEMA4G;MIR218-2;LOC100128242,1.19560942012401,,0.102765420426416,FALSE,""
JAVELIN,9600,RBP4;SLC23A1;SNORA26;CYP21A1P;IER3,1.18970606174133,,0.117284983401559,FALSE,""
JAVELIN,9601,OGDHL;ALDH8A1;MIR3975;CST6;NBEAP1,1.15633598792378,,0.212448712672937,FALSE,""
JAVELIN,9602,SNORD14C;SLC26A1;SNORD116-8;GCGR;PRKAR2B,1.11674671860971,,0.33911004272911,FALSE,""
JAVELIN,9603,SCN9A;COL11A1;DPYSL3;SLC5A2;LOC101928494,1.05916732369566,,0.618243803865784,FALSE,""
JAVELIN,9604,UGT2A3;CYP2C9;ECM2;NPHS1;TMEM38A,1.28790875052481,,0.020698914992628,FALSE,""
JAVELIN,9605,MACC1;GPC3;SNORD74;PAEP;MPP7,0.961119292892345,,0.711644029136591,TRUE,""
JAVELIN,9606,ANO9;FOXP2;CALCRL;CACNA1E;ETV1,1.26274877419302,,0.0247475466815654,FALSE,""
JAVELIN,9607,MGAT3;FABP7;MYO7A;KCNA5;TMEM178A,1.59140509326507,,3.53601759316908e-05,FALSE,""
JAVELIN,9608,NR4A2;NRG1;PBX1;PITX1;PAQR6,1.01050139804483,,0.924521961319094,FALSE,""
JAVELIN,9609,MIR645;DUSP2;MIR938;FXYD4;MDFI,0.983554001688203,,0.87861186636644,TRUE,""
JAVELIN,9610,PYCR1;LOC101928757;PC;PADI3;TBX21,0.854559776945243,,0.143388519114794,TRUE,""
JAVELIN,9611,SLPI;MIR3145;MIR4714;DIO1;GRAP2,1.01791033235538,,0.869379451411732,FALSE,""
JAVELIN,9612,MIR23C;SORCS2;MYO1G;ZIC2;EPHB1,0.851416070094888,,0.142953690771583,TRUE,""
JAVELIN,9613,MIR378I;GREM1;IGFBP6;SNORD113-9;KIAA1324L,0.926584606858078,,0.467192546226049,TRUE,""
JAVELIN,9614,TFPI2;KMO;CDH13;PPP2R2C;SNORA70D,1.16068269960628,,0.179790687077513,FALSE,""
JAVELIN,9615,STC1;ATP1A2;ADAMTSL3;CALB1;ARL4D,1.34699223429358,,0.00556137147240285,FALSE,""
JAVELIN,9616,NOX4;KLHDC7A;SLC1A1;LGALS12;SNCAIP,1.45125627654974,,0.000686561904686503,FALSE,""
JAVELIN,9617,SNORD14C;ADAMTS14;ALDH1A3;WNK2;MIR3942,1.03954608844381,,0.722435282939394,FALSE,""
JAVELIN,9618,GBP5;HAMP;MIR544B;CCBE1;AGBL3,1.10456409447632,,0.345565458891857,FALSE,""
JAVELIN,9619,SLPI;GABRD;SNORD116-28;SNORD114-31;HOXA10-AS,1.24131618835527,,0.0544830646372801,FALSE,""
JAVELIN,9620,MIR4526;SNORD114-10;LY96;TCN1;PARP15,1.02122374514506,,0.847973733409665,FALSE,""
JAVELIN,9621,ARHGEF16;MIR548AA2;IFI44L;SNORD114-27;RBM20,1.21078723390104,,0.0658250993970379,FALSE,""
JAVELIN,9622,ADAM12;TMEM171;ARHGEF15;PTX3;TAL1,1.15200380006021,,0.202494307454514,FALSE,""
JAVELIN,9623,CNN1;SNORD77;COX7A1;GRIA4;C19orf83,1.23375788430013,,0.0558778475596087,FALSE,""
JAVELIN,9624,BCL2A1;SFRP1;DPYSL3;MIR1267;NRXN3,1.03843352106545,,0.723703387429344,FALSE,""
JAVELIN,9625,CYP2E1;CES3;CKS2;SNORD115-42;GJA5,1.26964808676021,,0.0258802492853245,FALSE,""
JAVELIN,9626,MIR548AR;MZB1;EFNA1;FLJ22184;IL17RD,1.20761139685259,,0.0787782519083054,FALSE,""
JAVELIN,9627,DCDC2;MIR4676;DMD;CYP4F2;NBEAP1,1.28364148151041,,0.0243555409675167,FALSE,""
JAVELIN,9628,MIR29B2;CYP4F3;CALCRL;MIR3126;TTK,1.22380719864479,,0.0592323680274326,FALSE,""
JAVELIN,9629,MYBL2;ZNF727P;RIPK4;HAPLN1;CXCR6,1.09238204536776,,0.405675708700244,FALSE,""
JAVELIN,9630,HOGA1;CYP4F12;MIR197;MIR320A;ETV7,1.14930537533003,,0.204352252155736,FALSE,""
JAVELIN,9631,GBP5;DSCAML1;MCF2L;PCDHB6;NEK10,1.38356011093783,,0.00241576993939928,FALSE,""
JAVELIN,9632,UPB1;STK32B;ID4;WBSCR17;THEMIS,1.35539377478902,,0.00272720226383184,FALSE,""
JAVELIN,9633,HOGA1;MIOX;TSKU;MIR1245A;NLGN4X,1.23417671579279,,0.0545937500004181,FALSE,""
JAVELIN,9634,MT1G;RARRES1;HOXD4;PXDNL;CADM4,1.15637512636069,,0.176327803228348,FALSE,""
JAVELIN,9635,SNCG;MIRLET7A2;SNORA26;PDPN;ARL4D,1.16433185884777,,0.168338746699562,FALSE,""
JAVELIN,9636,C8orf4;MIR378H;PC;ANO3;CITED4,1.40281521701224,,0.00349407548725991,FALSE,""
JAVELIN,9637,BCMO1;TESC;ALDH1A3;EPO;TNFRSF18,1.09516842922491,,0.405954924391784,FALSE,""
JAVELIN,9638,MIR25;MIR200B;PC;CCBE1;CCDC141,1.10886498624221,,0.337267938955272,FALSE,""
JAVELIN,9639,FRAS1;SLC4A3;SNORD29;PLA2G2D;GPR160,1.03721479978626,,0.731482097751648,FALSE,""
JAVELIN,9640,MIR27A;SORCS2;LZTS1;PKP3;NTNG2,1.06291011051124,,0.577298352702345,FALSE,""
JAVELIN,9641,TBX3;MIR548AU;HIST1H2BM;SLC34A1;MIR5094,1.06798208178348,,0.549006507856601,FALSE,""
JAVELIN,9642,OLR1;MFI2;TIE1;MIR1305;VN1R1,0.95826014826306,,0.697701960288236,TRUE,""
JAVELIN,9643,COL4A4;COLEC12;MECOM;GABRP;LRRC17,1.20591752062645,,0.0835974030704745,FALSE,""
JAVELIN,9644,SLIT2;ADAMTS14;PTER;TDO2;PPIAP30,0.989316462404445,,0.920917961054861,TRUE,""
JAVELIN,9645,TTC39A;ESRP2;DENND2A;GUCY1B2;RPS6KL1,1.49561662663107,,0.000237956891341291,FALSE,""
JAVELIN,9646,FXYD2;TNXB;PBX1;MEGF11;KIAA1755,1.12328216997618,,0.30018525293422,FALSE,""
JAVELIN,9647,SPAG17;SMTNL2;MCF2L;C5orf27;ZNF831,1.40746644414259,,0.00180044969369065,FALSE,""
JAVELIN,9648,HOXC10;MIR4731;SLC1A1;TMEM174;CCR6,1.5369636896902,,4.68749265888513e-05,FALSE,""
JAVELIN,9649,PEG10;GZMB;MYO1G;FAM166B;GPR174,0.927503207308859,,0.478992638735041,TRUE,""
JAVELIN,9650,FMO3;ADAMTS14;MS4A4E;EPS8L3;KCNQ4,0.946069270400173,,0.594630009517519,TRUE,""
JAVELIN,9651,GATA3;CD69;MKI67;CAPN6;PI4KAP1,0.888473000864858,,0.261273195171353,TRUE,""
JAVELIN,9652,SLC39A5;PLCH2;ADAMTS2;SLC52A3;SNORD116-10,1.17293192130254,,0.156839141224143,FALSE,""
JAVELIN,9653,TSPAN13;CXCL13;HOXD4;PKD1L2;CTRL,1.01212481663198,,0.906728358425753,FALSE,""
JAVELIN,9654,WDR72;ANXA13;MIR1537;CAPN6;FLT3,1.22028572039265,,0.0674928823469207,FALSE,""
JAVELIN,9655,RERG;MIR4482;CALCRL;SLC5A2;LOC101928871,1.29974820971484,,0.0114149523951027,FALSE,""
JAVELIN,9656,ARHGEF16;NLGN4Y;DCBLD2;CRYAA;FCRL6,0.946702427816802,,0.61785827077128,TRUE,""
JAVELIN,9657,PCOLCE2;ZFY;ID4;CCDC158;LOC100294362,1.33584181048987,,0.00578311509967024,FALSE,""
JAVELIN,9658,FOSB;TRIM55;IFI44L;GPR37;LILRB4,1.10835673749567,,0.32436888948405,FALSE,""
JAVELIN,9659,IL6;SLC23A1;SEMA4G;FCAMR;UBE2T,1.11386864568006,,0.320650863073087,FALSE,""
JAVELIN,9660,SEC14L6;SOX6;SELENBP1;FAM166B;DCDC1,1.52665643992356,,7.66381584639265e-05,FALSE,""
JAVELIN,9661,MIR3189;GYLTL1B;MMP11;TMC5;LOC401317,1.36010567114287,,0.00756795165276582,FALSE,""
JAVELIN,9662,TTC39A;GPC3;MST1;MIR425;BATF,1.02642499546336,,0.814507917628333,FALSE,""
JAVELIN,9663,MIR30A;SDS;PLEKHA7;WFDC10B;TMOD1,1.01359752825256,,0.900507456601917,FALSE,""
JAVELIN,9664,ARHGEF16;SNORD114-10;SNORD116-16;SBSN;MMP17,1.19903577288514,,0.0949953188492208,FALSE,""
JAVELIN,9665,HOXD10;CXCR3;MS4A4E;ZNF676;BMP6,1.05737745806007,,0.593029282924002,FALSE,""
JAVELIN,9666,CHDH;TNFSF14;APCDD1;KRT13;KIAA1755,1.13176643477721,,0.276320101196367,FALSE,""
JAVELIN,9667,CYP2E1;APOLD1;MCF2L;DMBT1;SNORD126,1.41560363247709,,0.00123927888235062,FALSE,""
JAVELIN,9668,MIA2;MIR4804;ITGA11;LOC101928281;MIR4440,1.37259382070157,,0.00417416150031391,FALSE,""
JAVELIN,9669,RAP1GAP;DNASE1L3;MXRA8;MIR4798;MIR593,1.13507027534091,,0.243546125550009,FALSE,""
JAVELIN,9670,MIR1180;CDHR1;MAP4K1;PIK3C2G;ATP1B2,1.19892984641631,,0.089629510843368,FALSE,""
JAVELIN,9671,RERG;INHBB;CCL4;MIR4280;STEAP1B,1.00942761848522,,0.930948669463825,FALSE,""
JAVELIN,9672,ANLN;IRF4;ITGA11;MIR3617;TNFRSF18,0.872789577397072,,0.214582743476568,TRUE,""
JAVELIN,9673,SVEP1;EMX1;LY96;CHIT1;PLAC8,1.07347021368452,,0.500437194415653,FALSE,""
JAVELIN,9674,COL4A4;AR;MYO1G;TDO2;FAM162B,1.17760501481296,,0.100290035408619,FALSE,""
JAVELIN,9675,SLPI;CCDC64;ALDH1A3;VPREB3;SLAMF6,0.778273259511488,,0.0181272889511099,TRUE,""
JAVELIN,9676,SPAG17;SLC27A2;LDLR;OVCH2;PAPPA-AS1,1.35287276772389,,0.00906649606455978,FALSE,""
JAVELIN,9677,ACADL;CLDN3;TREM2;MIR1193;SNORD19B,1.3040559402939,,0.011846824475733,FALSE,""
JAVELIN,9678,FMO3;TENM3;LDLR;KCNJ1;MELK,0.839688462973028,,0.114091352531379,TRUE,""
JAVELIN,9679,CPZ;ADAMTS14;HIST1H2AL;PROC;SLC27A5,0.917072191256945,,0.400659059068912,TRUE,""
JAVELIN,9680,S100A8;PAQR5;NT5E;SNORD115-13;EMR4P,1.06027651587688,,0.591872003254119,FALSE,""
JAVELIN,9681,SMIM24;ITGBL1;MYRF;BMP5;RASL12,1.18465354245749,,0.111832701104872,FALSE,""
JAVELIN,9682,DDC;ZNF711;SNAI2;ICAM5;CDC20,1.17884528684766,,0.141173326180145,FALSE,""
JAVELIN,9683,MIR25;HRH2;SEMA4G;TNNT2;PDGFD,1.41171824724162,,0.00170559373829608,FALSE,""
JAVELIN,9684,SLCO4C1;TRIM55;EVI2B;PITX2;TP73,1.10830497505056,,0.3465227250972,FALSE,""
JAVELIN,9685,RAB17;UBASH3A;SLC44A3;MIR3131;PANK1,1.27263344323002,,0.0311438516775019,FALSE,""
JAVELIN,9686,SLPI;LBP;2020-03-02 00:00:00;SLC18A3;MIR1183,1.08079814295835,,0.485902517148953,FALSE,""
JAVELIN,9687,MAL;MIR616;TSKU;ANGPTL3;KIF18B,0.962692429939779,,0.724516552307318,TRUE,""
JAVELIN,9688,NOX4;PPARGC1A;COL5A3;NTNG1;NRXN3,1.38292428700606,,0.00251836046330277,FALSE,""
JAVELIN,9689,TFPI2;NAGS;SLC1A1;PTK6;LOC100128242,1.11929932261954,,0.318973190523226,FALSE,""
JAVELIN,9690,GPR126;KISS1R;HIST1H2BM;HPX;SNORD116-10,1.34563381129247,,0.00743590143423449,FALSE,""
JAVELIN,9691,TFPI2;GCNT3;TMEM132A;SCN2A;STEAP1B,0.886520763389418,,0.262465443299849,TRUE,""
JAVELIN,9692,GBA3;ESRP2;FKBP9P1;KIAA0319;ZNF471,1.26920060102047,,0.0335630362429458,FALSE,""
JAVELIN,9693,SLPI;LBP;MIR938;SCARA5;IL33,0.923378764314073,,0.461460522629529,TRUE,""
JAVELIN,9694,NEB;WDR66;LDLR;MIR95;RAB40AL,1.01126167777713,,0.918800549291854,FALSE,""
JAVELIN,9695,C1orf106;SPTBN2;SARDH;SP5;PANK1,1.14434580734673,,0.212410850949559,FALSE,""
JAVELIN,9696,PPAP2C;IGF1;MIR631;ZMAT4;TSPAN2,1.12416928827294,,0.287413908761257,FALSE,""
JAVELIN,9697,PCOLCE2;C4B;TSKU;MIR3193;CRYBB2,1.40932044482596,,0.00179417103979068,FALSE,""
JAVELIN,9698,MIR142;MIR429;TOP2A;ZNF676;HAS3,1.02563995851667,,0.816890287516182,FALSE,""
JAVELIN,9699,PGF;HRH2;TMEM204;NMU;DSEL,1.61816605322607,,1.91431691570276e-05,FALSE,""
JAVELIN,9700,ESM1;MLXIPL;MS4A4A;APOA1;CCR4,1.17906178643541,,0.122630534443527,FALSE,""
JAVELIN,9701,MIR4317;CYP4F3;FPR1;KRT5;GPR160,1.01626863590715,,0.876158298943787,FALSE,""
JAVELIN,9702,LPL;SLC7A8;SEMA4G;MIR924;LCN12,1.30478296652845,,0.0244315197054558,FALSE,""
JAVELIN,9703,ANO9;C4A;SNORD59A;KLHDC7B;EPHB1,0.991324989622702,,0.934538784969164,TRUE,""
JAVELIN,9704,PTH1R;CXCL13;ECM2;MIR30D;MIR597,1.28663968608728,,0.0132185281895707,FALSE,""
JAVELIN,9705,OGDHL;MIR646;MS4A4E;MIR1208;MIR593,1.23528332031087,,0.0541331979893166,FALSE,""
JAVELIN,9706,FCN3;CD3G;PLAT;MUC12;RPL23AP32,1.06001355070659,,0.57399004526231,FALSE,""
JAVELIN,9707,MIR645;SPINK1;BMP2;FAM153B;CD28,1.20142870846063,,0.100992586086295,FALSE,""
JAVELIN,9708,GZMA;APOLD1;LZTS1;MIR4654;PANK1,1.37744186427501,,0.00414469201229992,FALSE,""
JAVELIN,9709,PCDHGB2;FAP;FPR1;SCGB3A1;MIR643,0.941118751656164,,0.565952238846383,TRUE,""
JAVELIN,9710,UBD;SFRP1;MIR544B;CTSG;MIR579,1.14539464023767,,0.202928092463747,FALSE,""
JAVELIN,9711,PROM1;ATP1A2;MIR637;HPX;TMC4,1.22357084589895,,0.0582424239176596,FALSE,""
JAVELIN,9712,QPCT;BAI1;ADAMTS2;CST2;TTK,1.01045161494595,,0.924987299655902,FALSE,""
JAVELIN,9713,CHDH;SMTNL2;MIR4784;OR2T3;ILDR1,1.29949139864403,,0.0182467375771604,FALSE,""
JAVELIN,9714,GPER1;PRAP1;MKI67;CNFN;MIR28,1.0896500572732,,0.42619407986193,FALSE,""
JAVELIN,9715,TNFAIP6;HRH2;IL2RB;HRCT1;ROPN1L,1.22247070401039,,0.0442192650194162,FALSE,""
JAVELIN,9716,MIR3117;HP;DENND2A;CCDC78;MIR627,1.16826943823221,,0.144383961365923,FALSE,""
JAVELIN,9717,EMX2;NAGS;COX7A1;VIPR1;PAMR1,1.3009634688215,,0.0150869261163435,FALSE,""
JAVELIN,9718,ITGA8;LBP;ARL4C;LOC389602;PAPPA-AS1,1.36647521329889,,0.00390943967425952,FALSE,""
JAVELIN,9719,UGT2A3;KCNIP4;ID4;FERMT1;MYCT1,1.3725355637246,,0.00313703662103244,FALSE,""
JAVELIN,9720,MIR1180;COBL;GEM;IBSP;MYCT1,1.38224058730392,,0.00626164863046543,FALSE,""
JAVELIN,9721,SPOCK1;RASAL1;MIR544B;ETV4;ACOT1,1.16836088771382,,0.160119740195778,FALSE,""
JAVELIN,9722,MIR548AR;IGFBP1;NT5E;MIR3188;MIR571,1.02600263182207,,0.814220688835143,FALSE,""
JAVELIN,9723,ALPK3;GSTM1;CKS2;MIR582;HAS3,0.992096781811991,,0.940901865703298,TRUE,""
JAVELIN,9724,LPL;SNORD114-10;PBX1;CDR1;CD28,1.11118148599811,,0.325691576404844,FALSE,""
JAVELIN,9725,FGG;COBL;LDLR;MIR4500;PDE1C,1.12543358502202,,0.292972103825012,FALSE,""
JAVELIN,9726,TENM1;MIR563;2020-03-02 00:00:00;MIR345;NLRC3,1.46076180215223,,0.000294956916543184,FALSE,""
JAVELIN,9727,NOX4;LOC391322;NT5E;UPK1B;SNORD58C,1.04307487747441,,0.709756095218465,FALSE,""
JAVELIN,9728,SLC16A12;VEPH1;EVI2B;C1orf116;PLCH1,1.17731115917718,,0.11590032759887,FALSE,""
JAVELIN,9729,MIR3117;PCK1;ADAMTSL3;ALX1;C8orf88,1.36405734278479,,0.00480399450981357,FALSE,""
JAVELIN,9730,SCNN1A;NDNF;SNAI2;CRP;MIR571,1.20471206175652,,0.080606854655652,FALSE,""
JAVELIN,9731,UGT2A3;NAPSA;MYRF;MIR93;IL17RD,1.20243881755525,,0.0835531437329021,FALSE,""
JAVELIN,9732,IL6;DSCAML1;BMP2;ERBB4;BMP6,1.20262185730968,,0.0931773345642993,FALSE,""
JAVELIN,9733,MIR142;CDA;ITGA11;TEX11;MEFV,0.974724877553946,,0.805889723829381,TRUE,""
JAVELIN,9734,PDLIM4;MIR3941;GPC4;IGSF10;DLG2,1.17583972576941,,0.11928140054648,FALSE,""
JAVELIN,9735,HNF1A;TTN;MIR4635;SNORD115-25;XCL2,1.3149784395423,,0.0096441585724534,FALSE,""
JAVELIN,9736,MIR30A;CGREF1;PDLIM3;GCGR;DEPDC1B,1.27785070720434,,0.0271051361941458,FALSE,""
JAVELIN,9737,ZDHHC11B;ALDOB;MIR637;SLC26A9;EPHB3,1.37938051729967,,0.00338948269615946,FALSE,""
JAVELIN,9738,EXOC3L4;LTF;ADAMTS2;TNNT2;SPNS3,1.0632293311418,,0.587243116146257,FALSE,""
JAVELIN,9739,HIF1A-AS2;CLDN3;DLL4;MAPK8IP2;CCDC144CP,1.36676665968679,,0.00429506363603908,FALSE,""
JAVELIN,9740,ACE2;MIR4519;DCBLD2;TFCP2L1;P2RY10,0.917510727658403,,0.443865199845585,TRUE,""
JAVELIN,9741,MIR3646;MIR4731;CALCRL;ROS1;HOXD3,1.49426460972956,,0.000102580913625973,FALSE,""
JAVELIN,9742,SLC7A9;REEP6;PDLIM3;C5orf27;MCOLN2,1.06629421712301,,0.547021522189011,FALSE,""
JAVELIN,9743,MIR3189;LTF;RASGRP1;TREM1;CLEC10A,0.930081053476902,,0.499676767548123,TRUE,""
JAVELIN,9744,MT1G;MIR4482;SNORD116-16;PTPRN;FAXDC2,1.24599420176404,,0.0417336555623259,FALSE,""
JAVELIN,9745,HABP2;ETNK2;MIR1207;SLC18A3;MIR548AM,1.0874360338468,,0.457436747396754,FALSE,""
JAVELIN,9746,FCN3;MAL2;RHOBTB3;GRPR;SPHK1,0.87751025476899,,0.217282828998688,TRUE,""
JAVELIN,9747,FNDC1;FUT6;PTK7;SNORA11D;CYYR1,1.22564931218689,,0.0621761650314086,FALSE,""
JAVELIN,9748,SCN9A;MIR186;RASGRP1;FST;AMY2B,1.27969205439836,,0.0155827853908812,FALSE,""
JAVELIN,9749,HOXC10;ZNF727P;CRISPLD2;ASGR2;CD40LG,1.11845599435299,,0.306688487094888,FALSE,""
JAVELIN,9750,GLYAT;MIR548AA2;RGL3;OPCML;SNORD116-23,1.47670369319232,,0.000362900073535694,FALSE,""
JAVELIN,9751,SLC17A1;FTCD;SNORD59A;MIR548AS;LNX1,1.40591148053153,,0.00239047819347329,FALSE,""
JAVELIN,9752,CTSW;PAQR5;ACSF2;C9;EMR4P,1.08233381882923,,0.444533428901318,FALSE,""
JAVELIN,9753,SLC7A9;F10;BMP2;SCARA5;LOC101927970,1.12052131208002,,0.279129522881354,FALSE,""
JAVELIN,9754,MIR4526;SLC7A8;MKI67;SNORD114-17;PCDHB11,1.14104259986725,,0.233407964859362,FALSE,""
JAVELIN,9755,GLYAT;MIR3145;NT5E;PXDNL;EPHB3,1.5098502748215,,0.000142191425990384,FALSE,""
JAVELIN,9756,GPR126;ABCA12;LY96;CFHR1;P2RY10,0.99617766863673,,0.971171980869545,TRUE,""
JAVELIN,9757,ACY3;ELOVL7;PC;ANO4;RBPMS2,1.43168138546849,,0.00143163908675135,FALSE,""
JAVELIN,9758,MIR4652;RASAL1;MIR1537;MAMDC2;SPIRE2,1.16287277376814,,0.155526088305988,FALSE,""
JAVELIN,9759,FRAS1;GJB1;ECM2;SYT9;HOXD3,1.54826815842397,,7.21070415573068e-05,FALSE,""
JAVELIN,9760,MIR4526;MIR4326;SNORA77;ST8SIA5;RAB40AL,1.127523919874,,0.268343850656513,FALSE,""
JAVELIN,9761,CD38;THBS4;SNORD4B;SNORD114-19;S1PR4,0.785740414428365,,0.0263860298041569,TRUE,""
JAVELIN,9762,ARHGEF16;SNORD67;PC;HHIP;FIBIN,1.3501036150219,,0.00446190371616102,FALSE,""
JAVELIN,9763,CX3CR1;PRAP1;PLAT;SNORD114-4;UHRF1,1.22437870078811,,0.0557050284154597,FALSE,""
JAVELIN,9764,MIR3189;GLDC;APCDD1;KLB;SPTBN5,1.31549330046014,,0.0172203422295733,FALSE,""
JAVELIN,9765,NME5;MIR3941;SNORD116-16;C8orf22;ZSWIM5,1.46385653770091,,0.000304745684937837,FALSE,""
JAVELIN,9766,UPB1;IL2RA;MYO5B;XCR1;PCP2,1.16271965699194,,0.169086592091913,FALSE,""
JAVELIN,9767,SCNN1A;MT1M;FPR1;CYP21A1P;ZNF471,1.01484994972862,,0.892330697680124,FALSE,""
JAVELIN,9768,MACC1;HOXD11;BMP2;DUSP15;LRRC17,1.3253014119187,,0.00959772389537906,FALSE,""
JAVELIN,9769,TTC39A;KLHDC7A;RIPK4;SNORD114-27;GPR174,1.11391143609551,,0.293223995005895,FALSE,""
JAVELIN,9770,RASD1;FOXP2;FOLR2;MAPK8IP2;WBSCR27,1.08000088386603,,0.486581209428288,FALSE,""
JAVELIN,9771,NLGN1;SNORA75;MIR3975;CLIC5;SERTAD4,1.49540225776247,,8.22913461368476e-05,FALSE,""
JAVELIN,9772,MIR25;CCDC183;HIST1H2BM;ESPNP;NOVA1,1.41134788342552,,0.00198940568529524,FALSE,""
JAVELIN,9773,ACKR1;FTCD;TIE1;MIR100;TTK,1.39758616765524,,0.0032399269351554,FALSE,""
JAVELIN,9774,REG1A;CYP2C9;MIR4784;OR2T3;CITED4,1.17285913613375,,0.153351996684713,FALSE,""
JAVELIN,9775,COX4I2;VANGL2;DLL4;C9;JAM2,1.33874370530674,,0.00687938091848627,FALSE,""
JAVELIN,9776,MIR25;PTPRD;HIST1H2BM;BAAT;DYNLRB2,1.37462950439457,,0.00385155567601598,FALSE,""
JAVELIN,9777,DDC;IRF4;ROBO4;ACTC1;SH2D3A,1.25824644635196,,0.0313652504603818,FALSE,""
JAVELIN,9778,CCL18;SNAP25;MAP4K1;BDH1;EPHB3,1.13879583977504,,0.225203237343753,FALSE,""
JAVELIN,9779,TBX3;B3GNT3;CYTIP;NEFM;FCRL6,0.913529737307929,,0.386814638819979,TRUE,""
JAVELIN,9780,ALDH1L1;GPC3;HIST1H2BO;HOXB13;ZNF334,1.05850193378869,,0.61222610333473,FALSE,""
JAVELIN,9781,MIR4652;MFI2;ADAMTSL3;SLC30A2;CCDC141,1.06020597726185,,0.575513033382262,FALSE,""
JAVELIN,9782,SBSPON;MAPK15;PTTG1;ATP6V1B1;KIF4A,1.06557213645113,,0.578974107555242,FALSE,""
JAVELIN,9783,LOC101927834;CCDC148;SNORD74;NOG;FAIM3,1.34207019641664,,0.00742777672092055,FALSE,""
JAVELIN,9784,PPAP2C;SDS;PC;SLC30A2;CCDC144CP,0.981998054571104,,0.866565316086298,TRUE,""
JAVELIN,9785,MIR29B2;GDA;SARDH;WNK2;C2orf82,1.28498002690811,,0.0325450965644738,FALSE,""
JAVELIN,9786,F2RL1;CGREF1;TIE1;ORM1;SNORD96B,1.30765735763654,,0.0134715637064369,FALSE,""
JAVELIN,9787,SRPX;MIR185;LY96;LOC101926988;TP73,0.999102901736593,,0.993182615531315,TRUE,""
JAVELIN,9788,GPT;GRM8;PBX1;IRX2;HOXA7,1.59661806308436,,3.4314089774758e-05,FALSE,""
JAVELIN,9789,C1orf186;GYLTL1B;MIR4435-2;DAO;FIBIN,1.47882508096396,,0.000256892657994257,FALSE,""
JAVELIN,9790,BCMO1;BTNL9;CRISPLD2;SLC10A2;POLQ,1.40589692788296,,0.00192559190009434,FALSE,""
JAVELIN,9791,TENM1;GABRD;HIST1H2AL;SLITRK2;NLRC3,1.11534580606859,,0.347261669665825,FALSE,""
JAVELIN,9792,ACSM5;ESRP2;ECM2;KLHDC7B;PCDHB16,1.40918400121759,,0.00111461727951392,FALSE,""
JAVELIN,9793,CCL19;MT1A;SNORD59A;ENAM;MIR4295,1.32716064800029,,0.00907255519401181,FALSE,""
JAVELIN,9794,MYO3A;HAMP;CALCRL;LOC389602;MIR4295,1.71124285823168,,1.13608604374111e-06,FALSE,""
JAVELIN,9795,PSAT1;SNORA69;HOXD9;SEMA3D;C22orf34,1.13458840584151,,0.228400686464528,FALSE,""
JAVELIN,9796,CCL19;CDCP1;ACSF2;PRND;TDRD10,0.929841530597249,,0.498337354617403,TRUE,""
JAVELIN,9797,ANO9;LYVE1;PTTG1;CRB2;STEAP1B,0.834999791009675,,0.11326033320731,TRUE,""
JAVELIN,9798,KCP;CDCP1;DCBLD2;MIR4521;CD300LF,0.909007122053688,,0.382437618792079,TRUE,""
JAVELIN,9799,MIR4317;EGR3;MAP4K1;SLC17A2;GRHL1,1.06449490672679,,0.553247015530292,FALSE,""
JAVELIN,9800,FGB;SNORD65;NT5E;GLRB;CD28,0.90072378686956,,0.330282593373981,TRUE,""
JAVELIN,9801,IL17RB;TTN;LZTS1;UGT2B4;SLAMF1,1.2303603747544,,0.0479727076915861,FALSE,""
JAVELIN,9802,MIR23C;GDA;SNORD116-16;MIR127;SNORA38,1.47478688865969,,0.000497631465742781,FALSE,""
JAVELIN,9803,MUC3A;NPY6R;IGFBP6;TUBB1;TMOD1,1.05686275724431,,0.613407951470619,FALSE,""
JAVELIN,9804,COMP;TNXB;RNF128;MIR4643;LOC101927941,1.22341299800873,,0.0728001097514115,FALSE,""
JAVELIN,9805,PCOLCE2;SPEG;RIPK4;PRIMA1;MELK,1.08237348544465,,0.4660288673705,FALSE,""
JAVELIN,9806,CYP2E1;SNORA69;MIR637;HRG;SEMA3G,1.25670713337189,,0.0250395558500505,FALSE,""
JAVELIN,9807,HOXD10;MIR4326;PTER;UGT2B4;GPR174,1.08063024365112,,0.457385349925802,FALSE,""
JAVELIN,9808,MIR4499;SNAP25;SNORD116-16;ASPG;C9orf106,1.67509114423615,,2.06679500522201e-06,FALSE,""
JAVELIN,9809,SORBS2;MIR563;DCBLD2;PADI1;GLT8D2,1.23760854692242,,0.0659138587965824,FALSE,""
JAVELIN,9810,FMO3;HPGD;RNF128;MIR4251;TMEM178A,1.20210392660738,,0.0893704681261476,FALSE,""
JAVELIN,9811,GPT;ADORA1;ROBO4;SNORD115-37;DPY19L2P2,1.4325988526123,,0.000938575563636384,FALSE,""
JAVELIN,9812,GBP5;ITGBL1;MYRF;VTN;USHBP1,0.974328976045615,,0.806578094458749,TRUE,""
JAVELIN,9813,ANO9;CD3G;2020-03-02 00:00:00;CCL11;PCDHGA6,1.12156663826539,,0.275637339866899,FALSE,""
JAVELIN,9814,F8;KIT;PBX1;ESRP1;SNCAIP,1.20863747199372,,0.0857987048158586,FALSE,""
JAVELIN,9815,NPR3;MLXIPL;SNORD4B;SNORA11D;TTK,1.13432118599103,,0.243883471220997,FALSE,""
JAVELIN,9816,CNN1;GYLTL1B;HRSP12;A1CF;LOC401317,1.45245070243849,,0.000778212932783009,FALSE,""
JAVELIN,9817,GZMK;MIR1203;LDB2;MIR3188;MIR3134,1.022732193064,,0.82849027947845,FALSE,""
JAVELIN,9818,LAMC3;RASAL1;SNORD74;FAM166B;DEPDC7,1.33297649614635,,0.00825027686209688,FALSE,""
JAVELIN,9819,PRSS8;SPINK1;SNORD12B;SNORD114-14;CCDC3,1.03601507717425,,0.742467969677653,FALSE,""
JAVELIN,9820,MIR4652;SERPINA6;FOLR2;FCER1A;JAM2,1.30472545131414,,0.0134303140652521,FALSE,""
JAVELIN,9821,SCN9A;PTGS2;MIR544B;UGT3A1;ANKRD29,1.30804451568914,,0.0173032939034716,FALSE,""
JAVELIN,9822,REG1A;MIR3918;PPL;MIR874;IL17RD,1.52967710151337,,0.000169932689270598,FALSE,""
JAVELIN,9823,SLC34A2;CHRDL1;RNF128;MIR30D;TP73,0.937787564075432,,0.5310585196366,TRUE,""
JAVELIN,9824,UGT2A3;PLIN4;PLAT;SOX11;MIR3605,1.31791741533938,,0.0137669412547893,FALSE,""
JAVELIN,9825,CCL19;UBASH3A;MTCL1;C1orf116;FAM110C,0.94961135080454,,0.630849273990437,TRUE,""
JAVELIN,9826,TRABD2B;MIOX;NT5E;SHOX2;KIF20A,0.880429782470107,,0.261328562422618,TRUE,""
JAVELIN,9827,SULT1C4;MIR569;ITGA11;MIR3131;WISP1,1.2673025589117,,0.0334552543913791,FALSE,""
JAVELIN,9828,MAL;ADAMTS14;CACNA1C;SLC4A1;PYGO1,1.10420183175106,,0.361458468268122,FALSE,""
JAVELIN,9829,HOXC10;RARRES1;TSKU;PTPRN;WSCD1,1.07396676416826,,0.49536851768356,FALSE,""
JAVELIN,9830,BAIAP2L2;MFAP2;HMCN1;FBXO2;KCNN3,1.3182125352774,,0.010126280029567,FALSE,""
JAVELIN,9831,COL4A3;MIR3145;ANGPT2;P4HA3;DGKI,1.41520618149377,,0.00137588303558712,FALSE,""
JAVELIN,9832,SCIN;ADORA1;MTCL1;KRT15;FOXD1,0.983311976341959,,0.869466672900483,TRUE,""
JAVELIN,9833,SBSPON;C4B;RASGRP1;AGR2;LY9,1.04225679048119,,0.695371227399049,FALSE,""
JAVELIN,9834,GZMA;SNORA69;DMD;NEFM;MIR643,1.10101669605442,,0.378080607297688,FALSE,""
JAVELIN,9835,GATA3;SLC4A3;MYO7A;OR2T2;PCDHGC5,0.961998191568233,,0.71437760302414,TRUE,""
JAVELIN,9836,COL4A4;CDHR1;DMD;KCNJ10;NRXN3,1.17528932138858,,0.120158380735559,FALSE,""
JAVELIN,9837,GPR126;PTGS2;LY96;SFTPA1;PSD3,1.06933533432138,,0.526600096637562,FALSE,""
JAVELIN,9838,TSPAN7;RYR2;MAP4K1;OCA2;EFS,1.09178904472488,,0.384613536777832,FALSE,""
JAVELIN,9839,CTSW;CDCP1;ACSF2;DUOX1;DEPDC7,0.960994043701305,,0.697735266538339,TRUE,""
JAVELIN,9840,PYCR1;SNORD115-5;COL5A3;MIR4521;ZNF90,1.27877243037549,,0.0222349246782896,FALSE,""
JAVELIN,9841,HOGA1;NLGN4Y;SNORD59A;CCL11;FCN1,1.04385033094872,,0.689850299954019,FALSE,""
JAVELIN,9842,STC2;SLC16A9;FZD8;NAT8L;GLT8D2,1.42353049074719,,0.00215142802967915,FALSE,""
JAVELIN,9843,CPZ;AGMAT;DLL4;SOX11;LURAP1,1.43452095969133,,0.00100729221328617,FALSE,""
JAVELIN,9844,SPOCK1;HAMP;MIR628;ATOH8;SLAMF1,1.0387037693734,,0.722032147079933,FALSE,""
JAVELIN,9845,PGF;PCDH10;IFI44L;DNAI1;BATF,1.26129242510221,,0.0262410563206731,FALSE,""
JAVELIN,9846,C14orf105;MT1M;ACSF2;SNORD114-5;PIFO,1.27468780812923,,0.0250189984970647,FALSE,""
JAVELIN,9847,FABP4;SORCS2;MIR628;C8orf22;SNORD116-23,1.1279678945964,,0.256470092109487,FALSE,""
JAVELIN,9848,GBA3;CDHR1;MIR4635;CST2;P2RY12,1.44100244765806,,0.000636535890059522,FALSE,""
JAVELIN,9849,SLC17A1;ARG2;ALDOC;HHIP;GNAO1,1.1845813285077,,0.135245847623835,FALSE,""
JAVELIN,9850,IGF2BP2;ANXA13;CKS2;SCARA5;CD28,0.725963052150184,,0.00306627107516719,TRUE,""
JAVELIN,9851,CD38;DPEP1;PBX1;FCRL5;CCDC17,0.954722965563161,,0.666737375118327,TRUE,""
JAVELIN,9852,REG1A;KISS1R;HOXD9;CST6;PAPPA-AS1,1.613215556292,,6.43350749613044e-06,FALSE,""
JAVELIN,9853,CRB3;SLC23A3;EFNA1;NEFM;KIAA1755,1.42997439328408,,0.00153538322252889,FALSE,""
JAVELIN,9854,FRAS1;DSCAML1;PTTG1;MUC13;PPM1H,1.23052960412012,,0.0573813674450033,FALSE,""
JAVELIN,9855,LAMC3;MIR646;SNORD116-28;MIR924;C14orf37,1.16404172885044,,0.164964669117295,FALSE,""
JAVELIN,9856,SBSPON;MIR646;TSKU;SNORD115-6;IER3,1.23243695809883,,0.052402210990803,FALSE,""
JAVELIN,9857,RERG;GPC3;FZD8;DPYSL4;PAMR1,1.1580046633739,,0.187849461280417,FALSE,""
JAVELIN,9858,ASPN;SLC2A2;ALDOC;BEX1;KCNQ4,1.25914102693423,,0.0333611471482996,FALSE,""
JAVELIN,9859,HHLA2;CDH23;SNORD116-16;CXCR1;RGS11,1.12599725474911,,0.250851364803225,FALSE,""
JAVELIN,9860,RAP1GAP;LAG3;TREM2;MIR3617;BATF,0.913590904533475,,0.402842232188271,TRUE,""
JAVELIN,9861,GATA3;ANKRD18A;ALDH1A3;ANO3;MMP17,0.927380514517622,,0.481346791719383,TRUE,""
JAVELIN,9862,MIR548AR;KIF26B;SNORD6;SLC4A1;MYCT1,1.30977952752448,,0.0125000006236338,FALSE,""
JAVELIN,9863,CXCL1;KLHDC7A;ID1;HHIP;ZSWIM5,1.24700246192135,,0.0405862082672028,FALSE,""
JAVELIN,9864,SBSPON;LAG3;DENND2A;C8orf34;SYNC,1.04489931027927,,0.687105411875461,FALSE,""
JAVELIN,9865,HHLA2;FCGBP;MS4A4A;ZNF812;ICOS,1.09659600126556,,0.392707703099409,FALSE,""
JAVELIN,9866,ASPN;TRPC6;RIPK4;C5orf27;LOC441402,1.47933693842009,,0.000282755042973734,FALSE,""
JAVELIN,9867,FRAS1;FOXP2;FZD8;AMBP;CXCR6,1.22216247694282,,0.0688231408601781,FALSE,""
JAVELIN,9868,COL4A4;SNORD115-5;MXRA8;LPPR5;ICOS,1.11737498529923,,0.283602888225248,FALSE,""
JAVELIN,9869,COL4A3;DSCAML1;S1PR3;AMZ1;CYYR1,1.42608771999689,,0.0012929531023571,FALSE,""
JAVELIN,9870,SLC17A1;IGF1;MIR3125;SLC35F3;ALDH1L2,1.272608863456,,0.0256996754865422,FALSE,""
JAVELIN,9871,IL6;CD69;BMP2;EYA4;MIR765,1.05895226183906,,0.58889166265198,FALSE,""
JAVELIN,9872,FNDC1;BAI1;HIST1H4L;PTGES;SLAMF6,0.85255862308221,,0.149984501305895,TRUE,""
JAVELIN,9873,GATA3;PCDH10;SNORD116-28;ACOXL;DSEL,1.21048062335462,,0.0746606484027599,FALSE,""
JAVELIN,9874,SLC34A2;LOC391322;MKI67;SLC10A2;NCAPG,0.98464104600045,,0.888258275742706,TRUE,""
JAVELIN,9875,SLC16A12;SPEG;SLC1A1;FLG;RASSF6,1.16224084137718,,0.153416318953674,FALSE,""
JAVELIN,9876,PTHLH;SMTNL2;EFNA1;ALX1;THSD4,1.21627766556086,,0.0785667621197302,FALSE,""
JAVELIN,9877,RERG;ADORA1;MIR3125;MIR190A;ATP8B3,1.35832102172986,,0.00329726375419665,FALSE,""
JAVELIN,9878,MIR4652;SLC7A8;MYO7A;DNAH9;MIR3134,1.04931957512857,,0.653874943762094,FALSE,""
JAVELIN,9879,TBX3;TENM3;SNORD29;FOXF2;CD300LF,0.897592245179556,,0.309766450528032,TRUE,""
JAVELIN,9880,SLC39A5;HSH2D;HIST1H2AL;SNORD114-26;POU5F1B,1.00837952580946,,0.937469653999871,FALSE,""
JAVELIN,9881,MIR27B;SIGLEC14;PTER;KCNAB1;LOC100128242,1.2324197813774,,0.0421656085602494,FALSE,""
JAVELIN,9882,MIR126;ZNF711;TOP2A;SCN7A;RPS6KL1,1.34914734016203,,0.00508030257267794,FALSE,""
JAVELIN,9883,MIR4292;PTPRD;SELENBP1;KLHL41;CCDC141,1.25923656871875,,0.028722700905921,FALSE,""
JAVELIN,9884,MIR4317;MIR3145;MIR631;PADI3;ROPN1L,1.14343135961016,,0.216907129936412,FALSE,""
JAVELIN,9885,LPL;KLHDC7A;MYO5B;MIR134;MIR221,1.09289707673403,,0.413781655073728,FALSE,""
JAVELIN,9886,CTSW;SLC6A10P;ADAMTSL3;SNORD114-31;MIR1273F,1.22994189322747,,0.0468190499280086,FALSE,""
JAVELIN,9887,HHLA2;ITGBL1;SNORA48;WFDC10B;ASPRV1,1.29150089187842,,0.0168554246313694,FALSE,""
JAVELIN,9888,RAB42;UBASH3A;ECM2;MIR4735;SNORD91A,1.12428102054247,,0.271794666172568,FALSE,""
JAVELIN,9889,IL6;MIR3145;ROBO4;TNNC2;HIST2H3A,0.976682008237864,,0.827373757892314,TRUE,""
JAVELIN,9890,MIR126;SNORD110;RGL3;MFAP5;SNORA78,1.33666345214754,,0.00629831103727915,FALSE,""
JAVELIN,9891,HOXC10;ASPHD1;SLC1A1;MIR152;PRDM8,1.21521499035924,,0.0714820467671589,FALSE,""
JAVELIN,9892,SLC7A9;PTGS2;HMCN1;HHIP;LY9,1.25284637833883,,0.033730215951022,FALSE,""
JAVELIN,9893,NEB;PPP1R1A;CYTIP;MUC13;ROPN1L,0.971341876075426,,0.77958593908322,TRUE,""
JAVELIN,9894,ANLN;NDNF;CYTIP;FOXA1;CLEC10A,0.870426310951704,,0.201528929667967,TRUE,""
JAVELIN,9895,NMB;KMO;CACNA1C;HCN2;PDGFD,1.37065216973853,,0.00494212334886571,FALSE,""
JAVELIN,9896,UPB1;IGFBP1;SARDH;LOC100505635;ANKRD29,1.26077044080183,,0.0344954657618999,FALSE,""
JAVELIN,9897,SLC39A5;GABRD;BMP2;UPK1B;CHST1,1.37475152668069,,0.00437993079621399,FALSE,""
JAVELIN,9898,SLC39A5;UTY;LDLR;HLA-G;KIF26A,1.06988101733381,,0.528449617335161,FALSE,""
JAVELIN,9899,AOC1;SLC22A3;SNORD33;BMPR1B;LNX1,1.35070262049151,,0.00762956863177431,FALSE,""
JAVELIN,9900,ABCC6;CDA;SNORA48;PTK6;GJC2,1.32448153199184,,0.00835651425921408,FALSE,""
JAVELIN,9901,BCMO1;SNORD114-13;ID1;TNNI3;CLEC10A,1.10328015509718,,0.372366073097911,FALSE,""
JAVELIN,9902,OGDHL;VNN1;MMP11;TBX5;FAM184A,1.44088578130244,,0.000887951482259168,FALSE,""
JAVELIN,9903,MIR3189;FTCD;ID4;MIR3197;JAKMIP1,1.16031516915094,,0.183553143650887,FALSE,""
JAVELIN,9904,MIR378I;OLFM2;DPYSL3;MIR1193;MIR627,0.944941659663024,,0.59161308828569,TRUE,""
JAVELIN,9905,ALPK3;BAI1;MYO7A;IGF2BP3;KCNIP3,1.02051869080774,,0.851145153615012,FALSE,""
JAVELIN,9906,PGF;SFN;MIR4635;HSD17B6;PHYHD1,1.30516435202163,,0.013196824214482,FALSE,""
JAVELIN,9907,FMO2;MIR563;FPR1;OR4F15;SOGA3,1.10733548582704,,0.342244231927797,FALSE,""
JAVELIN,9908,SLPI;AGMAT;ALDH1A3;LGALS12;CKAP2L,1.04269222256076,,0.700220604771958,FALSE,""
JAVELIN,9909,MYOM3;ZNF727P;LZTS1;PRPH;CXCR6,1.27765646277227,,0.0226786189322512,FALSE,""
JAVELIN,9910,COMP;ALDH8A1;MYO7A;TMEM45B;PYGO1,1.15897588180639,,0.180941045110204,FALSE,""
JAVELIN,9911,ALDH1L1;GLYATL1;EMP1;LOC101926988;GNAL,1.53164596718896,,8.94303259000099e-05,FALSE,""
JAVELIN,9912,MIA2;SLC12A8;CSF3R;MIR4797;MIR98,0.893641945584723,,0.298704025362797,TRUE,""
JAVELIN,9913,CXCL1;CLDN3;MYO5B;MIR431;CCDC154,1.1090445666056,,0.354417972575566,FALSE,""
JAVELIN,9914,RBP4;FOXQ1;SARDH;ACTC1;KCNA3,1.09744949924199,,0.407874485214556,FALSE,""
JAVELIN,9915,MIR645;HP;EMP1;ACOXL;CCDC144CP,1.07994181464738,,0.464954388487862,FALSE,""
JAVELIN,9916,AGMO;PPP1R1A;TREM2;CNTNAP5;ADORA2B,1.23259796689854,,0.0602948996517924,FALSE,""
JAVELIN,9917,GZMK;DNASE1L3;MIR3125;MNX1;LRP8,0.871910190815219,,0.219698626666196,TRUE,""
JAVELIN,9918,F2RL1;SFRP1;MIR544B;LPPR5;ARRDC5,1.10203023864524,,0.358285965976037,FALSE,""
JAVELIN,9919,FOLH1;SNORA75;MIR4435-2;MIR95;C2orf82,1.26438994066037,,0.0361391134260458,FALSE,""
JAVELIN,9920,PEG10;ZFHX4;MST1;MIR425;SNCAIP,0.990434927141291,,0.928562155063787,TRUE,""
JAVELIN,9921,SPOCK1;LAMC2;ALDH6A1;SLC6A18;SNORD19B,1.15311068120389,,0.208762783018473,FALSE,""
JAVELIN,9922,PTH1R;UTY;PLEKHA7;CFTR;MIR627,1.19831995520449,,0.0967466107958074,FALSE,""
JAVELIN,9923,PCOLCE2;LOC391322;ALDOC;GPR37;IER3,1.2337210700648,,0.0507846330129286,FALSE,""
JAVELIN,9924,FOSB;GLIS1;CACNA1C;MIR4685;PDCD1LG2,1.18600780074093,,0.107986284535562,FALSE,""
JAVELIN,9925,HOXC10;ADRA2A;SLC1A1;TENM2;LOC101928383,1.25138964503503,,0.0438763107503067,FALSE,""
JAVELIN,9926,FOLH1;TESC;SNAI2;DIO1;RASGEF1A,1.1130451484819,,0.334685848081054,FALSE,""
JAVELIN,9927,TNFAIP6;HAMP;ITGA11;SMOC1;ZDHHC11,1.25475218729636,,0.0314450919794228,FALSE,""
JAVELIN,9928,FMO3;CXCL13;TEK;SEMA3D;PGM5,1.07359910871014,,0.503714718260016,FALSE,""
JAVELIN,9929,KRT7;UTY;BMP2;PLG;DBNDD1,1.06235824211063,,0.583023522530205,FALSE,""
JAVELIN,9930,MIR4292;ZFY;MECOM;CST1;RGS11,1.12523633944209,,0.259690860830255,FALSE,""
JAVELIN,9931,REG1A;APOLD1;SNORD12B;ST6GAL2;C14orf183,1.37527238366905,,0.00366369215658113,FALSE,""
JAVELIN,9932,MIR25;MYO7B;TSKU;UGT2B4;LOC100128242,1.12417456657798,,0.29181230694111,FALSE,""
JAVELIN,9933,GZMK;OLFM2;ALDH1A3;C8orf22;ZNF334,0.987337351588383,,0.902454153685785,TRUE,""
JAVELIN,9934,ACY3;VSIG2;ANGPT2;MIR2052;DACT3,1.37076557097742,,0.00313978784036597,FALSE,""
JAVELIN,9935,ALPK3;MIR4655;FPR1;HPX;MIR597,1.14924564462917,,0.205241000175475,FALSE,""
JAVELIN,9936,CXCL1;EFHD1;MIR3975;GRIA4;MIR1183,1.28421944658894,,0.0236615380938772,FALSE,""
JAVELIN,9937,TSPAN13;FOXF1;PTTG1;SNORD114-19;MIR4753,1.09039030826936,,0.428506747436736,FALSE,""
JAVELIN,9938,DDC;FOXP2;SNORD4B;TFF3;TBX21,1.19308924408309,,0.0999813762517252,FALSE,""
JAVELIN,9939,SEC14L6;AIF1L;MAP4K1;HIST1H2AA;GPRIN1,1.02230752140861,,0.83721238632666,FALSE,""
JAVELIN,9940,ANK3;BTNL9;FPR1;SNORD114-24;CDC42BPG,1.23567118929163,,0.0503883384016862,FALSE,""
JAVELIN,9941,COL4A3;THBS4;SNAI2;GABRP;IL1RL2,1.17820118855749,,0.144976966781009,FALSE,""
JAVELIN,9942,LOC101927960;FCGBP;SNORD6;CCL17;CCDC85A,1.40598224813098,,0.00164597288659424,FALSE,""
JAVELIN,9943,STC2;GFRA1;LDB2;MUC5B;GLI1,1.41768175066165,,0.000885681459004222,FALSE,""
JAVELIN,9944,BCL2A1;TTN;HRSP12;MIR585;WISP1,1.1854671879943,,0.114486028260327,FALSE,""
JAVELIN,9945,NME5;LIPC;RNF128;MIR218-1;SNORD58C,1.27758147851618,,0.0211327893019022,FALSE,""
JAVELIN,9946,PYCR1;KLKB1;ID1;ANKRD1;ARRDC5,1.06886881997271,,0.544704529394926,FALSE,""
JAVELIN,9947,TBX3;KLKB1;MIR4635;ASPG;SNORD103B,1.51661266122241,,0.000144616698596765,FALSE,""
JAVELIN,9948,TNFAIP6;LYVE1;SLC1A1;GRIA3;DEPDC7,1.31063599051313,,0.0120665229241643,FALSE,""
JAVELIN,9949,GATA3;AZGP1;SEMA4G;MIR127;ADAMTS12,1.1175194924849,,0.29181556650376,FALSE,""
JAVELIN,9950,SLC16A12;SLC12A8;MIR197;DNAI1;MCOLN2,1.00275143109553,,0.978832368351934,FALSE,""
JAVELIN,9951,ZDHHC11B;THBS4;MIR544B;MIR1290;CKAP2L,1.0993447485392,,0.381153517633851,FALSE,""
JAVELIN,9952,MYO3A;ACHE;PIEZO2;CTSG;FAM69B,1.27956086925219,,0.0208933110949231,FALSE,""
JAVELIN,9953,NME5;CLCNKA;FPR1;TNIP3;HAS3,0.976411506567679,,0.819050938210863,TRUE,""
JAVELIN,9954,C1orf106;MIR589;MIR1537;SLC6A18;SNORD60,1.3621710746361,,0.00449090031634333,FALSE,""
JAVELIN,9955,PCOLCE2;RYR2;RASGRP1;CNTN3;SPHK1,0.918624258146026,,0.426916386941214,TRUE,""
JAVELIN,9956,GLYAT;CHRDL1;ITGA11;FGF14;POLQ,1.16085794610789,,0.1649129565854,FALSE,""
JAVELIN,9957,MIR4730;C5orf46;HIST1H2BM;MYOT;RNF148,1.36161435838033,,0.0059947938557472,FALSE,""
JAVELIN,9958,FOSB;CRYM;PTTG1;GPR15;ARHGAP28,1.17949420630513,,0.140466710504058,FALSE,""
JAVELIN,9959,OLFML2A;PPP1R1A;LZTS1;ADIPOQ;RLTPR,1.04621769276282,,0.684306167706804,FALSE,""
JAVELIN,9960,EXOC3L4;MOXD1;MIR1537;SNTG2;GRTP1,1.18710324069557,,0.119436571816821,FALSE,""
JAVELIN,9961,NTM;CCL28;HRSP12;SAA2;XCL2,1.34185132245431,,0.0078482237366446,FALSE,""
JAVELIN,9962,PDLIM4;GPC3;PPL;PRIMA1;HMMR,0.882529972924314,,0.252259886158814,TRUE,""
JAVELIN,9963,TENM1;ABCA12;S1PR3;HOXA13;MIR3135A,1.28345343936365,,0.0244962069432582,FALSE,""
JAVELIN,9964,MIR3646;SNORD110;SNORD74;MIR3193;JAM2,1.42781292658293,,0.00133549030194975,FALSE,""
JAVELIN,9965,MYO3A;SERPINA6;MIR197;CAPN6;SNORD103B,1.38823404753707,,0.00217121098191671,FALSE,""
JAVELIN,9966,ABCA6;C4A;DCBLD2;FLJ22184;ZSWIM5,1.08394683926604,,0.458584093417612,FALSE,""
JAVELIN,9967,COL4A4;ALDOB;RIPK4;MIR617;MIR5094,1.42620858486964,,0.00121793482639495,FALSE,""
JAVELIN,9968,SLC16A12;ADRA2C;GEM;KCNH3;MIR1183,1.09502486535489,,0.396336387427938,FALSE,""
JAVELIN,9969,MIR4317;BEX2;S1PR3;TOX3;GCAT,1.23768614534499,,0.0595172770264661,FALSE,""
JAVELIN,9970,RAB42;TMEM171;S1PR3;A1CF;IL17RD,1.48282809355852,,0.000282677229640641,FALSE,""
JAVELIN,9971,FGG;CD69;ID1;CCDC78;CATSPERG,0.995635610546536,,0.968968203255489,TRUE,""
JAVELIN,9972,COL4A3;C2;DMD;VIPR1;FBXO27,1.11827006899589,,0.293309646399044,FALSE,""
JAVELIN,9973,MIR378I;CD22;MIR3975;CAMK2B;RNF157,0.953695788169172,,0.649526376564638,TRUE,""
JAVELIN,9974,BAMBI;LBP;LZTS1;FA2H;SIT1,1.05272229988966,,0.640227993841904,FALSE,""
JAVELIN,9975,EMX2;CCDC64;SNORD74;CNTFR;SERTAD4-AS1,1.33285128506222,,0.00807094882622706,FALSE,""
JAVELIN,9976,SLC16A12;MIR3918;HOXD4;PAEP;CEP55,1.12559635236674,,0.267556762550251,FALSE,""
JAVELIN,9977,CNN1;SPINK1;MCF2L;NPC1L1;CYP4X1,1.26960813389352,,0.0310826192674475,FALSE,""
JAVELIN,9978,FMO3;KISS1R;MIR3125;IRX2;XCL2,1.33454436795938,,0.00605202661070242,FALSE,""
JAVELIN,9979,RASD1;BTNL9;CYTIP;B4GALNT2;WBSCR27,1.29185680366953,,0.0184731771781805,FALSE,""
JAVELIN,9980,MT1G;MIR378H;SLC1A1;BDH1;FIGNL2,1.3280767621888,,0.0121864030196681,FALSE,""
JAVELIN,9981,AGMO;CDHR1;MIR1207;SPESP1;LRP8,1.23401339105908,,0.0563375526442974,FALSE,""
JAVELIN,9982,ESM1;RARRES1;TIE1;IGSF10;BMP6,1.11133064562914,,0.322570489841956,FALSE,""
JAVELIN,9983,MIR4317;WNK4;MECOM;CRB2;SNORD24,1.25391318132243,,0.041773712984853,FALSE,""
JAVELIN,9984,ACY3;MIR200B;RNF128;DLK2;FAM132A,1.249455790261,,0.0420668965802151,FALSE,""
JAVELIN,9985,FER1L4;MMP19;GPC4;ERBB4;MIR643,1.15963921617346,,0.164099478620517,FALSE,""
JAVELIN,9986,ADAM12;ROR2;SEMA4G;MUM1L1;JAKMIP1,0.901960357890686,,0.332021638424777,TRUE,""
JAVELIN,9987,TMEM27;C4B;SNORD59A;SNORD114-5;EMR4P,1.28254600334888,,0.015090097688972,FALSE,""
JAVELIN,9988,MIA2;NEBL;HRSP12;LOC101929335;SNORD116-23,1.39632220730459,,0.00285443981911178,FALSE,""
JAVELIN,9989,RERG;NPY6R;TIE1;BEX1;CYYR1,1.37595424145755,,0.0031029113140009,FALSE,""
JAVELIN,9990,ALDH1L1;RARRES1;HIST1H2BM;PADI1;DLGAP5,0.935856251887148,,0.539113208974954,TRUE,""
JAVELIN,9991,UGT8;MIR148B;MAP4K1;CHIT1;MMP17,1.1418489095823,,0.201826216751895,FALSE,""
JAVELIN,9992,HOXD10;FCGBP;SNORD33;AKR1B10;MIR4720,1.23520913723694,,0.0534231706913534,FALSE,""
JAVELIN,9993,ASPN;ZFHX4;ALDOC;GRIK4;CYP26B1,1.13920795371102,,0.236002763702227,FALSE,""
JAVELIN,9994,GATA3;CDCP1;CCL4;FAM3B;KIAA1755,0.848172356357459,,0.122492102429787,TRUE,""
JAVELIN,9995,MACC1;GYLTL1B;SLC2A9;PERM1;PTGDR,1.38216596317016,,0.00212989802419382,FALSE,""
JAVELIN,9996,VTRNA2-1;MIR4796;MIR3125;DDX43;LCN12,1.79322973201835,,3.01225064259251e-07,FALSE,""
JAVELIN,9997,PROM1;AR;SNORD6;SLC4A1;SOGA3,1.20396357264814,,0.0927263500585196,FALSE,""
JAVELIN,9998,STC2;GPC3;SNORD116-28;MIR548AS;ALMS1P,1.34223915275421,,0.00979027604724787,FALSE,""
JAVELIN,9999,SULT1C4;C5orf46;FKBP9P1;HHIP;SNORA78,1.2786110618164,,0.0252796506991454,FALSE,""
JAVELIN,10000,SCN9A;MIR1303;LDB2;TPSG1;PCDHGA6,1.43398789658165,,0.000784004660151009,FALSE,""
